Aligning contigs to reference...
	Aligning contigs to the reference
Filtering alignments...
Parsing coords...
Loading reference...
	Loaded [NZ_CP038996.1]
	Loaded [NZ_CP038997.1]
	Total Regions: 2
	Total Region Length: 2919198
Analyzing contigs...
CONTIG: tig00000001 (2763566bp)
Best alignment score: 137626.5 (LEN: 137654, IDY: 99.98), Total number of alignments: 257
			Too much alignments (257), will use speed up heuristics
			Found 171 solid alignments:
		Solid alignment 1731675 1732019 | 1 341 | 345 341 | 98.27 | NZ_CP038996.1 tig00000001
		Solid alignment 1680094 1685531 | 6455 1017 | 5438 5439 | 99.8 | NZ_CP038996.1 tig00000001
		Solid alignment 1667708 1677068 | 15809 6448 | 9361 9362 | 99.86 | NZ_CP038996.1 tig00000001
		Solid alignment 2463754 2465272 | 17327 15809 | 1519 1519 | 99.93 | NZ_CP038996.1 tig00000001
		Solid alignment 302061 303595 | 19518 17980 | 1535 1539 | 99.55 | NZ_CP038996.1 tig00000001
		Solid alignment 73479 74340 | 19517 20378 | 862 862 | 99.88 | NZ_CP038997.1 tig00000001
		Solid alignment 1725534 1726595 | 20387 21448 | 1062 1062 | 99.91 | NZ_CP038996.1 tig00000001
		Solid alignment 1664026 1667259 | 24681 21448 | 3234 3234 | 99.88 | NZ_CP038996.1 tig00000001
		Solid alignment 1661696 1662511 | 25489 24674 | 816 816 | 100.0 | NZ_CP038996.1 tig00000001
		Solid alignment 336630 337695 | 26555 25490 | 1066 1066 | 99.81 | NZ_CP038996.1 tig00000001
		Solid alignment 1657951 1661698 | 30304 26554 | 3748 3751 | 99.57 | NZ_CP038996.1 tig00000001
		Solid alignment 771479 773296 | 32952 34769 | 1818 1818 | 96.92 | NZ_CP038996.1 tig00000001
		Solid alignment 773991 774860 | 35489 36357 | 870 869 | 95.77 | NZ_CP038996.1 tig00000001
		Solid alignment 1734573 1736679 | 66675 64567 | 2107 2109 | 96.26 | NZ_CP038996.1 tig00000001
		Solid alignment 1657060 1658024 | 68050 67088 | 965 963 | 99.48 | NZ_CP038996.1 tig00000001
		Solid alignment 1730681 1732019 | 68051 69389 | 1339 1339 | 99.93 | NZ_CP038996.1 tig00000001
		Solid alignment 547205 548740 | 71410 69871 | 1536 1540 | 99.61 | NZ_CP038996.1 tig00000001
		Solid alignment 1605010 1656607 | 123045 71409 | 51598 51637 | 99.39 | NZ_CP038996.1 tig00000001
		Solid alignment 1595710 1603945 | 131233 123043 | 8236 8191 | 98.18 | NZ_CP038996.1 tig00000001
		Solid alignment 1593296 1594345 | 132277 131228 | 1050 1050 | 98.76 | NZ_CP038996.1 tig00000001
		Solid alignment 1583072 1589916 | 139099 132297 | 6845 6803 | 98.39 | NZ_CP038996.1 tig00000001
		Solid alignment 1569510 1583068 | 153274 139717 | 13559 13558 | 99.02 | NZ_CP038996.1 tig00000001
		Solid alignment 336632 337697 | 155474 154409 | 1066 1066 | 99.72 | NZ_CP038996.1 tig00000001
		Solid alignment 1532825 1568408 | 194364 158769 | 35584 35596 | 99.54 | NZ_CP038996.1 tig00000001
		Solid alignment 1506723 1531275 | 218959 194408 | 24553 24552 | 99.97 | NZ_CP038996.1 tig00000001
		Solid alignment 1482354 1504831 | 241436 218960 | 22478 22477 | 99.99 | NZ_CP038996.1 tig00000001
		Solid alignment 1434062 1482363 | 291249 242949 | 48302 48301 | 99.98 | NZ_CP038996.1 tig00000001
		Solid alignment 1418592 1432547 | 305193 291242 | 13956 13952 | 99.95 | NZ_CP038996.1 tig00000001
		Solid alignment 1414714 1416700 | 307180 305194 | 1987 1987 | 100.0 | NZ_CP038996.1 tig00000001
		Solid alignment 2163055 2164569 | 307180 308694 | 1515 1515 | 100.0 | NZ_CP038996.1 tig00000001
		Solid alignment 1404360 1414721 | 319056 308695 | 10362 10362 | 99.93 | NZ_CP038996.1 tig00000001
		Solid alignment 1358775 1404345 | 366217 320501 | 45571 45717 | 99.55 | NZ_CP038996.1 tig00000001
		Solid alignment 1308552 1357271 | 414927 366210 | 48720 48718 | 99.94 | NZ_CP038996.1 tig00000001
		Solid alignment 1467202 1468278 | 414916 415992 | 1077 1077 | 99.81 | NZ_CP038996.1 tig00000001
		Solid alignment 1265183 1308554 | 459361 415992 | 43372 43370 | 99.98 | NZ_CP038996.1 tig00000001
		Solid alignment 1162502 1265190 | 563563 460876 | 102689 102688 | 99.82 | NZ_CP038996.1 tig00000001
		Solid alignment 1119144 1160984 | 605360 563529 | 41841 41832 | 99.63 | NZ_CP038996.1 tig00000001
		Solid alignment 1110475 1117630 | 612507 605352 | 7156 7156 | 100.0 | NZ_CP038996.1 tig00000001
		Solid alignment 1106254 1108969 | 615216 612501 | 2716 2716 | 100.0 | NZ_CP038996.1 tig00000001
		Solid alignment 1025889 1104362 | 693652 615217 | 78474 78436 | 99.68 | NZ_CP038996.1 tig00000001
		Solid alignment 998219 1025865 | 722937 695167 | 27647 27771 | 99.28 | NZ_CP038996.1 tig00000001
		Solid alignment 987875 997153 | 732213 722935 | 9279 9279 | 99.96 | NZ_CP038996.1 tig00000001
		Solid alignment 914581 966221 | 795989 744348 | 51641 51642 | 99.98 | NZ_CP038996.1 tig00000001
		Solid alignment 391987 393500 | 795989 797502 | 1514 1514 | 100.0 | NZ_CP038996.1 tig00000001
		Solid alignment 911951 914589 | 800141 797503 | 2639 2639 | 99.96 | NZ_CP038996.1 tig00000001
		Solid alignment 899037 910420 | 813047 801661 | 11384 11387 | 99.91 | NZ_CP038996.1 tig00000001
		Solid alignment 2463758 2465271 | 813048 814560 | 1514 1513 | 99.93 | NZ_CP038996.1 tig00000001
		Solid alignment 855318 899045 | 858440 814560 | 43728 43881 | 99.54 | NZ_CP038996.1 tig00000001
		Solid alignment 838169 840513 | 860785 858441 | 2345 2345 | 100.0 | NZ_CP038996.1 tig00000001
		Solid alignment 848454 855456 | 867786 860785 | 7003 7002 | 98.29 | NZ_CP038996.1 tig00000001
		Solid alignment 802768 832893 | 909576 879452 | 30126 30125 | 99.76 | NZ_CP038996.1 tig00000001
		Solid alignment 1993586 2000306 | 904571 911292 | 6721 6722 | 98.59 | NZ_CP038996.1 tig00000001
		Solid alignment 2214055 2226786 | 948105 960835 | 12732 12731 | 99.91 | NZ_CP038996.1 tig00000001
		Solid alignment 1978661 1979725 | 960951 962017 | 1065 1067 | 99.81 | NZ_CP038996.1 tig00000001
		Solid alignment 2331383 2348177 | 962233 979027 | 16795 16795 | 99.96 | NZ_CP038996.1 tig00000001
		Solid alignment 73301 74342 | 979028 980069 | 1042 1042 | 99.9 | NZ_CP038997.1 tig00000001
		Solid alignment 2348169 2377273 | 980067 1009179 | 29105 29113 | 99.91 | NZ_CP038996.1 tig00000001
		Solid alignment 1357272 1358774 | 1010681 1009180 | 1503 1502 | 99.93 | NZ_CP038996.1 tig00000001
		Solid alignment 2377266 2381520 | 1010682 1014936 | 4255 4255 | 99.98 | NZ_CP038996.1 tig00000001
		Solid alignment 2383024 2440661 | 1014929 1072562 | 57638 57634 | 99.95 | NZ_CP038996.1 tig00000001
		Solid alignment 2441723 2463757 | 1072556 1094596 | 22035 22041 | 98.78 | NZ_CP038996.1 tig00000001
		Solid alignment 2465271 2491787 | 1094588 1121098 | 26517 26511 | 99.92 | NZ_CP038996.1 tig00000001
		Solid alignment 2493466 2505154 | 1121093 1132780 | 11689 11688 | 99.68 | NZ_CP038996.1 tig00000001
		Solid alignment 2503877 2530556 | 1131225 1157903 | 26680 26679 | 99.93 | NZ_CP038996.1 tig00000001
		Solid alignment 2530549 2531940 | 1159418 1160809 | 1392 1392 | 100.0 | NZ_CP038996.1 tig00000001
		Solid alignment 2533455 2541621 | 1160803 1168969 | 8167 8167 | 99.91 | NZ_CP038996.1 tig00000001
		Solid alignment 2541614 2618658 | 1170484 1247527 | 77045 77044 | 99.96 | NZ_CP038996.1 tig00000001
		Solid alignment 2618887 2637228 | 1247514 1265770 | 18342 18257 | 99.27 | NZ_CP038996.1 tig00000001
		Solid alignment 2641511 2647218 | 1265969 1271803 | 5708 5835 | 95.99 | NZ_CP038996.1 tig00000001
		Solid alignment 2647546 2649171 | 1272409 1274034 | 1626 1626 | 96.68 | NZ_CP038996.1 tig00000001
		Solid alignment 2655827 2665963 | 1274167 1284103 | 10137 9937 | 97.73 | NZ_CP038996.1 tig00000001
		Solid alignment 2665962 2687499 | 1286814 1308351 | 21538 21538 | 100.0 | NZ_CP038996.1 tig00000001
		Solid alignment 2689281 2719482 | 1308350 1338549 | 30202 30200 | 99.76 | NZ_CP038996.1 tig00000001
		Solid alignment 2719481 2796178 | 1340167 1416861 | 76698 76695 | 99.71 | NZ_CP038996.1 tig00000001
		Solid alignment 1 39094 | 1416862 1455955 | 39094 39094 | 99.99 | NZ_CP038996.1 tig00000001
		Solid alignment 51181 92302 | 1455893 1497078 | 41122 41186 | 99.59 | NZ_CP038996.1 tig00000001
		Solid alignment 846970 848293 | 1500168 1498845 | 1324 1324 | 99.77 | NZ_CP038996.1 tig00000001
		Solid alignment 1730681 1732019 | 1500430 1501768 | 1339 1339 | 99.85 | NZ_CP038996.1 tig00000001
		Solid alignment 73299 74341 | 1504591 1503549 | 1043 1043 | 99.62 | NZ_CP038997.1 tig00000001
		Solid alignment 92319 101622 | 1504674 1513977 | 9304 9304 | 99.74 | NZ_CP038996.1 tig00000001
		Solid alignment 101621 121301 | 1515596 1535154 | 19681 19559 | 98.74 | NZ_CP038996.1 tig00000001
		Solid alignment 336632 337695 | 1536218 1535155 | 1064 1064 | 99.72 | NZ_CP038996.1 tig00000001
		Solid alignment 846969 848294 | 1537814 1536489 | 1326 1326 | 99.85 | NZ_CP038996.1 tig00000001
		Solid alignment 121566 123300 | 1537819 1539552 | 1735 1734 | 99.19 | NZ_CP038996.1 tig00000001
		Solid alignment 73301 74344 | 1539552 1540583 | 1044 1032 | 98.47 | NZ_CP038997.1 tig00000001
		Solid alignment 123292 126150 | 1540579 1543437 | 2859 2859 | 99.58 | NZ_CP038996.1 tig00000001
		Solid alignment 997154 998220 | 1543437 1544503 | 1067 1067 | 99.91 | NZ_CP038996.1 tig00000001
		Solid alignment 131940 155773 | 1544504 1568332 | 23834 23829 | 99.4 | NZ_CP038996.1 tig00000001
		Solid alignment 1685824 1686887 | 1568380 1569443 | 1064 1064 | 99.62 | NZ_CP038996.1 tig00000001
		Solid alignment 157465 180694 | 1569622 1592968 | 23230 23347 | 99.08 | NZ_CP038996.1 tig00000001
		Solid alignment 180695 182104 | 1594376 1592969 | 1410 1408 | 99.72 | NZ_CP038996.1 tig00000001
		Solid alignment 182105 206382 | 1594377 1618650 | 24278 24274 | 99.2 | NZ_CP038996.1 tig00000001
		Solid alignment 208279 216200 | 1618656 1626576 | 7922 7921 | 99.38 | NZ_CP038996.1 tig00000001
		Solid alignment 216196 219223 | 1628255 1631282 | 3028 3028 | 99.47 | NZ_CP038996.1 tig00000001
		Solid alignment 336632 337699 | 1631283 1632350 | 1068 1068 | 99.53 | NZ_CP038996.1 tig00000001
		Solid alignment 224009 234317 | 1640896 1651202 | 10309 10307 | 99.26 | NZ_CP038996.1 tig00000001
		Solid alignment 235781 243836 | 1651192 1659150 | 8056 7959 | 98.22 | NZ_CP038996.1 tig00000001
		Solid alignment 2052534 2053899 | 1668681 1667316 | 1366 1366 | 99.93 | NZ_CP038996.1 tig00000001
		Solid alignment 73301 74340 | 1671043 1670003 | 1040 1041 | 99.52 | NZ_CP038997.1 tig00000001
		Solid alignment 1107138 1108478 | 1677278 1678617 | 1341 1340 | 99.63 | NZ_CP038996.1 tig00000001
		Solid alignment 336631 337695 | 1691877 1692941 | 1065 1065 | 99.44 | NZ_CP038996.1 tig00000001
		Solid alignment 336632 337697 | 1701575 1702640 | 1066 1066 | 99.44 | NZ_CP038996.1 tig00000001
		Solid alignment 266299 270536 | 1705251 1709479 | 4238 4229 | 96.39 | NZ_CP038996.1 tig00000001
		Solid alignment 336631 337695 | 1710543 1709479 | 1065 1065 | 99.53 | NZ_CP038996.1 tig00000001
		Solid alignment 311662 314219 | 1710573 1713135 | 2558 2563 | 95.94 | NZ_CP038996.1 tig00000001
		Solid alignment 314349 336631 | 1715011 1737164 | 22283 22154 | 95.73 | NZ_CP038996.1 tig00000001
		Solid alignment 337695 346927 | 1737161 1746384 | 9233 9224 | 98.75 | NZ_CP038996.1 tig00000001
		Solid alignment 336632 337697 | 1746384 1747449 | 1066 1066 | 99.62 | NZ_CP038996.1 tig00000001
		Solid alignment 346921 367720 | 1747445 1768244 | 20800 20800 | 99.74 | NZ_CP038996.1 tig00000001
		Solid alignment 367716 391988 | 1769923 1794320 | 24273 24398 | 99.35 | NZ_CP038996.1 tig00000001
		Solid alignment 393501 416964 | 1794311 1817832 | 23464 23522 | 99.35 | NZ_CP038996.1 tig00000001
		Solid alignment 418032 424623 | 1817835 1824425 | 6592 6591 | 99.89 | NZ_CP038996.1 tig00000001
		Solid alignment 426141 428600 | 1824402 1826861 | 2460 2460 | 99.96 | NZ_CP038996.1 tig00000001
		Solid alignment 430382 447093 | 1826860 1843571 | 16712 16712 | 99.95 | NZ_CP038996.1 tig00000001
		Solid alignment 449784 463044 | 1843572 1856832 | 13261 13261 | 99.86 | NZ_CP038996.1 tig00000001
		Solid alignment 464369 476484 | 1856825 1868939 | 12116 12115 | 99.3 | NZ_CP038996.1 tig00000001
		Solid alignment 476476 479940 | 1869298 1872740 | 3465 3443 | 98.41 | NZ_CP038996.1 tig00000001
		Solid alignment 481307 534273 | 1886802 1939763 | 52967 52962 | 99.71 | NZ_CP038996.1 tig00000001
		Solid alignment 539745 542152 | 1940324 1942731 | 2408 2408 | 97.05 | NZ_CP038996.1 tig00000001
		Solid alignment 543207 549590 | 1943813 1950200 | 6384 6388 | 97.84 | NZ_CP038996.1 tig00000001
		Solid alignment 550914 585161 | 1950192 1984444 | 34248 34253 | 99.97 | NZ_CP038996.1 tig00000001
		Solid alignment 586675 724327 | 1984436 2122089 | 137653 137654 | 99.98 | NZ_CP038996.1 tig00000001
		Solid alignment 725842 771492 | 2122082 2167733 | 45651 45652 | 99.89 | NZ_CP038996.1 tig00000001
		Solid alignment 774001 774860 | 2170920 2171780 | 860 861 | 96.17 | NZ_CP038996.1 tig00000001
		Solid alignment 1993593 2001085 | 2205893 2198402 | 7493 7492 | 99.33 | NZ_CP038996.1 tig00000001
		Solid alignment 2177893 2212374 | 2242672 2208171 | 34482 34502 | 99.88 | NZ_CP038996.1 tig00000001
		Solid alignment 2164570 2177917 | 2256245 2242893 | 13348 13353 | 99.9 | NZ_CP038996.1 tig00000001
		Solid alignment 2117276 2163055 | 2302016 2256238 | 45780 45779 | 99.99 | NZ_CP038996.1 tig00000001
		Solid alignment 2096769 2115388 | 2320632 2302013 | 18620 18620 | 99.99 | NZ_CP038996.1 tig00000001
		Solid alignment 2094041 2095708 | 2322294 2320627 | 1668 1668 | 99.94 | NZ_CP038996.1 tig00000001
		Solid alignment 2077440 2094042 | 2340678 2324076 | 16603 16603 | 99.99 | NZ_CP038996.1 tig00000001
		Solid alignment 2064474 2075925 | 2352122 2340671 | 11452 11452 | 99.99 | NZ_CP038996.1 tig00000001
		Solid alignment 2031859 2062692 | 2382952 2352121 | 30834 30832 | 99.99 | NZ_CP038996.1 tig00000001
		Solid alignment 1964801 1991595 | 2409737 2382946 | 26795 26792 | 99.97 | NZ_CP038996.1 tig00000001
		Solid alignment 1953473 1963286 | 2419538 2409730 | 9814 9809 | 98.56 | NZ_CP038996.1 tig00000001
		Solid alignment 1948561 1953410 | 2439647 2434790 | 4850 4858 | 95.72 | NZ_CP038996.1 tig00000001
		Solid alignment 1944833 1946265 | 2442097 2440662 | 1433 1436 | 95.76 | NZ_CP038996.1 tig00000001
		Solid alignment 1889654 1943770 | 2496039 2442094 | 54117 53946 | 98.47 | NZ_CP038996.1 tig00000001
		Solid alignment 222396 223815 | 2496036 2497455 | 1420 1420 | 100.0 | NZ_CP038996.1 tig00000001
		Solid alignment 1868163 1889656 | 2519089 2497456 | 21494 21634 | 96.94 | NZ_CP038996.1 tig00000001
		Solid alignment 1843757 1866649 | 2541996 2519103 | 22893 22894 | 99.47 | NZ_CP038996.1 tig00000001
		Solid alignment 1832301 1843764 | 2554975 2543511 | 11464 11465 | 99.56 | NZ_CP038996.1 tig00000001
		Solid alignment 1823327 1832302 | 2565567 2556594 | 8976 8974 | 98.69 | NZ_CP038996.1 tig00000001
		Solid alignment 1808579 1821986 | 2580321 2566914 | 13408 13408 | 98.64 | NZ_CP038996.1 tig00000001
		Solid alignment 1792198 1806797 | 2594927 2580320 | 14600 14608 | 97.39 | NZ_CP038996.1 tig00000001
		Solid alignment 1789959 1791529 | 2598183 2596613 | 1571 1571 | 97.9 | NZ_CP038996.1 tig00000001
		Solid alignment 92720 94048 | 2606192 2607520 | 1329 1329 | 99.85 | NZ_CP038997.1 tig00000001
		Solid alignment 1776604 1782639 | 2616723 2610688 | 6036 6036 | 98.44 | NZ_CP038996.1 tig00000001
		Solid alignment 1765229 1775302 | 2627157 2617077 | 10074 10081 | 95.65 | NZ_CP038996.1 tig00000001
		Solid alignment 1757730 1763714 | 2633134 2627150 | 5985 5985 | 99.38 | NZ_CP038996.1 tig00000001
		Solid alignment 1750890 1757736 | 2640329 2633499 | 6847 6831 | 98.92 | NZ_CP038996.1 tig00000001
		Solid alignment 391984 393500 | 2641977 2640461 | 1517 1517 | 100.0 | NZ_CP038996.1 tig00000001
		Solid alignment 1745112 1750888 | 2647751 2641975 | 5777 5777 | 97.91 | NZ_CP038996.1 tig00000001
		Solid alignment 1734573 1743597 | 2656767 2647744 | 9025 9024 | 99.82 | NZ_CP038996.1 tig00000001
		Solid alignment 1730681 1732019 | 2658130 2656793 | 1339 1338 | 99.85 | NZ_CP038996.1 tig00000001
		Solid alignment 222400 223820 | 2658140 2659560 | 1421 1421 | 100.0 | NZ_CP038996.1 tig00000001
		Solid alignment 1726636 1730680 | 2663704 2659662 | 4045 4043 | 99.83 | NZ_CP038996.1 tig00000001
		Solid alignment 910437 911951 | 2663705 2665219 | 1515 1515 | 99.93 | NZ_CP038996.1 tig00000001
		Solid alignment 234315 235781 | 2667262 2665796 | 1467 1467 | 100.0 | NZ_CP038996.1 tig00000001
		Solid alignment 1722018 1724969 | 2670220 2667269 | 2952 2952 | 99.93 | NZ_CP038996.1 tig00000001
		Solid alignment 1108971 1110473 | 2670221 2671723 | 1503 1503 | 100.0 | NZ_CP038996.1 tig00000001
		Solid alignment 1707648 1722025 | 2686099 2671724 | 14378 14376 | 99.94 | NZ_CP038996.1 tig00000001
		Solid alignment 1704868 1706338 | 2709374 2707904 | 1471 1471 | 100.0 | NZ_CP038996.1 tig00000001
		Solid alignment 336631 337695 | 2718931 2717867 | 1065 1065 | 99.72 | NZ_CP038996.1 tig00000001
		Solid alignment 838169 840513 | 2734126 2736470 | 2345 2345 | 99.87 | NZ_CP038996.1 tig00000001
		Solid alignment 1706338 1707661 | 2740867 2739544 | 1324 1324 | 100.0 | NZ_CP038996.1 tig00000001
		Solid alignment 1693624 1704872 | 2752124 2740859 | 11249 11266 | 99.19 | NZ_CP038996.1 tig00000001
		Solid alignment 1692370 1693631 | 2754900 2753639 | 1262 1262 | 100.0 | NZ_CP038996.1 tig00000001
		Solid alignment 1730681 1732018 | 2754900 2756237 | 1338 1338 | 99.93 | NZ_CP038996.1 tig00000001
		Solid alignment 1687351 1692378 | 2761260 2756238 | 5028 5023 | 99.74 | NZ_CP038996.1 tig00000001
		Solid alignment 1730681 1732019 | 2762599 2761260 | 1339 1340 | 99.85 | NZ_CP038996.1 tig00000001
			Skipping alignments located inside solid regions since they are redundant:
		Skipping redundant alignment 2772829 2778266 | 1824391 1818953 | 5438 5439 | 99.78 | NZ_CP038996.1 tig00000001
		Skipping redundant alignment 2054219 2059662 | 1824391 1818948 | 5444 5444 | 99.67 | NZ_CP038996.1 tig00000001
		Skipping redundant alignment 2435127 2440580 | 1824431 1818978 | 5454 5454 | 99.69 | NZ_CP038996.1 tig00000001
			Looking for the best set of alignments (out of 254 total alignments)
		Ambiguity for this contig is not checked for speed up (too much alignments and --ambiguity-usage is "one")
			Skipping redundant alignments after choosing the best set of alignments
		Skipping redundant alignment 74258 74340 | 1667316 1667234 | 83 83 | 100.0 | NZ_CP038997.1 tig00000001
		Skipping redundant alignment 1997270 1997509 | 581 341 | 240 241 | 95.45 | NZ_CP038996.1 tig00000001
		Skipping redundant alignment 2491788 2493465 | 1675508 1677185 | 1678 1678 | 99.88 | NZ_CP038996.1 tig00000001
		Skipping redundant alignment 1946856 1948533 | 1675508 1677185 | 1678 1678 | 99.88 | NZ_CP038996.1 tig00000001
		Skipping redundant alignment 254132 254328 | 17784 17980 | 197 197 | 99.49 | NZ_CP038996.1 tig00000001
		Skipping redundant alignment 2329705 2331382 | 1681893 1680216 | 1678 1678 | 99.94 | NZ_CP038996.1 tig00000001
		Skipping redundant alignment 2491788 2493465 | 1681893 1680216 | 1678 1678 | 99.94 | NZ_CP038996.1 tig00000001
		Skipping redundant alignment 255086 255172 | 1690587 1690501 | 87 87 | 100.0 | NZ_CP038996.1 tig00000001
		Skipping redundant alignment 2491788 2493465 | 1769922 1768245 | 1678 1678 | 99.94 | NZ_CP038996.1 tig00000001
		Skipping redundant alignment 2329704 2331382 | 1769923 1768245 | 1679 1679 | 99.94 | NZ_CP038996.1 tig00000001
		Skipping redundant alignment 1677113 1678628 | 241433 242948 | 1516 1516 | 100.0 | NZ_CP038996.1 tig00000001
		Skipping redundant alignment 2305507 2305589 | 2179037 2178955 | 83 83 | 98.8 | NZ_CP038996.1 tig00000001
		Skipping redundant alignment 2291387 2304298 | 2192274 2179351 | 12912 12924 | 96.89 | NZ_CP038996.1 tig00000001
		Skipping redundant alignment 2005649 2018524 | 2192274 2179341 | 12876 12934 | 97.65 | NZ_CP038996.1 tig00000001
		Skipping redundant alignment 391987 393500 | 460875 459362 | 1514 1514 | 100.0 | NZ_CP038996.1 tig00000001
		Skipping redundant alignment 1531307 1532824 | 2193790 2192273 | 1518 1518 | 100.0 | NZ_CP038996.1 tig00000001
		Skipping redundant alignment 796344 800084 | 2193786 2197526 | 3741 3741 | 98.77 | NZ_CP038996.1 tig00000001
		Skipping redundant alignment 2163056 2164569 | 695166 693653 | 1514 1514 | 100.0 | NZ_CP038996.1 tig00000001
		Skipping redundant alignment 1888529 1890042 | 693653 695166 | 1514 1514 | 100.0 | NZ_CP038996.1 tig00000001
		Skipping redundant alignment 330725 330861 | 2242783 2242919 | 137 137 | 97.08 | NZ_CP038996.1 tig00000001
		Skipping redundant alignment 373934 374098 | 736875 736710 | 165 166 | 96.39 | NZ_CP038996.1 tig00000001
		Skipping redundant alignment 1806791 1808582 | 2324082 2322291 | 1792 1792 | 99.94 | NZ_CP038996.1 tig00000001
		Skipping redundant alignment 428593 430384 | 2324083 2322292 | 1792 1792 | 99.94 | NZ_CP038996.1 tig00000001
		Skipping redundant alignment 2062685 2064477 | 2324083 2322291 | 1793 1793 | 99.94 | NZ_CP038996.1 tig00000001
		Skipping redundant alignment 1727690 1729483 | 2324083 2322290 | 1794 1794 | 99.94 | NZ_CP038996.1 tig00000001
		Skipping redundant alignment 958612 960405 | 2322290 2324083 | 1794 1794 | 99.94 | NZ_CP038996.1 tig00000001
		Skipping redundant alignment 281375 283171 | 2322290 2324086 | 1797 1797 | 99.94 | NZ_CP038996.1 tig00000001
		Skipping redundant alignment 1456387 1458184 | 2324086 2322289 | 1798 1798 | 99.89 | NZ_CP038996.1 tig00000001
		Skipping redundant alignment 2319896 2320018 | 960828 960950 | 123 123 | 100.0 | NZ_CP038996.1 tig00000001
		Skipping redundant alignment 16641 16760 | 2434548 2434667 | 120 120 | 98.33 | NZ_CP038996.1 tig00000001
		Skipping redundant alignment 2329482 2329704 | 962016 962238 | 223 223 | 100.0 | NZ_CP038996.1 tig00000001
		Skipping redundant alignment 2177782 2177914 | 2434793 2434661 | 133 133 | 95.49 | NZ_CP038996.1 tig00000001
		Skipping redundant alignment 1677112 1678628 | 2541994 2543510 | 1517 1517 | 100.0 | NZ_CP038996.1 tig00000001
		Skipping redundant alignment 910436 911950 | 1159418 1157904 | 1515 1515 | 100.0 | NZ_CP038996.1 tig00000001
		Skipping redundant alignment 391987 393501 | 1157904 1159418 | 1515 1515 | 100.0 | NZ_CP038996.1 tig00000001
		Skipping redundant alignment 724328 725841 | 1170483 1168970 | 1514 1514 | 100.0 | NZ_CP038996.1 tig00000001
		Skipping redundant alignment 1888528 1890042 | 1168969 1170483 | 1515 1515 | 100.0 | NZ_CP038996.1 tig00000001
		Skipping redundant alignment 1920132 1920247 | 2633256 2633371 | 116 116 | 98.28 | NZ_CP038996.1 tig00000001
		Skipping redundant alignment 1732018 1732107 | 2659670 2659581 | 90 90 | 98.89 | NZ_CP038996.1 tig00000001
		Skipping redundant alignment 724326 725841 | 2752123 2753638 | 1516 1516 | 100.0 | NZ_CP038996.1 tig00000001
		Skipping redundant alignment 1432547 1434061 | 2753639 2752125 | 1515 1515 | 100.0 | NZ_CP038996.1 tig00000001
		Skipping redundant alignment 2163055 2164570 | 2752124 2753639 | 1516 1516 | 100.0 | NZ_CP038996.1 tig00000001
		Skipping redundant alignment 1963286 1964803 | 2753639 2752122 | 1518 1518 | 100.0 | NZ_CP038996.1 tig00000001
		Skipping redundant alignment 1888527 1890045 | 2753640 2752122 | 1519 1519 | 100.0 | NZ_CP038996.1 tig00000001
		Skipping redundant alignment 2491788 2493465 | 1628254 1626577 | 1678 1678 | 100.0 | NZ_CP038996.1 tig00000001
		Skipping redundant alignment 1946854 1948533 | 1628256 1626577 | 1680 1680 | 100.0 | NZ_CP038996.1 tig00000001
		Skipping redundant alignment 1997860 1998057 | 2763563 2763366 | 198 198 | 97.47 | NZ_CP038996.1 tig00000001
			The best set is below. Score: 2437246.9, number of alignments: 207, unaligned bases: 267634
		This contig is misassembled.
		This contig is partially unaligned. (Aligned 2495932 out of 2763566 non-N bases (90.32%))
			Real Alignment 1: 1731675 1732019 | 1 341 | 345 341 | 98.27 | NZ_CP038996.1 tig00000001
			  Extensive misassembly (relocation, inconsistency = 45468) between these two alignments
			Excluding internal overlap of size 8 between Alignment 2 and 3: 1680094 1685531 | 6455 1017 | 5438 5439 --> 1680102 1685531 | 6447 1017 | 5430 5431
			Real Alignment 2: 1680102 1685531 | 6447 1017 | 5430 5431 | 99.8 | NZ_CP038996.1 tig00000001
			  Extensive misassembly (relocation, inconsistency = 3033) between these two alignments
			Excluding internal overlap of size 1 between Alignment 3 and 4: 2463754 2465272 | 17327 15809 | 1519 1519 --> 2463754 2465271 | 17327 15810 | 1518 1518
			Real Alignment 3: 1667708 1677068 | 15809 6448 | 9361 9362 | 99.86 | NZ_CP038996.1 tig00000001
			  Extensive misassembly (relocation, inconsistency = -797564) between these two alignments
			Excluding internal overlap of size 4 between Alignment 4 and 5: 1667254 1667715 | 17785 17324 | 462 462 --> 1667254 1667711 | 17785 17328 | 458 458
			Real Alignment 4: 2463754 2465271 | 17327 15810 | 1518 1518 | 99.93 | NZ_CP038996.1 tig00000001
			  Extensive misassembly (relocation, inconsistency = 796042) between these two alignments
			Real Alignment 5: 1667254 1667711 | 17785 17328 | 458 458 | 99.78 | NZ_CP038996.1 tig00000001
			  Extensive misassembly (relocation, inconsistency = 1363464) between these two alignments
			Excluding internal overlap of size 2 between Alignment 6 and 7: 73479 74340 | 19517 20378 | 862 862 --> 73481 74340 | 19519 20378 | 860 860
			Real Alignment 6: 302061 303595 | 19518 17980 | 1535 1539 | 99.55 | NZ_CP038996.1 tig00000001
			  Extensive misassembly (translocation) between these two alignments
			Real Alignment 7: 73481 74340 | 19519 20378 | 860 860 | 99.88 | NZ_CP038997.1 tig00000001
			  Extensive misassembly (translocation) between these two alignments
			Excluding internal overlap of size 1 between Alignment 8 and 9: 1725534 1726595 | 20387 21448 | 1062 1062 --> 1725534 1726594 | 20387 21447 | 1061 1061
			Real Alignment 8: 1725534 1726594 | 20387 21447 | 1061 1061 | 99.91 | NZ_CP038996.1 tig00000001
			  Extensive misassembly (relocation, inconsistency = 58274) between these two alignments
			Excluding internal overlap of size 8 between Alignment 9 and 10: 1661696 1662511 | 25489 24674 | 816 816 --> 1661696 1662503 | 25489 24682 | 808 808
			Real Alignment 9: 1664026 1667259 | 24681 21448 | 3234 3234 | 99.88 | NZ_CP038996.1 tig00000001
			  Extensive misassembly (relocation, inconsistency = 1522) between these two alignments
			Real Alignment 10: 1661696 1662503 | 25489 24682 | 808 808 | 100.0 | NZ_CP038996.1 tig00000001
			  Extensive misassembly (relocation, inconsistency = 1324000) between these two alignments
			Excluding internal overlap of size 2 between Alignment 11 and 12: 336630 337695 | 26555 25490 | 1066 1066 --> 336632 337695 | 26553 25490 | 1064 1064
			Real Alignment 11: 336632 337695 | 26553 25490 | 1064 1064 | 99.81 | NZ_CP038996.1 tig00000001
			  Extensive misassembly (relocation, inconsistency = -1325067) between these two alignments
			Real Alignment 12: 1657951 1661698 | 30304 26554 | 3748 3751 | 99.57 | NZ_CP038996.1 tig00000001
			  Extensive misassembly (relocation, inconsistency = 882007) between these two alignments
			Real Alignment 13: 771479 773296 | 32952 34769 | 1818 1818 | 96.92 | NZ_CP038996.1 tig00000001
			  Gap between these two alignments (local misassembly). Inconsistency = -25
			Real Alignment 14: 773991 774860 | 35489 36357 | 870 869 | 95.77 | NZ_CP038996.1 tig00000001
			  Extensive misassembly (relocation, inconsistency = 1531126) between these two alignments
			Real Alignment 15: 2308933 2309233 | 39604 39304 | 301 301 | 95.35 | NZ_CP038996.1 tig00000001
			  Gap between these two alignments (local misassembly). Inconsistency = -290
			Real Alignment 16: 2308643 2308947 | 40184 39880 | 305 305 | 98.03 | NZ_CP038996.1 tig00000001
			  Gap between these two alignments (local misassembly). Inconsistency = 45
			Real Alignment 17: 2307363 2307567 | 41419 41215 | 205 205 | 95.61 | NZ_CP038996.1 tig00000001
			  Extensive misassembly (relocation, inconsistency = 547536) between these two alignments
			Real Alignment 18: 1734573 1736679 | 66675 64567 | 2107 2109 | 96.26 | NZ_CP038996.1 tig00000001
			  Extensive misassembly (relocation, inconsistency = 76136) between these two alignments
			Real Alignment 19: 1657060 1658024 | 68050 67088 | 965 963 | 99.48 | NZ_CP038996.1 tig00000001
			  Extensive misassembly (relocation, inconsistency = 72656) between these two alignments
			Excluding internal overlap of size 1 between Alignment 20 and 21: 1656584 1657067 | 69872 69389 | 484 484 --> 1656584 1657066 | 69872 69390 | 483 483
			Real Alignment 20: 1730681 1732019 | 68051 69389 | 1339 1339 | 99.93 | NZ_CP038996.1 tig00000001
			  Extensive misassembly (relocation, inconsistency = 73614) between these two alignments
			Excluding internal overlap of size 2 between Alignment 21 and 22: 1656584 1657066 | 69872 69390 | 483 483 --> 1656586 1657066 | 69870 69390 | 481 481
			Real Alignment 21: 1656586 1657066 | 69870 69390 | 481 481 | 99.79 | NZ_CP038996.1 tig00000001
			  Extensive misassembly (relocation, inconsistency = 1107845) between these two alignments
			Excluding internal overlap of size 2 between Alignment 22 and 23: 547205 548740 | 71410 69871 | 1536 1540 --> 547207 548740 | 71408 69871 | 1534 1538
			Real Alignment 22: 547207 548740 | 71408 69871 | 1534 1538 | 99.61 | NZ_CP038996.1 tig00000001
			  Extensive misassembly (relocation, inconsistency = -1109401) between these two alignments
			Excluding internal overlap of size 3 between Alignment 23 and 24: 1595710 1603945 | 131233 123043 | 8236 8191 --> 1595710 1603942 | 131233 123046 | 8233 8188
			Real Alignment 23: 1605010 1656607 | 123045 71409 | 51598 51637 | 99.39 | NZ_CP038996.1 tig00000001
			  Extensive misassembly (relocation, inconsistency = 1067) between these two alignments
			Excluding internal overlap of size 6 between Alignment 24 and 25: 1593296 1594345 | 132277 131228 | 1050 1050 --> 1593296 1594339 | 132277 131234 | 1044 1044
			Real Alignment 24: 1595710 1603942 | 131233 123046 | 8233 8188 | 98.18 | NZ_CP038996.1 tig00000001
			  Extensive misassembly (relocation, inconsistency = 1370) between these two alignments
			Real Alignment 25: 1593296 1594339 | 132277 131234 | 1044 1044 | 98.76 | NZ_CP038996.1 tig00000001
			  Extensive misassembly (relocation, inconsistency = 3360) between these two alignments
			Real Alignment 26: 1583072 1589916 | 139099 132297 | 6845 6803 | 98.39 | NZ_CP038996.1 tig00000001
			  Gap between these two alignments (local misassembly). Inconsistency = -614
			Real Alignment 27: 1569510 1583068 | 153274 139717 | 13559 13558 | 99.02 | NZ_CP038996.1 tig00000001
			  Extensive misassembly (relocation, inconsistency = 1230678) between these two alignments
			Real Alignment 28: 336632 337697 | 155474 154409 | 1066 1066 | 99.72 | NZ_CP038996.1 tig00000001
			  Extensive misassembly (relocation, inconsistency = -1235079) between these two alignments
			Real Alignment 29: 1568654 1569134 | 158531 158051 | 481 481 | 98.75 | NZ_CP038996.1 tig00000001
			  Gap between these two alignments (local misassembly). Inconsistency = 8
			Real Alignment 30: 1532825 1568408 | 194364 158769 | 35584 35596 | 99.54 | NZ_CP038996.1 tig00000001
			  Extensive misassembly (relocation, inconsistency = 1506) between these two alignments
			Real Alignment 31: 1506723 1531275 | 218959 194408 | 24553 24552 | 99.97 | NZ_CP038996.1 tig00000001
			  Extensive misassembly (relocation, inconsistency = 1891) between these two alignments
			Excluding internal overlap of size 3 between Alignment 32 and 33: 910436 911950 | 241434 242948 | 1515 1515 --> 910439 911950 | 241437 242948 | 1512 1512
			Real Alignment 32: 1482354 1504831 | 241436 218960 | 22478 22477 | 99.99 | NZ_CP038996.1 tig00000001
			  Extensive misassembly (relocation, inconsistency = 570403) between these two alignments
			Real Alignment 33: 910439 911950 | 241437 242948 | 1512 1512 | 100.0 | NZ_CP038996.1 tig00000001
			  Extensive misassembly (relocation, inconsistency = 522111) between these two alignments
			Excluding internal overlap of size 8 between Alignment 34 and 35: 1418592 1432547 | 305193 291242 | 13956 13952 --> 1418592 1432539 | 305193 291250 | 13948 13944
			Real Alignment 34: 1434062 1482363 | 291249 242949 | 48302 48301 | 99.98 | NZ_CP038996.1 tig00000001
			  Extensive misassembly (relocation, inconsistency = 1522) between these two alignments
			Real Alignment 35: 1418592 1432539 | 305193 291250 | 13948 13944 | 99.95 | NZ_CP038996.1 tig00000001
			  Extensive misassembly (relocation, inconsistency = 1891) between these two alignments
			Excluding internal overlap of size 1 between Alignment 36 and 37: 2163055 2164569 | 307180 308694 | 1515 1515 --> 2163056 2164569 | 307181 308694 | 1514 1514
			Real Alignment 36: 1414714 1416700 | 307180 305194 | 1987 1987 | 100.0 | NZ_CP038996.1 tig00000001
			  Extensive misassembly (relocation, inconsistency = 746355) between these two alignments
			Real Alignment 37: 2163056 2164569 | 307181 308694 | 1514 1514 | 100.0 | NZ_CP038996.1 tig00000001
			  Extensive misassembly (relocation, inconsistency = 748334) between these two alignments
			Real Alignment 38: 1404360 1414721 | 319056 308695 | 10362 10362 | 99.93 | NZ_CP038996.1 tig00000001
			  Extensive misassembly (relocation, inconsistency = -1430) between these two alignments
			Excluding internal overlap of size 8 between Alignment 39 and 40: 1358775 1404345 | 366217 320501 | 45571 45717 --> 1358783 1404345 | 366209 320501 | 45563 45709
			Real Alignment 39: 1358783 1404345 | 366209 320501 | 45563 45709 | 99.55 | NZ_CP038996.1 tig00000001
			  Extensive misassembly (relocation, inconsistency = 1511) between these two alignments
			Excluding internal overlap of size 12 between Alignment 40 and 41: 1467202 1468278 | 414916 415992 | 1077 1077 --> 1467214 1468278 | 414928 415992 | 1065 1065
			Real Alignment 40: 1308552 1357271 | 414927 366210 | 48720 48718 | 99.94 | NZ_CP038996.1 tig00000001
			  Extensive misassembly (relocation, inconsistency = 109942) between these two alignments
			Excluding internal overlap of size 1 between Alignment 41 and 42: 1467214 1468278 | 414928 415992 | 1065 1065 --> 1467214 1468277 | 414928 415991 | 1064 1064
			Real Alignment 41: 1467214 1468277 | 414928 415991 | 1064 1064 | 99.81 | NZ_CP038996.1 tig00000001
			  Extensive misassembly (relocation, inconsistency = 158659) between these two alignments
			Real Alignment 42: 1265183 1308554 | 459361 415992 | 43372 43370 | 99.98 | NZ_CP038996.1 tig00000001
			  Extensive misassembly (relocation, inconsistency = 368560) between these two alignments
			Real Alignment 43: 1677115 1678628 | 459362 460875 | 1514 1514 | 100.0 | NZ_CP038996.1 tig00000001
			  Extensive misassembly (relocation, inconsistency = 411924) between these two alignments
			Excluding internal overlap of size 35 between Alignment 44 and 45: 1119144 1160984 | 605360 563529 | 41841 41832 --> 1119144 1160949 | 605360 563564 | 41806 41797
			Real Alignment 44: 1162502 1265190 | 563563 460876 | 102689 102688 | 99.82 | NZ_CP038996.1 tig00000001
			  Extensive misassembly (relocation, inconsistency = 1552) between these two alignments
			Excluding internal overlap of size 9 between Alignment 45 and 46: 1110475 1117630 | 612507 605352 | 7156 7156 --> 1110475 1117621 | 612507 605361 | 7147 7147
			Real Alignment 45: 1119144 1160949 | 605360 563564 | 41806 41797 | 99.63 | NZ_CP038996.1 tig00000001
			  Extensive misassembly (relocation, inconsistency = 1522) between these two alignments
			Excluding internal overlap of size 7 between Alignment 46 and 47: 1106254 1108969 | 615216 612501 | 2716 2716 --> 1106254 1108962 | 615216 612508 | 2709 2709
			Real Alignment 46: 1110475 1117621 | 612507 605361 | 7147 7147 | 100.0 | NZ_CP038996.1 tig00000001
			  Extensive misassembly (relocation, inconsistency = 1512) between these two alignments
			Real Alignment 47: 1106254 1108962 | 615216 612508 | 2709 2709 | 100.0 | NZ_CP038996.1 tig00000001
			  Extensive misassembly (relocation, inconsistency = 1891) between these two alignments
			Real Alignment 48: 1025889 1104362 | 693652 615217 | 78474 78436 | 99.68 | NZ_CP038996.1 tig00000001
			  Extensive misassembly (relocation, inconsistency = 328185) between these two alignments
			Real Alignment 49: 1432548 1434061 | 693653 695166 | 1514 1514 | 100.0 | NZ_CP038996.1 tig00000001
			  Extensive misassembly (relocation, inconsistency = 406682) between these two alignments
			Excluding internal overlap of size 3 between Alignment 50 and 51: 987875 997153 | 732213 722935 | 9279 9279 --> 987875 997150 | 732213 722938 | 9276 9276
			Real Alignment 50: 998219 1025865 | 722937 695167 | 27647 27771 | 99.28 | NZ_CP038996.1 tig00000001
			  Extensive misassembly (relocation, inconsistency = 1068) between these two alignments
			Real Alignment 51: 987875 997150 | 732213 722938 | 9276 9276 | 99.96 | NZ_CP038996.1 tig00000001
			  Extensive misassembly (relocation, inconsistency = 9519) between these two alignments
			Excluding internal overlap of size 1 between Alignment 52 and 53: 391987 393500 | 795989 797502 | 1514 1514 --> 391988 393500 | 795990 797502 | 1513 1513
			Real Alignment 52: 914581 966221 | 795989 744348 | 51641 51642 | 99.98 | NZ_CP038996.1 tig00000001
			  Extensive misassembly (relocation, inconsistency = 521080) between these two alignments
			Real Alignment 53: 391988 393500 | 795990 797502 | 1513 1513 | 100.0 | NZ_CP038996.1 tig00000001
			  Extensive misassembly (relocation, inconsistency = 518450) between these two alignments
			Real Alignment 54: 911951 914589 | 800141 797503 | 2639 2639 | 99.96 | NZ_CP038996.1 tig00000001
			  Gap between these two alignments (local misassembly). Inconsistency = 11
			Real Alignment 55: 899037 910420 | 813047 801661 | 11384 11387 | 99.91 | NZ_CP038996.1 tig00000001
			  Extensive misassembly (relocation, inconsistency = 1553337) between these two alignments
			Excluding internal overlap of size 1 between Alignment 56 and 57: 2463758 2465271 | 813048 814560 | 1514 1513 --> 2463758 2465270 | 813048 814559 | 1513 1512
			Real Alignment 56: 2463758 2465270 | 813048 814559 | 1513 1512 | 99.93 | NZ_CP038996.1 tig00000001
			  Extensive misassembly (relocation, inconsistency = 1564712) between these two alignments
			Real Alignment 57: 855318 899045 | 858440 814560 | 43728 43881 | 99.54 | NZ_CP038996.1 tig00000001
			  Extensive misassembly (relocation, inconsistency = 14804) between these two alignments
			Excluding internal overlap of size 1 between Alignment 58 and 59: 838169 840513 | 860785 858441 | 2345 2345 --> 838170 840513 | 860784 858441 | 2344 2344
			Real Alignment 58: 838170 840513 | 860784 858441 | 2344 2344 | 100.0 | NZ_CP038996.1 tig00000001
			  Extensive misassembly (relocation, inconsistency = -17287) between these two alignments
			Real Alignment 59: 848454 855456 | 867786 860785 | 7003 7002 | 98.29 | NZ_CP038996.1 tig00000001
			  Extensive misassembly (relocation, inconsistency = 3895) between these two alignments
			Excluding internal overlap of size 5006 between Alignment 60 and 61: 1993586 2000306 | 904571 911292 | 6721 6722 --> 1998591 2000306 | 909577 911292 | 1716 1716
			Real Alignment 60: 802768 832893 | 909576 879452 | 30126 30125 | 99.76 | NZ_CP038996.1 tig00000001
			  Extensive misassembly (relocation, inconsistency = 1165697) between these two alignments
			Real Alignment 61: 1998591 2000306 | 909577 911292 | 1716 1716 | 98.59 | NZ_CP038996.1 tig00000001
			  Extensive misassembly (relocation, inconsistency = 282841) between these two alignments
			Real Alignment 62: 2305573 2305661 | 933718 933806 | 89 89 | 95.51 | NZ_CP038996.1 tig00000001
			  Gap between these two alignments (local misassembly). Inconsistency = -672
			Real Alignment 63: 2316943 2317584 | 945760 946402 | 642 643 | 95.18 | NZ_CP038996.1 tig00000001
			  Extensive misassembly (relocation, inconsistency = -105232) between these two alignments
			Real Alignment 64: 2214055 2226786 | 948105 960835 | 12732 12731 | 99.91 | NZ_CP038996.1 tig00000001
			  Extensive misassembly (relocation, inconsistency = -248241) between these two alignments
			Real Alignment 65: 1978661 1979725 | 960951 962017 | 1065 1067 | 99.81 | NZ_CP038996.1 tig00000001
			  Extensive misassembly (relocation, inconsistency = 351442) between these two alignments
			Real Alignment 66: 2331383 2348177 | 962233 979027 | 16795 16795 | 99.96 | NZ_CP038996.1 tig00000001
			  Extensive misassembly (translocation) between these two alignments
			Excluding internal overlap of size 3 between Alignment 67 and 68: 73301 74342 | 979028 980069 | 1042 1042 --> 73301 74339 | 979028 980066 | 1039 1039
			Real Alignment 67: 73301 74339 | 979028 980066 | 1039 1039 | 99.9 | NZ_CP038997.1 tig00000001
			  Extensive misassembly (translocation) between these two alignments
			Real Alignment 68: 2348169 2377273 | 980067 1009179 | 29105 29113 | 99.91 | NZ_CP038996.1 tig00000001
			  Extensive misassembly (relocation, inconsistency = 989394) between these two alignments
			Real Alignment 69: 1357272 1358774 | 1010681 1009180 | 1503 1502 | 99.93 | NZ_CP038996.1 tig00000001
			  Extensive misassembly (relocation, inconsistency = 1018491) between these two alignments
			Excluding internal overlap of size 8 between Alignment 70 and 71: 2377266 2381520 | 1010682 1014936 | 4255 4255 --> 2377266 2381512 | 1010682 1014928 | 4247 4247
			Real Alignment 70: 2377266 2381512 | 1010682 1014928 | 4247 4247 | 99.98 | NZ_CP038996.1 tig00000001
			  Extensive misassembly (relocation, inconsistency = 1511) between these two alignments
			Excluding internal overlap of size 7 between Alignment 71 and 72: 2441723 2463757 | 1072556 1094596 | 22035 22041 --> 2441730 2463757 | 1072563 1094596 | 22028 22034
			Real Alignment 71: 2383024 2440661 | 1014929 1072562 | 57638 57634 | 99.95 | NZ_CP038996.1 tig00000001
			  Extensive misassembly (relocation, inconsistency = 1068) between these two alignments
			Excluding internal overlap of size 9 between Alignment 72 and 73: 2441730 2463757 | 1072563 1094596 | 22028 22034 --> 2441730 2463748 | 1072563 1094587 | 22019 22025
			Real Alignment 72: 2441730 2463748 | 1072563 1094587 | 22019 22025 | 98.78 | NZ_CP038996.1 tig00000001
			  Extensive misassembly (relocation, inconsistency = 1522) between these two alignments
			Excluding internal overlap of size 6 between Alignment 73 and 74: 2493466 2505154 | 1121093 1132780 | 11689 11688 --> 2493472 2505154 | 1121099 1132780 | 11683 11682
			Real Alignment 73: 2465271 2491787 | 1094588 1121098 | 26517 26511 | 99.92 | NZ_CP038996.1 tig00000001
			  Extensive misassembly (relocation, inconsistency = 1684) between these two alignments
			Excluding internal overlap of size 1556 between Alignment 74 and 75: 2493472 2505154 | 1121099 1132780 | 11683 11682 --> 2493472 2503597 | 1121099 1131224 | 10126 10126
			Real Alignment 74: 2493472 2503597 | 1121099 1131224 | 10126 10126 | 99.68 | NZ_CP038996.1 tig00000001
			  Gap between these two alignments (local misassembly). Inconsistency = 279
			Real Alignment 75: 2503877 2530556 | 1131225 1157903 | 26680 26679 | 99.93 | NZ_CP038996.1 tig00000001
			  Extensive misassembly (relocation, inconsistency = 825248) between these two alignments
			Excluding internal overlap of size 2 between Alignment 76 and 77: 2530549 2531940 | 1159418 1160809 | 1392 1392 --> 2530551 2531940 | 1159420 1160809 | 1390 1390
			Real Alignment 76: 1677113 1678628 | 1159419 1157904 | 1516 1516 | 100.0 | NZ_CP038996.1 tig00000001
			  Extensive misassembly (relocation, inconsistency = 851922) between these two alignments
			Excluding internal overlap of size 7 between Alignment 77 and 78: 2530551 2531940 | 1159420 1160809 | 1390 1390 --> 2530551 2531933 | 1159420 1160802 | 1383 1383
			Real Alignment 77: 2530551 2531933 | 1159420 1160802 | 1383 1383 | 100.0 | NZ_CP038996.1 tig00000001
			  Extensive misassembly (relocation, inconsistency = 1521) between these two alignments
			Excluding internal overlap of size 1 between Alignment 78 and 79: 1963286 1964800 | 1168969 1170483 | 1515 1515 --> 1963287 1964800 | 1168970 1170483 | 1514 1514
			Real Alignment 78: 2533455 2541621 | 1160803 1168969 | 8167 8167 | 99.91 | NZ_CP038996.1 tig00000001
			  Extensive misassembly (relocation, inconsistency = -578335) between these two alignments
			Real Alignment 79: 1963287 1964800 | 1168970 1170483 | 1514 1514 | 100.0 | NZ_CP038996.1 tig00000001
			  Extensive misassembly (relocation, inconsistency = 576813) between these two alignments
			Excluding internal overlap of size 14 between Alignment 80 and 81: 2618887 2637228 | 1247514 1265770 | 18342 18257 --> 2618901 2637228 | 1247528 1265770 | 18328 18243
			Real Alignment 80: 2541614 2618658 | 1170484 1247527 | 77045 77044 | 99.96 | NZ_CP038996.1 tig00000001
			  Gap between these two alignments (local misassembly). Inconsistency = 242
			Real Alignment 81: 2618901 2637228 | 1247528 1265770 | 18328 18243 | 99.27 | NZ_CP038996.1 tig00000001
			  Extensive misassembly (relocation, inconsistency = 4084) between these two alignments
			Real Alignment 82: 2641511 2647218 | 1265969 1271803 | 5708 5835 | 95.99 | NZ_CP038996.1 tig00000001
			  Gap between these two alignments (local misassembly). Inconsistency = -278
			Real Alignment 83: 2647546 2649171 | 1272409 1274034 | 1626 1626 | 96.68 | NZ_CP038996.1 tig00000001
			  Extensive misassembly (relocation, inconsistency = 6523) between these two alignments
			Real Alignment 84: 2655827 2665963 | 1274167 1284103 | 10137 9937 | 97.73 | NZ_CP038996.1 tig00000001
			  Extensive misassembly (relocation, inconsistency = -2712) between these two alignments
			Excluding internal overlap of size 2 between Alignment 85 and 86: 2665962 2687499 | 1286814 1308351 | 21538 21538 --> 2665962 2687497 | 1286814 1308349 | 21536 21536
			Real Alignment 85: 2665962 2687497 | 1286814 1308349 | 21536 21536 | 100.0 | NZ_CP038996.1 tig00000001
			  Extensive misassembly (relocation, inconsistency = 1783) between these two alignments
			Real Alignment 86: 2689281 2719482 | 1308350 1338549 | 30202 30200 | 99.76 | NZ_CP038996.1 tig00000001
			  Extensive misassembly (relocation, inconsistency = -1619) between these two alignments
			Real Alignment 87: 2719481 2796178 | 1340167 1416861 | 76698 76695 | 99.71 | NZ_CP038996.1 tig00000001
			  Not a misassembly [linear representation of circular genome] between these two alignments
			Excluding internal overlap of size 63 between Alignment 88 and 89: 1 39094 | 1416862 1455955 | 39094 39094 --> 1 39031 | 1416862 1455892 | 39031 39031
			Real Alignment 88: 1 39031 | 1416862 1455892 | 39031 39031 | 99.99 | NZ_CP038996.1 tig00000001
			  Extensive misassembly (relocation, inconsistency = 12149) between these two alignments
			Real Alignment 89: 51181 92302 | 1455893 1497078 | 41122 41186 | 99.59 | NZ_CP038996.1 tig00000001
			  Extensive misassembly (relocation, inconsistency = 752901) between these two alignments
			Real Alignment 90: 846970 848293 | 1500168 1498845 | 1324 1324 | 99.77 | NZ_CP038996.1 tig00000001
			  Extensive misassembly (relocation, inconsistency = 882126) between these two alignments
			Real Alignment 91: 1730681 1732019 | 1500430 1501768 | 1339 1339 | 99.85 | NZ_CP038996.1 tig00000001
			  Extensive misassembly (translocation) between these two alignments
			Real Alignment 92: 73299 74341 | 1504591 1503549 | 1043 1043 | 99.62 | NZ_CP038997.1 tig00000001
			  Extensive misassembly (translocation) between these two alignments
			Real Alignment 93: 92319 101622 | 1504674 1513977 | 9304 9304 | 99.74 | NZ_CP038996.1 tig00000001
			  Extensive misassembly (relocation, inconsistency = -1620) between these two alignments
			Real Alignment 94: 101621 121301 | 1515596 1535154 | 19681 19559 | 98.74 | NZ_CP038996.1 tig00000001
			  Extensive misassembly (relocation, inconsistency = 215330) between these two alignments
			Real Alignment 95: 336632 337695 | 1536218 1535155 | 1064 1064 | 99.72 | NZ_CP038996.1 tig00000001
			  Extensive misassembly (relocation, inconsistency = 215067) between these two alignments
			Real Alignment 96: 121299 121564 | 1536219 1536485 | 266 267 | 99.63 | NZ_CP038996.1 tig00000001
			  Extensive misassembly (relocation, inconsistency = 725401) between these two alignments
			Real Alignment 97: 846969 848294 | 1537814 1536489 | 1326 1326 | 99.85 | NZ_CP038996.1 tig00000001
			  Extensive misassembly (relocation, inconsistency = 723664) between these two alignments
			Excluding internal overlap of size 1 between Alignment 98 and 99: 73301 74344 | 1539552 1540583 | 1044 1032 --> 73302 74344 | 1539553 1540583 | 1043 1031
			Real Alignment 98: 121566 123300 | 1537819 1539552 | 1735 1734 | 99.19 | NZ_CP038996.1 tig00000001
			  Extensive misassembly (translocation) between these two alignments
			Excluding internal overlap of size 5 between Alignment 99 and 100: 73302 74344 | 1539553 1540583 | 1043 1031 --> 73302 74339 | 1539553 1540578 | 1038 1026
			Real Alignment 99: 73302 74339 | 1539553 1540578 | 1038 1026 | 98.47 | NZ_CP038997.1 tig00000001
			  Extensive misassembly (translocation) between these two alignments
			Excluding internal overlap of size 1 between Alignment 100 and 101: 997154 998220 | 1543437 1544503 | 1067 1067 --> 997155 998220 | 1543438 1544503 | 1066 1066
			Real Alignment 100: 123292 126150 | 1540579 1543437 | 2859 2859 | 99.58 | NZ_CP038996.1 tig00000001
			  Extensive misassembly (relocation, inconsistency = 871004) between these two alignments
			Real Alignment 101: 997155 998220 | 1543438 1544503 | 1066 1066 | 99.91 | NZ_CP038996.1 tig00000001
			  Extensive misassembly (relocation, inconsistency = -866281) between these two alignments
			Real Alignment 102: 131940 155773 | 1544504 1568332 | 23834 23829 | 99.4 | NZ_CP038996.1 tig00000001
			  Extensive misassembly (relocation, inconsistency = 1530003) between these two alignments
			Real Alignment 103: 1685824 1686887 | 1568380 1569443 | 1064 1064 | 99.62 | NZ_CP038996.1 tig00000001
			  Extensive misassembly (relocation, inconsistency = -1529601) between these two alignments
			Real Alignment 104: 157465 180694 | 1569622 1592968 | 23230 23347 | 99.08 | NZ_CP038996.1 tig00000001
			  Extensive misassembly (inversion) between these two alignments
			Real Alignment 105: 180695 182104 | 1594376 1592969 | 1410 1408 | 99.72 | NZ_CP038996.1 tig00000001
			  Extensive misassembly (inversion) between these two alignments
			Real Alignment 106: 182105 206382 | 1594377 1618650 | 24278 24274 | 99.2 | NZ_CP038996.1 tig00000001
			  Extensive misassembly (relocation, inconsistency = 1891) between these two alignments
			Real Alignment 107: 208279 216200 | 1618656 1626576 | 7922 7921 | 99.38 | NZ_CP038996.1 tig00000001
			  Extensive misassembly (relocation, inconsistency = 2113504) between these two alignments
			Real Alignment 108: 2329705 2331382 | 1628254 1626577 | 1678 1678 | 100.0 | NZ_CP038996.1 tig00000001
			  Extensive misassembly (relocation, inconsistency = 2110481) between these two alignments
			Real Alignment 109: 216196 219223 | 1628255 1631282 | 3028 3028 | 99.47 | NZ_CP038996.1 tig00000001
			  Extensive misassembly (relocation, inconsistency = 117408) between these two alignments
			Real Alignment 110: 336632 337699 | 1631283 1632350 | 1068 1068 | 99.53 | NZ_CP038996.1 tig00000001
			  Extensive misassembly (relocation, inconsistency = -122236) between these two alignments
			Excluding internal overlap of size 11 between Alignment 111 and 112: 235781 243836 | 1651192 1659150 | 8056 7959 --> 235792 243836 | 1651203 1659150 | 8045 7948
			Real Alignment 111: 224009 234317 | 1640896 1651202 | 10309 10307 | 99.26 | NZ_CP038996.1 tig00000001
			  Extensive misassembly (relocation, inconsistency = 1474) between these two alignments
			Real Alignment 112: 235792 243836 | 1651203 1659150 | 8045 7948 | 98.22 | NZ_CP038996.1 tig00000001
			  Extensive misassembly (relocation, inconsistency = 3014) between these two alignments
			Real Alignment 113: 246946 247221 | 1659246 1659521 | 276 276 | 95.29 | NZ_CP038996.1 tig00000001
			  Extensive misassembly (relocation, inconsistency = 1797518) between these two alignments
			Real Alignment 114: 2052534 2053899 | 1668681 1667316 | 1366 1366 | 99.93 | NZ_CP038996.1 tig00000001
			  Extensive misassembly (translocation) between these two alignments
			Real Alignment 115: 73301 74340 | 1671043 1670003 | 1040 1041 | 99.52 | NZ_CP038997.1 tig00000001
			  Extensive misassembly (translocation) between these two alignments
			Real Alignment 116: 2329704 2331382 | 1675507 1677185 | 1679 1679 | 99.88 | NZ_CP038996.1 tig00000001
			  Extensive misassembly (relocation, inconsistency = -1224337) between these two alignments
			Real Alignment 117: 1107138 1108478 | 1677278 1678617 | 1341 1340 | 99.63 | NZ_CP038996.1 tig00000001
			  Extensive misassembly (relocation, inconsistency = 836779) between these two alignments
			Real Alignment 118: 1946856 1948533 | 1681893 1680216 | 1678 1678 | 99.94 | NZ_CP038996.1 tig00000001
			  Extensive misassembly (relocation, inconsistency = 1599177) between these two alignments
			Real Alignment 119: 336631 337695 | 1691877 1692941 | 1065 1065 | 99.44 | NZ_CP038996.1 tig00000001
			  Extensive misassembly (relocation, inconsistency = 202314) between these two alignments
			Real Alignment 120: 540420 540880 | 1693352 1693809 | 461 458 | 96.1 | NZ_CP038996.1 tig00000001
			  Extensive misassembly (relocation, inconsistency = -294642) between these two alignments
			Real Alignment 121: 253636 254003 | 1701207 1701574 | 368 368 | 99.73 | NZ_CP038996.1 tig00000001
			  Extensive misassembly (relocation, inconsistency = 82628) between these two alignments
			Real Alignment 122: 336632 337697 | 1701575 1702640 | 1066 1066 | 99.44 | NZ_CP038996.1 tig00000001
			  Extensive misassembly (relocation, inconsistency = -75355) between these two alignments
			Excluding internal overlap of size 7 between Alignment 123 and 124: 264613 264959 | 1704911 1705257 | 347 347 --> 264613 264952 | 1704911 1705250 | 340 340
			Real Alignment 123: 264613 264952 | 1704911 1705250 | 340 340 | 95.68 | NZ_CP038996.1 tig00000001
			  Extensive misassembly (relocation, inconsistency = 1346) between these two alignments
			Excluding internal overlap of size 1 between Alignment 124 and 125: 336631 337695 | 1710543 1709479 | 1065 1065 --> 336631 337694 | 1710543 1709480 | 1064 1064
			Real Alignment 124: 266299 270536 | 1705251 1709479 | 4238 4229 | 96.39 | NZ_CP038996.1 tig00000001
			  Extensive misassembly (relocation, inconsistency = 66094) between these two alignments
			Real Alignment 125: 336631 337694 | 1710543 1709480 | 1064 1064 | 99.53 | NZ_CP038996.1 tig00000001
			  Extensive misassembly (relocation, inconsistency = 22382) between these two alignments
			Real Alignment 126: 311662 314219 | 1710573 1713135 | 2558 2563 | 95.94 | NZ_CP038996.1 tig00000001
			  Extensive misassembly (relocation, inconsistency = -1746) between these two alignments
			Excluding internal overlap of size 4 between Alignment 127 and 128: 337695 346927 | 1737161 1746384 | 9233 9224 --> 337699 346927 | 1737165 1746384 | 9229 9220
			Real Alignment 127: 314349 336631 | 1715011 1737164 | 22283 22154 | 95.73 | NZ_CP038996.1 tig00000001
			  Extensive misassembly (relocation, inconsistency = 1067) between these two alignments
			Excluding internal overlap of size 1 between Alignment 128 and 129: 336632 337697 | 1746384 1747449 | 1066 1066 --> 336633 337697 | 1746385 1747449 | 1065 1065
			Real Alignment 128: 337699 346927 | 1737165 1746384 | 9229 9220 | 98.75 | NZ_CP038996.1 tig00000001
			  Extensive misassembly (relocation, inconsistency = -10295) between these two alignments
			Excluding internal overlap of size 5 between Alignment 129 and 130: 336633 337697 | 1746385 1747449 | 1065 1065 --> 336633 337692 | 1746385 1747444 | 1060 1060
			Real Alignment 129: 336633 337692 | 1746385 1747444 | 1060 1060 | 99.62 | NZ_CP038996.1 tig00000001
			  Extensive misassembly (relocation, inconsistency = 9228) between these two alignments
			Real Alignment 130: 346921 367720 | 1747445 1768244 | 20800 20800 | 99.74 | NZ_CP038996.1 tig00000001
			  Extensive misassembly (relocation, inconsistency = 1579135) between these two alignments
			Real Alignment 131: 1946856 1948533 | 1769922 1768245 | 1678 1678 | 99.94 | NZ_CP038996.1 tig00000001
			  Extensive misassembly (relocation, inconsistency = 1554867) between these two alignments
			Excluding internal overlap of size 10 between Alignment 132 and 133: 393501 416964 | 1794311 1817832 | 23464 23522 --> 393511 416964 | 1794321 1817832 | 23454 23512
			Real Alignment 132: 367716 391988 | 1769923 1794320 | 24273 24398 | 99.35 | NZ_CP038996.1 tig00000001
			  Extensive misassembly (relocation, inconsistency = 1522) between these two alignments
			Real Alignment 133: 393511 416964 | 1794321 1817832 | 23454 23512 | 99.35 | NZ_CP038996.1 tig00000001
			  Extensive misassembly (relocation, inconsistency = 1065) between these two alignments
			Excluding internal overlap of size 24 between Alignment 134 and 135: 426141 428600 | 1824402 1826861 | 2460 2460 --> 426165 428600 | 1824426 1826861 | 2436 2436
			Real Alignment 134: 418032 424623 | 1817835 1824425 | 6592 6591 | 99.89 | NZ_CP038996.1 tig00000001
			  Extensive misassembly (relocation, inconsistency = 1541) between these two alignments
			Excluding internal overlap of size 2 between Alignment 135 and 136: 426165 428600 | 1824426 1826861 | 2436 2436 --> 426165 428598 | 1824426 1826859 | 2434 2434
			Real Alignment 135: 426165 428598 | 1824426 1826859 | 2434 2434 | 99.96 | NZ_CP038996.1 tig00000001
			  Extensive misassembly (relocation, inconsistency = 1783) between these two alignments
			Real Alignment 136: 430382 447093 | 1826860 1843571 | 16712 16712 | 99.95 | NZ_CP038996.1 tig00000001
			  Extensive misassembly (relocation, inconsistency = 2690) between these two alignments
			Excluding internal overlap of size 8 between Alignment 137 and 138: 464369 476484 | 1856825 1868939 | 12116 12115 --> 464377 476484 | 1856833 1868939 | 12108 12107
			Real Alignment 137: 449784 463044 | 1843572 1856832 | 13261 13261 | 99.86 | NZ_CP038996.1 tig00000001
			  Extensive misassembly (relocation, inconsistency = 1332) between these two alignments
			Real Alignment 138: 464377 476484 | 1856833 1868939 | 12108 12107 | 99.3 | NZ_CP038996.1 tig00000001
			  Gap between these two alignments (local misassembly). Inconsistency = -367
			Real Alignment 139: 476476 479940 | 1869298 1872740 | 3465 3443 | 98.41 | NZ_CP038996.1 tig00000001
			  Extensive misassembly (relocation, inconsistency = -12695) between these two alignments
			Real Alignment 140: 481307 534273 | 1886802 1939763 | 52967 52962 | 99.71 | NZ_CP038996.1 tig00000001
			  Extensive misassembly (relocation, inconsistency = 4911) between these two alignments
			Real Alignment 141: 539745 542152 | 1940324 1942731 | 2408 2408 | 97.05 | NZ_CP038996.1 tig00000001
			  Gap between these two alignments (local misassembly). Inconsistency = -27
			Excluding internal overlap of size 9 between Alignment 142 and 143: 543207 549590 | 1943813 1950200 | 6384 6388 --> 543207 549581 | 1943813 1950191 | 6375 6379
			Real Alignment 142: 543207 549581 | 1943813 1950191 | 6375 6379 | 97.84 | NZ_CP038996.1 tig00000001
			  Extensive misassembly (relocation, inconsistency = 1332) between these two alignments
			Excluding internal overlap of size 9 between Alignment 143 and 144: 550914 585161 | 1950192 1984444 | 34248 34253 --> 550914 585152 | 1950192 1984435 | 34239 34244
			Real Alignment 143: 550914 585152 | 1950192 1984435 | 34239 34244 | 99.97 | NZ_CP038996.1 tig00000001
			  Extensive misassembly (relocation, inconsistency = 1522) between these two alignments
			Excluding internal overlap of size 8 between Alignment 144 and 145: 725842 771492 | 2122082 2167733 | 45651 45652 --> 725850 771492 | 2122090 2167733 | 45643 45644
			Real Alignment 144: 586675 724327 | 1984436 2122089 | 137653 137654 | 99.98 | NZ_CP038996.1 tig00000001
			  Extensive misassembly (relocation, inconsistency = 1522) between these two alignments
			Real Alignment 145: 725850 771492 | 2122090 2167733 | 45643 45644 | 99.89 | NZ_CP038996.1 tig00000001
			  Gap between these two alignments (local misassembly). Inconsistency = -816
			Real Alignment 146: 772784 773258 | 2169841 2170315 | 475 475 | 96.84 | NZ_CP038996.1 tig00000001
			  Gap between these two alignments (local misassembly). Inconsistency = 138
			Real Alignment 147: 774001 774860 | 2170920 2171780 | 860 861 | 96.17 | NZ_CP038996.1 tig00000001
			  Extensive misassembly (relocation, inconsistency = 1244) between these two alignments
			Real Alignment 148: 783151 783293 | 2178827 2178969 | 143 143 | 97.9 | NZ_CP038996.1 tig00000001
			  Gap between these two alignments (local misassembly). Inconsistency = -228
			Excluding internal overlap of size 2 between Alignment 149 and 150: 1212965 1214481 | 2192273 2193789 | 1517 1517 --> 1212967 1214481 | 2192275 2193789 | 1515 1515
			Real Alignment 149: 783424 796354 | 2179328 2192274 | 12931 12947 | 97.24 | NZ_CP038996.1 tig00000001
			  Extensive misassembly (relocation, inconsistency = 416612) between these two alignments
			Excluding internal overlap of size 4 between Alignment 150 and 151: 1212967 1214481 | 2192275 2193789 | 1515 1515 --> 1212967 1214477 | 2192275 2193785 | 1511 1511
			Real Alignment 150: 1212967 1214477 | 2192275 2193785 | 1511 1511 | 100.0 | NZ_CP038996.1 tig00000001
			  Extensive misassembly (relocation, inconsistency = 787458) between these two alignments
			Real Alignment 151: 2001936 2005659 | 2197509 2193786 | 3724 3724 | 99.17 | NZ_CP038996.1 tig00000001
			  Gap between these two alignments (local misassembly). Inconsistency = -42
			Real Alignment 152: 1993593 2001085 | 2205893 2198402 | 7493 7492 | 99.33 | NZ_CP038996.1 tig00000001
			  Extensive misassembly (relocation, inconsistency = -220917) between these two alignments
			Real Alignment 153: 2213750 2214073 | 2206653 2206330 | 324 324 | 99.69 | NZ_CP038996.1 tig00000001
			  Gap between these two alignments (local misassembly). Inconsistency = -142
			Real Alignment 154: 2177893 2212374 | 2242672 2208171 | 34482 34502 | 99.88 | NZ_CP038996.1 tig00000001
			  Gap between these two alignments (local misassembly). Inconsistency = -245
			Excluding internal overlap of size 8 between Alignment 155 and 156: 2164570 2177917 | 2256245 2242893 | 13348 13353 --> 2164578 2177917 | 2256237 2242893 | 13340 13345
			Real Alignment 155: 2164578 2177917 | 2256237 2242893 | 13340 13345 | 99.9 | NZ_CP038996.1 tig00000001
			  Extensive misassembly (relocation, inconsistency = 1522) between these two alignments
			Excluding internal overlap of size 4 between Alignment 156 and 157: 2096769 2115388 | 2320632 2302013 | 18620 18620 --> 2096769 2115384 | 2320632 2302017 | 18616 18616
			Real Alignment 156: 2117276 2163055 | 2302016 2256238 | 45780 45779 | 99.99 | NZ_CP038996.1 tig00000001
			  Extensive misassembly (relocation, inconsistency = 1891) between these two alignments
			Excluding internal overlap of size 6 between Alignment 157 and 158: 2094041 2095708 | 2322294 2320627 | 1668 1668 --> 2094041 2095702 | 2322294 2320633 | 1662 1662
			Real Alignment 157: 2096769 2115384 | 2320632 2302017 | 18616 18616 | 99.99 | NZ_CP038996.1 tig00000001
			  Extensive misassembly (relocation, inconsistency = 1066) between these two alignments
			Excluding internal overlap of size 5 between Alignment 158 and 159: 2094041 2095702 | 2322294 2320633 | 1662 1662 --> 2094046 2095702 | 2322289 2320633 | 1657 1657
			Real Alignment 158: 2094046 2095702 | 2322289 2320633 | 1657 1657 | 99.94 | NZ_CP038996.1 tig00000001
			  Extensive misassembly (relocation, inconsistency = -595240) between these two alignments
			Excluding internal overlap of size 4 between Alignment 159 and 160: 2687496 2689285 | 2324079 2322290 | 1790 1790 --> 2687500 2689285 | 2324075 2322290 | 1786 1786
			Real Alignment 159: 2687500 2689285 | 2324075 2322290 | 1786 1786 | 99.94 | NZ_CP038996.1 tig00000001
			  Extensive misassembly (relocation, inconsistency = 593457) between these two alignments
			Excluding internal overlap of size 8 between Alignment 160 and 161: 2064474 2075925 | 2352122 2340671 | 11452 11452 --> 2064474 2075917 | 2352122 2340679 | 11444 11444
			Real Alignment 160: 2077440 2094042 | 2340678 2324076 | 16603 16603 | 99.99 | NZ_CP038996.1 tig00000001
			  Extensive misassembly (relocation, inconsistency = 1522) between these two alignments
			Excluding internal overlap of size 2 between Alignment 161 and 162: 2064474 2075917 | 2352122 2340679 | 11444 11444 --> 2064476 2075917 | 2352120 2340679 | 11442 11442
			Real Alignment 161: 2064476 2075917 | 2352120 2340679 | 11442 11442 | 99.99 | NZ_CP038996.1 tig00000001
			  Extensive misassembly (relocation, inconsistency = 1783) between these two alignments
			Excluding internal overlap of size 7 between Alignment 162 and 163: 1964801 1991595 | 2409737 2382946 | 26795 26792 --> 1964801 1991588 | 2409737 2382953 | 26788 26785
			Real Alignment 162: 2031859 2062692 | 2382952 2352121 | 30834 30832 | 99.99 | NZ_CP038996.1 tig00000001
			  Extensive misassembly (relocation, inconsistency = 40270) between these two alignments
			Excluding internal overlap of size 8 between Alignment 163 and 164: 1953473 1963286 | 2419538 2409730 | 9814 9809 --> 1953473 1963278 | 2419538 2409738 | 9806 9801
			Real Alignment 163: 1964801 1991588 | 2409737 2382953 | 26788 26785 | 99.97 | NZ_CP038996.1 tig00000001
			  Extensive misassembly (relocation, inconsistency = 1522) between these two alignments
			Real Alignment 164: 1953473 1963278 | 2419538 2409738 | 9806 9801 | 98.56 | NZ_CP038996.1 tig00000001
			  Extensive misassembly (relocation, inconsistency = -15189) between these two alignments
			Real Alignment 165: 1948561 1953410 | 2439647 2434790 | 4850 4858 | 95.72 | NZ_CP038996.1 tig00000001
			  Extensive misassembly (relocation, inconsistency = 1281) between these two alignments
			Excluding internal overlap of size 4 between Alignment 166 and 167: 1944833 1946265 | 2442097 2440662 | 1433 1436 --> 1944837 1946265 | 2442093 2440662 | 1429 1432
			Real Alignment 166: 1944837 1946265 | 2442093 2440662 | 1429 1432 | 95.76 | NZ_CP038996.1 tig00000001
			  Extensive misassembly (relocation, inconsistency = 1066) between these two alignments
			Excluding internal overlap of size 4 between Alignment 167 and 168: 222396 223815 | 2496036 2497455 | 1420 1420 --> 222400 223815 | 2496040 2497455 | 1416 1416
			Real Alignment 167: 1889654 1943770 | 2496039 2442094 | 54117 53946 | 98.47 | NZ_CP038996.1 tig00000001
			  Extensive misassembly (relocation, inconsistency = 1665838) between these two alignments
			Real Alignment 168: 222400 223815 | 2496040 2497455 | 1416 1416 | 100.0 | NZ_CP038996.1 tig00000001
			  Extensive misassembly (relocation, inconsistency = 1644347) between these two alignments
			Real Alignment 169: 1868163 1889656 | 2519089 2497456 | 21494 21634 | 96.94 | NZ_CP038996.1 tig00000001
			  Extensive misassembly (relocation, inconsistency = 1500) between these two alignments
			Excluding internal overlap of size 1 between Alignment 170 and 171: 910436 911950 | 2541996 2543510 | 1515 1515 --> 910437 911950 | 2541997 2543510 | 1514 1514
			Real Alignment 170: 1843757 1866649 | 2541996 2519103 | 22893 22894 | 99.47 | NZ_CP038996.1 tig00000001
			  Extensive misassembly (relocation, inconsistency = 931806) between these two alignments
			Real Alignment 171: 910437 911950 | 2541997 2543510 | 1514 1514 | 100.0 | NZ_CP038996.1 tig00000001
			  Extensive misassembly (relocation, inconsistency = 920350) between these two alignments
			Real Alignment 172: 1832301 1843764 | 2554975 2543511 | 11464 11465 | 99.56 | NZ_CP038996.1 tig00000001
			  Extensive misassembly (relocation, inconsistency = -1620) between these two alignments
			Real Alignment 173: 1823327 1832302 | 2565567 2556594 | 8976 8974 | 98.69 | NZ_CP038996.1 tig00000001
			  Gap between these two alignments (local misassembly). Inconsistency = -6
			Excluding internal overlap of size 2 between Alignment 174 and 175: 1808579 1821986 | 2580321 2566914 | 13408 13408 --> 1808581 1821986 | 2580319 2566914 | 13406 13406
			Real Alignment 174: 1808581 1821986 | 2580319 2566914 | 13406 13406 | 98.64 | NZ_CP038996.1 tig00000001
			  Extensive misassembly (relocation, inconsistency = 1783) between these two alignments
			Real Alignment 175: 1792198 1806797 | 2594927 2580320 | 14600 14608 | 97.39 | NZ_CP038996.1 tig00000001
			  Extensive misassembly (relocation, inconsistency = -1017) between these two alignments
			Real Alignment 176: 1789959 1791529 | 2598183 2596613 | 1571 1571 | 97.9 | NZ_CP038996.1 tig00000001
			  Extensive misassembly (translocation) between these two alignments
			Real Alignment 177: 92720 94048 | 2606192 2607520 | 1329 1329 | 99.85 | NZ_CP038997.1 tig00000001
			  Extensive misassembly (translocation) between these two alignments
			Excluding internal overlap of size 4 between Alignment 178 and 179: 1775303 1775539 | 2616957 2616720 | 237 238 --> 1775303 1775535 | 2616957 2616724 | 233 234
			Real Alignment 178: 1776604 1782639 | 2616723 2610688 | 6036 6036 | 98.44 | NZ_CP038996.1 tig00000001
			  Extensive misassembly (relocation, inconsistency = 1068) between these two alignments
			Real Alignment 179: 1775303 1775535 | 2616957 2616724 | 233 234 | 97.48 | NZ_CP038996.1 tig00000001
			  Indel (> 5bp) between these two alignments: insertion of length 119; 0 mismatches (number of Ns: 0)
			Excluding internal overlap of size 8 between Alignment 180 and 181: 1757730 1763714 | 2633134 2627150 | 5985 5985 --> 1757730 1763706 | 2633134 2627158 | 5977 5977
			Real Alignment 180: 1765229 1775302 | 2627157 2617077 | 10074 10081 | 95.65 | NZ_CP038996.1 tig00000001
			  Extensive misassembly (relocation, inconsistency = 1522) between these two alignments
			Real Alignment 181: 1757730 1763706 | 2633134 2627158 | 5977 5977 | 99.38 | NZ_CP038996.1 tig00000001
			  Gap between these two alignments (local misassembly). Inconsistency = -371
			Real Alignment 182: 1750890 1757736 | 2640329 2633499 | 6847 6831 | 98.92 | NZ_CP038996.1 tig00000001
			  Extensive misassembly (relocation, inconsistency = 1357258) between these two alignments
			Excluding internal overlap of size 3 between Alignment 183 and 184: 391984 393500 | 2641977 2640461 | 1517 1517 --> 391987 393500 | 2641974 2640461 | 1514 1514
			Real Alignment 183: 391987 393500 | 2641974 2640461 | 1514 1514 | 100.0 | NZ_CP038996.1 tig00000001
			  Extensive misassembly (relocation, inconsistency = -1358902) between these two alignments
			Excluding internal overlap of size 8 between Alignment 184 and 185: 1745112 1750888 | 2647751 2641975 | 5777 5777 --> 1745120 1750888 | 2647743 2641975 | 5769 5769
			Real Alignment 184: 1745120 1750888 | 2647743 2641975 | 5769 5769 | 97.91 | NZ_CP038996.1 tig00000001
			  Extensive misassembly (relocation, inconsistency = 1522) between these two alignments
			Real Alignment 185: 1734573 1743597 | 2656767 2647744 | 9025 9024 | 99.82 | NZ_CP038996.1 tig00000001
			  Extensive misassembly (relocation, inconsistency = 2528) between these two alignments
			Real Alignment 186: 1730681 1732019 | 2658130 2656793 | 1339 1338 | 99.85 | NZ_CP038996.1 tig00000001
			  Extensive misassembly (relocation, inconsistency = 1506851) between these two alignments
			Real Alignment 187: 222400 223820 | 2658140 2659560 | 1421 1421 | 100.0 | NZ_CP038996.1 tig00000001
			  Extensive misassembly (relocation, inconsistency = 1502714) between these two alignments
			Real Alignment 188: 1726636 1730680 | 2663704 2659662 | 4045 4043 | 99.83 | NZ_CP038996.1 tig00000001
			  Extensive misassembly (relocation, inconsistency = 814684) between these two alignments
			Real Alignment 189: 910437 911951 | 2663705 2665219 | 1515 1515 | 99.93 | NZ_CP038996.1 tig00000001
			  Extensive misassembly (relocation, inconsistency = 813290) between these two alignments
			Real Alignment 190: 1725286 1725533 | 2665511 2665264 | 248 248 | 100.0 | NZ_CP038996.1 tig00000001
			  Indel (> 5bp) between these two alignments: deletion of length 29; 0 mismatches (number of Ns: 0)
			Excluding internal overlap of size 3 between Alignment 191 and 192: 1724970 1725256 | 2665798 2665512 | 287 287 --> 1724973 1725256 | 2665795 2665512 | 284 284
			Real Alignment 191: 1724973 1725256 | 2665795 2665512 | 284 284 | 100.0 | NZ_CP038996.1 tig00000001
			  Extensive misassembly (relocation, inconsistency = 1489191) between these two alignments
			Real Alignment 192: 234315 235781 | 2667262 2665796 | 1467 1467 | 100.0 | NZ_CP038996.1 tig00000001
			  Extensive misassembly (relocation, inconsistency = -1490661) between these two alignments
			Real Alignment 193: 1722018 1724969 | 2670220 2667269 | 2952 2952 | 99.93 | NZ_CP038996.1 tig00000001
			  Extensive misassembly (relocation, inconsistency = 611544) between these two alignments
			Real Alignment 194: 1108971 1110473 | 2670221 2671723 | 1503 1503 | 100.0 | NZ_CP038996.1 tig00000001
			  Extensive misassembly (relocation, inconsistency = 597174) between these two alignments
			Real Alignment 195: 1707648 1722025 | 2686099 2671724 | 14378 14376 | 99.94 | NZ_CP038996.1 tig00000001
			  Extensive misassembly (relocation, inconsistency = -20495) between these two alignments
			Real Alignment 196: 1704868 1706338 | 2709374 2707904 | 1471 1471 | 100.0 | NZ_CP038996.1 tig00000001
			  Extensive misassembly (relocation, inconsistency = 1358680) between these two alignments
			Real Alignment 197: 336631 337695 | 2718931 2717867 | 1065 1065 | 99.72 | NZ_CP038996.1 tig00000001
			  Extensive misassembly (relocation, inconsistency = 485279) between these two alignments
			Real Alignment 198: 838169 840513 | 2734126 2736470 | 2345 2345 | 99.87 | NZ_CP038996.1 tig00000001
			  Extensive misassembly (relocation, inconsistency = 862751) between these two alignments
			Excluding internal overlap of size 9 between Alignment 199 and 200: 1706338 1707661 | 2740867 2739544 | 1324 1324 --> 1706347 1707661 | 2740858 2739544 | 1315 1315
			Real Alignment 199: 1706347 1707661 | 2740858 2739544 | 1315 1315 | 100.0 | NZ_CP038996.1 tig00000001
			  Extensive misassembly (relocation, inconsistency = 1474) between these two alignments
			Excluding internal overlap of size 1 between Alignment 200 and 201: 1662511 1664025 | 2752124 2753638 | 1515 1515 --> 1662512 1664025 | 2752125 2753638 | 1514 1514
			Real Alignment 200: 1693624 1704872 | 2752124 2740859 | 11249 11266 | 99.19 | NZ_CP038996.1 tig00000001
			  Extensive misassembly (relocation, inconsistency = 29598) between these two alignments
			Real Alignment 201: 1662512 1664025 | 2752125 2753638 | 1514 1514 | 100.0 | NZ_CP038996.1 tig00000001
			  Extensive misassembly (relocation, inconsistency = 28344) between these two alignments
			Excluding internal overlap of size 1 between Alignment 202 and 203: 1692370 1693631 | 2754900 2753639 | 1262 1262 --> 1692371 1693631 | 2754899 2753639 | 1261 1261
			Real Alignment 202: 1692371 1693631 | 2754899 2753639 | 1261 1261 | 100.0 | NZ_CP038996.1 tig00000001
			  Extensive misassembly (relocation, inconsistency = 37049) between these two alignments
			Real Alignment 203: 1730681 1732018 | 2754900 2756237 | 1338 1338 | 99.93 | NZ_CP038996.1 tig00000001
			  Extensive misassembly (relocation, inconsistency = 38302) between these two alignments
			Excluding internal overlap of size 1 between Alignment 204 and 205: 1730681 1732019 | 2762599 2761260 | 1339 1340 --> 1730681 1732018 | 2762599 2761261 | 1338 1339
			Real Alignment 204: 1687351 1692378 | 2761260 2756238 | 5028 5023 | 99.74 | NZ_CP038996.1 tig00000001
			  Extensive misassembly (relocation, inconsistency = -44668) between these two alignments
			Real Alignment 205: 1730681 1732018 | 2762599 2761261 | 1338 1339 | 99.85 | NZ_CP038996.1 tig00000001
			  Extensive misassembly (relocation, inconsistency = 43322) between these two alignments
			Real Alignment 206: 1686888 1687358 | 2763070 2762600 | 471 471 | 100.0 | NZ_CP038996.1 tig00000001
			  Extensive misassembly (relocation, inconsistency = 1068) between these two alignments
			Real Alignment 207: 1685523 1685819 | 2763367 2763071 | 297 297 | 100.0 | NZ_CP038996.1 tig00000001
		Unaligned bases: 267634

CONTIG: tig00000002 (216000bp)
Best alignment score: 2272.1 (LEN: 2273, IDY: 99.96), Total number of alignments: 99
			Looking for the best set of alignments (out of 99 total alignments)
			Skipping redundant alignments after choosing the best set of alignments
		Skipping redundant alignment 2075926 2077439 | 726 2238 | 1514 1513 | 99.8 | NZ_CP038996.1 tig00000002
		Skipping redundant alignment 1743597 1745111 | 725 2238 | 1515 1514 | 99.74 | NZ_CP038996.1 tig00000002
		Skipping redundant alignment 391987 393501 | 726 2239 | 1515 1514 | 99.8 | NZ_CP038996.1 tig00000002
		Skipping redundant alignment 910436 911951 | 2239 725 | 1516 1515 | 99.8 | NZ_CP038996.1 tig00000002
		Skipping redundant alignment 1677113 1678628 | 2240 726 | 1516 1515 | 99.8 | NZ_CP038996.1 tig00000002
		Skipping redundant alignment 2531939 2533456 | 724 2240 | 1518 1517 | 99.8 | NZ_CP038996.1 tig00000002
		Skipping redundant alignment 2687496 2689285 | 39636 37847 | 1790 1790 | 99.89 | NZ_CP038996.1 tig00000002
		Skipping redundant alignment 1806791 1808582 | 39639 37848 | 1792 1792 | 99.89 | NZ_CP038996.1 tig00000002
		Skipping redundant alignment 1727690 1729483 | 39640 37847 | 1794 1794 | 99.89 | NZ_CP038996.1 tig00000002
		Skipping redundant alignment 281375 283168 | 37847 39640 | 1794 1794 | 99.89 | NZ_CP038996.1 tig00000002
		Skipping redundant alignment 1456390 1458184 | 39640 37846 | 1795 1795 | 99.83 | NZ_CP038996.1 tig00000002
		Skipping redundant alignment 428592 430384 | 39641 37849 | 1793 1793 | 99.89 | NZ_CP038996.1 tig00000002
		Skipping redundant alignment 2062683 2064477 | 39642 37848 | 1795 1795 | 99.89 | NZ_CP038996.1 tig00000002
		Skipping redundant alignment 260058 260287 | 63943 64172 | 230 230 | 99.57 | NZ_CP038996.1 tig00000002
		Skipping redundant alignment 417929 418032 | 76456 76559 | 104 104 | 99.04 | NZ_CP038996.1 tig00000002
		Skipping redundant alignment 1946856 1948533 | 78340 76663 | 1678 1678 | 99.88 | NZ_CP038996.1 tig00000002
		Skipping redundant alignment 2491788 2493465 | 78340 76663 | 1678 1678 | 99.88 | NZ_CP038996.1 tig00000002
		Skipping redundant alignment 2687496 2689284 | 83886 82098 | 1789 1789 | 99.94 | NZ_CP038996.1 tig00000002
		Skipping redundant alignment 428595 430384 | 83888 82099 | 1790 1790 | 99.94 | NZ_CP038996.1 tig00000002
		Skipping redundant alignment 281376 283166 | 82098 83888 | 1791 1791 | 99.94 | NZ_CP038996.1 tig00000002
		Skipping redundant alignment 1727692 1729482 | 83888 82098 | 1791 1791 | 99.94 | NZ_CP038996.1 tig00000002
		Skipping redundant alignment 958613 960403 | 82098 83888 | 1791 1791 | 99.94 | NZ_CP038996.1 tig00000002
		Skipping redundant alignment 1806792 1808582 | 83888 82098 | 1791 1791 | 99.94 | NZ_CP038996.1 tig00000002
		Skipping redundant alignment 1456392 1458182 | 83888 82098 | 1791 1791 | 99.89 | NZ_CP038996.1 tig00000002
		Skipping redundant alignment 479940 481306 | 86108 84743 | 1367 1366 | 99.93 | NZ_CP038996.1 tig00000002
		Skipping redundant alignment 1160984 1162502 | 99695 101213 | 1519 1519 | 100.0 | NZ_CP038996.1 tig00000002
		Skipping redundant alignment 180690 182107 | 112722 111306 | 1418 1417 | 99.72 | NZ_CP038996.1 tig00000002
		Skipping redundant alignment 1743598 1745111 | 115964 114451 | 1514 1514 | 99.93 | NZ_CP038996.1 tig00000002
		Skipping redundant alignment 1763715 1765229 | 115964 114450 | 1515 1515 | 100.0 | NZ_CP038996.1 tig00000002
		Skipping redundant alignment 910436 911950 | 114450 115964 | 1515 1515 | 100.0 | NZ_CP038996.1 tig00000002
		Skipping redundant alignment 2531941 2533455 | 115964 114450 | 1515 1515 | 100.0 | NZ_CP038996.1 tig00000002
		Skipping redundant alignment 1677114 1678629 | 114450 115965 | 1516 1516 | 100.0 | NZ_CP038996.1 tig00000002
		Skipping redundant alignment 2075923 2077439 | 115967 114451 | 1517 1517 | 100.0 | NZ_CP038996.1 tig00000002
		Skipping redundant alignment 70348 72243 | 116058 117953 | 1896 1896 | 99.95 | NZ_CP038997.1 tig00000002
		Skipping redundant alignment 206383 208278 | 116058 117953 | 1896 1896 | 99.95 | NZ_CP038996.1 tig00000002
		Skipping redundant alignment 52442 54337 | 117953 116058 | 1896 1896 | 99.95 | NZ_CP038997.1 tig00000002
		Skipping redundant alignment 29465 31360 | 117953 116058 | 1896 1896 | 99.89 | NZ_CP038997.1 tig00000002
		Skipping redundant alignment 2115389 2117284 | 117953 116058 | 1896 1896 | 99.89 | NZ_CP038996.1 tig00000002
		Skipping redundant alignment 19220 21116 | 117953 116057 | 1897 1897 | 99.89 | NZ_CP038997.1 tig00000002
		Skipping redundant alignment 97232 99128 | 116057 117953 | 1897 1897 | 99.89 | NZ_CP038997.1 tig00000002
		Skipping redundant alignment 1416701 1418599 | 117953 116055 | 1899 1899 | 99.95 | NZ_CP038996.1 tig00000002
		Skipping redundant alignment 1504831 1506727 | 117954 116058 | 1897 1897 | 99.95 | NZ_CP038996.1 tig00000002
		Skipping redundant alignment 548738 548896 | 148935 148777 | 159 159 | 96.23 | NZ_CP038996.1 tig00000002
		Skipping redundant alignment 840434 840514 | 151204 151124 | 81 81 | 100.0 | NZ_CP038996.1 tig00000002
		Skipping redundant alignment 1763715 1765228 | 151205 152718 | 1514 1514 | 99.87 | NZ_CP038996.1 tig00000002
		Skipping redundant alignment 1677115 1678628 | 152718 151205 | 1514 1514 | 99.87 | NZ_CP038996.1 tig00000002
		Skipping redundant alignment 2075926 2077439 | 151205 152718 | 1514 1514 | 99.87 | NZ_CP038996.1 tig00000002
		Skipping redundant alignment 910437 911950 | 152718 151205 | 1514 1514 | 99.87 | NZ_CP038996.1 tig00000002
		Skipping redundant alignment 2531941 2533454 | 151205 152718 | 1514 1514 | 99.87 | NZ_CP038996.1 tig00000002
		Skipping redundant alignment 1743598 1745111 | 151205 152718 | 1514 1514 | 99.8 | NZ_CP038996.1 tig00000002
		Skipping redundant alignment 1108232 1108477 | 162692 162937 | 246 246 | 100.0 | NZ_CP038996.1 tig00000002
		Skipping redundant alignment 1678629 1680093 | 186820 185356 | 1465 1465 | 99.93 | NZ_CP038996.1 tig00000002
		Skipping redundant alignment 1357272 1358774 | 185356 186858 | 1503 1503 | 99.93 | NZ_CP038996.1 tig00000002
		Skipping redundant alignment 2381521 2383023 | 185356 186858 | 1503 1503 | 99.93 | NZ_CP038996.1 tig00000002
		Skipping redundant alignment 1160984 1162502 | 215971 214453 | 1519 1519 | 100.0 | NZ_CP038996.1 tig00000002
		This contig has several significant sets of alignments. [An ambiguously mapped contig]
		Using only the very best set (option --ambiguity-usage is set to "one").
			The best set is below. Score: 45552.2, number of alignments: 44, unaligned bases: 159852
		This contig is misassembled.
		This contig is partially unaligned. (Aligned 56148 out of 216000 non-N bases (25.99%))
			Warning! This contig is more unaligned than misassembled. Contig length is 216000 (number of Ns: 0) and total length of all aligns is 56148
		Alignment: 1764429 1765152 | 1 724 | 724 724 | 99.72 | NZ_CP038996.1 tig00000002
		Alignment: 1763714 1765230 | 725 2240 | 1517 1516 | 99.8 | NZ_CP038996.1 tig00000002
		Alignment: 958612 960407 | 37847 39642 | 1796 1796 | 99.89 | NZ_CP038996.1 tig00000002
		Alignment: 969204 969495 | 45544 45835 | 292 292 | 98.29 | NZ_CP038996.1 tig00000002
		Alignment: 972161 973410 | 48856 50108 | 1250 1253 | 95.47 | NZ_CP038996.1 tig00000002
		Alignment: 1978661 1979726 | 53294 52229 | 1066 1066 | 99.91 | NZ_CP038996.1 tig00000002
		Alignment: 1465787 1467127 | 53847 55187 | 1341 1341 | 99.85 | NZ_CP038996.1 tig00000002
		Alignment: 102145 102953 | 65852 66631 | 809 780 | 95.44 | NZ_CP038997.1 tig00000002
		Alignment: 846969 848293 | 69180 67856 | 1325 1325 | 100.0 | NZ_CP038996.1 tig00000002
		Alignment: 443593 444458 | 74851 73987 | 866 865 | 98.73 | NZ_CP038996.1 tig00000002
		Alignment: 443473 443594 | 75547 75426 | 122 122 | 96.72 | NZ_CP038996.1 tig00000002
		Alignment: 2329703 2331382 | 78342 76663 | 1680 1680 | 99.88 | NZ_CP038996.1 tig00000002
		Alignment: 2062687 2064478 | 83888 82097 | 1792 1792 | 99.94 | NZ_CP038996.1 tig00000002
		Alignment: 2052532 2053899 | 86109 84743 | 1368 1367 | 99.93 | NZ_CP038996.1 tig00000002
		Alignment: 955141 956205 | 91986 90922 | 1065 1065 | 100.0 | NZ_CP038996.1 tig00000002
		Alignment: 479941 481306 | 99232 97868 | 1366 1365 | 99.85 | NZ_CP038996.1 tig00000002
		Alignment: 424623 426141 | 101213 99695 | 1519 1519 | 100.0 | NZ_CP038996.1 tig00000002
		Alignment: 19219 21116 | 103151 101254 | 1898 1898 | 95.52 | NZ_CP038997.1 tig00000002
		Alignment: 479941 481306 | 111176 109811 | 1366 1366 | 99.85 | NZ_CP038996.1 tig00000002
		Alignment: 222400 223815 | 111306 112720 | 1416 1415 | 99.86 | NZ_CP038996.1 tig00000002
		Alignment: 391987 393505 | 115964 114446 | 1519 1519 | 100.0 | NZ_CP038996.1 tig00000002
		Alignment: 1104357 1106253 | 116057 117953 | 1897 1897 | 99.95 | NZ_CP038996.1 tig00000002
		Alignment: 1107138 1108477 | 118374 119713 | 1340 1340 | 99.78 | NZ_CP038996.1 tig00000002
		Alignment: 1720631 1722139 | 121865 123373 | 1509 1509 | 98.28 | NZ_CP038996.1 tig00000002
		Alignment: 1720635 1722134 | 141269 139770 | 1500 1500 | 99.6 | NZ_CP038996.1 tig00000002
		Alignment: 302063 303594 | 149345 150880 | 1532 1536 | 99.09 | NZ_CP038996.1 tig00000002
		Alignment: 391987 393500 | 151205 152718 | 1514 1514 | 99.87 | NZ_CP038996.1 tig00000002
		Alignment: 838169 840442 | 154990 152718 | 2274 2273 | 99.96 | NZ_CP038996.1 tig00000002
		Alignment: 804089 805455 | 158713 160079 | 1367 1367 | 99.71 | NZ_CP038996.1 tig00000002
		Alignment: 1995904 1997269 | 162693 161328 | 1366 1366 | 99.41 | NZ_CP038996.1 tig00000002
		Alignment: 97232 99128 | 167047 165151 | 1897 1897 | 95.52 | NZ_CP038997.1 tig00000002
		Alignment: 73301 74340 | 169108 168069 | 1040 1040 | 99.62 | NZ_CP038997.1 tig00000002
		Alignment: 336632 337695 | 171105 172168 | 1064 1064 | 99.72 | NZ_CP038996.1 tig00000002
		Alignment: 264974 266289 | 177801 176486 | 1316 1316 | 99.77 | NZ_CP038996.1 tig00000002
		Alignment: 997154 997851 | 178512 177815 | 698 698 | 100.0 | NZ_CP038996.1 tig00000002
		Alignment: 1465787 1467127 | 180538 179198 | 1341 1341 | 100.0 | NZ_CP038996.1 tig00000002
		Alignment: 2440665 2441725 | 182993 181933 | 1061 1061 | 99.62 | NZ_CP038996.1 tig00000002
		Alignment: 1108971 1110475 | 186858 185354 | 1505 1505 | 99.93 | NZ_CP038996.1 tig00000002
		Alignment: 987066 987874 | 191550 192358 | 809 809 | 99.75 | NZ_CP038996.1 tig00000002
		Alignment: 979082 979890 | 199390 198582 | 809 809 | 99.63 | NZ_CP038996.1 tig00000002
		Alignment: 97231 99128 | 211326 209429 | 1898 1898 | 95.63 | NZ_CP038997.1 tig00000002
		Alignment: 102145 102588 | 213523 213964 | 444 442 | 98.2 | NZ_CP038997.1 tig00000002
		Alignment: 983432 983856 | 213904 214328 | 425 425 | 99.76 | NZ_CP038996.1 tig00000002
		Alignment: 424614 426150 | 214444 215980 | 1537 1537 | 99.87 | NZ_CP038996.1 tig00000002
		Unaligned bases: 159852

CONTIG: tig00000003 (28873bp)
Best alignment score: 9390.5 (LEN: 9493, IDY: 98.92), Total number of alignments: 10
			Looking for the best set of alignments (out of 10 total alignments)
			Skipping redundant alignments after choosing the best set of alignments
		Skipping redundant alignment 978630 978714 | 14594 14678 | 85 85 | 100.0 | NZ_CP038996.1 tig00000003
		Skipping redundant alignment 2687496 2688388 | 27981 28873 | 893 893 | 99.55 | NZ_CP038996.1 tig00000003
		Skipping redundant alignment 1806791 1807686 | 27978 28873 | 896 896 | 99.55 | NZ_CP038996.1 tig00000003
		Skipping redundant alignment 1727690 1728586 | 27977 28873 | 897 897 | 99.55 | NZ_CP038996.1 tig00000003
		Skipping redundant alignment 282272 283168 | 28873 27977 | 897 897 | 99.55 | NZ_CP038996.1 tig00000003
		Skipping redundant alignment 1456390 1457286 | 27977 28873 | 897 897 | 99.44 | NZ_CP038996.1 tig00000003
		Skipping redundant alignment 428592 429489 | 27976 28873 | 898 898 | 99.56 | NZ_CP038996.1 tig00000003
		Skipping redundant alignment 2062683 2063581 | 27975 28873 | 899 899 | 99.56 | NZ_CP038996.1 tig00000003
		This contig has several significant sets of alignments. [An ambiguously mapped contig]
		Using only the very best set (option --ambiguity-usage is set to "one").
			The best set is below. Score: 10035.5, number of alignments: 2, unaligned bases: 18481
		This contig is misassembled.
		This contig is partially unaligned. (Aligned 10392 out of 28873 non-N bases (35.99%))
			Warning! This contig is more unaligned than misassembled. Contig length is 28873 (number of Ns: 0) and total length of all aligns is 10392
		Alignment: 967031 976524 | 24162 14670 | 9494 9493 | 98.92 | NZ_CP038996.1 tig00000003
		Alignment: 959509 960407 | 28873 27975 | 899 899 | 99.56 | NZ_CP038996.1 tig00000003
		Unaligned bases: 18481

CONTIG: tig00000004 (14734bp)
Best alignment score: 1794.9 (LEN: 1796, IDY: 99.94), Total number of alignments: 8
			Looking for the best set of alignments (out of 8 total alignments)
			Skipping redundant alignments after choosing the best set of alignments
		Skipping redundant alignment 1806791 1808582 | 1566 3357 | 1792 1792 | 99.94 | NZ_CP038996.1 tig00000004
		Skipping redundant alignment 2062684 2064477 | 1564 3357 | 1794 1794 | 99.94 | NZ_CP038996.1 tig00000004
		Skipping redundant alignment 2687496 2689285 | 1569 3358 | 1790 1790 | 99.94 | NZ_CP038996.1 tig00000004
		Skipping redundant alignment 1727690 1729483 | 1565 3358 | 1794 1794 | 99.94 | NZ_CP038996.1 tig00000004
		Skipping redundant alignment 281375 283168 | 3358 1565 | 1794 1794 | 99.94 | NZ_CP038996.1 tig00000004
		Skipping redundant alignment 958612 960406 | 3358 1564 | 1795 1795 | 99.94 | NZ_CP038996.1 tig00000004
		Skipping redundant alignment 1456390 1458184 | 1565 3359 | 1795 1795 | 99.89 | NZ_CP038996.1 tig00000004
		This contig has several significant sets of alignments. [An ambiguously mapped contig]
		Using only the very best set (option --ambiguity-usage is set to "one").
			The best set is below. Score: 1794.9, number of alignments: 1, unaligned bases: 12938
		This contig is partially unaligned. (Aligned 1796 out of 14734 non-N bases (12.19%))
		Alignment: 428589 430384 | 1561 3356 | 1796 1796 | 99.94 | NZ_CP038996.1 tig00000004
		Unaligned bases: 1 to 1560 (1560)
		Unaligned bases: 3357 to 14734 (11378)

CONTIG: tig00000005 (40013bp)
Best alignment score: 3158.0 (LEN: 3158, IDY: 100.00), Total number of alignments: 59
			Looking for the best set of alignments (out of 59 total alignments)
			Skipping redundant alignments after choosing the best set of alignments
		Skipping redundant alignment 979082 979890 | 2871 2063 | 809 809 | 99.63 | NZ_CP038996.1 tig00000005
		Skipping redundant alignment 977822 978630 | 2063 2871 | 809 809 | 99.63 | NZ_CP038996.1 tig00000005
		Skipping redundant alignment 55467 56275 | 2063 2871 | 809 809 | 99.51 | NZ_CP038997.1 tig00000005
		Skipping redundant alignment 61628 62436 | 2063 2871 | 809 809 | 99.51 | NZ_CP038997.1 tig00000005
		Skipping redundant alignment 987066 987876 | 2063 2873 | 811 811 | 99.75 | NZ_CP038996.1 tig00000005
		Skipping redundant alignment 966222 967032 | 2063 2873 | 811 811 | 99.75 | NZ_CP038996.1 tig00000005
		Skipping redundant alignment 102145 102953 | 7796 8604 | 809 809 | 99.88 | NZ_CP038997.1 tig00000005
		Skipping redundant alignment 55467 56275 | 8604 7796 | 809 809 | 99.63 | NZ_CP038997.1 tig00000005
		Skipping redundant alignment 979082 979890 | 7796 8604 | 809 809 | 99.51 | NZ_CP038996.1 tig00000005
		Skipping redundant alignment 977822 978630 | 8604 7796 | 809 809 | 99.51 | NZ_CP038996.1 tig00000005
		Skipping redundant alignment 987066 987875 | 8604 7795 | 810 810 | 99.88 | NZ_CP038996.1 tig00000005
		Skipping redundant alignment 966222 967031 | 8604 7795 | 810 810 | 99.88 | NZ_CP038996.1 tig00000005
		Skipping redundant alignment 987066 987874 | 14037 13229 | 809 809 | 99.38 | NZ_CP038996.1 tig00000005
		Skipping redundant alignment 966222 967030 | 14037 13229 | 809 809 | 99.38 | NZ_CP038996.1 tig00000005
		Skipping redundant alignment 977822 978630 | 14037 13229 | 809 809 | 99.26 | NZ_CP038996.1 tig00000005
		Skipping redundant alignment 979082 979890 | 13229 14037 | 809 809 | 99.26 | NZ_CP038996.1 tig00000005
		Skipping redundant alignment 102144 102953 | 13228 14037 | 810 810 | 99.63 | NZ_CP038997.1 tig00000005
		Skipping redundant alignment 61625 62436 | 14040 13229 | 812 812 | 99.14 | NZ_CP038997.1 tig00000005
		Skipping redundant alignment 987066 987874 | 21792 22600 | 809 809 | 99.88 | NZ_CP038996.1 tig00000005
		Skipping redundant alignment 102145 102953 | 22600 21792 | 809 809 | 99.88 | NZ_CP038997.1 tig00000005
		Skipping redundant alignment 55466 56275 | 21791 22600 | 810 810 | 99.63 | NZ_CP038997.1 tig00000005
		Skipping redundant alignment 979081 979891 | 22601 21791 | 811 811 | 99.51 | NZ_CP038996.1 tig00000005
		Skipping redundant alignment 977820 978631 | 21790 22601 | 812 812 | 99.51 | NZ_CP038996.1 tig00000005
		Skipping redundant alignment 61628 62438 | 21792 22602 | 811 811 | 99.63 | NZ_CP038997.1 tig00000005
		Skipping redundant alignment 55467 56275 | 24537 25345 | 809 809 | 99.63 | NZ_CP038997.1 tig00000005
		Skipping redundant alignment 61628 62436 | 24537 25345 | 809 809 | 99.63 | NZ_CP038997.1 tig00000005
		Skipping redundant alignment 977822 978630 | 24537 25345 | 809 809 | 99.51 | NZ_CP038996.1 tig00000005
		Skipping redundant alignment 979082 979890 | 25345 24537 | 809 809 | 99.51 | NZ_CP038996.1 tig00000005
		Skipping redundant alignment 102145 102954 | 25345 24536 | 810 810 | 99.88 | NZ_CP038997.1 tig00000005
		Skipping redundant alignment 966222 967032 | 24537 25347 | 811 811 | 99.88 | NZ_CP038996.1 tig00000005
		Skipping redundant alignment 102145 102953 | 30330 29522 | 809 809 | 99.88 | NZ_CP038997.1 tig00000005
		Skipping redundant alignment 55467 56275 | 29522 30330 | 809 809 | 99.63 | NZ_CP038997.1 tig00000005
		Skipping redundant alignment 977822 978630 | 29522 30330 | 809 809 | 99.51 | NZ_CP038996.1 tig00000005
		Skipping redundant alignment 979082 979890 | 30330 29522 | 809 809 | 99.51 | NZ_CP038996.1 tig00000005
		Skipping redundant alignment 61626 62436 | 29520 30330 | 811 811 | 99.63 | NZ_CP038997.1 tig00000005
		Skipping redundant alignment 987066 987878 | 29522 30334 | 813 813 | 99.88 | NZ_CP038996.1 tig00000005
		Skipping redundant alignment 665235 665546 | 30331 30642 | 312 312 | 100.0 | NZ_CP038996.1 tig00000005
		Skipping redundant alignment 1255612 1255923 | 30331 30642 | 312 312 | 100.0 | NZ_CP038996.1 tig00000005
		Skipping redundant alignment 1603946 1604257 | 30642 30331 | 312 312 | 100.0 | NZ_CP038996.1 tig00000005
		Skipping redundant alignment 1978661 1978972 | 30642 30331 | 312 312 | 100.0 | NZ_CP038996.1 tig00000005
		Skipping redundant alignment 955141 955452 | 30642 30331 | 312 312 | 100.0 | NZ_CP038996.1 tig00000005
		Skipping redundant alignment 336632 336943 | 30642 30331 | 312 312 | 99.68 | NZ_CP038996.1 tig00000005
		Skipping redundant alignment 131628 131940 | 30331 30643 | 313 313 | 100.0 | NZ_CP038996.1 tig00000005
		Skipping redundant alignment 1467966 1468278 | 30331 30643 | 313 313 | 99.68 | NZ_CP038996.1 tig00000005
		Skipping redundant alignment 102145 102953 | 35295 34487 | 809 809 | 100.0 | NZ_CP038997.1 tig00000005
		Skipping redundant alignment 979082 979890 | 35295 34487 | 809 809 | 99.63 | NZ_CP038996.1 tig00000005
		Skipping redundant alignment 977822 978630 | 34487 35295 | 809 809 | 99.63 | NZ_CP038996.1 tig00000005
		Skipping redundant alignment 55467 56275 | 34487 35295 | 809 809 | 99.51 | NZ_CP038997.1 tig00000005
		Skipping redundant alignment 61628 62436 | 34487 35295 | 809 809 | 99.51 | NZ_CP038997.1 tig00000005
		Skipping redundant alignment 966222 967032 | 34487 35297 | 811 811 | 99.75 | NZ_CP038996.1 tig00000005
		This contig has several significant sets of alignments. [An ambiguously mapped contig]
		Using only the very best set (option --ambiguity-usage is set to "one").
			The best set is below. Score: 7357.3, number of alignments: 9, unaligned bases: 30863
		This contig is misassembled.
		This contig is partially unaligned. (Aligned 9150 out of 40013 non-N bases (22.87%))
			Warning! This contig is more unaligned than misassembled. Contig length is 40013 (number of Ns: 0) and total length of all aligns is 9150
		Alignment: 102145 102953 | 2871 2063 | 809 809 | 100.0 | NZ_CP038997.1 tig00000005
		Alignment: 61627 62436 | 8605 7796 | 810 810 | 99.63 | NZ_CP038997.1 tig00000005
		Alignment: 55467 56276 | 14037 13228 | 810 810 | 99.14 | NZ_CP038997.1 tig00000005
		Alignment: 979891 983048 | 16992 20149 | 3158 3158 | 100.0 | NZ_CP038996.1 tig00000005
		Alignment: 966213 967030 | 21783 22600 | 818 818 | 99.76 | NZ_CP038996.1 tig00000005
		Alignment: 987065 987876 | 24536 25347 | 812 812 | 99.88 | NZ_CP038996.1 tig00000005
		Alignment: 966222 967032 | 29522 30332 | 811 811 | 99.88 | NZ_CP038996.1 tig00000005
		Alignment: 1686576 1686888 | 30331 30643 | 313 313 | 100.0 | NZ_CP038996.1 tig00000005
		Alignment: 987066 987876 | 34487 35297 | 811 811 | 99.75 | NZ_CP038996.1 tig00000005
		Unaligned bases: 30863

CONTIG: tig00000006 (15015bp)
		This contig is unaligned. (15015 bp)
		Unaligned bases: 15015 (number of Ns: 0)

CONTIG: tig00000007 (16044bp)
Best alignment score: 1182.9 (LEN: 1233, IDY: 95.94), Total number of alignments: 17
			Looking for the best set of alignments (out of 17 total alignments)
			Skipping redundant alignments after choosing the best set of alignments
		Skipping redundant alignment 977822 978630 | 1797 990 | 809 808 | 99.51 | NZ_CP038996.1 tig00000007
		Skipping redundant alignment 979082 979890 | 990 1797 | 809 808 | 99.51 | NZ_CP038996.1 tig00000007
		Skipping redundant alignment 55467 56275 | 1797 990 | 809 808 | 99.38 | NZ_CP038997.1 tig00000007
		Skipping redundant alignment 61628 62436 | 1797 990 | 809 808 | 99.38 | NZ_CP038997.1 tig00000007
		Skipping redundant alignment 966222 967032 | 1797 988 | 811 810 | 99.63 | NZ_CP038996.1 tig00000007
		Skipping redundant alignment 102145 102954 | 990 1798 | 810 809 | 99.88 | NZ_CP038997.1 tig00000007
		Skipping redundant alignment 978630 978714 | 6143 6059 | 85 85 | 100.0 | NZ_CP038996.1 tig00000007
		Skipping redundant alignment 979082 979890 | 11745 12552 | 809 808 | 99.26 | NZ_CP038996.1 tig00000007
		Skipping redundant alignment 977822 978630 | 12552 11745 | 809 808 | 99.26 | NZ_CP038996.1 tig00000007
		Skipping redundant alignment 61628 62436 | 12552 11745 | 809 808 | 99.14 | NZ_CP038997.1 tig00000007
		Skipping redundant alignment 55467 56275 | 12552 11745 | 809 808 | 99.14 | NZ_CP038997.1 tig00000007
		Skipping redundant alignment 966222 967032 | 12552 11743 | 811 810 | 99.38 | NZ_CP038996.1 tig00000007
		Skipping redundant alignment 102145 102954 | 11745 12553 | 810 809 | 99.63 | NZ_CP038997.1 tig00000007
		This contig has several significant sets of alignments. [An ambiguously mapped contig]
		Using only the very best set (option --ambiguity-usage is set to "one").
			The best set is below. Score: 3229.8, number of alignments: 4, unaligned bases: 11956
		This contig is misassembled.
		This contig is partially unaligned. (Aligned 4088 out of 16044 non-N bases (25.48%))
			Warning! This contig is more unaligned than misassembled. Contig length is 16044 (number of Ns: 0) and total length of all aligns is 4088
		Alignment: 987065 987876 | 1798 988 | 812 811 | 99.63 | NZ_CP038996.1 tig00000007
		Alignment: 973578 974810 | 1818 3050 | 1233 1233 | 95.94 | NZ_CP038996.1 tig00000007
		Alignment: 987065 987876 | 12553 11743 | 812 811 | 99.38 | NZ_CP038996.1 tig00000007
		Alignment: 973578 974810 | 12573 13805 | 1233 1233 | 95.94 | NZ_CP038996.1 tig00000007
		Unaligned bases: 11956

CONTIG: tig00000008 (24836bp)
		This contig is unaligned. (24836 bp)
		Unaligned bases: 24836 (number of Ns: 0)

CONTIG: tig00000009 (16483bp)
		This contig is unaligned. (16483 bp)
		Unaligned bases: 16483 (number of Ns: 0)

Analyzing coverage...
Writing SNPs into /gorilla/home/tisch/GenomeAnalysis_2026/Analyses/1_Assembly_Eval/PacBio/contigs_reports/minimap_output/pacbio_assembly-contigs.used_snps

Analysis is finished!
Founded SNPs were written into /gorilla/home/tisch/GenomeAnalysis_2026/Analyses/1_Assembly_Eval/PacBio/contigs_reports/minimap_output/pacbio_assembly-contigs.used_snps

Results:
	Local Misassemblies: 20
	Misassemblies: 183
		Relocations: 169
		Translocations: 12
		Inversions: 2
	Scaffold gap extensive misassemblies: 0
	Scaffold gap local misassemblies: 0
	Misassembled Contigs: 1
	Misassembled Contig Bases: 2763566
	Misassemblies Inter-Contig Overlap ("Extra" Aligned Bases): 0
Unaligned Contigs: 3 + 6 part
Half Unaligned Contigs with Misassemblies: 4
Unaligned Bases in Fully and Partially Unaligned Contigs: 558058

Ambiguously Mapped Contigs: 5
Total Bases in Ambiguously Mapped Contigs: 315664
"Extra" Aligned Bases in Ambiguously Mapped Contigs: 0
Note that --allow-ambiguity option was set to "one" and only first alignment per each of these contigs was used (there is no "extra" aligned bases).

	Covered Bases in Reference: 2481522
	Raw Aligned Bases in Assembly: 2575806
	Total Aligned Bases in Assembly (with "Extras"): 2575806

	SNPs: 9461
	Insertions: 1889
	Deletions: 1683

