"","baseMean","log2FoldChange","lfcSE","stat","pvalue","padj"
"ONCDGDAG_00001",455.226081347456,0.32556323868146,0.0794316824579771,4.09865721846818,4.15553926466217e-05,6.90894727394007e-05
"ONCDGDAG_00002",3885.09424292771,2.90163370124107,0.0870938138060226,33.3161860118292,2.25087449630755e-243,5.05649207713815e-242
"ONCDGDAG_00003",1217.92315279342,2.44822975267657,0.0821773563784057,29.7920237468227,4.9559956941315e-195,9.00602274863515e-194
"ONCDGDAG_00004",1493.99272683418,2.27775949343955,0.311383412603368,7.31496734009049,2.57443999198451e-13,6.08776152676547e-13
"ONCDGDAG_00005",418.321996966723,-0.551267453324585,0.208422575738567,-2.64495077546716,0.0081702801576733,0.0114713628394891
"ONCDGDAG_00006",2483.25191756456,-0.273986220591608,0.168700842471742,-1.62409515315551,0.104355502250528,0.12916540039946
"ONCDGDAG_00007",2136.29643231399,0.509248641474032,0.185586579216801,2.74399497864084,0.00606964663426679,0.00861099047616268
"ONCDGDAG_00008",3041.04315462965,-1.72275525465975,0.0513271087060628,-33.5642372635001,5.58100152672861e-247,1.26369820283783e-245
"ONCDGDAG_00009",314.099077126467,-1.80184350723107,0.213666401284032,-8.43297540653497,3.36985542664668e-17,9.05291669700846e-17
"ONCDGDAG_00010",369.506110141614,0.964616138511502,0.106935437299685,9.02054700359227,1.87152445377333e-19,5.3662907202164e-19
"ONCDGDAG_00011",58.819131363866,1.62445912323489,0.198108927875277,8.19982794645985,2.40731324959584e-16,6.28943653946606e-16
"ONCDGDAG_00012",3576.99767098964,0.697679047651697,0.192204658724975,3.62987584317612,0.000283557577884179,0.000445478948074649
"ONCDGDAG_00013",0.658298127589706,-1.85059890652677,1.55093211478701,-1.19321722007215,0.232784312311013,0.272409205505874
"ONCDGDAG_00014",4.05783771167437,-0.56385462732616,0.514260997470397,-1.09643669284606,0.272887713732624,0.314057542266711
"ONCDGDAG_00015",17.1580957120059,-1.08906367416039,0.261770884119847,-4.16036977459181,3.1773274542341e-05,5.31354937100227e-05
"ONCDGDAG_00016",81.3908910056802,-0.771528102362436,0.123947090150059,-6.2246568388848,4.82611151928777e-10,1.01316380901604e-09
"ONCDGDAG_00017",59.6073562875679,1.19859203614855,0.219669992551331,5.45633029904379,4.86075380559402e-08,9.40185125922695e-08
"ONCDGDAG_00018",49.810860130134,2.7049793837028,0.251635359549883,10.7495996927514,5.95193625665949e-27,2.06078569663222e-26
"ONCDGDAG_00019",2249.97007217534,4.63283488817013,0.225588754631161,20.5366393185017,1.01336584704635e-93,9.06311210540195e-93
"ONCDGDAG_00020",2426.5150732471,-1.32858078490296,0.132286906773471,-10.0431767384056,9.84514260363333e-24,3.08322632800943e-23
"ONCDGDAG_00021",1372.44594620191,-1.74491367802697,0.143978305579538,-12.1192819362846,8.34873896416784e-34,3.39301314312975e-33
"ONCDGDAG_00022",263.775112939211,-2.50787386346201,0.127146009155593,-19.7243616226526,1.33228749023394e-86,1.1146675101576e-85
"ONCDGDAG_00023",174.804562425898,-0.464243066442158,0.108356192204742,-4.28441658013376,1.8321933590722e-05,3.11516546688497e-05
"ONCDGDAG_00024",66.6251501030449,-0.834855977293882,0.139285505012721,-5.99384679129128,2.04934456926311e-09,4.20027302881297e-09
"ONCDGDAG_00025",50.4258803792778,-0.776912519685298,0.195646332808401,-3.97100476422494,7.15701478747801e-05,0.000116880155630651
"ONCDGDAG_00026",89.301644402378,-1.0080671042052,0.134976028677437,-7.46848987989012,8.11203536184912e-14,1.96132515994538e-13
"ONCDGDAG_00027",16.1254965832294,-0.943237388118886,0.294183431553627,-3.2062899774386,0.00134458416928434,0.0020084286046954
"ONCDGDAG_00028",37.0208228477283,-2.03273686779475,0.249095059463806,-8.16048649126301,3.33677882028956e-16,8.66226567268983e-16
"ONCDGDAG_00029",258.51945881886,0.434070113739862,0.174276068390641,2.49070407513951,0.0127490256457526,0.0175375941018959
"ONCDGDAG_00030",24.8443432093044,-3.72346350708948,0.352685690757424,-10.5574555607658,4.69207926969788e-26,1.58420143863291e-25
"ONCDGDAG_00031",81.0970288272904,-3.07483414574355,0.2257439259129,-13.6208942646365,3.00860971149258e-42,1.45978971205584e-41
"ONCDGDAG_00032",274.992972798974,0.688109838983662,0.0796801899909738,8.63589606226606,5.82684730183173e-18,1.59692558617924e-17
"ONCDGDAG_00033",349.608221939227,0.835166389608094,0.0793089334663259,10.5305462210345,6.24709187358582e-26,2.10176333907315e-25
"ONCDGDAG_00034",8068.93480331978,5.54390898868423,0.109090843057009,50.8191964910116,0,0
"ONCDGDAG_00035",610.178059623217,2.06273609472725,0.119010439997257,17.3323961727625,2.67929169478754e-67,1.78598579561422e-66
"ONCDGDAG_00036",2203.50052338994,1.6611171648333,0.0573268813700057,28.9762346238919,1.31142690419791e-184,2.17529125446316e-183
"ONCDGDAG_00037",2597.82604997626,1.20477529146096,0.0708111520902994,17.0139202074358,6.47560620335384e-65,4.26672159311051e-64
"ONCDGDAG_00038",1603.26053408211,1.81997008765189,0.247682271957152,7.34800304143989,2.01189922684622e-13,4.7753315259503e-13
"ONCDGDAG_00039",2534.28640631561,2.0962648078935,0.335421983197224,6.24963452875694,4.11414242552589e-10,8.68811868247622e-10
"ONCDGDAG_00040",3023.31889983016,1.20873637570446,0.104882797292099,11.5246389962133,9.91268103983471e-31,3.77581829194238e-30
"ONCDGDAG_00041",3744.30113716572,0.093905033643996,0.0553527171111855,1.69648462703956,0.089794139072984,0.112065913724945
"ONCDGDAG_00042",1031.08538595768,-0.487992215951163,0.0799124752693162,-6.10658366302083,1.01786292437691e-09,2.10279719279313e-09
"ONCDGDAG_00043",1430.55170739425,-2.7060670514535,0.214619894626534,-12.608649613599,1.89207138604902e-36,8.11741302916972e-36
"ONCDGDAG_00044",2815.54199826194,-2.49186677181055,0.0621047658881192,-40.123599794251,0,0
"ONCDGDAG_00045",107.315356894394,-2.88283859674435,0.492640496858209,-5.85181002197245,4.86251869048429e-09,9.81795175085044e-09
"ONCDGDAG_00046",1136.93429793371,-2.71866714477509,0.222926442146187,-12.1953551969949,3.29066002767256e-34,1.3411790084214e-33
"ONCDGDAG_00047",434.872885197203,-1.36666162773166,0.2355657494908,-5.80161432927257,6.56794902870141e-09,1.31774673550528e-08
"ONCDGDAG_00048",309.412603973672,-1.51506604722964,0.384716045189908,-3.93814104239337,8.21153238557216e-05,0.000133642338254634
"ONCDGDAG_00049",297.019675083063,-1.62734354464131,0.119702080445648,-13.5949478787899,4.29066231469247e-42,2.06778033510433e-41
"ONCDGDAG_00050",2645.62361305551,0.11417051556414,0.0942315465687727,1.21159547647682,0.225667266990167,0.264950087540307
"ONCDGDAG_00051",1820.09210926554,0.150241598192373,0.131798368508809,1.13993518957961,0.25431330315396,0.29542176461655
"ONCDGDAG_00052",904.099639818175,-2.73083156784104,0.086089202417344,-31.7209532805576,7.98932977832235e-221,1.65170709112708e-219
"ONCDGDAG_00053",2494.41361913006,-3.21905452867677,0.0828707910668585,-38.8442596871038,0,0
"ONCDGDAG_00054",1839.38181429708,-2.97991714614705,0.199867723769616,-14.909446557674,2.8611420675956e-50,1.54892567720118e-49
"ONCDGDAG_00055",405.372577589958,-3.83640249028892,0.199310730515851,-19.2483489491993,1.45733767519262e-82,1.16464548664553e-81
"ONCDGDAG_00056",675.478623785873,-0.104156908467567,0.120680892977603,-0.863077044738949,0.388095108106382,0.432176168394812
"ONCDGDAG_00057",564.319834393769,-0.0729046696467039,0.209156264310691,-0.34856555641292,0.727415489779989,0.762983967772907
"ONCDGDAG_00058",173.806655612823,-0.76219752753298,0.0941211855999813,-8.09804426786918,5.58497477554429e-16,1.43937967792483e-15
"ONCDGDAG_00059",525.653883197597,1.71990156645135,0.106328347165345,16.1753813757382,7.52304696260626e-59,4.54729936108382e-58
"ONCDGDAG_00060",1013.54762953287,1.38194810368466,0.0828414191972826,16.6818496963894,1.77632523736108e-62,1.13121783531052e-61
"ONCDGDAG_00061",2190.41242040093,1.07115100321585,0.111993353891199,9.56441579789156,1.12836930632474e-21,3.37092945648636e-21
"ONCDGDAG_00062",5292.30995337848,0.0517656011651988,0.117121312155927,0.441982763105334,0.65850167913005,0.699183211968007
"ONCDGDAG_00063",2432.81230189783,-0.069958202107643,0.169469647831041,-0.412806676611438,0.679748259376481,0.718799771683136
"ONCDGDAG_00064",2966.53388212019,-2.41324699369514,0.107901595216499,-22.3652577967276,8.57866032802684e-111,8.67904890633354e-110
"ONCDGDAG_00065",19.8656676138106,-1.6679297224882,0.255606772625208,-6.52537374247847,6.78321769992375e-11,1.48181624026665e-10
"ONCDGDAG_00066",20.0997315175201,-0.935306275197788,0.261758952461995,-3.57315868817739,0.00035270087210064,0.000549866441586408
"ONCDGDAG_00067",85.0386901114353,0.466361394635931,0.181154539521735,2.57438425703915,0.0100418678596195,0.0139889887712375
"ONCDGDAG_00068",414.125793125389,3.87946238201366,0.152221551296254,25.4856316269136,2.8448737293381e-143,3.5136037877929e-142
"ONCDGDAG_00069",34.867071013206,2.01183481012718,0.290129678860127,6.93426063142301,4.08351195518119e-12,9.28307538496569e-12
"ONCDGDAG_00070",264.488678458482,1.85668501579745,0.223500276948578,8.30730521298023,9.78999035039414e-17,2.59580320350134e-16
"ONCDGDAG_00071",61.4417452089294,0.599936958351195,0.135579381322992,4.4249866941195,9.6448227746496e-06,1.67478267657184e-05
"ONCDGDAG_00072",129.940446733362,1.11189804680647,0.167551277538496,6.63616573470176,3.21947838358758e-11,7.11477291121253e-11
"ONCDGDAG_00073",733.597297457832,-0.43550795225936,0.0749544031691752,-5.81030511678415,6.2359085699602e-09,1.25200894793078e-08
"ONCDGDAG_00074",338.082445764748,-2.2653283273092,0.159391583186273,-14.2123459848054,7.68086225757962e-46,3.9412769821717e-45
"ONCDGDAG_00075",207.969240178803,-0.767502362551324,0.133236657966606,-5.76044441720901,8.38927535361488e-09,1.67726717476267e-08
"ONCDGDAG_00076",206.61658814434,-1.83228554930082,0.194015116583856,-9.44403498842256,3.58694174381994e-21,1.05609337410921e-20
"ONCDGDAG_00077",113.008805608044,-1.84363441897316,0.144348121598211,-12.772140008201,2.34614066761065e-37,1.03295359948969e-36
"ONCDGDAG_00078",80.0493744143667,-1.79339129980828,0.176621450926556,-10.1538702711372,3.1847717721704e-24,1.01521272245834e-23
"ONCDGDAG_00079",116.177601609299,-0.466407748753519,0.206273576564947,-2.26111243388785,0.0237522956218166,0.031784849629007
"ONCDGDAG_00080",2081.7194469194,-4.92231608154178,0.130038604776731,-37.8527291183502,1.54402418250505e-313,5.06333447435481e-312
"ONCDGDAG_00081",7884.98736275076,-4.54589715948292,0.0921961011527319,-49.3068264562749,0,0
"ONCDGDAG_00082",212.051008507245,-1.15573511506323,0.229047870015041,-5.04582345597595,4.51572234501536e-07,8.34955012983074e-07
"ONCDGDAG_00083",470.195894926368,0.611315198307652,0.209942981387968,2.91181536180036,0.00359334972312442,0.00518554717252098
"ONCDGDAG_00084",625.599900579249,0.0263847185903515,0.0798461352505558,0.330444529438484,0.741064099719782,0.775020482588174
"ONCDGDAG_00085",58392.8861298445,0.651798177241766,0.0450336879177972,14.4735687299591,1.77992286500104e-47,9.30058595942853e-47
"ONCDGDAG_00086",149.79961838159,0.398995898436844,0.122381922095197,3.26025193595569,0.00111313290672697,0.00167233711579361
"ONCDGDAG_00087",721.621728724549,-0.220970540725797,0.0880320103520261,-2.51011580721798,0.01206915736377,0.0166828032746297
"ONCDGDAG_00088",136.363629618809,-1.92423735790337,0.169666764432787,-11.3412745527168,8.1942243433861e-30,3.05197415818284e-29
"ONCDGDAG_00089",1456.92842771065,-1.6719662025122,0.226916546169496,-7.36819870889149,1.72948874048129e-13,4.11528888790084e-13
"ONCDGDAG_00090",258.52120228061,-2.08416372308347,0.113670507765551,-18.3351316366258,4.33964589912638e-75,3.16649865734209e-74
"ONCDGDAG_00091",168.334851870552,-2.02364155331197,0.13433923878254,-15.0636669647036,2.80771804561102e-51,1.54046530464004e-50
"ONCDGDAG_00092",2088.24608462626,-3.02797441761038,0.0717565881555624,-42.1978593944012,0,0
"ONCDGDAG_00093",32.1948326966048,-0.490794579181024,0.214512419977292,-2.28795413912621,0.0221401919814849,0.0297652328352766
"ONCDGDAG_00094",34.6599950233955,-1.51777113606873,0.209846216872568,-7.23277816816884,4.73212035287637e-13,1.11117196434208e-12
"ONCDGDAG_00095",112.004154154226,0.906625972852015,0.108307043510827,8.37088654129299,5.71863508059176e-17,1.52764661843898e-16
"ONCDGDAG_00096",73.8599998569912,1.12792638877427,0.205519744920715,5.48816557362603,4.06129296140623e-08,7.87686527456965e-08
"ONCDGDAG_00097",1798.55184722936,0.264109834447849,0.0945079083788236,2.79457919425321,0.00519673106472381,0.00742055742124977
"ONCDGDAG_00098",256.1761336068,-0.604723969884099,0.0970438829322322,-6.23144861491569,4.62141585846553e-10,9.70905702813118e-10
"ONCDGDAG_00099",382.574181650677,-1.02612057801375,0.29150022539015,-3.5201364823659,0.000431324789318349,0.000668424564869772
"ONCDGDAG_00101",63.192323489948,0.161270194934328,0.156040922640555,1.03351218517093,0.301364271119983,0.344330102324914
"ONCDGDAG_00102",2905.00098758395,-0.360845066277284,0.0834974887437973,-4.32162777235729,1.54882318621062e-05,2.64915620519118e-05
"ONCDGDAG_00103",1776.52013646659,-0.221732949435677,0.268733095954271,-0.8251047331863,0.409312132766109,0.453501947488043
"ONCDGDAG_00104",7160.94123111417,-0.582107026224219,0.25737680028625,-2.26169190687277,0.0237164451093891,0.031751768135658
"ONCDGDAG_00105",13.8780089958988,-0.0169498669824373,0.301052202881588,-0.0563020858847666,0.955101157176857,0.962183475079652
"ONCDGDAG_00106",144.903606678402,1.78921063823326,0.410467004939838,4.35896336782417,1.30679982877808e-05,2.24596380211077e-05
"ONCDGDAG_00107",173.584711395719,2.90270658991313,0.140352651484625,20.6815230008754,5.0811140171333e-95,4.61669372321061e-94
"ONCDGDAG_00108",203.430052918996,3.6252912455781,0.129709065044864,27.9494054199232,6.70290484401582e-172,1.05073557802072e-170
"ONCDGDAG_00109",521.396727544802,3.90137211339518,0.25041129026851,15.579857079175,9.97775797972364e-55,5.72767475174075e-54
"ONCDGDAG_00110",571.185322909109,1.53822974527916,0.249540031568607,6.16426044194132,7.08133111791165e-10,1.47575147402498e-09
"ONCDGDAG_00111",2716.30037377865,1.27278588745378,0.0437105437149843,29.1185096152775,2.09318085945295e-186,3.53363608995222e-185
"ONCDGDAG_00112",223.632349222488,0.0221791200138647,0.163832715373392,0.135376624646159,0.892314104812677,0.908231231191783
"ONCDGDAG_00113",411.069419375183,1.26678045860959,0.127548322277885,9.93176888559695,3.02834923023894e-23,9.40139320334242e-23
"ONCDGDAG_00114",1016.60350945306,0.0818064231666033,0.143636431554914,0.569538119828099,0.568991008914793,0.611885167144329
"ONCDGDAG_00115",822.777923222489,0.650217766323644,0.218745466458934,2.97248567867217,0.00295398990921534,0.00429986388315886
"ONCDGDAG_00116",4193.68568673203,0.705620420546035,0.0848803863560406,8.31311508864049,9.32220303300881e-17,2.47406932587666e-16
"ONCDGDAG_00117",2156.06817237457,0.772271526925928,0.0641348428737603,12.0413724010524,2.15342994889772e-33,8.70217513343511e-33
"ONCDGDAG_00118",2652.0055322663,0.978234069416572,0.143216393412125,6.83046155618212,8.46418603475592e-12,1.908958320724e-11
"ONCDGDAG_00119",19.0726053844171,-0.593512022892195,0.249952445157875,-2.37449976741504,0.0175727472825842,0.0238171249392934
"ONCDGDAG_00120",13.4802950592526,0.163006263628402,0.327373971640997,0.497920658784558,0.618539965654225,0.660439566621072
"ONCDGDAG_00121",14.7758644997553,0.00276129280117559,0.297994677745489,0.00926624871983098,0.99260670901218,0.993303030800333
"ONCDGDAG_00122",10.4407882389112,0.700726688222873,0.430461026588702,1.62785164031215,0.103556347663054,0.128231883629641
"ONCDGDAG_00123",53.0821507075293,0.319013566849985,0.16400703701874,1.94512121338752,0.0517603913086037,0.0663398007203263
"ONCDGDAG_00124",4233.97525800199,1.45127629798862,0.0409667858685745,35.4256812493043,6.87183360487909e-275,1.83227488548785e-273
"ONCDGDAG_00125",7419.292426343,1.10859507525622,0.0450452452159448,24.6107013058019,9.70339774406842e-134,1.11179894633844e-132
"ONCDGDAG_00126",2537.90466359208,5.42745501595862,0.129339923077916,41.962720301674,0,0
"ONCDGDAG_00127",6928.64186222076,3.42999821970107,0.0803399093391435,42.6935784209293,0,0
"ONCDGDAG_00128",19210.0549160253,3.67398094956942,0.122562162956227,29.9764695804331,1.98890693788955e-197,3.68464382714214e-196
"ONCDGDAG_00129",1061.29371424407,3.031279974046,0.136474998122073,22.2112475966814,2.67408761340014e-109,2.67690244246687e-108
"ONCDGDAG_00130",14081.9212112917,8.41376370636046,0.248253727147183,33.8917920912912,8.80064435120425e-252,2.10993599445258e-250
"ONCDGDAG_00131",2998.3709505191,8.64152385913123,0.261197298784102,33.0842772852489,5.00260879476091e-240,1.10639092181805e-238
"ONCDGDAG_00132",11384.3619086747,8.4453744801985,0.292763650268271,28.847073304557,5.51380469034166e-183,8.98907701802557e-182
"ONCDGDAG_00133",42367.1682204287,8.35565561581975,0.262633839530214,31.8148477392172,4.03462085247284e-222,8.40202430080658e-221
"ONCDGDAG_00134",19978.4214051818,8.29376270897532,0.234427779167215,35.3787539106425,3.62372018289167e-274,9.57266081647216e-273
"ONCDGDAG_00135",19603.8623391238,8.04206139332589,0.221217312599894,36.3536709618709,2.29918311812319e-289,6.4946232039658e-288
"ONCDGDAG_00136",6475.11802479971,7.77173189281749,0.190307409809336,40.8377787318096,0,0
"ONCDGDAG_00137",26302.4031280052,7.86927244717237,0.222134207134431,35.4257570172884,6.85339877106397e-275,1.83227488548785e-273
"ONCDGDAG_00138",28101.9735574953,7.86147641149465,0.187754024985756,41.8711471676362,0,0
"ONCDGDAG_00139",22570.3781704334,5.66820759266327,0.117902282393273,48.0754695974118,0,0
"ONCDGDAG_00140",38.3073091018024,-1.23841638930195,0.190152004376495,-6.51277062980584,7.37771254008757e-11,1.607991892809e-10
"ONCDGDAG_00141",27.488600944602,-0.0463456606483596,0.238989098163253,-0.193923743821574,0.846235591722447,0.867520712606591
"ONCDGDAG_00142",25.9487664821061,-0.259572833503743,0.241207513041147,-1.07613908966204,0.281865055804429,0.323736314094217
"ONCDGDAG_00143",3.93488990066189,-0.895700926944322,0.692532251901672,-1.29337070509677,0.195882877073816,0.232178582588948
"ONCDGDAG_00144",8.52001593224707,-0.122374280119638,0.340849698458104,-0.359027103949981,0.719574813176041,0.756428497417555
"ONCDGDAG_00145",11.5178410895062,0.183733918315091,0.363815723693474,0.505019179627025,0.613545364968273,0.655911695281688
"ONCDGDAG_00146",2440.48636266051,-0.0892461307288377,0.141206251658899,-0.632026767089767,0.527369386663422,0.570783330861435
"ONCDGDAG_00147",411.843547532023,0.256145277927531,0.0739807228206535,3.46232461865082,0.000535530811694475,0.000824538265388201
"ONCDGDAG_00148",4082.199410438,-1.9398447603793,0.0433547253129996,-44.7435601626946,0,0
"ONCDGDAG_00149",2182.93533223558,-1.53424000242899,0.176625105978466,-8.68642084560756,3.7403735801017e-18,1.03705401594073e-17
"ONCDGDAG_00150",6543.78908798688,-1.15833559289132,0.0722815109163617,-16.025337298658,8.50282543493063e-58,5.08565219410002e-57
"ONCDGDAG_00151",5444.63561969133,-1.10106998284439,0.0724562851897909,-15.1963350033784,3.73966486901733e-52,2.07977853241841e-51
"ONCDGDAG_00152",369.794338436833,-0.525973070626638,0.21996471261527,-2.39117022168275,0.0167947642357025,0.0228257095482591
"ONCDGDAG_00153",721.727572195446,-0.672819561651166,0.133833955650218,-5.02727098203402,4.9750909387532e-07,9.18107014764739e-07
"ONCDGDAG_00154",11305.0058010435,-1.60726560551709,0.123726287455874,-12.9904940863138,1.38529832622988e-38,6.28339606475969e-38
"ONCDGDAG_00155",1850.73466950619,-0.698893282539846,0.0772702432085612,-9.04479206378908,1.4995028760698e-19,4.30823938109481e-19
"ONCDGDAG_00156",1329.4194987981,-0.218381735012001,0.29670299393333,-0.736028080192112,0.461713609134936,0.506252469970012
"ONCDGDAG_00157",3825.29719832848,-0.444658585312743,0.103612913018645,-4.29153637667468,1.774411270294e-05,3.01872114141252e-05
"ONCDGDAG_00158",14490.3113689147,-0.2082183096368,0.0897132781214422,-2.32093079192738,0.0202905793664896,0.0273577613103001
"ONCDGDAG_00159",2902.17212293847,-0.10987893589721,0.112408565401347,-0.977496114329853,0.328323600506981,0.372152257547245
"ONCDGDAG_00160",1586.85384441755,0.307071478481078,0.0583932394771088,5.25868201919943,1.4509152691284e-07,2.745000837416e-07
"ONCDGDAG_00161",1991.12473454357,0.516892699692627,0.0611591050432475,8.4516066630981,2.87321163174171e-17,7.74057864528715e-17
"ONCDGDAG_00162",908.915803806119,-0.45045987868465,0.131280806008666,-3.43126990441326,0.000600762542426874,0.000921492222335415
"ONCDGDAG_00163",563.540188642353,-0.111451226407243,0.0495127108285096,-2.2509619154819,0.0243879496251092,0.0326048829805233
"ONCDGDAG_00164",2200.54057456483,-0.33904426380025,0.0811134427294313,-4.17987761820434,2.91666018063679e-05,4.8977230696626e-05
"ONCDGDAG_00165",40.6362427623201,-0.878336129430519,0.192857221350506,-4.55433363231028,5.25518954102015e-06,9.3066764497396e-06
"ONCDGDAG_00166",81.6167223398632,-0.698344217787523,0.236091814069364,-2.95793490570727,0.00309707517936761,0.00449438224147294
"ONCDGDAG_00167",189.49685587161,-0.709112464660115,0.085722236522956,-8.27221142871393,1.31496844787995e-16,3.46728741386461e-16
"ONCDGDAG_00168",343.544486489506,-0.396104665482609,0.167258660784786,-2.36821617262787,0.01787408886796,0.0242140434664245
"ONCDGDAG_00169",537.111451457401,1.55110451521245,0.0631551124864898,24.5602367590472,3.36232078989125e-133,3.82179331217519e-132
"ONCDGDAG_00170",1312.65749786363,0.561120827068892,0.0959212267124415,5.84980870554392,4.92138683493023e-09,9.92978545972840e-09
"ONCDGDAG_00171",3842.97022132814,-2.38004089942593,0.199661661576066,-11.92037009328,9.26958503378604e-33,3.69359303092061e-32
"ONCDGDAG_00172",345.430323519364,-1.35371579476591,0.260363470280741,-5.19933074062288,2.00007361020457e-07,3.75161736351982e-07
"ONCDGDAG_00173",352.75867686403,-1.05412630799064,0.127078480157656,-8.29508117096514,1.08511084786623e-16,2.87181934041034e-16
"ONCDGDAG_00174",2182.61973175706,-2.25276652176959,0.0682708481252088,-32.9974884395462,8.82489274354404e-239,1.92194038147566e-237
"ONCDGDAG_00175",669.721016963537,-1.5826279682746,0.160877152288941,-9.83749367611971,7.76203883760525e-23,2.38375638360471e-22
"ONCDGDAG_00176",677.094312656694,0.786844185705937,0.149425205645611,5.26580627616521,1.39575408917132e-07,2.64239310975831e-07
"ONCDGDAG_00177",1260.658607289,0.167446640345778,0.114069982831238,1.46792903960991,0.142123499095161,0.172838168336954
"ONCDGDAG_00178",1949.09926133654,0.521962515576925,0.0843047160876896,6.19137979225273,5.96398123334668e-10,1.24745149990748e-09
"ONCDGDAG_00179",1232.09313429125,-0.0430629344775344,0.0423046515627478,-1.01792433897398,0.308713913959873,0.351882060138841
"ONCDGDAG_00180",786.323854917829,-0.86743898405081,0.114788885076144,-7.55682036179205,4.13041784565453e-14,1.00718650544037e-13
"ONCDGDAG_00181",7439.96653377243,1.8739104517233,0.380355427171352,4.92673514785709,8.36149704326881e-07,1.52723118210281e-06
"ONCDGDAG_00182",203.71477928008,0.660376792656562,0.166071649853532,3.97645710895861,6.99496082246626e-05,0.000114364603017171
"ONCDGDAG_00184",1155.33850874616,1.62873461173421,0.359757804649516,4.52730862453688,5.97396609490044e-06,1.05208180671302e-05
"ONCDGDAG_00185",782.41824193647,2.69911543614667,0.121942037070178,22.134413209723,1.47419234690065e-108,1.47058418381383e-107
"ONCDGDAG_00186",388.847507509241,3.35211380975234,0.242078776126739,13.8472023999219,1.32263812964559e-43,6.53983810031e-43
"ONCDGDAG_00187",918.938282207326,3.50449349053561,0.103295574344149,33.9268503300995,2.67778984099037e-252,6.52968753533804e-251
"ONCDGDAG_00188",41.1334027167854,-0.0771726736018363,0.228535857200477,-0.337682998839603,0.735602087916908,0.770155140119977
"ONCDGDAG_00189",2172.52986247837,1.07728308842828,0.299019688848581,3.60271623777189,0.000314909241746152,0.000492833827044308
"ONCDGDAG_00190",775.038423156878,1.22533750513452,0.123918671910105,9.88823949003763,4.68188787086599e-23,1.4456088848031e-22
"ONCDGDAG_00191",18014.4899080704,7.67281082961875,0.355785776163044,21.5658166899358,3.76218634542631e-103,3.61397900454588e-102
"ONCDGDAG_00192",456.459869733166,-0.079043423157791,0.17683736456586,-0.446983720617214,0.654886814054214,0.696122235654498
"ONCDGDAG_00194",1801.79076232654,2.40874709855561,0.203466490795427,11.8385444656705,2.46697143412918e-32,9.76181622964017e-32
"ONCDGDAG_00195",337.765855624062,-0.410556879176236,0.077298236894803,-5.3113356225055,1.08824702018637e-07,2.07399382003455e-07
"ONCDGDAG_00196",848.423517153989,1.02187034265808,0.481559379605927,2.12200278082904,0.0338375045231818,0.0444058879506153
"ONCDGDAG_00197",566.221868768874,1.13245950225122,0.0607439495033613,18.6431654759056,1.43492843854888e-77,1.08590207829707e-76
"ONCDGDAG_00198",212.512403525723,-2.18629965020405,0.191125498976318,-11.4390788351844,2.66702140326075e-30,1.00382744901094e-29
"ONCDGDAG_00199",3002.29443252609,-1.09218947030951,0.0528298409389069,-20.6737224814386,5.97271877853255e-95,5.40957672227091e-94
"ONCDGDAG_00200",1408.49425559139,-0.996466905695071,0.118745257783194,-8.39163537388942,4.79425864148439e-17,1.28191376796204e-16
"ONCDGDAG_00201",231.04267737847,-0.690674904736972,0.0998969288217739,-6.91387526006134,4.71589894267097e-12,1.06696746101826e-11
"ONCDGDAG_00202",666.505649131208,1.33932962249688,0.0737752005312239,18.1541983329484,1.18951837724815e-73,8.52687419670598e-73
"ONCDGDAG_00203",59.3927469129445,0.22171895591045,0.150119468439438,1.47695004662168,0.139689028120904,0.170313161208949
"ONCDGDAG_00204",14.5208824822672,0.5555237346346,0.357172093013094,1.55533913623603,0.119865321232655,0.147086349022264
"ONCDGDAG_00205",12.554448419413,-0.728571944035701,0.338501125584594,-2.1523471828268,0.0313700202753988,0.0412626407771843
"ONCDGDAG_00206",16.9973619631897,-1.2499811978825,0.310976675027072,-4.01953361220318,5.83134623548785e-05,9.5779106562158e-05
"ONCDGDAG_00207",87.1226833887186,0.360170680510338,0.150196810831779,2.39799153201549,0.0164852463433869,0.0224177348988002
"ONCDGDAG_00208",89.3078301235627,0.210664682547993,0.138551352110408,1.52048088552842,0.128390159192524,0.157141623413244
"ONCDGDAG_00209",143.455194458768,0.802929868516903,0.101769706048355,7.88967463594128,3.02975388104296e-15,7.66302111934004e-15
"ONCDGDAG_00210",3072.97501453227,0.698279985542497,0.0415918098494985,16.7888819474134,2.94337610312565e-63,1.88706787016123e-62
"ONCDGDAG_00211",2432.62953574371,0.177512392140559,0.0921837647671633,1.92563617453591,0.0541498185027686,0.0692467199410124
"ONCDGDAG_00212",189.400126021711,2.23104816647639,0.124632600740259,17.9009998445432,1.15823731241779e-71,8.13904200080779e-71
"ONCDGDAG_00213",43.0339319945241,-0.300963863649018,0.281256930904366,-1.07006736751797,0.284588986346314,0.326470598329728
"ONCDGDAG_00214",61.1607688204398,-0.341772448206101,0.251525087245006,-1.3588006347581,0.174209772139086,0.208569232023841
"ONCDGDAG_00215",7.94034896498787,-1.28630610517033,0.48648234414458,-2.64409617461481,0.00819093791993666,0.0114947102240921
"ONCDGDAG_00216",136.228560679612,0.0281445920296564,0.115621377716748,0.243420313660382,0.807679808958099,0.832782976132077
"ONCDGDAG_00217",266.763255829364,0.164672737404854,0.120519721121377,1.366355114936,0.171827529712543,0.205889937954593
"ONCDGDAG_00218",200.245785435478,0.790983687355514,0.143897952439907,5.49683768214725,3.86662298811693e-08,7.50440502387592e-08
"ONCDGDAG_00219",571.166198752596,0.546683252505574,0.111521848350306,4.90202826255504,9.48521856166224e-07,1.72805418623387e-06
"ONCDGDAG_00221",1494.42893613291,-1.52627011566933,0.0798222015785014,-19.1208722070678,1.69253424649947e-81,1.33392270863618e-80
"ONCDGDAG_00222",5307.46498266801,1.65912212779607,0.274216344049991,6.0504129815603,1.44474985723593e-09,2.97393314768694e-09
"ONCDGDAG_00223",7454.74273745229,1.46967726890912,0.142924018327591,10.2829271532271,8.4132860098305e-25,2.71835843556584e-24
"ONCDGDAG_00224",11109.5087316726,1.61422611519798,0.107809285525641,14.9729785085539,1.10269989556476e-50,6.03839309413871e-50
"ONCDGDAG_00225",1316.92192667374,0.601066138718914,0.0814773333788931,7.37709635051239,1.61778934328059e-13,3.85593399864622e-13
"ONCDGDAG_00226",601.947243167774,-0.00576755114919012,0.0748934089956464,-0.0770101298169695,0.938615486472548,0.948254243238732
"ONCDGDAG_00227",5.06417004748236,-0.452885331189199,0.507388832877259,-0.892580407457952,0.37208191522746,0.415967752407501
"ONCDGDAG_00228",6.34435611580631,-0.599926785572368,0.413271115230535,-1.45165428568051,0.146597756290818,0.17805168101222
"ONCDGDAG_00229",1.20667524666554,-0.0806398948825876,1.05299354361935,-0.0765815663080064,0.938956423836827,0.94826289458636
"ONCDGDAG_00230",9.60707369488449,0.18308389070071,0.449122213342938,0.407648264239632,0.683531925027753,0.722533005596213
"ONCDGDAG_00231",2.82872593470164,-2.40800707968665,0.791247179815967,-3.04330573443145,0.00233994467494671,0.00343585288606432
"ONCDGDAG_00232",6.84178602555896,-1.21581080790474,0.419582365590462,-2.89766898614478,0.00375947145542355,0.00541159034426004
"ONCDGDAG_00233",36.8753503123153,-1.17166762696703,0.214867305854046,-5.45298235257304,4.9531986479372e-08,9.57417055729325e-08
"ONCDGDAG_00234",134.6216521691,-0.522553073862716,0.177854873404239,-2.93808690119514,0.00330244441108917,0.00478267710905452
"ONCDGDAG_00235",35.2975017883429,-0.938949500280532,0.175314211391838,-5.35580939403666,8.51742622232335e-08,1.62979322684698e-07
"ONCDGDAG_00236",26.0444368216529,-0.618384943003721,0.248751036871736,-2.48595925782042,0.0129202756474341,0.0177560435559391
"ONCDGDAG_00237",1.81928781403737,-2.58006507407076,0.954393225527452,-2.70335644162276,0.00686430924010999,0.00970459576909505
"ONCDGDAG_00238",10.3985071961924,-1.8842220106352,0.403418374863894,-4.67064003039252,3.00262714598898e-06,5.36747822525473e-06
"ONCDGDAG_00239",4.84065048518393,-1.7365524569998,0.710004671006303,-2.44583244014233,0.0144518147304463,0.0197655932051598
"ONCDGDAG_00240",21.0095037234686,-0.855147118911373,0.297577593054665,-2.87369458880691,0.00405701071632371,0.00582496665044528
"ONCDGDAG_00241",170.229267742239,-1.32903844287978,0.097956641587494,-13.5676195237124,6.23130766218923e-42,2.97787617424219e-41
"ONCDGDAG_00242",42.5303583616556,-1.33135527141908,0.217871345100842,-6.11074058776686,9.91698524392635e-10,2.05171565633951e-09
"ONCDGDAG_00243",2.95416487628224,-0.443479490869969,0.5854186890686,-0.75754242075111,0.448724961368701,0.493338078915185
"ONCDGDAG_00244",1697.01677443597,-0.530879144454856,0.0999390396612804,-5.31202967583183,1.08410943603392e-07,2.06748945254331e-07
"ONCDGDAG_00245",134.390080054696,0.537892828688886,0.26093762966412,2.06138466644793,0.0392663565375912,0.0511304952997479
"ONCDGDAG_00246",425.149157499626,1.12537008022777,0.117628563824103,9.56714970957738,1.09893510303416e-21,3.28643799680972e-21
"ONCDGDAG_00247",32.2568190049895,0.305139916621121,0.182585204391819,1.67121929532858,0.0946783703782134,0.117852264698535
"ONCDGDAG_00248",32.5085733527823,0.198439314324483,0.204308271932747,0.97127400886541,0.331411848044985,0.37505672450311
"ONCDGDAG_00249",233.638843240935,1.12242019817417,0.0846650147413738,13.2571901345889,4.0997095435988e-40,1.90807036344003e-39
"ONCDGDAG_00250",167.645547269072,0.771223489251312,0.147623653309388,5.22425418936754,1.74858440438412e-07,3.29941223922479e-07
"ONCDGDAG_00251",7.22876975861823,1.20492083805051,0.388231661668894,3.10361301515417,0.00191173205011958,0.00282307015475733
"ONCDGDAG_00252",7.94340918763728,-0.309615346835718,0.402971361513542,-0.768330894961908,0.442290624338274,0.487579270184349
"ONCDGDAG_00253",5.90315588935379,-0.0490689308634957,0.454426165216561,-0.107979985791776,0.914011568395137,0.927573734519609
"ONCDGDAG_00254",126.772191063486,-0.355848735120662,0.343334687297235,-1.03644853924297,0.299992935461534,0.342900578874902
"ONCDGDAG_00255",369.985500925979,0.657166306679399,0.0853833193400079,7.69665915730535,1.39669803912429e-14,3.45600997885654e-14
"ONCDGDAG_00256",335.970621412655,0.215155700817006,0.180772081638335,1.19020425536428,0.233966121070491,0.273567763694308
"ONCDGDAG_00257",298.98355409084,-0.286358254602254,0.0940230320927273,-3.04561816640673,0.00232202514352675,0.00341129646471772
"ONCDGDAG_00258",288.586876068456,0.1841149996944,0.0856803195348507,2.14885986296434,0.0316455103222577,0.0415866609624142
"ONCDGDAG_00259",479.907015887379,-0.673679371464092,0.0605292542172698,-11.1298145033461,8.98222291669183e-29,3.27701815617926e-28
"ONCDGDAG_00260",89.3897198116571,0.00781047720696978,0.118880669486738,0.0657001448653607,0.947616557078302,0.955318034397313
"ONCDGDAG_00261",449.804305789212,-0.180657872428719,0.0570814200802703,-3.1649155219802,0.00155127983932523,0.00230750854097752
"ONCDGDAG_00262",853.946288174592,-1.05889046353423,0.172931096182639,-6.1231929185015,9.17185313155231e-10,1.90169309479061e-09
"ONCDGDAG_00263",446.271817003383,-0.39524239034803,0.0627802240421102,-6.29565116051384,3.06112087252869e-10,6.5028874529593e-10
"ONCDGDAG_00264",8516.81065890119,-0.0876735885525359,0.09502027073201,-0.922683000975715,0.356172427080995,0.399591008439669
"ONCDGDAG_00265",1560.04933376364,-0.0119561187388016,0.0474820009126482,-0.251803178235833,0.801193200585106,0.827290698975501
"ONCDGDAG_00266",1777.4133009502,0.165476314796634,0.0430487306879347,3.84393017290548,0.000121079470381327,0.000194504351913247
"ONCDGDAG_00267",2233.38107423906,0.646434775909475,0.14812118403852,4.36422906085712,1.27571851070436e-05,2.19518993428199e-05
"ONCDGDAG_00268",2981.90367887421,1.07124555648709,0.216012732316752,4.95917784566631,7.07921372380284e-07,1.29717384418815e-06
"ONCDGDAG_00269",1359.01833070721,0.0337701902391374,0.130494866389514,0.258785584241581,0.795800681194429,0.822913861343859
"ONCDGDAG_00270",996.362635171065,0.485710055315047,0.112508987874847,4.31707781297742,1.58108432506645e-05,2.70109795174526e-05
"ONCDGDAG_00271",1396.97316706047,-0.0611415976033465,0.138776689249401,-0.440575416044596,0.659520403654268,0.700004357003582
"ONCDGDAG_00272",5588.96519751011,0.0562197508764113,0.0560290031198089,1.00340444673261,0.315665759475567,0.359088680934527
"ONCDGDAG_00273",1071.55193942576,0.332529872945026,0.352064406215603,0.944514319182228,0.344906888056372,0.388326500246578
"ONCDGDAG_00274",2008.44791564102,0.230740644113765,0.246438490210126,0.936301159437488,0.34911815137796,0.392757920300206
"ONCDGDAG_00275",3676.74133454665,0.370319497592703,0.105635296161764,3.505641684628,0.000455507988670575,0.000704370889797913
"ONCDGDAG_00276",1065.4061046373,0.168047214313198,0.0653062225168723,2.57321902625408,0.0100757421376233,0.014026431192365
"ONCDGDAG_00277",7962.61340344155,0.0804136362041667,0.0527730491455476,1.52376331301962,0.127567847170055,0.156202175097068
"ONCDGDAG_00278",11458.6007767212,0.347501791548467,0.165304564310571,2.10219114637141,0.0355365350647933,0.0465285610554637
"ONCDGDAG_00279",5026.23048286803,0.431354041646803,0.0577724929319031,7.46642597118396,8.24022969615437e-14,1.99063296554855e-13
"ONCDGDAG_00280",4239.91778931893,0.182913873960245,0.0850291726331068,2.15118962464214,0.0314612356323556,0.04136355081065
"ONCDGDAG_00281",86.9909704056652,-1.26988293932876,0.155470772245819,-8.16798502371187,3.13582833734889e-16,8.14801297491473e-16
"ONCDGDAG_00282",75.4904470241655,-2.34071616384735,0.187470205578178,-12.4858035794452,8.9237778983159e-36,3.78862177736537e-35
"ONCDGDAG_00283",119.83369470669,-0.839044025090588,0.115475496515877,-7.26599192388168,3.70310712055052e-13,8.71696750406818e-13
"ONCDGDAG_00284",2446.509358453,1.5751997166417,0.133407772390032,11.8074058836424,3.57419249339824e-32,1.4045690335627e-31
"ONCDGDAG_00285",286.64082657274,0.404916922948375,0.118170725986024,3.42654172232355,0.000611319838593073,0.00093617579146862
"ONCDGDAG_00286",1304.03803575025,-0.699497697572768,0.0630784001618226,-11.0893379632055,1.41329820129439e-28,5.12994881462199e-28
"ONCDGDAG_00287",1181.53257825064,-0.0735351027248413,0.0798880147047037,-0.920477283064986,0.357323398935925,0.400724708004793
"ONCDGDAG_00288",213.244716180437,-0.99442266213943,0.0941779521520685,-10.5589752103947,4.61674347129125e-26,1.56246371572882e-25
"ONCDGDAG_00289",476.880490299232,0.0515325375828896,0.162404533585009,0.317309723105207,0.751008600323134,0.784557867712157
"ONCDGDAG_00290",14755.2000957947,-1.20790592368548,0.268432213455705,-4.49985457458815,6.79999665519066e-06,1.19313594448087e-05
"ONCDGDAG_00291",112.066402234388,0.577214379162505,0.175666124497807,3.28586049708013,0.00101671349733156,0.00153151193658233
"ONCDGDAG_00292",275.520625214255,0.482310913980144,0.0899540846208702,5.36174556178234,8.24215804262182e-08,1.57923954973808e-07
"ONCDGDAG_00293",323.565070733762,0.630842552949548,0.15071285718021,4.185724859527,2.8425750762756e-05,4.77612879423693e-05
"ONCDGDAG_00295",1150.05432436948,2.05188851929749,0.145365963361724,14.1153298326902,3.05582841273402e-45,1.55962047612346e-44
"ONCDGDAG_00296",3399.80261038464,-1.65751103430821,0.0842654996584629,-19.670102723253,3.88991827540226e-86,3.24501077184873e-85
"ONCDGDAG_00297",83715.0739461074,-1.40617708914672,0.0831227829859163,-16.9168672972003,3.37933703498939e-64,2.19618418242021e-63
"ONCDGDAG_00298",34998.1423832263,-0.738219600569683,0.111620390761274,-6.61366257128174,3.74925824606581e-11,8.25994886179595e-11
"ONCDGDAG_00299",26728.6046122389,-1.48465170271542,0.235812596452779,-6.29589650870375,3.05628240186656e-10,6.49744686477295e-10
"ONCDGDAG_00300",58817.5269463554,-0.989457219229221,0.043516368030024,-22.7375873498116,1.90413081490671e-114,1.98992132414976e-113
"ONCDGDAG_00301",51.0556358227515,-0.83499365745646,0.177218649352966,-4.71165794630003,2.45709549952988e-06,4.40609268394641e-06
"ONCDGDAG_00302",25.281299792756,-0.857183617236724,0.303696619519557,-2.8224996991826,0.0047650866710771,0.00682127058333315
"ONCDGDAG_00303",82.5858250698687,0.143828080819217,0.184420039156648,0.779893993499526,0.435453274243609,0.480971038101826
"ONCDGDAG_00304",6694.40223822889,-2.62291279206229,0.0651806165528373,-40.2406870443774,0,0
"ONCDGDAG_00305",162.625471755574,1.43384965292325,0.152250814966869,9.41768129934322,4.61159001011164e-21,1.35637796895345e-20
"ONCDGDAG_00306",1237.23970359509,0.973495748253992,0.100358862911067,9.70014725173457,3.01063816822915e-22,9.15709029206585e-22
"ONCDGDAG_00307",83.4353051912772,0.341369987516875,0.131860782610591,2.58886668771718,0.00962923648930004,0.0134404166849183
"ONCDGDAG_00308",15.70351234986,1.14682396651123,0.325935614477935,3.51855984915348,0.000433895933598387,0.000672044027446362
"ONCDGDAG_00309",20.3743570262731,0.916061593987844,0.245976782334188,3.72417910867404,0.000195951777316193,0.000311102070496995
"ONCDGDAG_00310",99.4175940210696,0.239912811084635,0.122531552852777,1.95796760506979,0.050233814059071,0.0645281726747094
"ONCDGDAG_00311",319.238614803907,0.311147359290623,0.0816400337595293,3.81121056621691,0.000138287906643911,0.000220904477970369
"ONCDGDAG_00312",133.836149895926,-1.00775850214999,0.128803215044553,-7.82401667381827,5.11640262813919e-15,1.28044707877905e-14
"ONCDGDAG_00313",27.0813643230723,-0.415140819239708,0.212022329801348,-1.95800517628812,0.0502294053073986,0.0645281726747094
"ONCDGDAG_00314",558.54216490987,0.912544212250684,0.0518849370001822,17.587844661881,3.05269580136143e-69,2.06382491025691e-68
"ONCDGDAG_00315",1684.58203159785,1.22339524307445,0.0481209586298569,25.4233348193398,1.39250811219598e-142,1.69056410387027e-141
"ONCDGDAG_00316",1330.82369441423,2.10835837228258,0.315330405492853,6.68618799695916,2.29058737097181e-11,5.09356646093732e-11
"ONCDGDAG_00317",1.42132444472835,0.76644453769072,0.825718450376544,0.92821534669742,0.353295875283302,0.396675770241346
"ONCDGDAG_00318",185.197477138796,1.28799328201912,0.129747436042645,9.92692666077645,3.1790297476187e-23,9.85844768473496e-23
"ONCDGDAG_00319",218.467745222791,0.00895752475467843,0.152962641997814,0.0585602120732621,0.953302402433232,0.960710616086899
"ONCDGDAG_00320",613.101461866691,1.10218369464053,0.0983127154120033,11.2109983944759,3.60108294313337e-29,1.32225091850187e-28
"ONCDGDAG_00321",637.939035664397,1.00747697191543,0.0570946322556418,17.6457388744434,1.09729637734119e-69,7.48944154199618e-69
"ONCDGDAG_00322",274.467077818518,1.33603561596202,0.266563741288571,5.01206806861132,5.38481475817712e-07,9.91793189482203e-07
"ONCDGDAG_00323",1392.98034710962,-4.84756318599135,0.091734281565582,-52.8435291938898,0,0
"ONCDGDAG_00324",3041.74401377557,-4.37133486790748,0.258304188952904,-16.923205487405,3.03455597848136e-64,1.97661831201081e-63
"ONCDGDAG_00325",3043.33215942439,-3.72906451713982,0.155273524338979,-24.0161001884576,1.88802356167009e-127,2.0878027990096e-126
"ONCDGDAG_00326",380.625396727987,-0.361602983326,0.275534947237998,-1.31236704073571,0.189396322006736,0.224770260684367
"ONCDGDAG_00327",925.710217595796,-0.0240820147381041,0.159960943033103,-0.150549342117348,0.880331224915745,0.897635805820093
"ONCDGDAG_00328",324.689059573167,-1.06319876944155,0.0935455466156382,-11.3655733266496,6.20556858578152e-30,2.31734125330297e-29
"ONCDGDAG_00329",411.582127697127,-1.007862614878,0.0785820734118151,-12.8256047609768,1.17863308556683e-37,5.22149098310896e-37
"ONCDGDAG_00330",563.318186097886,-1.81409528348271,0.0973682443274318,-18.631282673458,1.7917833273387e-77,1.35236979706278e-76
"ONCDGDAG_00331",1153.01502423301,-0.480417990211406,0.0609193845523496,-7.88612678446497,3.11709929600592e-15,7.86998609867689e-15
"ONCDGDAG_00332",95.9842685037438,0.456197743982717,0.176431770128549,2.5856893214319,0.00971844845957727,0.0135583048680557
"ONCDGDAG_00333",2664.51329140173,2.41233094805978,0.14293074537784,16.8776209882817,6.57411957938218e-64,4.25305287074317e-63
"ONCDGDAG_00334",1560.0828518987,-2.27709441276976,0.0976292379912838,-23.3238982462718,2.53703669820852e-120,2.73138328301468e-119
"ONCDGDAG_00335",2435.76031073315,-1.65335435967735,0.0888193625470994,-18.6147965067933,2.43784427327822e-77,1.8351371270878e-76
"ONCDGDAG_00336",780.030679853173,-0.621613721388171,0.141811816255765,-4.38337042568482,1.1685716454114e-05,2.01934276460249e-05
"ONCDGDAG_00337",49.4599568878632,-0.989310325308498,0.196622334203241,-5.03152568764586,4.86591896375912e-07,8.98541540686392e-07
"ONCDGDAG_00338",18.9968589855886,-0.806445394785201,0.322966976582624,-2.49699025986606,0.0125252396996207,0.0172463845863985
"ONCDGDAG_00339",93.737615534205,-0.844685032386156,0.170258314391708,-4.96119696359036,7.00601049655711e-07,1.2845853436168e-06
"ONCDGDAG_00340",86.4271894015957,-0.202051381117471,0.142024220959222,-1.42265438777153,0.154836369205503,0.186943783894753
"ONCDGDAG_00341",1846.06200422586,0.232493918302202,0.211131001933194,1.10118322829618,0.270816919646284,0.312051967589196
"ONCDGDAG_00342",1665.15802439102,2.45624012446117,0.0770206648121131,31.8906637647573,3.59726036785083e-223,7.54631163932236e-222
"ONCDGDAG_00343",737.050091827445,3.89216538273627,0.407234888660727,9.55754403935388,1.20584196079524e-21,3.59860576793809e-21
"ONCDGDAG_00344",942.803915346429,1.97020220704639,0.150260674889413,13.1118951016052,2.81475861329783e-39,1.29107818709626e-38
"ONCDGDAG_00345",3044.28671090989,0.00442998179367929,0.133204711076509,0.0332569453278182,0.973469687402494,0.977237515186248
"ONCDGDAG_00346",620.294358453686,0.801765161074066,0.10773462839162,7.44203765347959,9.91439520481505e-14,2.38095703024725e-13
"ONCDGDAG_00347",1314.17120888355,1.81024146122848,0.0495256826959429,36.5515700680443,1.68362186047909e-292,4.80337316794683e-291
"ONCDGDAG_00348",1314.17671634794,0.259911951949324,0.23341165988641,1.11353456839221,0.265478910376475,0.306768461443533
"ONCDGDAG_00349",64.4104702687365,-0.169330624547682,0.146067876453737,-1.15925985000071,0.246350282202216,0.286755346847377
"ONCDGDAG_00350",175.48271226119,-0.342416749122168,0.100648232802495,-3.40211387311791,0.000668667701305209,0.00102180447339248
"ONCDGDAG_00351",489.583498178689,-0.15425296193912,0.105110138309534,-1.46753647573812,0.142230174239852,0.17289419987486
"ONCDGDAG_00352",608.795515966533,-0.898064017907753,0.278769225575684,-3.22153213308667,0.0012750716351763,0.00190759275047614
"ONCDGDAG_00353",2988.94272686721,-0.0985451272435942,0.100435400633597,-0.981179211930477,0.326504373603672,0.370327668450046
"ONCDGDAG_00354",694.097020813108,0.192835816407308,0.134216137936662,1.43675581321159,0.150787389811846,0.182323115413203
"ONCDGDAG_00355",1205.61349710005,-0.229687300073871,0.118072011875153,-1.94531537513512,0.0517370327580516,0.066339664925268
"ONCDGDAG_00356",80.3690627827509,-1.10483436178357,0.366396768889684,-3.01540421639529,0.0025663698312093,0.00375865150330602
"ONCDGDAG_00357",2508.10876745334,-1.26789941709017,0.137964018025254,-9.19007314543475,3.92574324409749e-20,1.13822616620022e-19
"ONCDGDAG_00358",2647.67704175362,-0.723104569125034,0.0868434760847004,-8.32652723872745,8.3248394170841e-17,2.21555660978927e-16
"ONCDGDAG_00359",1636.97916324915,-0.521869659982723,0.078204524966027,-6.67313892910198,2.50389146672919e-11,5.55490074228489e-11
"ONCDGDAG_00360",851.37959774339,-2.17081692199389,0.118668529247395,-18.2931139010603,9.38949510974771e-75,6.79904303251528e-74
"ONCDGDAG_00361",893.141030438195,-1.95234429732049,0.254272979369002,-7.67814300271065,1.61411252607214e-14,3.98706756440157e-14
"ONCDGDAG_00362",211.116029835872,-1.28645430574078,0.230277833337281,-5.58653122229332,2.31649916827716e-08,4.53912920816946e-08
"ONCDGDAG_00363",726.287248688783,-1.08425443978958,0.0976397093109701,-11.1046463313032,1.19087856165945e-28,4.33917820742581e-28
"ONCDGDAG_00364",1366.90294250223,-0.632006688357789,0.271231876577723,-2.33013426125333,0.0197990561220388,0.0267076629390907
"ONCDGDAG_00365",2704.99662587509,-0.189706108795426,0.233740850492687,-0.811608704236152,0.417016195145397,0.461500079421962
"ONCDGDAG_00366",449.941253515312,0.410659062181143,0.0894235170692691,4.59229379071547,4.38400611616201e-06,7.78317949558818e-06
"ONCDGDAG_00367",1956.54312458124,0.347990553359027,0.113733226265803,3.05970880088945,0.00221552291319179,0.00325986945401557
"ONCDGDAG_00368",352.585531620479,-0.14287128994226,0.16175627102909,-0.883250392910987,0.377100999869832,0.421083817075785
"ONCDGDAG_00369",3586.70503916248,-1.72614280711991,0.0465856520701053,-37.0530996222248,1.60089313522255e-300,4.80773485767362e-299
"ONCDGDAG_00370",347.721382507838,0.100690856215435,0.159185945326244,0.632536094873664,0.527036630319443,0.570653001643771
"ONCDGDAG_00371",816.571759911352,0.606164638886164,0.219217862604714,2.76512430001737,0.00569011089228128,0.00808460476876419
"ONCDGDAG_00372",651.003236501655,0.909854379572788,0.134115873161671,6.78409168224256,1.16819129259829e-11,2.61810664397715e-11
"ONCDGDAG_00373",886.162979135017,0.51665069943562,0.0541782279423031,9.53613137708795,1.48260021421581e-21,4.41069698765142e-21
"ONCDGDAG_00374",542.938568136207,1.05582146602287,0.244433137614713,4.31946943170656,1.56404770397998e-05,2.67359382831329e-05
"ONCDGDAG_00375",2889.91388620065,-1.21691850405134,0.0978429025848269,-12.4374734590106,1.63597129047249e-35,6.92496452777153e-35
"ONCDGDAG_00376",39.9172664391245,1.13361806036938,0.193615487069857,5.85499681624313,4.77019154059456e-09,9.63835443719283e-09
"ONCDGDAG_00377",93.5731293849764,-0.0780111018089576,0.138826059181406,-0.561934137358314,0.574160893916436,0.616979672445797
"ONCDGDAG_00378",1224.7700842244,1.07705872027325,0.173286827818138,6.21546792583455,5.11719258481904e-10,1.07348165033005e-09
"ONCDGDAG_00379",347.375411172693,0.10369739962431,0.104030046473621,0.996802396417313,0.318860434840437,0.362433793067637
"ONCDGDAG_00380",747.123630140006,0.0420638607031298,0.142668688111713,0.294835967582409,0.768119188923521,0.798502642450351
"ONCDGDAG_00381",4318.59962568169,-1.35824728503025,0.0399491042950583,-33.9994427659363,2.2704444952983e-253,5.58411909059143e-252
"ONCDGDAG_00382",1577.58583544029,-0.59064274558023,0.0660204287252612,-8.94636337546585,3.67386208994333e-19,1.04585329283094e-18
"ONCDGDAG_00383",1797.93773244488,-1.05272347890338,0.324371635941487,-3.24542395899648,0.00117275880843088,0.00175913821264632
"ONCDGDAG_00384",24.6129775155193,-3.46665929545951,1.03392384586877,-3.35291550660252,0.000799651140434565,0.00121415896948367
"ONCDGDAG_00385",2430.55582581144,-0.411960940721829,0.063382439391413,-6.49960690496304,8.0530157922874e-11,1.75116265666128e-10
"ONCDGDAG_00386",832.037300466441,-0.295620865470523,0.249483494533072,-1.18493155638934,0.236044509350646,0.275771902202045
"ONCDGDAG_00387",1610.10602524722,-0.292655044565477,0.170556473136142,-1.71588353806936,0.0861833602771393,0.107937281330412
"ONCDGDAG_00388",1570.11640424425,-0.3794312670999,0.0956712940251319,-3.96598865904571,7.30923378721094e-05,0.000119229525414024
"ONCDGDAG_00389",2035.86402230745,-0.328640363105358,0.274115127984837,-1.19891362990932,0.230561531338266,0.270029576727451
"ONCDGDAG_00390",644.448783239917,0.545128697603531,0.271247404956804,2.00971027793,0.0444618615249429,0.0575021264418232
"ONCDGDAG_00391",6845.36224524127,-0.223137516445334,0.209427329245892,-1.06546512935446,0.286665497452979,0.328720524209545
"ONCDGDAG_00392",6909.54300288614,0.619919569614791,0.184846492493645,3.35369939267906,0.000797389394204713,0.00121136951100428
"ONCDGDAG_00393",274.226587860138,-0.67431351574312,0.0938507774256568,-7.18495396883923,6.72298335480788e-13,1.56832964115019e-12
"ONCDGDAG_00394",760.140884356316,0.625659046447502,0.133056921828361,4.70219089582263,2.57384689524813e-06,4.60965799883422e-06
"ONCDGDAG_00395",48.1503915882019,0.40320147748949,0.167102303280762,2.41290197425968,0.0158260753270183,0.0215418859293813
"ONCDGDAG_00396",378.998088065556,0.9910244307765,0.108461232021962,9.13713049632175,6.41313670039989e-20,1.8518905876762e-19
"ONCDGDAG_00397",3890.7979948309,-1.2179645941458,0.102380309603261,-11.8964730509763,1.2345529958982e-32,4.90554275389633e-32
"ONCDGDAG_00398",1730.31732063097,-2.1960674912656,0.0585135938076287,-37.5308940771176,2.88792732005084e-308,8.95571374359245e-307
"ONCDGDAG_00399",18312.9229096454,0.415405014762554,0.0560613259773565,7.40983213508611,1.2645938279242e-13,3.02421306879106e-13
"ONCDGDAG_00400",5105.05157696245,-1.62273525966436,0.174595404188629,-9.29426102139088,1.48232298327719e-20,4.32419986839451e-20
"ONCDGDAG_00401",29693.1864327725,0.0325251152507853,0.290945801228165,0.111790976578756,0.91098914232179,0.925258819168412
"ONCDGDAG_00402",643.685393782557,0.829005116229173,0.180689879826677,4.5879997099139,4.47513260662487e-06,7.94002072556017e-06
"ONCDGDAG_00403",4150.09890598359,0.190258102585649,0.0691588027058,2.75103233633183,0.00594077786905664,0.00843655513211477
"ONCDGDAG_00404",2056.00945188237,0.381184392714656,0.0580151810956748,6.57042493905229,5.01718710582809e-11,1.10023326771157e-10
"ONCDGDAG_00405",228.684491698643,-0.568209776023317,0.0837806026316937,-6.78211612443531,1.18428218625471e-11,2.65208561804135e-11
"ONCDGDAG_00406",513.338452061936,-0.581550138529602,0.227041888194897,-2.56142222544585,0.0104244578892198,0.0144865944266654
"ONCDGDAG_00407",2540.60798315023,0.137986189327062,0.0370566803917482,3.72365219626604,0.000196361395107195,0.000311579010145065
"ONCDGDAG_00408",1457.62665103143,0.336783603555463,0.115343384185218,2.91983459592844,0.00350217211916435,0.00505988693970901
"ONCDGDAG_00409",573.21858549398,-2.37149479529932,0.159751288974335,-14.8449180631044,7.50464476299629e-50,4.0321565929997e-49
"ONCDGDAG_00410",2563.54306422248,-2.01294569151484,0.0585399309820508,-34.3858569312636,4.10284228659017e-259,1.03587690651697e-257
"ONCDGDAG_00411",3114.56610316404,-0.585462488790216,0.0548260542269757,-10.6785450283627,1.28266176085592e-26,4.40895663099029e-26
"ONCDGDAG_00412",1347.43771957865,-0.36760351432584,0.0619409846868498,-5.93473797977711,2.94315144039372e-09,6.00200933484151e-09
"ONCDGDAG_00413",721.098801315163,-0.153883501141893,0.127546116785062,-1.20649303185932,0.227627444245755,0.26692194756808
"ONCDGDAG_00414",1470.80940905271,2.26758638338739,0.108470797153827,20.9050402770768,4.81792147887031e-97,4.43404192877967e-96
"ONCDGDAG_00415",5526.17408023692,-0.707577733028521,0.0578906256176981,-12.2226651634631,2.35243905331174e-34,9.64297215387699e-34
"ONCDGDAG_00416",2372.11375888988,0.125133503176958,0.0969131329539964,1.29119242524497,0.196636961055602,0.232975602114465
"ONCDGDAG_00417",1678.00930612449,0.177440739360311,0.205464403527569,0.863608178905318,0.387803169634201,0.43201969658976
"ONCDGDAG_00418",1546.64375291755,0.236897074754311,0.056916117474589,4.16221424203922,3.15176431537827e-05,5.27389066966228e-05
"ONCDGDAG_00419",311.292462241313,0.0405146010505517,0.121399539916393,0.333729444761106,0.738583728489878,0.772709709344195
"ONCDGDAG_00420",2800.42314466513,0.235399550729614,0.0911313647602298,2.58307939696678,0.00979227848965622,0.013654628803025
"ONCDGDAG_00421",3837.74245210771,4.9441410272528,0.146224244119264,33.8120470858461,1.31196744264619e-250,3.06806812612261e-249
"ONCDGDAG_00422",1324.79543553277,4.9721089464798,0.0758912315340861,65.5162506388714,0,0
"ONCDGDAG_00423",1195.12805339674,-1.10401717385857,0.0420429685945842,-26.2592583436363,5.60329475879306e-152,7.33311924166817e-151
"ONCDGDAG_00424",928.872650438457,-0.784027281941347,0.102340555165814,-7.66096373691793,1.84542965155141e-14,4.54271854691646e-14
"ONCDGDAG_00425",258.212785227415,-2.07092969166644,0.129274647794204,-16.0196119424994,9.32302817888066e-58,5.56456054275032e-57
"ONCDGDAG_00426",5750.45383512032,-2.34915432830843,0.0735615876493469,-31.9345245715246,8.86112556063707e-224,1.87265120181463e-222
"ONCDGDAG_00427",2952.84842671614,-1.76471648176064,0.134040186813148,-13.1655776056224,1.38474559621186e-39,6.4030456823216e-39
"ONCDGDAG_00428",1629.55715420367,-2.11201885668255,0.249895510636138,-8.45160783923712,2.87318268204526e-17,7.74057864528715e-17
"ONCDGDAG_00429",1296.03750333064,-2.10617931599584,0.25918513107946,-8.12615795984893,4.43111509589066e-16,1.14718433471652e-15
"ONCDGDAG_00430",4570.77613070079,-1.07568248773162,0.140480863517748,-7.65714603965058,1.90110411111193e-14,4.67573278362271e-14
"ONCDGDAG_00431",3161.59974074226,-1.08479984181717,0.0766901170668295,-14.1452364829728,1.99843720881103e-45,1.02178160515016e-44
"ONCDGDAG_00432",2520.16302117782,-0.767363552045048,0.183203294151075,-4.18859036132973,2.80692544423607e-05,4.71900901143519e-05
"ONCDGDAG_00433",1115.03138669163,-0.830218971972204,0.343536957676479,-2.41668022441431,0.0156627703048725,0.0213501594265653
"ONCDGDAG_00434",1037.7074110441,0.225254965240756,0.07430354194737,3.03155084316582,0.00243300941799919,0.0035688307812605
"ONCDGDAG_00435",7033.13003154952,-1.04781092736263,0.0548791683121177,-19.0930540602101,2.88404930232548e-81,2.26671974091862e-80
"ONCDGDAG_00436",11037.8917882953,-0.573469746052955,0.0649133400742791,-8.83438974788148,1.00646169811379e-18,2.82900022139767e-18
"ONCDGDAG_00437",3319.31593597852,-1.03596867016756,0.0977357276066587,-10.5996926153439,2.98961218585086e-26,1.01661067535548e-25
"ONCDGDAG_00438",989.474954827422,-1.06160954068472,0.0709674764156757,-14.9590994960366,1.35851845031668e-50,7.4088293608979e-50
"ONCDGDAG_00439",4119.72272453139,-1.20241465141583,0.0784949641854269,-15.31836677542,5.76478895578885e-53,3.23758718324126e-52
"ONCDGDAG_00440",696.044328327937,-1.44729861946245,0.0853422488641038,-16.9587588647573,1.65809888541978e-64,1.08998988942457e-63
"ONCDGDAG_00441",238.939589812831,3.04614840882438,0.20212197396366,15.0708423685396,2.51880936064657e-51,1.38729017488893e-50
"ONCDGDAG_00442",779.58758076868,0.698360178286097,0.261881329192357,2.66670472629661,0.0076598937251763,0.0108026084023371
"ONCDGDAG_00443",319.561484140698,3.97259999518001,0.181779764717231,21.8539175763574,7.13426053804758e-106,6.99451729039511e-105
"ONCDGDAG_00444",401.250861060613,3.97417331315632,0.227291690759322,17.4849036490496,1.8672834638351e-68,1.25349640525213e-67
"ONCDGDAG_00445",723.098544942826,1.03438451515973,0.0971525142140555,10.6470174604095,1.80041268014437e-26,6.16635939550047e-26
"ONCDGDAG_00446",4956.8334758318,1.49001633503011,0.155009480976005,9.61242064452017,7.08631112592754e-22,2.13487282389348e-21
"ONCDGDAG_00447",789.907123480132,-2.70523403650874,0.252001343478619,-10.7349984693168,6.97201254501323e-27,2.40812975677031e-26
"ONCDGDAG_00448",49.0056556411334,-1.67016574596469,0.20063246951811,-8.32450375542993,8.46827458877028e-17,2.24953327763143e-16
"ONCDGDAG_00449",1436.21945358019,0.156251366999059,0.0535130426432846,2.91987446949379,0.00350172407031623,0.00505988693970901
"ONCDGDAG_00450",830.602769866957,0.642811931884646,0.161471411409732,3.98096434701693,6.86362445813972e-05,0.000112281654696517
"ONCDGDAG_00451",91.41653314432,0.922063430362993,0.332825926010664,2.77040746619435,0.00559862056505216,0.00795857721579163
"ONCDGDAG_00452",1677.84546078561,0.652212765341821,0.0875278325154034,7.45148996151644,9.22919161453035e-14,2.22389220238641e-13
"ONCDGDAG_00453",396.69657491207,1.61088762404066,0.219833635062346,7.32775775455743,2.34035257215327e-13,5.54570256507748e-13
"ONCDGDAG_00454",730.81872257323,1.329976248808,0.104819808974763,12.688214773681,6.87346616701488e-37,2.98477914375852e-36
"ONCDGDAG_00455",508.226396881805,1.54930046751887,0.247436614210896,6.26140344047206,3.8152803445823e-10,8.07492197558851e-10
"ONCDGDAG_00456",722.099537430661,1.77919732801552,0.174440826102311,10.1994319092023,1.99435604221653e-24,6.40033497012797e-24
"ONCDGDAG_00457",1491.34956490879,0.870027888473151,0.427811755266128,2.03366989748081,0.0419848892004072,0.0544220303901688
"ONCDGDAG_00458",610.752500467622,0.438399822702753,0.0605712369069809,7.23775582420419,4.56169749994647e-13,1.07203648824936e-12
"ONCDGDAG_00459",741.031214047905,1.98974228367258,0.0751259614614144,26.4854152275247,1.42716270467618e-154,1.9115939889395e-153
"ONCDGDAG_00460",89.5043589656016,1.25755142420719,0.114487136867486,10.9842158570421,4.55174103273996e-28,1.62326464580089e-27
"ONCDGDAG_00461",819.218806068201,-1.23282654712996,0.669093227305433,-1.84253329254996,0.0653971813185763,0.082997401379848
"ONCDGDAG_00462",1889.1315077598,-0.306254541032129,0.0800481319656839,-3.82587992388652,0.000130305798085744,0.000208738035900409
"ONCDGDAG_00463",38.7471739521163,-0.57285048699417,0.191412657831694,-2.99275133360234,0.00276474915420143,0.00403263258534595
"ONCDGDAG_00464",20.5457385944172,-1.24309045483767,0.307411756498862,-4.04373101730177,5.26072705236277e-05,8.67062638959619e-05
"ONCDGDAG_00465",11.2276978954291,-0.61609625101019,0.359923164067903,-1.7117438178943,0.0869438897329693,0.108794262021123
"ONCDGDAG_00466",11.9619814188153,1.18777749792362,0.378453813101823,3.13850054300827,0.00169814620455257,0.00251809309853871
"ONCDGDAG_00467",19.5091167124026,2.71112443161451,0.34329635673127,7.89732946026212,2.84942478233129e-15,7.21331757230804e-15
"ONCDGDAG_00468",10.7906151190216,3.79029298010164,0.58527239975502,6.47611775591701,9.41126106798233e-11,2.03874926552419e-10
"ONCDGDAG_00469",87.6777104734467,-0.11664169055828,0.119821880419976,-0.973459022254124,0.330325216840456,0.374123796604137
"ONCDGDAG_00470",29.0912880537992,1.20610738249011,0.329528372131014,3.66010178331652,0.000252115082771485,0.000397394658092292
"ONCDGDAG_00471",1588.19232381257,-0.181290410587768,0.0525577756995963,-3.44935469917842,0.000561928053814233,0.000863782724963366
"ONCDGDAG_00472",1250.23141115308,0.175361518666305,0.200575485532216,0.874291881687297,0.38195931931513,0.426008576233802
"ONCDGDAG_00473",47534.5035468225,3.81953035606292,0.426027915558817,8.96544619864377,3.09027115705346e-19,8.81654361107353e-19
"ONCDGDAG_00474",320.556255326703,2.1817247401889,0.0808650961414884,26.9798076585672,2.55066739510443e-160,3.53255052341404e-159
"ONCDGDAG_00475",945.65346677171,2.2312132815525,0.12778020941026,17.461336867815,2.82246307693254e-68,1.89025520152313e-67
"ONCDGDAG_00476",6472.90473398059,5.65890805784433,0.184870676070916,30.610090134974,8.98480342906855e-206,1.69759233000878e-204
"ONCDGDAG_00477",1765.33706020607,-0.795278420826175,0.112070468218375,-7.0962353728775,1.28201067389572e-12,2.96640426003608e-12
"ONCDGDAG_00478",796.53701659182,-0.402519257604284,0.158479668303874,-2.53987948051784,0.0110890673549213,0.0153727449774492
"ONCDGDAG_00479",680.61292697293,-0.837776276071584,0.10042765344112,-8.34208753630562,7.29903886300774e-17,1.94618297908048e-16
"ONCDGDAG_00480",1141.07530651995,-0.534698358145561,0.168046511245775,-3.18184741939416,0.00146338891443236,0.00217790744542282
"ONCDGDAG_00481",402.849812610039,0.526942879579523,0.127487210253417,4.13329994853661,3.5759155517891e-05,5.96264586163314e-05
"ONCDGDAG_00482",11018.8212156781,-0.634845209524278,0.111264897440448,-5.70570974429799,1.1585928829584e-08,2.30025434591533e-08
"ONCDGDAG_00483",216.24676026512,0.561428655780987,0.227196294766133,2.47111712961208,0.0134691694482318,0.0184659012185513
"ONCDGDAG_00484",2772.22122180179,1.19554510115077,0.0389026603975329,30.731705465228,2.14708601417056e-207,4.16709959076776e-206
"ONCDGDAG_00485",13174.1986376709,5.8693985493523,0.122899293046706,47.7577893562147,0,0
"ONCDGDAG_00486",8723.77913657017,5.8936653133107,0.084615057872747,69.652677212302,0,0
"ONCDGDAG_00487",11837.755149484,5.99768440196583,0.195051087317359,30.7493000139356,1.24941464246803e-207,2.44149313353513e-206
"ONCDGDAG_00488",4236.29920407699,6.13988147744608,0.106714380082298,57.5356523901557,0,0
"ONCDGDAG_00489",4907.60296553769,6.78986516589781,0.0992402333119424,68.41847242091,0,0
"ONCDGDAG_00490",2804.66952477533,6.40596981215748,0.17050076867522,37.5715010667193,6.27895276717432e-309,1.96855519173059e-307
"ONCDGDAG_00491",58098.2215360781,7.1434848516209,0.117159147219802,60.9724893116456,0,0
"ONCDGDAG_00492",236.035751515755,0.953569511096384,0.10691112352634,8.91927312747257,4.69358524332884e-19,1.33241778101663e-18
"ONCDGDAG_00493",1718.94264343775,3.37739409368138,0.114321784299179,29.542874215843,8.10801408244048e-192,1.44576026107517e-190
"ONCDGDAG_00494",1604.40668281876,-1.2347741487996,0.17923123532818,-6.88927991004847,5.60755069737211e-12,1.26769747540433e-11
"ONCDGDAG_00495",4592.20910546172,-0.41781543706933,0.0432542602980041,-9.65952103193427,4.47953387572563e-22,1.35669959102391e-21
"ONCDGDAG_00496",1392.10129519045,0.397897158534587,0.0719214696748641,5.53238358911968,3.15908100089385e-08,6.1563238357583e-08
"ONCDGDAG_00497",566.808789883146,-0.946598853198374,0.117287350478969,-8.07076679055946,6.9858037825467e-16,1.79554037762214e-15
"ONCDGDAG_00498",136.473698220294,-0.88766690638441,0.124117305616901,-7.15183835140827,8.56233646983562e-13,1.99252413935082e-12
"ONCDGDAG_00499",149.535840080321,-0.957349762231984,0.110330478845931,-8.67711055227862,4.05950458532475e-18,1.11901126395474e-17
"ONCDGDAG_00500",270.82660958504,0.918621199208455,0.111746383774145,8.22058994826278,2.02504539171961e-16,5.30528420805881e-16
"ONCDGDAG_00501",3234.11473110003,-1.18697517452039,0.105669068267766,-11.2329482409421,2.80944780500451e-29,1.03423930163585e-28
"ONCDGDAG_00502",377.820665631703,0.9626580940473,0.229716766176368,4.19063053198392,2.7818032272363e-05,4.68229180371986e-05
"ONCDGDAG_00503",64.819796039378,-1.92015800034119,0.221265997869652,-8.67805274569282,4.02602329685752e-18,1.11193073242348e-17
"ONCDGDAG_00504",1273.70275660631,1.78281151551641,0.247581323701744,7.20091277023839,5.98108037780249e-13,1.40098705401236e-12
"ONCDGDAG_00506",1078.94106861114,2.129570496482,0.254880035847155,8.35518752735519,6.5328845251201e-17,1.74352848925797e-16
"ONCDGDAG_00507",4927.931795283,0.90452847448038,0.274627279994129,3.29365849780006,0.000988925687734091,0.0014912288515356
"ONCDGDAG_00508",2420.9549289274,2.11418479470552,0.413720853165651,5.11017218138388,3.21865341549211e-07,5.97062301326332e-07
"ONCDGDAG_00509",5462.29484865136,0.787429566465407,0.0518192008267835,15.195710352569,3.77548543208657e-52,2.09561477387996e-51
"ONCDGDAG_00510",216.987411290896,-0.260593768801093,0.275789134114718,-0.944902233503861,0.344708791161766,0.388256684241816
"ONCDGDAG_00511",1109.09960432962,-1.89211811419392,0.160444201224579,-11.7929978132738,4.24168873420722e-32,1.66458568895367e-31
"ONCDGDAG_00512",741.369913674396,-1.97936249899565,0.0784267475702107,-25.2383601299244,1.52010858807716e-140,1.82990286995111e-139
"ONCDGDAG_00513",3313.44140906702,-1.02468455337837,0.0716720065812225,-14.2968587354554,2.28911277589158e-46,1.17885175985897e-45
"ONCDGDAG_00514",1264.1657137665,-1.6703987340533,0.0884173416618161,-18.8922071469004,1.32201040460924e-79,1.02213975185642e-78
"ONCDGDAG_00515",108.318043790986,-0.0117555328221611,0.442890261388256,-0.0265427665654986,0.978824422816411,0.981921968458236
"ONCDGDAG_00516",54.4419822123931,-0.369362836273501,0.49213587108449,-0.750530205123149,0.452935439032923,0.497775349599742
"ONCDGDAG_00517",1313.90808553933,0.402846879037763,0.0950055598000144,4.24024530654576,2.23275647665632e-05,3.78044761299732e-05
"ONCDGDAG_00518",1015.12054875644,0.302899570842829,0.183134216391839,1.65397584793623,0.0981324200871817,0.121885848719517
"ONCDGDAG_00519",2033.46339882253,0.656863139226784,0.109383016812953,6.00516568627862,1.91136616531617e-09,3.92311343140074e-09
"ONCDGDAG_00520",1850.31743093829,0.870556651587827,0.125788621834812,6.92079012306102,4.49131479269341e-12,1.01776974611234e-11
"ONCDGDAG_00521",406.244614437707,0.614311846840622,0.0916780041516326,6.70075502325038,2.07345395307672e-11,4.61792671985002e-11
"ONCDGDAG_00522",479.981251976682,0.514552847143124,0.111125655764345,4.63036950021958,3.65013774697993e-06,6.5005262123182e-06
"ONCDGDAG_00523",1772.85846993701,-1.12837677992258,0.0410217458987731,-27.5067956080417,1.45598313106564e-166,2.17482715860224e-165
"ONCDGDAG_00524",1156.48108657456,-0.655393079329466,0.0805455126912875,-8.13692851942526,4.05431921867067e-16,1.05058789562829e-15
"ONCDGDAG_00525",20.3565769027055,-0.791501096536335,0.234000789271943,-3.38247190959896,0.000718366242164869,0.00109540293366989
"ONCDGDAG_00526",3.57507932939446,0.686687451573998,0.716026472584114,0.959025228628443,0.337546035869517,0.381091745285212
"ONCDGDAG_00527",13.4052798565176,2.07481641646396,0.415417979946806,4.99452723911862,5.89800670925153e-07,1.08421476427156e-06
"ONCDGDAG_00528",13.2429884604704,-1.24345284936819,0.369332263597202,-3.36675934362537,0.000760570294441453,0.00115790130738605
"ONCDGDAG_00529",28.1553717119543,-1.78254780206199,0.221056107679582,-8.06377991892344,7.39708766622333e-16,1.89954015407157e-15
"ONCDGDAG_00530",75.2977900153137,-0.0219510131152026,0.125280877785023,-0.175214394273878,0.860911174297482,0.880035679065107
"ONCDGDAG_00531",152.847109946464,0.00812746494981443,0.0998005393008892,0.081437084476176,0.935094357891792,0.94503159867704
"ONCDGDAG_00532",196.576255881867,0.611867268653717,0.142309483055314,4.29955372978125,1.71142381839195e-05,2.91852489771203e-05
"ONCDGDAG_00533",53.6673889834718,1.05210111820142,0.187879547899865,5.59987039548426,2.14512122443882e-08,4.20909962401923e-08
"ONCDGDAG_00534",3064.33613723955,0.128443419916374,0.103629077281075,1.23945347470377,0.21517760845534,0.253468916978978
"ONCDGDAG_00535",516.636949753729,0.0676107234187123,0.117560284352461,0.575115344362443,0.565213291045344,0.608281221936011
"ONCDGDAG_00536",4041.71156298372,1.04346648884022,0.234046299960552,4.45837635124373,8.25828125634709e-06,1.44368115345332e-05
"ONCDGDAG_00537",1026.15023665792,3.05449432904692,0.213413324578476,14.3125755389454,1.82622619813023e-46,9.43881040446659e-46
"ONCDGDAG_00538",1039.2361575556,2.60786492963669,0.115765383557457,22.527156646463,2.24939951335597e-112,2.30019240559304e-111
"ONCDGDAG_00539",435.205949735055,2.35822761181842,0.182434349795266,12.9264451265067,3.19241430935429e-38,1.43885592805494e-37
"ONCDGDAG_00540",62.1856166235226,3.74716420318406,0.258734592522569,14.4826564034231,1.55951649947577e-47,8.17886134743452e-47
"ONCDGDAG_00541",96.5396687110845,3.33815333160928,0.562013137339132,5.93963576619199,2.85656024971382e-09,5.83376262879994e-09
"ONCDGDAG_00542",125.708803968868,4.21855081697272,0.289703509367207,14.5616144802222,4.9280054322728e-48,2.59402204765208e-47
"ONCDGDAG_00543",946.516503579571,4.33045406373016,0.112550726298562,38.4755763569468,0,0
"ONCDGDAG_00544",826.137314461269,-0.176777948808106,0.0793457130625836,-2.22794580809518,0.0258841289774046,0.0344043148655034
"ONCDGDAG_00545",492.797458275499,-0.0842791960559657,0.284923826761867,-0.295795535999186,0.767386232292865,0.798160014849269
"ONCDGDAG_00546",282.316960616174,-0.413303913190783,0.190797026089409,-2.1661968305371,0.0302961492350173,0.0399976463523852
"ONCDGDAG_00547",630.264673879248,-0.55005661256796,0.0932731361177801,-5.89726726753756,3.69570989560055e-09,7.51522475562963e-09
"ONCDGDAG_00548",610.108178244931,0.204647370067073,0.120103267202845,1.70392841787925,0.0883944611662454,0.110415673251882
"ONCDGDAG_00549",154.997529307004,0.808958128443932,0.13052716136289,6.19762293148227,5.73222644961931e-10,1.19985635075304e-09
"ONCDGDAG_00550",676.133897848662,0.750174578269164,0.130028062425183,5.7693282840449,7.95881291023489e-09,1.59343812160703e-08
"ONCDGDAG_00552",1394.55537385047,2.66032754793799,0.399655858314411,6.65654585712364,2.80337694449503e-11,6.20483663510032e-11
"ONCDGDAG_00553",301.797943837654,0.937984142987499,0.0781753889118072,11.998458287757,3.61976231485202e-33,1.45453265975673e-32
"ONCDGDAG_00554",21.5517236533965,3.89027183278212,0.411578884743195,9.4520685511101,3.32199736251515e-21,9.80109459695523e-21
"ONCDGDAG_00555",35.375296995378,5.51327493556578,0.575707361282264,9.57652325877187,1.00366726218182e-21,3.00468279014139e-21
"ONCDGDAG_00556",92.3477438744966,5.54841823214955,0.339695088085306,16.3335250545519,5.69939636429285e-60,3.48187962041274e-59
"ONCDGDAG_00557",2620.99093394955,5.251926478592,0.14851566307824,35.3627783745962,6.37904922932705e-274,1.65784374343673e-272
"ONCDGDAG_00558",1911.75582089532,5.61865964680018,0.214277211009888,26.2214522035239,1.51323968346423e-151,1.97135745064997e-150
"ONCDGDAG_00559",3680.59391416596,5.4186429780458,0.655991957701405,8.26022775802423,1.45394771266993e-16,3.82667234709163e-16
"ONCDGDAG_00560",2129.76534821265,0.909827798884101,0.0843746603987423,10.7831876843639,4.13309689945333e-27,1.43626375811697e-26
"ONCDGDAG_00561",2243.26550611899,-0.0998090962766491,0.0893978393813864,-1.11645982685159,0.264225357027551,0.305619196319232
"ONCDGDAG_00562",1792.33345643166,-0.140852865450608,0.0557199917003779,-2.52786946214948,0.0114757010616537,0.0158778734863715
"ONCDGDAG_00563",1835.85956142464,-0.219081955279386,0.297078963515179,-0.737453613972205,0.460846541767227,0.505644415636816
"ONCDGDAG_00564",203.217472958881,0.233082553580731,0.210394540032701,1.10783556238913,0.267932838559223,0.309228312463375
"ONCDGDAG_00565",845.042255210252,-1.64006552166331,0.138786076077425,-11.8172194791959,3.18037376016333e-32,1.25499396096072e-31
"ONCDGDAG_00566",3288.54963369843,-0.763775372069272,0.0927574080507349,-8.23411723246423,1.80886489372914e-16,4.74328266710407e-16
"ONCDGDAG_00567",5477.12618780445,-2.18868722878577,0.119468990737875,-18.3201282212882,5.71779715437145e-75,4.16144777587289e-74
"ONCDGDAG_00568",16727.6812168206,0.0315282775889243,0.156391916488346,0.201597872171825,0.840231108836463,0.862294731478572
"ONCDGDAG_00569",12501.8513616558,0.430789279292835,0.0646515947737114,6.66324289138808,2.67850435535409e-11,5.9376635010297e-11
"ONCDGDAG_00570",9166.68863056385,0.502075895109023,0.0770926326156359,6.51263133809744,7.38455962312221e-11,1.60825561868456e-10
"ONCDGDAG_00571",3784.58444602963,0.587143652467239,0.0566602788459896,10.3625267016983,3.67133355433516e-25,1.20394421040439e-24
"ONCDGDAG_00572",13964.4176261026,-0.22688474563666,0.0519807033162207,-4.3647879147849,1.27246153187176e-05,2.19090691033804e-05
"ONCDGDAG_00573",13790.8323079567,-0.619780847504218,0.184455451797049,-3.3600570840603,0.000779263694799078,0.00118509558702653
"ONCDGDAG_00574",5245.59039720962,-0.490875647387411,0.0554967578579708,-8.84512296454645,9.14275755601497e-19,2.57241492182551e-18
"ONCDGDAG_00575",1991.24816505522,-0.604333981102294,0.0727898368155166,-8.30245000595287,1.01986071014957e-16,2.7016365887249e-16
"ONCDGDAG_00576",2520.94888712196,-1.01826909520038,0.12657224362086,-8.04496361975331,8.62710480182585e-16,2.21341097118787e-15
"ONCDGDAG_00577",2455.63333816586,-0.74397466414993,0.163606647925959,-4.54733761482981,5.43288088454655e-06,9.60942911569207e-06
"ONCDGDAG_00578",6117.96935964592,-0.807718958414731,0.209137594185639,-3.86214138859113,0.00011239748238317,0.000181271914776249
"ONCDGDAG_00579",1005.95070046187,0.780345628584142,0.11083062777401,7.04088431381363,1.91023560690243e-12,4.40574146038207e-12
"ONCDGDAG_00580",7037.47589103901,0.484402823046178,0.132927890792411,3.64410222834764,0.000268326761544665,0.00042224834566295
"ONCDGDAG_00581",3079.96089922367,0.502941646242731,0.0968078012561074,5.19525946996964,2.04434502513988e-07,3.82711047029139e-07
"ONCDGDAG_00582",65.2598551748749,0.0748001676074209,0.328911786994651,0.227417108674908,0.82009941798691,0.843150861087083
"ONCDGDAG_00583",506.292929986243,1.0348231256212,0.183916979239628,5.62657743672987,1.8382028705237e-08,3.61432997215997e-08
"ONCDGDAG_00584",103.477324926734,0.933872794512862,0.264677411011992,3.52834339334893,0.000418169301343137,0.000648742260321898
"ONCDGDAG_00585",7152.95482917579,0.488199037936643,0.0720314919103844,6.77757776479238,1.22207377652757e-11,2.73456979171229e-11
"ONCDGDAG_00586",1292.71544055107,0.145641286332532,0.0546707395359153,2.66397139619548,0.00772241288201628,0.0108800217048852
"ONCDGDAG_00587",1767.07347519985,0.377869869237586,0.123691542452912,3.054936996856,0.00225107804957882,0.00330877159992189
"ONCDGDAG_00588",1415.56855336826,0.31386904424976,0.133112098030568,2.35793026248961,0.0183771449352442,0.0248601206734243
"ONCDGDAG_00589",482.389121781689,0.394984603346856,0.325780594666614,1.21242520215503,0.225349658561552,0.264745990053945
"ONCDGDAG_00590",2247.89616913836,0.774901338290109,0.197780100726596,3.91799445668857,8.92887590783618e-05,0.000144574818189879
"ONCDGDAG_00591",1923.21195171166,0.763847648476087,0.0735059809582337,10.3916394083647,2.70660300351126e-25,8.91678795498571e-25
"ONCDGDAG_00592",4058.76645363007,0.712465843824159,0.137987251173716,5.16327296734983,2.42668861957451e-07,4.52506054355952e-07
"ONCDGDAG_00593",9331.11029714758,0.977176591814259,0.221412919400091,4.41336754179421,1.01774996653794e-05,1.76620477769632e-05
"ONCDGDAG_00594",5226.9476112697,0.87165726888904,0.222689740015572,3.91422285026732,9.06958437392784e-05,0.000146769848093115
"ONCDGDAG_00595",606.703995328708,-0.277984650515352,0.135046829581134,-2.05843151873731,0.0395487287356376,0.0514512189159937
"ONCDGDAG_00596",532.910247543682,0.788768014157353,0.182279410881634,4.32724689169395,1.50984690722169e-05,2.5840391279565e-05
"ONCDGDAG_00597",4931.9818294543,0.501846776060326,0.0441133210366452,11.376309111786,5.48732558289743e-30,2.05450654698246e-29
"ONCDGDAG_00598",4733.78246428138,0.78614858249186,0.122808875433681,6.40139875652877,1.53959890468532e-10,3.3150759811828e-10
"ONCDGDAG_00599",19178.6117098559,1.50933188765852,0.0751237034983826,20.0912870022578,8.7952508511344e-90,7.58092165507143e-89
"ONCDGDAG_00600",5591.76248058978,1.2140598150741,0.138488512714643,8.76650193778659,1.84302939622905e-18,5.1449734515083e-18
"ONCDGDAG_00601",7136.764669772,0.729638723633148,0.067822145278016,10.758119204903,5.42663842119386e-27,1.88119069449163e-26
"ONCDGDAG_00602",25368.2746310823,-1.77174638086448,0.195204711798227,-9.07635048633374,1.12276383205194e-19,3.23233623899515e-19
"ONCDGDAG_00603",8202.07805414296,-2.07951379834997,0.207525265289627,-10.0205331406167,1.23833134544124e-23,3.8611577361135e-23
"ONCDGDAG_00604",29331.8164841238,-2.36125465643157,0.0596904229752127,-39.558350213268,0,0
"ONCDGDAG_00605",325.089192937637,0.645020846054117,0.0717614600709731,8.98840192794547,2.50851177466786e-19,7.17831905027824e-19
"ONCDGDAG_00606",2113.36739827311,-2.98616253912585,0.0660299813660637,-45.2243432051095,0,0
"ONCDGDAG_00607",94.1416793449962,-1.85119200296601,0.150087522145729,-12.3340833168568,5.93606329805791e-35,2.48322413333713e-34
"ONCDGDAG_00609",1207.88542447964,-1.33267649797089,0.160980656422231,-8.2784884071752,1.24748640631372e-16,3.29544325667874e-16
"ONCDGDAG_00610",103.198512750283,-1.58547254523176,0.128091942548705,-12.3776134055341,3.45463451222316e-35,1.45369797394877e-34
"ONCDGDAG_00611",880.590153200489,-1.534996258494,0.0566712137073019,-27.0859958359463,1.43971926489593e-161,2.03342527858816e-160
"ONCDGDAG_00612",3074.44337493403,0.672554218186398,0.217087737194391,3.09807558399376,0.00194781743570891,0.00287486970723101
"ONCDGDAG_00613",2005.85717687007,0.387277618830753,0.0725716443964172,5.33648675115143,9.47647931155598e-08,1.80845454688088e-07
"ONCDGDAG_00614",2080.39142832532,0.798870847354868,0.130731741771413,6.11076419949878,9.91551797823475e-10,2.05171565633951e-09
"ONCDGDAG_00615",3326.43505864103,0.573867580445838,0.0668742326776286,8.58129592622321,9.38101983381867e-18,2.55626070543311e-17
"ONCDGDAG_00616",648.666810187023,-1.03970474500266,0.135079570837155,-7.69697992493678,1.39319774721721e-14,3.45034129584263e-14
"ONCDGDAG_00617",4439.8146860756,-1.28881633400985,0.123215349735401,-10.4598683262883,1.3203902980094e-25,4.39565171554356e-25
"ONCDGDAG_00618",1041.25440928359,-0.765478833401903,0.244960302705561,-3.12490973005532,0.00177859631331518,0.00263191663998351
"ONCDGDAG_00619",433.449421443419,-0.823084538646865,0.306792448709829,-2.68287091846043,0.00729931577762615,0.0103042790270002
"ONCDGDAG_00620",1029.65047374201,-0.603580530798206,0.201204173905455,-2.99984100271113,0.00270120570318528,0.00394196412848471
"ONCDGDAG_00621",411.781061173313,-0.333020694037291,0.137891285682238,-2.41509601124988,0.0157310624388341,0.021433009139443
"ONCDGDAG_00622",661.719040138946,-0.144367005678982,0.125849219134418,-1.14714264158275,0.251322672821224,0.292304763782695
"ONCDGDAG_00623",21.2049698526496,0.0160536069634073,0.228986789068667,0.0701071316327918,0.944108390449491,0.95245446886577
"ONCDGDAG_00624",62.2362685539812,0.0921064945641247,0.129532846350458,0.711066707473759,0.477042899488581,0.520460188237446
"ONCDGDAG_00625",42.1448854186801,0.674433020405322,0.168348762321552,4.00616559994145,6.1712390421294e-05,0.000101245227068402
"ONCDGDAG_00626",18.0265975182639,-0.192243309076896,0.267427020366925,-0.718862696870075,0.47222552258871,0.51619134710559
"ONCDGDAG_00627",46.6421004381522,-0.900897168118521,0.190165274218442,-4.73744311005838,2.16431586785805e-06,3.88596171869039e-06
"ONCDGDAG_00628",65.8105024376726,-1.14155505896201,0.143756416253586,-7.94089814362305,2.0072245862944e-15,5.10393203627267e-15
"ONCDGDAG_00629",76.8354330663256,1.06589988580487,0.242360761501453,4.39798868101213,1.09258675625643e-05,1.89032748065469e-05
"ONCDGDAG_00630",34.4244797008868,0.456601028482071,0.174340436198298,2.61901965165858,0.00881828673174402,0.0123447360381088
"ONCDGDAG_00631",216.201812191842,-0.888377330655606,0.0956448963379761,-9.28828787180015,1.56790038839731e-20,4.56917242910881e-20
"ONCDGDAG_00632",1080.97663006062,-1.4468696239822,0.104178170521797,-13.8884145952579,7.44653576314072e-44,3.70121368157499e-43
"ONCDGDAG_00633",495.773699561544,-1.5047121134449,0.179138469802992,-8.39971512037423,4.47563095264948e-17,1.19896479886469e-16
"ONCDGDAG_00634",2129.41619214818,-1.32385098116232,0.116100205392688,-11.4026583905225,4.05543194333484e-30,1.52038729754721e-29
"ONCDGDAG_00635",1500.08642509458,-1.22562041628619,0.066904359569729,-18.3189918290575,5.83843914473549e-75,4.23843940965149e-74
"ONCDGDAG_00636",1678.94481298033,-1.22809084593503,0.0656225654465761,-18.7144595396051,3.77430534089871e-78,2.86385455786809e-77
"ONCDGDAG_00637",941.649556449755,-1.24175372421131,0.198809098081872,-6.24596025127554,4.21204289731813e-10,8.88171351518745e-10
"ONCDGDAG_00638",1009.42059951553,-1.7486202880355,0.0639789565656909,-27.3311785921374,1.80785291830403e-164,2.60495170501081e-163
"ONCDGDAG_00639",77.313835486443,0.639946991141222,0.12440023332989,5.14425876874509,2.68579118913312e-07,5.00167249516763e-07
"ONCDGDAG_00640",60.5704105572038,0.340704406059785,0.145714077838406,2.33817082819973,0.0193783881568453,0.0261525739884009
"ONCDGDAG_00641",95.7429299076724,-0.577709852884832,0.158960260471911,-3.63430363771274,0.000278732448463362,0.000438381298492818
"ONCDGDAG_00642",321.200205958699,1.19797216921639,0.112646623610082,10.6347809710044,2.05310572734936e-26,7.00659167479393e-26
"ONCDGDAG_00643",661.134782818845,-1.10021936158325,0.149113108890873,-7.37842145312947,1.60177242650722e-13,3.82095044550593e-13
"ONCDGDAG_00644",91.9522379043426,-1.63435918786838,0.437076821333917,-3.73929503486474,0.00018453704193199,0.000293796975799088
"ONCDGDAG_00645",2330.21040122295,-2.42670379094884,0.0496134023146102,-48.9122631735785,0,0
"ONCDGDAG_00646",10315.492570951,-0.0280326365019414,0.10801509412458,-0.259525177746081,0.795230058285184,0.8226219565945
"ONCDGDAG_00647",5429.93468481841,-0.0868283491486623,0.155570136897383,-0.55812992699194,0.57675566614471,0.618835620726159
"ONCDGDAG_00648",3127.07393140137,-0.62778513230252,0.0974317193806718,-6.44333422722147,1.168769184936e-10,2.5223135284587e-10
"ONCDGDAG_00649",1526.90908956069,-0.753315109678503,0.102456760199104,-7.35251737625303,1.94508238573448e-13,4.62058288634511e-13
"ONCDGDAG_00650",3270.63845154957,-0.51735644039655,0.0735679016158978,-7.03236641297311,2.03059691257609e-12,4.67578126842581e-12
"ONCDGDAG_00651",4144.66905212837,-0.434355456793798,0.123679890046503,-3.51193275342081,0.000444860546609853,0.000688279359803639
"ONCDGDAG_00652",1259.43986308984,-0.472565902145577,0.1026708067188,-4.60272902539729,4.16990615228065e-06,7.416921603776e-06
"ONCDGDAG_00653",6376.58949254019,-5.53820391370484,0.0548144076563691,-101.035551609419,0,0
"ONCDGDAG_00654",7710.0668146873,-5.95470118938564,0.164821987139667,-36.1280754632557,8.2218228763374e-286,2.27736511322239e-284
"ONCDGDAG_00655",3838.76279605744,-5.34541667902011,0.113096894558809,-47.2640446925848,0,0
"ONCDGDAG_00656",74.654847689684,3.71340693961212,0.338254949299812,10.9781303933582,4.86896152512611e-28,1.73206324578364e-27
"ONCDGDAG_00657",748.161190402116,5.05261442099565,0.196367473253941,25.7304040087212,5.34204682743234e-146,6.71403506549095e-145
"ONCDGDAG_00658",3613.14041115177,2.95073315747816,0.332443893587574,8.87588316222409,6.9380647818668e-19,1.95983156660059e-18
"ONCDGDAG_00659",1967.6659513675,-0.797152884710647,0.294195412378622,-2.70960338322588,0.00673637076909221,0.00952844115231535
"ONCDGDAG_00660",13263.0242936609,-0.0774286946274567,0.269539889154769,-0.287262471132788,0.773911355874319,0.803665348959613
"ONCDGDAG_00661",19967.105570243,-2.18321052414019,0.0351101917269792,-62.1816748002142,0,0
"ONCDGDAG_00662",462.206763967803,-1.16326323001984,0.0923239776951907,-12.599795405917,2.11692911124448e-36,9.06846659816892e-36
"ONCDGDAG_00663",1438.27978374752,1.03447351109318,0.19568171017869,5.28651098842368,1.24671330623508e-07,2.36966892917301e-07
"ONCDGDAG_00664",3279.73586431234,1.0263429458029,0.110124782549972,9.31981813754931,1.16539883262032e-20,3.41013627637515e-20
"ONCDGDAG_00665",870.679420018516,0.544556152998779,0.244431484427322,2.22784783341074,0.0258906638682916,0.0344043148655034
"ONCDGDAG_00666",9823.40759106364,-1.15801384670937,0.0941889810807917,-12.2945787651749,9.68603671070031e-35,4.01660795575988e-34
"ONCDGDAG_00667",8866.8052662563,0.727784237614126,0.0800378343802356,9.09300261869459,9.634093010894e-20,2.77637044041218e-19
"ONCDGDAG_00668",6847.00436474333,0.87228484997301,0.167466639403892,5.208708152728,1.90159941965425e-07,3.57395464049642e-07
"ONCDGDAG_00669",2979.18592140585,1.00710412055767,0.106342012007224,9.47042567230403,2.78705594940371e-21,8.2484135100091e-21
"ONCDGDAG_00670",4018.48458114933,-0.262080105784697,0.142768678175104,-1.83569750126327,0.0664024077263346,0.0841608481755809
"ONCDGDAG_00671",1635.41776415289,0.982612548154872,0.0796383643062927,12.3384320699469,5.62404299847701e-35,2.35615193460424e-34
"ONCDGDAG_00672",69.8849620957852,2.08257725389169,0.202387904093931,10.2900282663391,7.81534273564419e-25,2.53089362369953e-24
"ONCDGDAG_00673",111.821418410538,3.12852477217304,0.143704619397507,21.7705233505341,4.41560179602141e-105,4.25598375812469e-104
"ONCDGDAG_00674",81.0408008035434,2.91472112225602,0.247957361521892,11.754928768262,6.6616905741027e-32,2.59997307905814e-31
"ONCDGDAG_00675",89.9282043143174,0.68375224933465,0.190112888887929,3.59655914616982,0.000322454290701255,0.000504365181672522
"ONCDGDAG_00676",3828.57582202463,-0.235719799220303,0.263938675165267,-0.893085483105898,0.371811396446319,0.4158282689382
"ONCDGDAG_00677",3368.76630246196,-0.435257787986989,0.19779683388641,-2.20052960118131,0.0277693421373059,0.036797925275306
"ONCDGDAG_00678",1830.28846891881,-1.11666546450514,0.0642804115822124,-17.3717846077721,1.34962349546142e-67,9.01750780457013e-67
"ONCDGDAG_00679",12391.7363542099,0.124026246944533,0.0725409761959022,1.70974052802366,0.0873138648017853,0.109209318842391
"ONCDGDAG_00680",16957.6818902186,0.602833608464603,0.155556801802178,3.8753278640379,0.000106481231038913,0.000171924704105274
"ONCDGDAG_00681",1199.62716910491,-0.127108923743302,0.0902492245287366,-1.40842122917997,0.159006376690335,0.191573138808077
"ONCDGDAG_00682",3373.66261588146,0.130118317544515,0.180332776537406,0.721545578363151,0.470573908733435,0.514677044717701
"ONCDGDAG_00683",3535.16012662773,-0.00725906743532297,0.140685925188639,-0.0515976806179414,0.958849267478808,0.965277685291828
"ONCDGDAG_00684",1109.93449784768,-1.79577584389184,0.189964214695984,-9.45323226674966,3.28525910201409e-21,9.7027372857621e-21
"ONCDGDAG_00685",382.305777389897,-1.07613088910788,0.269463907389192,-3.99359936376787,6.5077788397687e-05,0.000106643842790696
"ONCDGDAG_00686",307.886434219744,-1.09575963232439,0.16065455306212,-6.82059494386503,9.06642438017622e-12,2.04155554511782e-11
"ONCDGDAG_00687",2314.74243898811,-0.669711372836201,0.0528600814437626,-12.669510801808,8.72568530696878e-37,3.77187578496696e-36
"ONCDGDAG_00688",8149.99731424696,-0.660827236774002,0.0348770008090793,-18.9473642069009,4.64262390675191e-80,3.59929511031609e-79
"ONCDGDAG_00689",5421.85560215901,-0.573736932806827,0.073307225239648,-7.82647182363305,5.0175169735824e-15,1.25680210058214e-14
"ONCDGDAG_00690",994.425691510114,1.48243629068347,0.1091635941302,13.5799512877468,5.26614499801773e-42,2.52509439988985e-41
"ONCDGDAG_00691",2984.17881598847,1.31074598804499,0.299529363648954,4.37601833782538,1.20866850263076e-05,2.08484355381231e-05
"ONCDGDAG_00692",552.568520376094,-0.21338852447122,0.0601595169005625,-3.54704518029839,0.000389577775442838,0.000605703211628564
"ONCDGDAG_00693",343.676103312798,-0.397701180159195,0.140606382400251,-2.82847174765578,0.00467708291346171,0.00670201785640696
"ONCDGDAG_00694",1165.01107302725,-0.402678691639343,0.0712045703240941,-5.65523659234954,1.55631740085903e-08,3.0749124270435e-08
"ONCDGDAG_00695",630.636286098558,-0.375353699878156,0.134697949495976,-2.78663261974429,0.00532588204084586,0.00759737073126662
"ONCDGDAG_00696",11781.6379943856,0.89442304297007,0.0980847940842083,9.11887567610312,7.59077024921641e-20,2.18973382416728e-19
"ONCDGDAG_00697",6140.11708717313,1.03442214092643,0.0610844089371806,16.9343071157525,2.51299951636338e-64,1.64063789935577e-63
"ONCDGDAG_00698",3252.04015999432,-0.114228639836877,0.0982225981345258,-1.16295681448407,0.244847024373086,0.285238285233325
"ONCDGDAG_00699",1417.82059676877,-0.155236509008574,0.0741246751975827,-2.09426224930881,0.0362366252363433,0.0473799687439448
"ONCDGDAG_00700",2216.13003760612,-0.69808029217207,0.0992383347358044,-7.03438136109924,2.00147015382643e-12,4.61243485368887e-12
"ONCDGDAG_00701",4344.13867101839,-0.516970666689353,0.0538665233298756,-9.59725326105517,8.21031904751915e-22,2.46568844658654e-21
"ONCDGDAG_00702",3615.99814763091,-0.566935218866243,0.175119381749841,-3.23742131339931,0.00120615196974168,0.0018054310438998
"ONCDGDAG_00703",14030.9251690639,-0.380745118772359,0.0840404919562558,-4.53049607289951,5.88453486641698e-06,1.03761297737254e-05
"ONCDGDAG_00704",4210.85384034297,0.830275917919313,0.0830966056217031,9.99169474742615,1.65723776773699e-23,5.15043502326105e-23
"ONCDGDAG_00705",1659.78155424816,0.52294436981705,0.294600204481698,1.77509846178514,0.0758816309403572,0.0955385229800702
"ONCDGDAG_00706",3916.03292087576,0.565659523093063,0.190472460972257,2.96977064403789,0.0029802216396915,0.00433583495055576
"ONCDGDAG_00707",3606.70632778073,0.141948490787807,0.167091540700231,0.849525297288799,0.395589059846447,0.439492051301368
"ONCDGDAG_00708",678.092354760523,-0.107700229312036,0.245690703032849,-0.438356958495235,0.661127542323585,0.701449192357452
"ONCDGDAG_00709",110154.565438241,1.957243805555,0.132684199626905,14.751144530084,3.02490906317891e-49,1.61309636584101e-48
"ONCDGDAG_00710",2514.97464953567,0.615755774314185,0.0710261907635925,8.66941852990118,4.34332682888437e-18,1.19378722955752e-17
"ONCDGDAG_00711",188.055251756931,-0.976860813916507,0.110619846360014,-8.8307916351402,1.03937451565393e-18,2.915767446569e-18
"ONCDGDAG_00712",1643.87301558946,-0.169291031690166,0.157771785718635,-1.07301207829437,0.283265696933799,0.325214097928422
"ONCDGDAG_00713",3367.78167787994,-0.135625622869451,0.0820832748802693,-1.65229302884517,0.0984748297321538,0.122257915241878
"ONCDGDAG_00714",34863.0826204881,-1.79083170286125,0.083599310411349,-21.4216085521458,8.40363244959235e-102,7.99185445956233e-101
"ONCDGDAG_00715",369.296211752966,-1.26216194016703,0.0686767232502719,-18.3783075317594,1.95988669460269e-75,1.44484670276524e-74
"ONCDGDAG_00716",5259.26776872736,-0.832316161706907,0.115815450781193,-7.18657274217563,6.64379006687999e-13,1.55112381839678e-12
"ONCDGDAG_00717",1198.27764755035,-1.15174606668136,0.0846153875154294,-13.6115439579042,3.41942837564555e-42,1.65069867271011e-41
"ONCDGDAG_00718",671.05354980845,-1.11996186801394,0.187493780998137,-5.97332808614632,2.32461734774765e-09,4.75421741442583e-09
"ONCDGDAG_00719",3818.42890517903,-0.0886768681693774,0.236836012081324,-0.374423076077332,0.708089577246196,0.746004270267133
"ONCDGDAG_00720",8855.25494310667,0.00211696129598783,0.245995891604197,0.00860567744519075,0.99313374758113,0.993481971195289
"ONCDGDAG_00721",1646.72558126235,-0.144240988521756,0.0997749191239264,-1.44566379795908,0.148271523017897,0.179854870395433
"ONCDGDAG_00722",3713.88110824163,-0.402285819908843,0.0590097814176569,-6.81727351371736,9.27845148641165e-12,2.08765158444262e-11
"ONCDGDAG_00723",18890.8556461158,0.179643860671681,0.174285474083692,1.03074488345148,0.30266047091577,0.345534343146335
"ONCDGDAG_00724",1542.48292937002,-1.50238142476858,0.0728960053451097,-20.6099280427767,2.23563878851106e-94,2.01207490965995e-93
"ONCDGDAG_00725",1668.36835551833,-0.84569036887607,0.0604941621003981,-13.9797021648558,2.07353937833067e-44,1.04090979227398e-43
"ONCDGDAG_00726",21150.2394895415,-1.15241577904927,0.0339740300013138,-33.920491004591,3.3231414909648e-252,8.03468023196829e-251
"ONCDGDAG_00727",12870.3044692313,0.0570611214920545,0.188553265639113,0.302626004904462,0.762174894171792,0.793607654405884
"ONCDGDAG_00728",5481.93369843066,-0.48325027036032,0.0791196482834402,-6.10784148874262,1.00987573630927e-09,2.08780831571765e-09
"ONCDGDAG_00729",4121.8517546207,-1.77374537811323,0.0718601948083851,-24.6832809574607,1.61715902791416e-134,1.8831651863833e-133
"ONCDGDAG_00730",836.553686802645,0.495156852951961,0.144816074880514,3.41921194425764,0.000628027882004069,0.000960216263321334
"ONCDGDAG_00731",169.493298239458,0.860050475992002,0.137831635174662,6.23986267667893,4.37955200375734e-10,9.21449990171069e-10
"ONCDGDAG_00732",276.669028223216,-1.14715704227764,0.113113410326237,-10.1416537523629,3.60936731245801e-24,1.14799609168815e-23
"ONCDGDAG_00733",1720.73722085743,-0.607758859685987,0.0443109282839097,-13.7157780986204,8.16853466504333e-43,4.00426621982279e-42
"ONCDGDAG_00734",13231.9389046591,2.8667618765021,0.213583995052023,13.4221755511401,4.48355017624114e-41,2.12484529116544e-40
"ONCDGDAG_00735",1289.99060461285,1.01472446374379,0.121656558044709,8.34089407141433,7.37309220214513e-17,1.96409262863866e-16
"ONCDGDAG_00736",1233.88681229862,-1.73545772240702,0.195918813111761,-8.85804530378116,8.14296257850448e-19,2.29337336983942e-18
"ONCDGDAG_00737",4289.48213534153,2.35322269475736,0.209357378510853,11.2402185750304,2.58740923489768e-29,9.53731078444842e-29
"ONCDGDAG_00738",418.293047155608,2.66723595099159,0.149410581121669,17.8517206142153,2.80266919617025e-71,1.95024761382286e-70
"ONCDGDAG_00739",3093.55749498956,-1.86007817596388,0.301996346833943,-6.15927376428386,7.3079298721868e-10,1.52075302154259e-09
"ONCDGDAG_00740",4726.88571414072,-0.812788648585993,0.0741918968463272,-10.9552212995647,6.27248669405472e-28,2.22856843563364e-27
"ONCDGDAG_00741",2655.59172760557,-1.3905709731629,0.0361516797275354,-38.464906296007,9.88131291682493e-324,3.4090529563046e-322
"ONCDGDAG_00742",2469.01231307394,-1.23450750149694,0.0860037709256094,-14.3541089909272,1.00407661816597e-46,5.20841925750457e-46
"ONCDGDAG_00743",257.517417719268,-1.12765251530502,0.0973265003131902,-11.5862844310266,4.83661792056191e-31,1.85718316653609e-30
"ONCDGDAG_00744",10102.3172676554,-0.375719977112459,0.0667197881896112,-5.63131249824564,1.78843338519449e-08,3.52375721544191e-08
"ONCDGDAG_00745",2204.69124988027,-1.01871686466738,0.228488289974094,-4.45850798210657,8.25321241543456e-06,1.44367964569189e-05
"ONCDGDAG_00746",949.886746862823,-0.901514069854253,0.125182503717361,-7.20159801156963,5.95109253515608e-13,1.39510821715697e-12
"ONCDGDAG_00747",14.1099053417309,-1.59547807792662,0.337918414486562,-4.72148900305066,2.34124291929854e-06,4.20098493632625e-06
"ONCDGDAG_00748",46.9930926270371,-1.84411111903158,0.180056493830651,-10.2418473213525,1.28754137356605e-24,4.14132529738888e-24
"ONCDGDAG_00749",496.322153564174,-1.02453044206287,0.145977159999661,-7.01842974657983,2.24375524204899e-12,5.15413341832993e-12
"ONCDGDAG_00750",82.3468890294969,-1.87213981775051,0.309317884782056,-6.05247840444018,1.4263412504025e-09,2.93815999090131e-09
"ONCDGDAG_00751",1169.56961269225,1.25991285590209,0.23016143049527,5.47403990838501,4.39889931364817e-08,8.51428747750219e-08
"ONCDGDAG_00752",261.848315051222,-0.863641795610285,0.0753336330238644,-11.4642260162429,1.99535470093993e-30,7.55006228353e-30
"ONCDGDAG_00753",27.9739577112208,0.0485099260744493,0.207060808774596,0.23427864674892,0.814768662105486,0.838743819471124
"ONCDGDAG_00754",360.976846570618,-0.278425936163696,0.393722423530426,-0.707163015169696,0.479465179471416,0.522703155151682
"ONCDGDAG_00755",91.6058170990234,-1.20200647407047,0.159489732999427,-7.53657587523074,4.82472293363704e-14,1.17448246840158e-13
"ONCDGDAG_00756",38.5014373996249,-0.751799737492327,0.240664466309847,-3.12385018453207,0.00178501317614157,0.00264004281572415
"ONCDGDAG_00757",18.2834507380666,0.25230279010625,0.271560674700245,0.929084413215378,0.352845341524294,0.39632588951528
"ONCDGDAG_00758",3.68781434236283,0.0777485497282668,0.573408396320131,0.135590183588557,0.892145266143206,0.908231231191783
"ONCDGDAG_00759",14.8343442203672,-0.315552367817738,0.333348950889069,-0.946612752120963,0.343836143477617,0.387426744605704
"ONCDGDAG_00760",4.32882027119712,2.44034977967873,0.653380223808074,3.73496119220707,0.000187744136483934,0.000298736208248
"ONCDGDAG_00761",3.07584169033358,1.22455017625432,0.614537343954943,1.99263753179514,0.0463011522805082,0.0597724830118959
"ONCDGDAG_00762",69.5343586944363,-1.54473547176167,0.270491783516177,-5.71084064617913,1.12419473813341e-08,2.23663011708132e-08
"ONCDGDAG_00763",129.173310901855,-0.556223832902191,0.173067135174015,-3.21391945583962,0.00130936396761029,0.00195786970628519
"ONCDGDAG_00764",43.9624218517391,-1.02321912139383,0.174389011009581,-5.8674518277853,4.42543521663674e-09,8.96716383030157e-09
"ONCDGDAG_00765",324.09031904096,0.255587119190123,0.0802862785396123,3.18344708260478,0.0014553271193126,0.00216703980761944
"ONCDGDAG_00766",355.822025913738,2.19780161246718,0.0923878433805445,23.7888615216881,4.3553380390402e-125,4.77914593283911e-124
"ONCDGDAG_00767",95.9299344004895,-1.02166800212802,0.115931216882504,-8.81270834208085,1.22158068881563e-18,3.42018616799902e-18
"ONCDGDAG_00768",253.543249341033,-0.16705248641289,0.0747974347146405,-2.23339860585074,0.0255226700452721,0.0339786176570981
"ONCDGDAG_00769",2115.86283147863,3.10869237561799,0.0905602307820099,34.3273459969532,3.06801848107697e-258,7.67811993553736e-257
"ONCDGDAG_00770",112.410882253078,0.165782798559168,0.190486859097469,0.870310946091772,0.384130498617104,0.42809543459164
"ONCDGDAG_00771",118.361428248375,0.0281052890560686,0.100982281770507,0.278319013625984,0.780767481738029,0.810010772872217
"ONCDGDAG_00772",83.8949263765247,-0.215924072341974,0.154836593212778,-1.39452869545669,0.163158010389259,0.19624359344037
"ONCDGDAG_00773",28.8333063424729,-0.302695928416381,0.204050103485332,-1.48343923010135,0.137957750986722,0.168346220515448
"ONCDGDAG_00774",40.2226910896721,0.273972548566511,0.21709551155562,1.26199084726963,0.206952079856975,0.244385051254946
"ONCDGDAG_00775",8.99690421583357,0.0921244264924679,0.349091693961718,0.263897503395112,0.791858899477345,0.819431788251312
"ONCDGDAG_00776",38.2111733034254,-0.362347939892195,0.287285225180576,-1.26128289286175,0.207206942452724,0.244584777334556
"ONCDGDAG_00777",80.8662190138687,0.0319578735912146,0.136531467965344,0.234069654911544,0.814930903460903,0.838743819471124
"ONCDGDAG_00778",7.51473155701507,0.88620191319496,0.444705028372172,1.99278590673659,0.0462848956458789,0.0597724830118959
"ONCDGDAG_00779",5.0189999534879,1.21994201124336,0.519994448583121,2.34606737546421,0.0189726774968102,0.025641425342681
"ONCDGDAG_00780",6.73741438789188,1.26510006899129,0.426193816989322,2.9683679550494,0.00299385704054585,0.00435123491425233
"ONCDGDAG_00781",78.7880667601691,-0.494496545384964,0.139987191305561,-3.53244136676468,0.000411741520637444,0.000639117822839297
"ONCDGDAG_00782",2.96677458426362,-1.36749236300628,0.634999480859843,-2.1535330409319,0.0312768102552234,0.0411662341169336
"ONCDGDAG_00783",383.619148748591,1.65842429436876,0.140988220464575,11.76285713022,6.06466742824774e-32,2.37020495517682e-31
"ONCDGDAG_00784",118.164035663367,1.64967268047262,0.123627264066974,13.3439229034375,1.28514653470967e-40,6.0205633227039e-40
"ONCDGDAG_00785",383.393727128582,-0.219101168870467,0.0686620355837437,-3.191008932487,0.00141776896872108,0.00211332020259208
"ONCDGDAG_00786",850.217118024266,-0.271992223132987,0.0531496180857499,-5.11748217445634,3.09641315944935e-07,5.74760360696746e-07
"ONCDGDAG_00787",1123.84678237918,1.53367570669827,0.0999574883718679,15.3432797450112,3.92835486568479e-53,2.21494000628433e-52
"ONCDGDAG_00788",32.1776609362705,1.42789889976669,0.288799348808129,4.94425941630274,7.64338676138518e-07,1.39875448558255e-06
"ONCDGDAG_00789",1608.31289024792,-1.47257597429953,0.10516452256745,-14.0025926838117,1.502863966456e-44,7.56202979946907e-44
"ONCDGDAG_00790",316.034001344406,-0.282417669145155,0.214505358164931,-1.31659960180578,0.187972872361104,0.223206254440173
"ONCDGDAG_00791",1456.7669003336,-2.17273192837386,0.0879205045104315,-24.7124597438596,7.85715471743336e-135,9.26300099538735e-134
"ONCDGDAG_00792",753.039811846432,0.0609664178157434,0.0485282704275478,1.25630724686069,0.209004595493773,0.24660467780965
"ONCDGDAG_00793",168.533109460547,-2.00656531807978,0.281902932579699,-7.11792991905998,1.09560049375821e-12,2.53919432062728e-12
"ONCDGDAG_00794",222.237162401091,-1.81190659885656,0.176368233197708,-10.2734294379727,9.28442886470752e-25,2.99643388586092e-24
"ONCDGDAG_00795",3.07423100369175,-0.98873172003124,0.618586468620786,-1.59837269353101,0.109960058003081,0.1357490460765
"ONCDGDAG_00796",75.3102181966039,0.84157652558138,0.155349287631103,5.41731821506522,6.04996094003553e-08,1.1638933622334e-07
"ONCDGDAG_00797",190.396361983736,0.442139635132431,0.108801191513759,4.06373890745965,4.82928438194203e-05,7.98258884222515e-05
"ONCDGDAG_00798",834.187767020327,2.81601618076148,0.259870711140437,10.8362199356882,2.31854224429475e-27,8.15635144632914e-27
"ONCDGDAG_00799",273.305940496695,0.154501974387282,0.131794743830655,1.17229238357035,0.241079688440661,0.281193929321834
"ONCDGDAG_00800",119.344684404698,0.420308426562695,0.143151453154427,2.93611009389671,0.00332356343927187,0.00481082013812412
"ONCDGDAG_00801",17.4724507099668,0.154432710738329,0.499984037958956,0.308875282036517,0.757416400120324,0.789805917230732
"ONCDGDAG_00802",836.824959936924,-2.64436893496433,0.149026074908683,-17.744337268392,1.90635873930402e-70,1.31056421282756e-69
"ONCDGDAG_00803",607.387373158911,-2.60621549333875,0.128593778824486,-20.2670418208637,2.51316798803205e-91,2.18599642373641e-90
"ONCDGDAG_00804",178.084839593283,-0.505547782600769,0.214187637486448,-2.36030327676011,0.0182600002235859,0.0247133684240468
"ONCDGDAG_00805",59.710287088977,0.0806200730896289,0.151635280460273,0.531670946529825,0.594953917721642,0.637402751505763
"ONCDGDAG_00806",839.253463058725,2.15082079438012,0.125892435805481,17.0845911481402,1.93293238491612e-65,1.27654076253836e-64
"ONCDGDAG_00807",7331.46922523065,-1.29000541527524,0.120951225687337,-10.6655009731769,1.47601452227105e-26,5.0674722407212e-26
"ONCDGDAG_00808",303.700538383271,-2.74725865294602,0.107968953723991,-25.4448946497067,8.04050055375501e-143,9.84529960509144e-142
"ONCDGDAG_00809",247.916456543251,-2.13030614104801,0.23192692553084,-9.18524719013163,4.10583211871187e-20,1.18923238930812e-19
"ONCDGDAG_00810",251.657634197617,-1.71549997453622,0.197651978158769,-8.67939694060736,3.97872810102887e-18,1.0999332628135e-17
"ONCDGDAG_00811",271.012906416538,0.824993405755876,0.121322420518874,6.80000779928003,1.04613487255972e-11,2.34824767223673e-11
"ONCDGDAG_00812",299.131480484253,-3.00304903183302,0.339944677893065,-8.83393454030683,1.01056802462655e-18,2.83774662820822e-18
"ONCDGDAG_00813",858.741184408855,1.01601137009867,0.158727541256886,6.40097718425779,1.54385644712759e-10,3.31938797102178e-10
"ONCDGDAG_00814",3.63845067842742,-2.73744694596471,0.909141831818868,-3.01102297810679,0.00260369148525648,0.00380549785217047
"ONCDGDAG_00815",10.5908272125432,-2.30494186076487,0.413476204096916,-5.57454537389679,2.48177117083044e-08,4.8563053157608e-08
"ONCDGDAG_00816",525.162940036387,1.08546348526125,0.098008829756564,11.0751601458495,1.65583848840719e-28,5.99505990790065e-28
"ONCDGDAG_00817",1075.70319057146,-0.49137022713483,0.189572711942931,-2.59198817223626,0.00954230521936318,0.0133321237957116
"ONCDGDAG_00818",4288.91091073192,-0.394448541223342,0.22674229283765,-1.73963373258191,0.0819233521344566,0.10273728511631
"ONCDGDAG_00819",1239.87986147469,-0.205360574897157,0.0846349343474341,-2.42642800494336,0.015248275417944,0.0207950907109915
"ONCDGDAG_00820",1351.19666636823,-0.0706859220580154,0.0794771826684962,-0.889386358256437,0.373795473928108,0.417556181330029
"ONCDGDAG_00821",3861.21269272931,-0.206767837463424,0.078405039520781,-2.63717534902358,0.00835996049750321,0.0117261392818961
"ONCDGDAG_00822",3428.39522883467,0.332758581679165,0.119707194527826,2.77977094853573,0.00543972524547262,0.00774427950365938
"ONCDGDAG_00823",12461.1934234256,-0.505568552693084,0.0407617989692458,-12.402999020591,2.51722764409914e-35,1.06237432967675e-34
"ONCDGDAG_00824",1076.79321175476,-1.23148550305093,0.0955375107960772,-12.8900731533556,5.11952265561998e-38,2.29293534324707e-37
"ONCDGDAG_00825",2959.52627527323,-1.67310335629097,0.056076235293041,-29.8362282622529,1.32471818853973e-195,2.42270576404093e-194
"ONCDGDAG_00826",708.473268780231,-1.44465630803457,0.219645809449372,-6.57720860532767,4.79362039765183e-11,1.05201530726928e-10
"ONCDGDAG_00827",2469.76916305545,-1.10178731514023,0.0958122220795814,-11.4994443425504,1.32767376529338e-30,5.04374600849804e-30
"ONCDGDAG_00828",1630.82755456704,-1.2451928413888,0.11389506312152,-10.9328078606906,8.03238131695308e-28,2.84675576363567e-27
"ONCDGDAG_00829",37.7363884645062,-3.30037045720214,0.259665692597863,-12.7100751130544,5.19844846901555e-37,2.26430129497731e-36
"ONCDGDAG_00830",2603.61660100812,0.914287803490325,0.313117704420566,2.91994924139548,0.0035008840185849,0.00505988693970901
"ONCDGDAG_00831",966.179928015914,0.422675267484374,0.0525672574574923,8.04065663547625,8.93583258891214e-16,2.29055978222519e-15
"ONCDGDAG_00832",1929.7997517677,0.0568712296752603,0.102028413829206,0.557405800412243,0.577250203331168,0.619133394775873
"ONCDGDAG_00833",1008.48264523044,-0.325782050728215,0.067544774907868,-4.8232013678717,1.41272217621663e-06,2.55579985335831e-06
"ONCDGDAG_00834",1686.97685768793,-0.256549750529638,0.118243829544416,-2.16966713204488,0.0300320717074111,0.0396673613802055
"ONCDGDAG_00835",170.392821831606,-0.127574587227843,0.12352526597198,-1.03278131987007,0.301706247516468,0.344582835934541
"ONCDGDAG_00836",1030.66621382785,-0.293271741324172,0.243471156693896,-1.2045440836053,0.228379354047085,0.267693630688716
"ONCDGDAG_00837",778.759608440215,-0.944204896960602,0.134467421689752,-7.02181156666415,2.19009781979792e-12,5.03899119345441e-12
"ONCDGDAG_00838",1001.101555016,0.390016079258714,0.240843661793224,1.61937447867555,0.105366714584795,0.130360466916921
"ONCDGDAG_00839",2616.65070374598,0.184972166213875,0.0443766681750468,4.16823014932622,3.06973899606355e-05,5.13965103038106e-05
"ONCDGDAG_00840",2129.28600513316,0.175128143008518,0.0540778498062181,3.23844501281152,0.00120183185614748,0.00179990881133268
"ONCDGDAG_00841",31924.536185197,-2.30297719022017,0.331864105671585,-6.93951876946648,3.93437848660028e-12,8.95118167645183e-12
"ONCDGDAG_00842",35268.8107323645,-2.44593265539342,0.0717685059821604,-34.0808634918694,1.41708075157561e-254,3.51559250803932e-253
"ONCDGDAG_00843",11729.1418717525,-2.64647253107227,0.120453249987772,-21.9709516458953,5.46122608025929e-107,5.39130726885113e-106
"ONCDGDAG_00844",10192.4558332263,-2.36712450988626,0.213259949337492,-11.0997143028492,1.2584551515436e-28,4.57955682060444e-28
"ONCDGDAG_00845",5748.57521511965,-2.31630974842853,0.381007995071971,-6.07942557213528,1.20613850532045e-09,2.48635343618443e-09
"ONCDGDAG_00846",9046.66960271784,-2.46497899060155,0.149786865338382,-16.4565763829354,7.52372977617992e-61,4.65622582460766e-60
"ONCDGDAG_00847",21245.5269516063,-2.97008507985567,0.0538296896466736,-55.1755936055115,0,0
"ONCDGDAG_00848",64977.2778903566,-2.75648552841716,0.0436920760779005,-63.0889116713635,0,0
"ONCDGDAG_00849",18336.2599217438,-2.76960261323939,0.13764787481035,-20.1209253470519,4.83960593910736e-90,4.18405931644645e-89
"ONCDGDAG_00850",7141.12985588852,-2.62769744103822,0.200216939249367,-13.1242513789778,2.39134189463771e-39,1.09863098637703e-38
"ONCDGDAG_00851",27848.8745608003,-2.56365335642614,0.0951994999860761,-26.9292733344304,9.97771601547922e-160,1.37518955517692e-158
"ONCDGDAG_00852",23444.1827568654,-2.62894964999107,0.181538086468697,-14.4815322290201,1.5852357566978e-47,8.29849103460336e-47
"ONCDGDAG_00853",18901.726341375,-2.41555333862403,0.0835116853453177,-28.9247346480413,5.83479844720082e-184,9.6223583640832e-183
"ONCDGDAG_00854",11262.8827892317,-2.67980872676201,0.299833632863907,-8.9376521945367,3.97525983696819e-19,1.1296231389313e-18
"ONCDGDAG_00855",10214.1116282654,-2.76880780848486,0.0609822412350137,-45.4035101434599,0,0
"ONCDGDAG_00856",12272.2856533434,-2.64616237964005,0.284506843748109,-9.30087425940044,1.3929554376136e-20,4.06765799745303e-20
"ONCDGDAG_00857",21233.7498409578,-2.5407055827888,0.313707546786845,-8.09896226218342,5.54299740173786e-16,1.42985276556583e-15
"ONCDGDAG_00858",12365.7327462168,-2.63007424059834,0.125186398590567,-21.009265145491,5.39633685377755e-98,4.99861981942447e-97
"ONCDGDAG_00859",22587.3817794868,-2.54079179575355,0.102896089108041,-24.6927926783079,1.27821067048755e-134,1.49456354217253e-133
"ONCDGDAG_00860",8467.41004570675,-2.4826455709,0.301107288234405,-8.24505306881621,1.65086934864231e-16,4.33296251304187e-16
"ONCDGDAG_00861",12039.333914623,-2.43239705657594,0.367119650612751,-6.62562478613194,3.45782480094397e-11,7.62967838908984e-11
"ONCDGDAG_00862",30455.1181773378,-2.30280918130454,0.200164108040232,-11.5046059148711,1.25059272054121e-30,4.75725470893878e-30
"ONCDGDAG_00863",14637.4261823833,-2.36476626635513,0.16439832943985,-14.3843691989604,6.48668282372408e-47,3.37094828708284e-46
"ONCDGDAG_00864",13252.6551014947,-2.82528695530216,0.101660646569777,-27.7913533961538,5.51789886895711e-170,8.50949485034305e-169
"ONCDGDAG_00865",21030.9461559739,-2.26476281303376,0.18750503053731,-12.0784109447299,1.37348417252999e-33,5.56612264805123e-33
"ONCDGDAG_00866",7182.86443523907,-2.07675389876731,0.0730545290276564,-28.4274490084128,9.26123870680821e-178,1.47610692907954e-176
"ONCDGDAG_00867",12873.871993149,-2.18771431376124,0.101466333482523,-21.560987163669,4.17604361520375e-103,3.99807128663634e-102
"ONCDGDAG_00868",19169.6007377666,-2.20364549332404,0.314181803515148,-7.01391827492577,2.31734789500035e-12,5.31035626059117e-12
"ONCDGDAG_00869",5337.44742746835,-2.56984365333228,0.100042016810932,-25.6876434047606,1.60643176824773e-145,2.01015343632051e-144
"ONCDGDAG_00870",160540.66385251,-1.58526595868472,0.108549150432542,-14.6041305009557,2.64333119215805e-48,1.40175165264441e-47
"ONCDGDAG_00871",68913.7223184301,-1.74671755322731,0.0462678160749265,-37.7523233514775,6.88986171176994e-312,2.20862645659323e-310
"ONCDGDAG_00872",23130.0632867668,-1.96467292246141,0.150707117975851,-13.0363644985649,7.59951808619769e-39,3.46348643768722e-38
"ONCDGDAG_00873",21875.2201844348,-2.38783462049032,0.233074346256604,-10.2449482701173,1.2469156506437e-24,4.01518098339331e-24
"ONCDGDAG_00874",1838.06532756399,-0.753751936351078,0.0564540461729462,-13.351601655654,1.1592921315673e-40,5.43990205816035e-40
"ONCDGDAG_00875",5296.39494859823,-0.705103034886057,0.248749828143487,-2.83458702322935,0.00458849589184662,0.0065783812962002
"ONCDGDAG_00876",33222.9259924189,-1.52965084976179,0.0806845384091836,-18.9584135934982,3.76324687893816e-80,2.92548865003013e-79
"ONCDGDAG_00877",5284.13872772287,0.428839924764932,0.113165695853811,3.78948692472067,0.000150958756585698,0.000240875465625836
"ONCDGDAG_00878",5164.94885754167,-0.054148961445216,0.0709418170484689,-0.763286925794703,0.445292297550767,0.49031992470565
"ONCDGDAG_00879",6345.61517071075,-0.390934280960704,0.0352408328050183,-11.0932191393909,1.35328430560399e-28,4.91836958457093e-28
"ONCDGDAG_00880",5198.57798674724,-0.0950000531005742,0.0610684496583312,-1.55563230493135,0.119795552292012,0.147063989108911
"ONCDGDAG_00881",6545.98182369718,-0.0352146658172784,0.129512428114276,-0.271901826952133,0.785697506439898,0.813941534449175
"ONCDGDAG_00882",13662.1525162098,0.124756695417225,0.0638810387800424,1.95295345535617,0.0508251106871687,0.0652583441901405
"ONCDGDAG_00883",32987.9285802498,0.829403438180463,0.105782426287062,7.84065432503607,4.48204712115944e-15,1.12465087393737e-14
"ONCDGDAG_00884",2349.83278464461,-1.20569118991063,0.22375975034145,-5.38832917033019,7.11157137668041e-08,1.36628371297436e-07
"ONCDGDAG_00885",4159.29967486534,-1.11797309922198,0.0823119010203582,-13.5821562296985,5.10996482468008e-42,2.45433159003574e-41
"ONCDGDAG_00886",4579.22071779552,-2.05388993061208,0.0607030841554176,-33.8350177620881,6.02842392690222e-251,1.42141268292992e-249
"ONCDGDAG_00887",675.324526114639,-0.443976721317105,0.0687196758580068,-6.46069289142865,1.04224646600665e-10,2.25438147651022e-10
"ONCDGDAG_00888",959.620431619754,-0.515435980658912,0.113627667152093,-4.53618377968625,5.72812697920907e-06,1.01128380394081e-05
"ONCDGDAG_00889",2952.61183409452,-0.375505973315429,0.0636333603360411,-5.90108665222803,3.61115170355818e-09,7.35375860831655e-09
"ONCDGDAG_00890",29125.6129728069,-0.993521064253567,0.035821886783253,-27.7350288739689,2.64106976411155e-169,4.00796384947354e-168
"ONCDGDAG_00891",85.1191445239161,-0.452577060190343,0.137098604159302,-3.30110625826992,0.000963044021521731,0.00145450746077369
"ONCDGDAG_00892",27.9670960414957,-0.379859172118237,0.205754688910738,-1.84617504528915,0.064866793118831,0.0823975782582479
"ONCDGDAG_00893",12.3369523325985,-0.69901612413466,0.324600923226128,-2.15346314233278,0.0312822977797098,0.0411662341169336
"ONCDGDAG_00894",22.6181331568653,-0.894150407097546,0.278775280406575,-3.20742357713169,0.00133929639526468,0.00200157811193826
"ONCDGDAG_00895",317.819972535093,-0.0990589434866285,0.158370315280384,-0.62548933688268,0.531649944685933,0.574762141791955
"ONCDGDAG_00896",612.435401611819,0.335116340411587,0.241685820302633,1.38657840990407,0.165570355528912,0.198726219740844
"ONCDGDAG_00897",78.3936599150881,-0.359944384099152,0.160776205286264,-2.23879138992157,0.0251694927688132,0.0335470315768277
"ONCDGDAG_00898",4.4646505431543,-0.578500992495319,0.477904200505372,-1.21049572672424,0.22608872952221,0.265335724116358
"ONCDGDAG_00899",63.0154594212192,-0.417998235856628,0.162010397903645,-2.58007042304303,0.00987801687995706,0.0137674558663984
"ONCDGDAG_00900",37.9028277440031,-0.199997932864271,0.164975052912536,-1.21229197586803,0.22540063436419,0.264745990053945
"ONCDGDAG_00901",479.063221605035,-0.569065274712749,0.130726049297736,-4.35311307707825,1.34217876455405e-05,2.30122356687062e-05
"ONCDGDAG_00902",553.759161836049,-0.818117621214574,0.200852955681652,-4.07321673927105,4.63682367727312e-05,7.67780496300651e-05
"ONCDGDAG_00903",622.788430939555,-1.18782594253902,0.0724755182414638,-16.3893404470954,2.27903953398951e-60,1.40131461001554e-59
"ONCDGDAG_00904",393.521660481735,-1.3336133910998,0.0840482394250234,-15.867237674734,1.06840670599792e-56,6.29786019052078e-56
"ONCDGDAG_00905",510.603099487941,-1.52027252264269,0.144497454055861,-10.5211024829197,6.90607093836793e-26,2.31527854138234e-25
"ONCDGDAG_00906",292.097519225788,-1.86035781542539,0.168669689878963,-11.0295917230913,2.75111125033206e-28,9.89775586027412e-28
"ONCDGDAG_00907",630.165061802273,-1.50439572579725,0.0674990270646747,-22.2876653370989,4.86720228676453e-110,4.88948173385183e-109
"ONCDGDAG_00908",1183.78036670309,-0.945442292429718,0.219604426631031,-4.30520598757422,1.66830427781233e-05,2.84669384246327e-05
"ONCDGDAG_00909",1483.49036641232,-0.784621655337927,0.0726118699901884,-10.8056941026852,3.2350103236241e-27,1.12967985964499e-26
"ONCDGDAG_00910",543.02259718831,-0.907969450505696,0.0741084047193843,-12.251909266483,1.64086795445338e-34,6.75526157872365e-34
"ONCDGDAG_00911",819.719542288054,-0.919823423903381,0.184519233331718,-4.98497315046707,6.1970417854217e-07,1.137719447478e-06
"ONCDGDAG_00912",1227.08955078428,-1.23818593469311,0.0750238494521583,-16.5038976770005,3.43956572339054e-61,2.13792614571529e-60
"ONCDGDAG_00913",651.949489394997,-1.37469861277839,0.132203953247159,-10.398316986848,2.52350813615006e-25,8.33283415791218e-25
"ONCDGDAG_00914",922.774907423273,-0.682129382666722,0.0841293753613925,-8.10809993223551,5.14174429474325e-16,1.32754719211787e-15
"ONCDGDAG_00915",1374.92840539604,-0.89291711182607,0.137479690089719,-6.49490198329189,8.3087488488964e-11,1.80402286650696e-10
"ONCDGDAG_00916",1518.4946869088,-1.0407894492759,0.149626674878864,-6.95590843088979,3.5029734626134e-12,7.98241476744091e-12
"ONCDGDAG_00917",566.509150669806,-1.46100856207803,0.114325124993505,-12.7794180164774,2.13662308925776e-37,9.42161618802532e-37
"ONCDGDAG_00918",5597.28903056506,-2.08836640340126,0.0538223956398667,-38.8010674473655,0,0
"ONCDGDAG_00919",1319.30654294066,-3.30728797967365,0.0977084396958421,-33.8485394912553,3.81327109876989e-251,9.06605203732542e-250
"ONCDGDAG_00920",550.98646928575,-0.436525746031503,0.156931797334896,-2.78162713640467,0.00540871411578749,0.00770397472408473
"ONCDGDAG_00921",5526.56025187127,0.0354990992843057,0.148891075459332,0.238423284772376,0.811552809436533,0.83587009578427
"ONCDGDAG_00922",772.909794746556,0.190051659896927,0.149461755192784,1.27157385280126,0.203524571835682,0.240836003088843
"ONCDGDAG_00923",1354.36198375726,0.553959840339504,0.10460346540202,5.29580772692838,1.18491465855667e-07,2.2552111546779e-07
"ONCDGDAG_00924",7099.13263241016,0.400755086103703,0.048372199199572,8.284822537224,1.18285328996037e-16,3.12760003360235e-16
"ONCDGDAG_00925",1904.08533936394,0.466503540789674,0.1194228056955,3.90631871419222,9.37128906428364e-05,0.000151480383571678
"ONCDGDAG_00926",124.617487893432,-0.0963916865580143,0.158213878182919,-0.609249249592196,0.542359240524683,0.584788704919471
"ONCDGDAG_00927",25669.0485227487,0.0527955453750961,0.0538171268032335,0.981017540533658,0.326584091770177,0.370327668450046
"ONCDGDAG_00928",21938.5121453442,-0.0136416501758696,0.567601848124006,-0.024033836783578,0.980825618645959,0.983238049893507
"ONCDGDAG_00929",277.633774787499,-1.33341475829381,0.160164830800428,-8.3252656131189,8.41398628105162e-17,2.2371950475154e-16
"ONCDGDAG_00930",429.182472908485,-0.0857588560881031,0.0869170139405676,-0.986675130679749,0.323801925575829,0.367464953726268
"ONCDGDAG_00931",248.078140076066,-0.751590949207223,0.0909989097330751,-8.2593401548639,1.46479946216785e-16,3.85168006042847e-16
"ONCDGDAG_00932",7990.71033166249,-0.560161892045012,0.0628086471687608,-8.91854732263076,4.72444253939821e-19,1.33984439014941e-18
"ONCDGDAG_00933",2788.40754798533,-0.291539040766943,0.0461048719182538,-6.32338901805987,2.55888007226139e-10,5.46443476509113e-10
"ONCDGDAG_00934",500.025925063221,1.46846432016337,0.140629493368972,10.4420792892323,1.59283021775378e-25,5.29027312136383e-25
"ONCDGDAG_00935",429.84341294787,2.24843896438658,0.0765104111466328,29.3873595853174,7.96618249844735e-190,1.41164712224039e-188
"ONCDGDAG_00936",55.4329246455249,-0.216046631046464,0.35107954228327,-0.615378012747169,0.538305108402661,0.581076229388116
"ONCDGDAG_00937",78.9435838000581,-0.24310185076325,0.137314459370671,-1.77040241703179,0.0766601274030456,0.0964761109311377
"ONCDGDAG_00938",29.9698305303593,1.01385664306633,0.244198100185122,4.15177940490831,3.29900176863093e-05,5.51379733210548e-05
"ONCDGDAG_00939",1338.20466023468,1.82119811063213,0.213427754504695,8.53308940469625,1.4249048546753e-17,3.86798625155911e-17
"ONCDGDAG_00940",1973.23523943786,1.89495270230952,0.144119396387499,13.1484918047706,1.73602658618778e-39,8.0143751624494e-39
"ONCDGDAG_00941",1071.36514150247,-0.290956216972065,0.119156615451232,-2.44179658737576,0.0146143784806527,0.0199783525660289
"ONCDGDAG_00942",2601.02283673195,-0.679043347879611,0.0823050469484723,-8.2503245311886,1.57964959055746e-16,4.14985292988989e-16
"ONCDGDAG_00943",346.019622028178,-0.164407947296621,0.088618892606955,-1.85522457413013,0.0635641638660967,0.0807788683786075
"ONCDGDAG_00944",391.668114885893,-2.22038689805164,0.214622235139391,-10.3455585420102,4.38352664080826e-25,1.43091550414485e-24
"ONCDGDAG_00945",45908.7705265207,3.01529483474218,0.0814038262706209,37.0411929375169,2.48927449170328e-300,7.32154652044275e-299
"ONCDGDAG_00946",24.9246122645947,-0.444640396745004,0.224462038498878,-1.98091579190228,0.0476007178046003,0.0614223644941315
"ONCDGDAG_00947",0.720307776413728,0.211097186916384,1.22197810366665,0.172750384219627,0.862847638225287,0.881699252097687
"ONCDGDAG_00948",42.376831872795,-0.215520274960296,0.225847124583963,-0.954275044932761,0.339944436510405,0.383496036917432
"ONCDGDAG_00949",1827.27632993976,-0.148955913092143,0.322159451972334,-0.462367042718133,0.643818129429043,0.685633864599126
"ONCDGDAG_00950",20501.2480042828,-2.74032394760022,0.0829765094215702,-33.0252979632795,3.52085706140726e-239,7.72692707399608e-238
"ONCDGDAG_00951",25486.386175402,-2.23756789353666,0.0587321540044694,-38.0978346778562,1.39143312585754e-317,4.61599851154549e-316
"ONCDGDAG_00952",3087.03648034052,-1.42907686677077,0.180474699463017,-7.91843328191062,2.40521944942793e-15,6.09963652374924e-15
"ONCDGDAG_00953",2989.49693413013,-0.0581443014900197,0.0616258385951296,-0.943505237665276,0.345422537529393,0.388753648746098
"ONCDGDAG_00954",1321.39707668472,-1.25443048940799,0.239641301368104,-5.23461724772185,1.65327098392681e-07,3.12369676631999e-07
"ONCDGDAG_00955",564.988327364143,-0.94630039826943,0.0643863262986711,-14.6972261451879,6.71547248815154e-49,3.5678292381185e-48
"ONCDGDAG_00956",3209.84203574832,-0.582400800235303,0.0533403984091474,-10.9185686197542,9.39649597409888e-28,3.32607977842483e-27
"ONCDGDAG_00957",7649.12717693637,-0.530646868847095,0.120906199310986,-4.388913652659,1.13918285608123e-05,1.96975072024227e-05
"ONCDGDAG_00958",7131.31297639871,-0.493166194431079,0.0506913039504051,-9.72881255754594,2.27229926421925e-22,6.92614294959135e-22
"ONCDGDAG_00959",2257.77042359037,-1.88648000945818,0.169259939248165,-11.1454607501204,7.5353263655985e-29,2.75619052834007e-28
"ONCDGDAG_00960",6845.44143770588,-1.70948148402228,0.0483413443678482,-35.362721214664,6.39196676403928e-274,1.65784374343673e-272
"ONCDGDAG_00961",1255.44046390947,-1.46653261919991,0.0880668718820298,-16.6524890445116,2.90273919381947e-62,1.84033664888154e-61
"ONCDGDAG_00962",1982.23117651966,-1.57732136331164,0.156779919685382,-10.0607358804427,8.23802482772426e-24,2.5884454662442e-23
"ONCDGDAG_00963",11637.1501076189,-1.04533202937062,0.0793703802623465,-13.1703039082771,1.30073028551238e-39,6.02432387105001e-39
"ONCDGDAG_00964",3542.12049874808,-0.419570615467974,0.335757725935726,-1.24962311529443,0.211437255058903,0.249371843192662
"ONCDGDAG_00965",495.494197222613,2.49326035065121,0.0948646151905168,26.282300788803,3.05609264702488e-152,4.01798724514377e-151
"ONCDGDAG_00966",1909.86832127436,2.53285959474973,0.0562180567402723,45.0542004048904,0,0
"ONCDGDAG_00967",731.427493129619,2.43955339018153,0.147144975800031,16.5792503408127,9.84492401664101e-62,6.18668903512705e-61
"ONCDGDAG_00968",417.675421216868,-1.45496379063512,0.144597711308327,-10.0621495144739,8.120563592771e-24,2.55435148072499e-23
"ONCDGDAG_00969",786.035269413344,-1.8537916713643,0.0712960161615745,-26.0013359955926,4.782814097835e-149,6.14656244194742e-148
"ONCDGDAG_00970",2787.93517328205,2.59101811549828,0.0563169619740043,46.0077750055886,0,0
"ONCDGDAG_00971",2342.22495170273,3.09087660088204,0.122734264241267,25.1834858015369,6.07622765463311e-140,7.2838140750707e-139
"ONCDGDAG_00972",176.569764435393,2.52610414745784,0.137670938734353,18.3488553988301,3.37139891042568e-75,2.46630797216525e-74
"ONCDGDAG_00973",309.821362215648,2.33329331159658,0.268897617171237,8.67725544072302,4.05433807834702e-18,1.1186679436677e-17
"ONCDGDAG_00974",45.0294515247133,-0.378256235837758,0.155829795063048,-2.42736785789084,0.0152088261509397,0.0207512104297614
"ONCDGDAG_00975",243.804192672481,0.463128253696349,0.109844779331312,4.21620632783529,2.48446463101365e-05,4.19418792442719e-05
"ONCDGDAG_00976",396.940357980324,0.116407956887898,0.121424627410301,0.958684900836046,0.337717507250482,0.381134512731655
"ONCDGDAG_00977",750.496998610366,3.35216053194841,0.102307465672557,32.76555146696,1.82342577911297e-235,3.91145394572127e-234
"ONCDGDAG_00978",46.4283993183876,-0.483961104830393,0.497956327352499,-0.971894678803432,0.331102947298124,0.374855836762518
"ONCDGDAG_00979",738.407073817959,0.154938626887606,0.115596321370529,1.3403421929922,0.18013412003199,0.215120403705009
"ONCDGDAG_00980",2827.312879023,-2.19199373269602,0.106328080791103,-20.6153794593783,1.99749839842594e-94,1.80343763630039e-93
"ONCDGDAG_00981",3574.14633936133,-2.17219973638822,0.138171155099863,-15.7210796625263,1.08459588816734e-55,6.32791834139348e-55
"ONCDGDAG_00982",17914.7297874043,-1.46048758360283,0.0738501025531796,-19.7763785439719,4.75648353502568e-87,3.99124927218478e-86
"ONCDGDAG_00983",557.555536904201,4.7533560915401,0.124667068475103,38.1284019082343,4.33667108768446e-318,1.45559090961641e-316
"ONCDGDAG_00984",4487.19770027562,0.158006316266714,0.082389045476556,1.91780734141016,0.0551354445487353,0.0704124544751754
"ONCDGDAG_00985",436.618363633379,1.56849578841843,0.0788427026178074,19.89398810974,4.58773686450006e-88,3.90710844012498e-87
"ONCDGDAG_00986",393.702513749624,0.453919756216535,0.117671254684337,3.85752457075617,0.000114541168092595,0.000184312437996714
"ONCDGDAG_00987",1416.61175140187,-0.687771015575112,0.186949526136095,-3.67891285840665,0.000234230277003055,0.000369816812556567
"ONCDGDAG_00988",1885.78767748238,-1.35194752852425,0.181163448631545,-7.46258441609752,8.48416229615159e-14,2.04782699077161e-13
"ONCDGDAG_00989",5166.40568552621,0.288128211111781,0.143095739554618,2.0135345189771,0.0440584272954527,0.0570320748974258
"ONCDGDAG_00990",1537.57266303078,0.48772580227732,0.127291867373493,3.83155508942501,0.000127335854029744,0.0002043246296664
"ONCDGDAG_00991",5485.05659679161,-0.0203484424229825,0.0671385064478771,-0.303081547379669,0.761827716248206,0.793535770155579
"ONCDGDAG_00992",88.7470412267054,-0.787338479029631,0.159517437914717,-4.93575178564847,7.98426000696722e-07,1.46019832050497e-06
"ONCDGDAG_00993",1203.94264259531,-0.48134292881825,0.0860557570339063,-5.5933843987753,2.22685513109949e-08,4.36647263850643e-08
"ONCDGDAG_00994",1557.30679532593,-0.988934347856243,0.091640470948389,-10.7914585948953,3.77746033895871e-27,1.31588453565924e-26
"ONCDGDAG_00995",292.222164865426,-1.00455290868366,0.0774758244678287,-12.9660176653014,1.90682769609224e-38,8.60787882428979e-38
"ONCDGDAG_00996",785.668960586322,-1.22178673090601,0.270652270262337,-4.51423049110861,6.35470759064375e-06,1.11706597388211e-05
"ONCDGDAG_00997",1941.33633262017,0.493919014882373,0.169452502529122,2.91479327546365,0.00355924217853565,0.0051389260806489
"ONCDGDAG_00998",5168.37853645442,0.784908262604766,0.0639584075858227,12.2721670571853,1.27786759076644e-34,5.27605822931497e-34
"ONCDGDAG_00999",2871.30900794584,-2.33312109316444,0.147846338300114,-15.780716113702,4.22368766210422e-56,2.47436979465777e-55
"ONCDGDAG_01000",6253.24147792119,-2.47364366401517,0.211082810433469,-11.7188304387999,1.02071408564505e-31,3.97284759392268e-31
"ONCDGDAG_01001",1411.90106838594,-0.0497424458495803,0.12620909904948,-0.394127255674956,0.693487089131523,0.731430190496205
"ONCDGDAG_01002",1479.02794731061,-0.061773490365343,0.142915449970817,-0.432238014699999,0.665568432875709,0.705373974366418
"ONCDGDAG_01003",4.78243728142539,-1.57810531892938,0.54442220709584,-2.8986791838408,0.00374738115180102,0.00539690985668264
"ONCDGDAG_01004",28.1332355374342,-0.0746584150159545,0.295898503309148,-0.252310891001544,0.800800770604172,0.82718486550822
"ONCDGDAG_01005",10.9843883177976,0.397401879478993,0.32167417943157,1.2354174033528,0.216675199064342,0.255127669389421
"ONCDGDAG_01006",62.8655269969074,-0.296668702773129,0.135289097681289,-2.19285003638663,0.0283181855208089,0.0375077916856396
"ONCDGDAG_01007",8.95231062123001,0.29158205774344,0.366792775935389,0.794950383087159,0.426642364780191,0.471787080123211
"ONCDGDAG_01008",91.0261393073967,1.00943309395808,0.194181488918193,5.19840021611608,2.01010979699396e-07,3.76549130060654e-07
"ONCDGDAG_01009",51.5401041706345,0.786731466397356,0.145343579829035,5.41290827790792,6.20092579260086e-08,1.19213216214894e-07
"ONCDGDAG_01010",65.6989553121556,1.10230341748534,0.137311449827283,8.02776038612856,9.92681203088656e-16,2.54001746404658e-15
"ONCDGDAG_01011",121.319899408818,1.95534555096172,0.123586242755214,15.8217088518069,2.20427737100569e-56,1.29666048236685e-55
"ONCDGDAG_01012",422.473718634728,1.82805878420321,0.140919419646425,12.9723695200414,1.75519230818018e-38,7.93800882335999e-38
"ONCDGDAG_01013",541.380001373953,3.93767179739687,0.137386640972794,28.661242239532,1.16109393982908e-180,1.88215966496157e-179
"ONCDGDAG_01014",27.2058275016828,-0.444602533641657,0.386123429179324,-1.15145184167308,0.249546396686369,0.29035720625865
"ONCDGDAG_01015",12.8362012336805,0.162622270540706,0.561905638203065,0.289412064026909,0.772266064075919,0.802358004664457
"ONCDGDAG_01016",219.15985022558,-0.423971353437301,0.303262427034879,-1.39803455898788,0.162102689581602,0.195138807331776
"ONCDGDAG_01017",322.104828198722,-0.832426053557958,0.30538280456389,-2.72584455024155,0.00641371967868176,0.00908557211682178
"ONCDGDAG_01018",12.7161950013474,-0.415182977217589,0.385395742964806,-1.07728999293981,0.281350731542463,0.323275729798891
"ONCDGDAG_01019",182.372861904071,2.2805814307558,0.174341861290211,13.0810891536803,4.22344831544065e-39,1.93100930191541e-38
"ONCDGDAG_01020",220.031041762868,0.806945784612611,0.098526391663566,8.19014855804377,2.60903935787868e-16,6.80401214627778e-16
"ONCDGDAG_01021",477.31532980274,-0.950245159841288,0.274505644876637,-3.46165981493141,0.000536855272759614,0.000826131657596105
"ONCDGDAG_01022",381.208134163038,-0.959173189028259,0.187318278633641,-5.12055308229807,3.04640847480247e-07,5.66215203818336e-07
"ONCDGDAG_01023",1299.8152798201,-0.611761421050905,0.0655725044380674,-9.32954179947035,1.06329572947435e-20,3.114561310257e-20
"ONCDGDAG_01024",4826.30200847583,-1.99570649953326,0.0914590591690004,-21.8207634942487,1.47378279076934e-105,1.43505198022693e-104
"ONCDGDAG_01025",1664.57834958681,0.812140738208502,0.0598810262755814,13.5625721321293,6.6753571409671e-42,3.18474814768882e-41
"ONCDGDAG_01026",1649.39325193312,0.364818400461177,0.0699358628962506,5.21647099718184,1.82364114117419e-07,3.42969556741593e-07
"ONCDGDAG_01027",226.046903856009,0.16622532721654,0.216521951634642,0.767706581072335,0.442661525464061,0.487799664792957
"ONCDGDAG_01028",146.420526702935,-0.378187734575522,0.0979616907579063,-3.86056765302409,0.000113123913314702,0.000182340409427596
"ONCDGDAG_01029",318.577487931295,-0.249360757176121,0.0971282377574172,-2.56733533865725,0.010248344993244,0.014248795451133
"ONCDGDAG_01030",34790.2888994667,-1.13461471613318,0.116031798254885,-9.77848084057785,1.39285397956594e-22,4.26374721427213e-22
"ONCDGDAG_01031",33772.0484832619,-1.17118101954194,0.11671720616981,-10.0343476165632,1.07668773308421e-23,3.36156023518597e-23
"ONCDGDAG_01032",903.147847735864,0.0358286616165558,0.124824591357478,0.2870320761872,0.774087759881184,0.803665348959613
"ONCDGDAG_01033",19.55087655145,-0.976927705262701,0.241388011507577,-4.04712603232176,5.18503268864656e-05,8.55575376559204e-05
"ONCDGDAG_01034",10.0947565741084,-0.560311938034359,0.335578645443656,-1.66968889600705,0.0949809318151045,0.118125805783999
"ONCDGDAG_01035",18.8129343972619,-1.10140991514639,0.261889812312142,-4.20562337046403,2.60363512262284e-05,4.39017198867788e-05
"ONCDGDAG_01036",10.3894678136667,-1.17564782494355,0.330055627728674,-3.56196872943493,0.000368084234138686,0.000573535947568363
"ONCDGDAG_01037",7.19549720005619,-1.24900793172231,0.469925051244287,-2.65788752571315,0.00786321304365567,0.0110620053321251
"ONCDGDAG_01038",4.82444857643723,-1.03412890127005,0.473265331848558,-2.18509329054546,0.0288820071018783,0.0382119409694096
"ONCDGDAG_01039",9.71243773355541,-0.399661554459337,0.315843566844558,-1.2653781694912,0.205735797000812,0.243150053373371
"ONCDGDAG_01040",46.15597152037,-0.59757218711772,0.15787886927856,-3.78500422411417,0.000153705967699189,0.000245121926129562
"ONCDGDAG_01041",57.0384737756172,-1.72102920203485,0.202777263321334,-8.48728883034382,2.11513610909452e-17,5.73075338959797e-17
"ONCDGDAG_01042",29.128512940993,-1.48611388622828,0.234844125143849,-6.328086279859,2.48220345620652e-10,5.30466401539864e-10
"ONCDGDAG_01043",595.26566968868,3.22434837984174,0.174924774373848,18.4327714092155,7.17134211951774e-76,5.32808309036044e-75
"ONCDGDAG_01044",67.0414146204476,-0.704554140718206,0.171894446089323,-4.09876035408436,4.15368828181431e-05,6.90894727394007e-05
"ONCDGDAG_01045",769.370945863706,-0.145366388619039,0.0453811887368367,-3.20323007539559,0.00135895365675574,0.00202776923782642
"ONCDGDAG_01046",16819.6730215127,-0.161333418330228,0.125396795415662,-1.28658326391392,0.19823958012819,0.234679469753413
"ONCDGDAG_01047",31643.4232468629,-3.59002178523059,0.326941608719377,-10.9806206658511,4.73658229348747e-28,1.68707481689385e-27
"ONCDGDAG_01048",14184.0232724181,-2.93547573914345,0.0792260490190073,-37.0519011801181,1.67363725852335e-300,4.97384072767409e-299
"ONCDGDAG_01049",240.947169555754,0.986805453306759,0.0926250357207093,10.6537659675755,1.67450689463122e-26,5.74202905094095e-26
"ONCDGDAG_01050",442.867853776946,0.508400838158489,0.149942487304859,3.39063895295282,0.000697298962101814,0.00106441623267869
"ONCDGDAG_01051",973.29746011417,3.03331755419952,0.390526177282443,7.76725794748891,8.02034071335399e-15,2.0001776272027e-14
"ONCDGDAG_01052",5907.96661317921,3.19132074378345,0.15419187187787,20.697075046285,3.68039981278791e-95,3.3546903085891e-94
"ONCDGDAG_01053",2760.22384405453,3.33806059552948,0.213986255396773,15.5994159033255,7.346316042529e-55,4.23414942814853e-54
"ONCDGDAG_01054",5779.82517176787,3.08136927147251,0.0749766827217829,41.0977007732736,0,0
"ONCDGDAG_01055",22.8440289393825,0.16544319996899,0.285461034970997,0.57956491324919,0.562208059863805,0.605275318789221
"ONCDGDAG_01056",63.9190804852889,-0.531450402100502,0.29155020970156,-1.8228434911589,0.0683270985782024,0.0864850098685055
"ONCDGDAG_01057",42.2486260476651,-1.34544838892955,0.250925624651747,-5.36194097672115,8.23324444687077e-08,1.5785918284222e-07
"ONCDGDAG_01058",68.5711636204021,-2.92254646303687,0.237104929016767,-12.325962497516,6.56548437758892e-35,2.73450028164397e-34
"ONCDGDAG_01059",1405.69260209616,3.75769301033804,0.13899313583641,27.0350977242554,5.71820341397954e-161,7.99707565690373e-160
"ONCDGDAG_01060",13517.9683933121,4.11454477136508,0.182201596342374,22.5823749844291,6.45834472360693e-113,6.67596286103282e-112
"ONCDGDAG_01061",346.934814028992,4.02398961166654,0.309135651459932,13.0169056615203,9.8064925354574e-39,4.45508331268471e-38
"ONCDGDAG_01062",1914.33516606982,3.4754373339425,0.0941773100650222,36.9031280628315,4.11692560675226e-298,1.18642310667315e-296
"ONCDGDAG_01063",7792.41145181281,7.0378108020457,0.145347621203826,48.4205434100386,0,0
"ONCDGDAG_01064",2760.13523150683,6.79884675619788,0.122853540488697,55.3410730301531,0,0
"ONCDGDAG_01065",487.445528493283,6.49091323446758,0.557045342689334,11.6523965591928,2.23095077105332e-31,8.62452920029148e-31
"ONCDGDAG_01066",1692.40669763193,6.97882104814744,0.152311709526243,45.8193337193487,0,0
"ONCDGDAG_01067",2258.59040860557,7.0573215337725,0.226538623133659,31.1528402360274,4.64212805006892e-213,9.26153239639624e-212
"ONCDGDAG_01068",696.612867097685,4.33313632872075,0.0902154595245973,48.030973311612,0,0
"ONCDGDAG_01069",896.635889898639,4.96882854040109,0.110901985083335,44.803783599251,0,0
"ONCDGDAG_01071",118.003922802406,0.672593379935535,0.423384554265666,1.58861104676364,0.112148232648133,0.138330699414234
"ONCDGDAG_01072",217.961602255394,0.548360505536867,0.23744396185505,2.30943124959993,0.0209196626205951,0.0281793189124446
"ONCDGDAG_01073",458.526986399503,0.620388417677724,0.395487373485556,1.56866807708687,0.116725300674302,0.143727787148806
"ONCDGDAG_01074",158.093769853156,0.799597090665408,0.171499426857989,4.66238928791008,3.12559239629423e-06,5.58029731328376e-06
"ONCDGDAG_01075",21.3721104028814,0.136897287778037,0.318968137694594,0.42918797083461,0.667786436367423,0.707461828056538
"ONCDGDAG_01076",14876.3304580214,-0.364776135862027,0.269821232370477,-1.35191783336447,0.176401601941478,0.210927816571264
"ONCDGDAG_01077",242.046120979092,0.553242320700563,0.122901086320144,4.50152506593334,6.7467606574375e-06,1.18452357881041e-05
"ONCDGDAG_01078",11.2028483090778,-0.728698938943406,0.324085523477949,-2.24847728810382,0.0245457717374483,0.0327903833979674
"ONCDGDAG_01079",13.3065352626543,-0.235072811071719,0.30320964738186,-0.775281436793041,0.438173375953315,0.483601021893543
"ONCDGDAG_01080",2.59853297960724,0.0716998029085978,0.630925345464428,0.113642292902054,0.90952135961598,0.924097022430339
"ONCDGDAG_01081",1.82477644370702,-2.42111629287668,1.23630991340727,-1.95834091971654,0.0501900222747512,0.0645281726747094
"ONCDGDAG_01082",1.33739953738774,-1.01859267306947,0.89027294954871,-1.14413526052409,0.252567546524812,0.29363293000623
"ONCDGDAG_01083",1.86148342692913,0.169219631181962,0.76492258592101,0.221224519051444,0.824917618743383,0.847493686091059
"ONCDGDAG_01084",1.91502181244984,-0.21907120056852,0.711278450426632,-0.307996397806118,0.758085073331721,0.790214363980782
"ONCDGDAG_01085",1.35580534897092,0.267454514571333,0.890798146284666,0.300241435937906,0.763993000843338,0.79521051857207
"ONCDGDAG_01086",1.60874808072615,-0.953412019118951,0.850601328700956,-1.12086824573271,0.262343949215689,0.303761074315082
"ONCDGDAG_01087",0.607828880977169,2.92696413835446,2.07302722775411,1.41192749384459,0.157971311343744,0.190406485535995
"ONCDGDAG_01088",6.5994062545859,1.50426630430679,0.515197569411239,2.91978532823018,0.0035027257994831,0.00505988693970901
"ONCDGDAG_01089",8.88624373714048,1.43128927678403,0.391659446714012,3.65442296564636,0.000257761038970368,0.000406069709653483
"ONCDGDAG_01090",181.429941102915,-0.775751625823536,0.125440377061146,-6.18422587685141,6.24079555094812e-10,1.30439485031905e-09
"ONCDGDAG_01091",272.350479128054,0.857471923756267,0.10912923838058,7.85739858978851,3.92193298147933e-15,9.8757941713685e-15
"ONCDGDAG_01092",81.0623548977357,0.466521183770431,0.115050762198246,4.05491606362901,5.01523083480369e-05,8.28035507621234e-05
"ONCDGDAG_01093",43.5577381131708,-0.0449496686197651,0.18540563321269,-0.242439605749199,0.808439548598544,0.833265185025883
"ONCDGDAG_01094",109.97320110909,-2.62671229772982,0.144635239888587,-18.1609426565281,1.05202697535579e-73,7.57937616335878e-73
"ONCDGDAG_01095",6.47511733188796,0.173907735516381,0.381188812270012,0.456224658013297,0.648228435641714,0.689815638525107
"ONCDGDAG_01096",399.704390128739,1.30904877308795,0.0722098791371331,18.1283889230995,1.90251891728394e-73,1.35697161775277e-72
"ONCDGDAG_01097",73.6609154700751,1.64851207377001,0.207807248867293,7.93289013138694,2.14103834605419e-15,5.43450391574076e-15
"ONCDGDAG_01098",84.0346345726377,1.88241041227634,0.146346507748565,12.8626944450938,7.29873704072645e-38,3.24350417090227e-37
"ONCDGDAG_01099",1222.40351005242,2.49987437561473,0.147528244473818,16.9450560774374,2.09334419780229e-64,1.37294505662757e-63
"ONCDGDAG_01100",747.922297376307,-2.48683055399736,0.127121992204694,-19.5625517730482,3.22525590310691e-85,2.64415376194368e-84
"ONCDGDAG_01101",32.7155808744781,-0.271209716321837,0.19614264900473,-1.38271669979993,0.16675174930692,0.199987068154627
"ONCDGDAG_01102",24.4051255126554,0.195554997342221,0.291950390785847,0.669822694245565,0.502970824761465,0.546241249731428
"ONCDGDAG_01103",367.542426548702,-2.40190401832831,0.0884929266720527,-27.1423277391375,3.11917619384408e-162,4.44950484051858e-161
"ONCDGDAG_01104",201.492542609439,-0.0478598714737809,0.0868593900082522,-0.551004001631072,0.581630931409443,0.623597537508884
"ONCDGDAG_01105",148.481010812115,5.46637028563253,0.297898305055358,18.3497864635944,3.31412260678856e-75,2.43064056482462e-74
"ONCDGDAG_01106",414.005621069015,3.97104469500878,0.158421964792861,25.0662507575953,1.16111452252285e-138,1.38605009738815e-137
"ONCDGDAG_01107",10.101865915167,1.44171445228841,0.405093797830108,3.55896451639344,0.000372319824342288,0.000579819027755758
"ONCDGDAG_01108",14.7402742427529,0.194203229167747,0.292588927782998,0.663740868936026,0.506856177153672,0.550251397800391
"ONCDGDAG_01109",100.638759507111,-0.69581575595071,0.199024135991828,-3.49613755378534,0.00047204529399177,0.000729152801168663
"ONCDGDAG_01110",2132.34270551374,-0.633752994121664,0.14363510450046,-4.41224306777759,1.02305165391087e-05,1.7743260599439e-05
"ONCDGDAG_01111",91.8151275194868,1.36590096837704,0.305192466498069,4.47553959653747,7.62185709891718e-06,1.33487773500373e-05
"ONCDGDAG_01112",892.83113295291,-1.52428924935187,0.134068387691095,-11.3694904190536,5.93329630053093e-30,2.21857068747244e-29
"ONCDGDAG_01113",1723.6403332714,-1.25631205508728,0.113625940623888,-11.0565602202211,2.03762749985522e-28,7.35867247732524e-28
"ONCDGDAG_01114",9.41073787492144,-0.500121221702759,0.346283435390997,-1.44425395669897,0.148667552260871,0.180182041886264
"ONCDGDAG_01115",20.572687370513,0.0418799913617229,0.297826402770619,0.140618799985904,0.888171095573342,0.904982905596695
"ONCDGDAG_01116",76.6517696698383,-0.172679978629031,0.128452933116913,-1.34430545444894,0.178849632495196,0.213675880028808
"ONCDGDAG_01117",41.9036614629456,-1.46412057914523,0.226419433652426,-6.46640862724169,1.00359464399542e-10,2.17242452148629e-10
"ONCDGDAG_01118",194.34749137809,-0.526306736594696,0.142930722793189,-3.6822505778287,0.000231184010862628,0.000365209292907573
"ONCDGDAG_01119",239.827028087174,-0.439423280365463,0.105983838602915,-4.14613478958647,3.38134820571448e-05,5.64151253269205e-05
"ONCDGDAG_01120",390.257240757099,-0.011234088527794,0.0668835374922775,-0.167964927529306,0.866610870809248,0.884938032829096
"ONCDGDAG_01121",411.407818217826,-0.100138728342083,0.099381926133003,-1.00761508896565,0.31363928231959,0.356925756863897
"ONCDGDAG_01122",96.87344605096,-1.28829277323566,0.14902050349537,-8.64507059778984,5.37720412936501e-18,1.47511186356523e-17
"ONCDGDAG_01123",148.936812355202,-0.997190512904251,0.149954112461682,-6.64997109138349,2.93150592067735e-11,6.48340030363758e-11
"ONCDGDAG_01124",168.793773788634,-0.601655565000368,0.147334465108824,-4.0836036874059,4.43426299935519e-05,7.36376736738088e-05
"ONCDGDAG_01125",661.222967700613,-1.08928223703087,0.0777612969868341,-14.0080255762104,1.39221945319518e-44,7.01767155470998e-44
"ONCDGDAG_01126",3405.10429982467,-0.378959796111857,0.0867556047093708,-4.36813042086863,1.25314655999218e-05,2.15895358433436e-05
"ONCDGDAG_01127",5513.72911526291,-0.610997375706511,0.116500913695991,-5.24457153444228,1.56645922315239e-07,2.96163562866387e-07
"ONCDGDAG_01128",166.382618524133,-1.14035994008322,0.13950034149097,-8.17460321526912,2.96841120040169e-16,7.73413438789592e-16
"ONCDGDAG_01129",142.680909166559,-0.943350743145553,0.118217067812637,-7.97981848645305,1.46548638549927e-15,3.74309100969509e-15
"ONCDGDAG_01130",332.594878101216,-1.01948492173042,0.154284066617906,-6.60784320817283,3.89959365593139e-11,8.58452214534896e-11
"ONCDGDAG_01131",5999.7578885064,0.0112677541939546,0.111923324028446,0.100673870185368,0.91980935453818,0.932557245379327
"ONCDGDAG_01132",4009.74129435556,-1.42269539423383,0.0794981888745498,-17.8959472457779,1.26821912573235e-71,8.88999795015825e-71
"ONCDGDAG_01133",4335.98183631584,1.69368011379116,0.0617954795171213,27.4078318839147,2.21215924897394e-165,3.25324244191889e-164
"ONCDGDAG_01134",1827.06847209409,1.27035394162937,0.0987328237156086,12.8665816880566,6.94064515639352e-38,3.08918262577078e-37
"ONCDGDAG_01135",4329.91963831418,1.07399711309183,0.0717960973803161,14.958990144028,1.36075239576253e-50,7.4088293608979e-50
"ONCDGDAG_01136",219.450203357084,0.27087714038886,0.194204919628586,1.3948006101334,0.163075974876832,0.196227649229693
"ONCDGDAG_01137",2056.59627996283,-0.572997022755426,0.112198266573239,-5.10700423683813,3.27306412591907e-07,6.06761010477396e-07
"ONCDGDAG_01138",45.6565333081832,0.887711829752257,0.258705894719204,3.43135524884645,0.000600573550149424,0.000921492222335415
"ONCDGDAG_01139",20.8975387767569,-0.35007126036688,0.262169696078706,-1.33528499137362,0.181783088919203,0.216817371524451
"ONCDGDAG_01140",13373.0407809951,0.651063506925686,0.138352136843882,4.70584352202926,2.52818389182706e-06,4.53072150966244e-06
"ONCDGDAG_01141",589.970093327154,1.322311742323,0.13412076020717,9.85911308794023,6.25998859629612e-23,1.92661784953968e-22
"ONCDGDAG_01142",385.093211381907,1.5625933745699,0.185285417561562,8.43343958274922,3.35651004331556e-17,9.0255637639767e-17
"ONCDGDAG_01143",691.183873299159,4.08279175442956,0.252308885333719,16.1817200731136,6.78715219394421e-59,4.11119855824264e-58
"ONCDGDAG_01144",389.971968569938,0.299255883986113,0.0670545099533069,4.4628748192254,8.08673006337429e-06,1.4154258202949e-05
"ONCDGDAG_01145",9.36922915459767,-0.692230955215012,0.350554828460853,-1.97467243071312,0.0483053335212349,0.0622752447067705
"ONCDGDAG_01146",87.5393611666693,-0.755438533838458,0.130794624063749,-5.7757613452848,7.66058919960275e-09,1.53480765354401e-08
"ONCDGDAG_01147",60.0496673093718,-0.71897436989848,0.140422394707266,-5.1200833841162,3.05400590583923e-07,5.67257737588497e-07
"ONCDGDAG_01148",7222.40582502426,-2.15896613618174,0.279382846516334,-7.72762595521597,1.09570731538612e-14,2.71594523961478e-14
"ONCDGDAG_01149",6840.23290090411,-2.07953094838795,0.188851618660632,-11.0114541942311,3.36527512639601e-28,1.20617210246329e-27
"ONCDGDAG_01150",33661.8440162945,-1.61215960707285,0.12521525705451,-12.8751051988099,6.21543360296225e-38,2.77505979174511e-37
"ONCDGDAG_01151",351.171278664671,-0.529393401111452,0.090732858045937,-5.83463821720932,5.39074054669197e-09,1.08461091535347e-08
"ONCDGDAG_01152",633.616930183707,-0.304781616921638,0.0670235591491012,-4.54738036581463,5.43177779020742e-06,9.60942911569207e-06
"ONCDGDAG_01153",931.141307309224,-1.75069646202137,0.113780934700561,-15.3865537018896,2.01481411350426e-53,1.14052870353723e-52
"ONCDGDAG_01154",888.040286470394,-2.20083653507361,0.204884377750202,-10.7418464952799,6.47364829263446e-27,2.23870528228923e-26
"ONCDGDAG_01155",811.513866897233,-1.7217760393737,0.0704214963116578,-24.4495804484727,5.08436376409636e-132,5.73347423674581e-131
"ONCDGDAG_01156",1966.81058160878,-1.16662393527239,0.191472706776594,-6.09289937407936,1.10883767977602e-09,2.28742870600216e-09
"ONCDGDAG_01157",3361.82529721504,-0.774070447793241,0.15338763598457,-5.04649832318367,4.49980840327543e-07,8.32552099516525e-07
"ONCDGDAG_01158",372.253436726175,-0.675865936656117,0.0777634000106127,-8.6913115496992,3.5827904792203e-18,9.96267177116523e-18
"ONCDGDAG_01159",10.3641949291746,-1.1536432736559,0.785421380597496,-1.46882081664021,0.141881396312872,0.172690965734054
"ONCDGDAG_01160",452.918154802486,0.445456085382264,0.238079678373047,1.87103783248682,0.061339837352059,0.0780564477990296
"ONCDGDAG_01161",436.110578603758,1.22846186649225,0.209426587872905,5.86583527416189,4.46877284773468e-09,9.04855140850748e-09
"ONCDGDAG_01162",700.902489884877,1.60748514404804,0.0819001602223663,19.6273748388718,9.02592193841146e-86,7.50756714002562e-85
"ONCDGDAG_01163",236.712993041506,0.011156256556375,0.086441874112964,0.129060789933774,0.89730954756584,0.912664577256806
"ONCDGDAG_01164",30.3323129312933,0.231460522763711,0.208927847412371,1.107849076274,0.26792700125543,0.309228312463375
"ONCDGDAG_01165",8.19767807034148,-0.118801741276068,0.668554452771211,-0.177699424158534,0.858959037505979,0.878354886739985
"ONCDGDAG_01166",21.1344113092235,0.0519922746162373,0.286031502853267,0.181771147924601,0.855762327902458,0.875713745159868
"ONCDGDAG_01167",23.9748298430134,-0.206896758194869,0.232168221947637,-0.891150203327708,0.372848595017024,0.416661590906216
"ONCDGDAG_01168",67.4270956099129,0.219601864917833,0.149070433990867,1.47314164880802,0.140712845132275,0.171488144879274
"ONCDGDAG_01169",335.233733535691,-2.02993082962273,0.109870743669325,-18.4756265574406,3.2443875209101e-76,2.42309884742317e-75
"ONCDGDAG_01170",101.953994630535,-3.38272994338836,0.168699029109669,-20.0518637317663,1.94423474963921e-89,1.67075353636164e-88
"ONCDGDAG_01171",360.423688919317,-0.150006418421444,0.142344165341206,-1.05382906325574,0.291961184778823,0.334255722381213
"ONCDGDAG_01172",379.748466078106,-0.156468500404294,0.126841660380732,-1.23357341692495,0.217361903727778,0.255725159313547
"ONCDGDAG_01173",1167.50030787745,-0.608151935866774,0.0854342828774487,-7.1183594616126,1.09219222740511e-12,2.53335319088357e-12
"ONCDGDAG_01174",855.501138259254,-0.551880477226802,0.127423660059066,-4.33106753463981,1.48388156820611e-05,2.54112491842258e-05
"ONCDGDAG_01175",1453.95930331084,0.819159452102924,0.139891714285435,5.85566812364248,4.75096122796534e-09,9.60630218524814e-09
"ONCDGDAG_01176",689.775406355561,-2.90917501287572,0.25171535366859,-11.557399937971,6.77285449469896e-31,2.58674081303563e-30
"ONCDGDAG_01177",1209.97902519027,-2.21872452797325,0.0762979446571847,-29.0797417668619,6.47613890965405e-186,1.08049264966333e-184
"ONCDGDAG_01178",2624.71849373784,-1.39472013734702,0.242344753796527,-5.75510761218306,8.65866194378847e-09,1.72991334213085e-08
"ONCDGDAG_01179",346.25122879718,-0.947551126319094,0.0768412467762562,-12.3312825607599,6.14605992465851e-35,2.56730731552719e-34
"ONCDGDAG_01180",9297.28602441707,1.00571505141578,0.0529056989337329,19.0095787728933,1.42088813555702e-80,1.11062845225868e-79
"ONCDGDAG_01181",79.2685764072265,2.72523876182486,0.211239595563631,12.9011739231623,4.43292258682453e-38,1.98854216041044e-37
"ONCDGDAG_01182",245.39271826694,3.6044503303099,0.156817282114754,22.9850325276794,6.58027926872059e-117,6.95316176061476e-116
"ONCDGDAG_01183",1753.9653745228,1.34132519339337,0.10037150304386,13.3636057318703,9.86664739896313e-41,4.64513944376928e-40
"ONCDGDAG_01184",1006.2931808955,-1.23446860437786,0.0551607195511798,-22.3794869686659,6.23578161232959e-111,6.33120460497378e-110
"ONCDGDAG_01185",270.752562334737,-1.05488811121019,0.149530957055413,-7.05464695728032,1.73039489125084e-12,4.0006617704527e-12
"ONCDGDAG_01186",118.902821818291,-0.741051921538189,0.126215336471294,-5.87133023811834,4.32312134496007e-09,8.76607334553737e-09
"ONCDGDAG_01187",739.125474197505,-0.38095035638887,0.0578071893881557,-6.59001692386249,4.39776443145616e-11,9.66627266790787e-11
"ONCDGDAG_01188",2066.7001355812,-2.77624009911453,0.0585993928774056,-47.3766017494863,0,0
"ONCDGDAG_01189",418.634712903946,0.705715899163431,0.0771915868003524,9.14239398898079,6.10848362740138e-20,1.76570453789019e-19
"ONCDGDAG_01190",173.020486240835,-1.95423234147521,0.118038235935361,-16.5559263571625,1.45090977873201e-61,9.09768263455475e-61
"ONCDGDAG_01191",488.497013965676,-1.64698648062622,0.134729529600929,-12.2243912340867,2.30300463397571e-34,9.46753922295779e-34
"ONCDGDAG_01192",639.029651568994,-1.07567449666814,0.123166184826687,-8.73352128412333,2.46864239761362e-18,6.88468891533888e-18
"ONCDGDAG_01193",353.754704106702,-0.273419752255076,0.360848610481364,-0.757713191386107,0.44862270019769,0.493338078915185
"ONCDGDAG_01194",3774.57464365676,-0.280644375677796,0.29052324328207,-0.965996291750459,0.334046036606082,0.37758848749491
"ONCDGDAG_01195",467.774558050156,-1.25038505687686,0.246210169885188,-5.0785272495443,3.80371883060398e-07,7.04218677723113e-07
"ONCDGDAG_01196",2112.70339186663,-2.12570547704398,0.104854594386968,-20.2728882742041,2.23166882340494e-91,1.94707986335605e-90
"ONCDGDAG_01197",710.931061834629,-0.550893931777728,0.0809594688351953,-6.80456455191365,1.01355334600346e-11,2.27690369775422e-11
"ONCDGDAG_01198",2515.37573139253,0.0581255144757699,0.0948102031697054,0.613072354372327,0.539828498968376,0.582280040664188
"ONCDGDAG_01199",1527.18178574464,3.35123749493225,0.262633511625819,12.7601290261345,2.73747280851047e-37,1.20339135942687e-36
"ONCDGDAG_01200",408.924979840578,3.38077172248743,0.137281321861054,24.6265965147771,6.55687418974331e-134,7.54304921908777e-133
"ONCDGDAG_01201",786.403983362924,-0.642393603871361,0.13372968343399,-4.80367250841847,1.5578155107287e-06,2.81472302223494e-06
"ONCDGDAG_01202",32.2721210736551,-0.296699798896764,0.327731821595315,-0.905312756791529,0.365299720071411,0.408866261813941
"ONCDGDAG_01203",623.241544555759,-1.0202766281718,0.144709478854076,-7.05051691327452,1.782543447051e-12,4.11456023821723e-12
"ONCDGDAG_01204",239.79535642835,-1.63408196279779,0.0914858001284476,-17.8615912032634,2.3484773479869e-71,1.64220732201143e-70
"ONCDGDAG_01205",273.212718025986,0.860803721244849,0.50238773233623,1.71342504173399,0.0866343726012227,0.108454526121671
"ONCDGDAG_01206",1790.73210783902,-1.43208064280093,0.174486672899846,-8.20739268507306,2.26043340030373e-16,5.91110585798949e-16
"ONCDGDAG_01207",1495.18828509482,1.11767597015197,0.248438989721241,4.49879453867548,6.8339865123336e-06,1.1983628469384e-05
"ONCDGDAG_01208",847.76199290152,0.835683066480383,0.0639037746471161,13.0772097750895,4.44457450700192e-39,2.02885937095624e-38
"ONCDGDAG_01209",735.210650296602,0.343223609466275,0.105410119012544,3.25607837920599,0.00112962563244149,0.00169622206808187
"ONCDGDAG_01210",269.05868218882,0.613045897911718,0.820638999240889,0.747034808824343,0.455042549499472,0.499898495849824
"ONCDGDAG_01211",1025.53509948797,-0.495145963475635,0.182198810514237,-2.71761358967239,0.00657545807184026,0.00930544736059537
"ONCDGDAG_01212",967.343501659304,0.1426759271314,0.186096392030864,0.766677556584427,0.443273250765134,0.488285167734721
"ONCDGDAG_01213",182.731134419297,0.460363359018397,0.146950026711089,3.13278853581629,0.00173154143466433,0.00256627933147913
"ONCDGDAG_01214",29.7384046252682,-0.176980224975917,0.206057222218468,-0.858888725522456,0.390401910235708,0.434236510683226
"ONCDGDAG_01215",2.46165042143215,-0.557077217343218,0.719791416805973,-0.773942567716647,0.438964755199336,0.484287102313884
"ONCDGDAG_01216",22.6759365010738,-0.732928818804907,0.235524699691943,-3.11189790184872,0.00185888775994963,0.00274787916017424
"ONCDGDAG_01217",139.250569652526,0.72458855377881,0.108379918986317,6.68563476108786,2.29925823900991e-11,5.108865853501e-11
"ONCDGDAG_01218",692.281819104133,-0.0483324628002904,0.069180171903908,-0.698646179535731,0.484773176460188,0.527884684137754
"ONCDGDAG_01219",104.359779520718,0.485706904481166,0.160988340834061,3.01703155622809,0.00255263237230501,0.00374045205864725
"ONCDGDAG_01220",124.658379622125,0.38308131532442,0.226134141582317,1.69404457303043,0.0902568134573196,0.112594092170412
"ONCDGDAG_01221",18.4391717350721,0.258049918884706,0.357704183852978,0.721405928510941,0.470659800094106,0.514677044717701
"ONCDGDAG_01222",27.1389223885002,0.258525515492597,0.191070295291884,1.3530387604084,0.176043247965111,0.210587583414869
"ONCDGDAG_01223",49.9173661558188,0.0472656521920111,0.255933439041372,0.184679471229121,0.853480448778181,0.873692041752476
"ONCDGDAG_01224",27.813422954244,0.0881313824705628,0.252144672982329,0.349527045041874,0.726693670579931,0.762947248057131
"ONCDGDAG_01225",39.0112397276163,-0.131345725214382,0.178160855320136,-0.737231110494883,0.46098181741022,0.505644415636816
"ONCDGDAG_01226",299.891636111063,0.458391854582801,0.115650262930572,3.96360408499879,7.38266528550704e-05,0.000120358537483152
"ONCDGDAG_01227",3626.39857104794,0.226433524167523,0.151742275137166,1.49222439140866,0.135640330090224,0.165660043556253
"ONCDGDAG_01228",3865.92505255246,-0.437867370692214,0.0571515426962567,-7.66151445848709,1.83753186524659e-14,4.52718342966193e-14
"ONCDGDAG_01229",387.711008891285,0.264291616694678,0.130005470654509,2.03292688656954,0.0420599102153841,0.0544945158240194
"ONCDGDAG_01230",352.176169615724,0.221250847856362,0.105117245387644,2.10480066368224,0.0353086633872658,0.0462726764556129
"ONCDGDAG_01231",222.390397190061,1.33499356555197,0.279686890225818,4.77317175815462,1.81347004503831e-06,3.27043618109628e-06
"ONCDGDAG_01232",34.9858500701263,0.787918022243811,0.31471873235003,2.50356251869841,0.0122949956228246,0.0169539016490665
"ONCDGDAG_01233",552.102687150004,-1.24573385551906,0.085318235482336,-14.601026949004,2.76646514666503e-48,1.46432747002511e-47
"ONCDGDAG_01234",995.961252297641,-0.321021491672444,0.0827920874773052,-3.8774416910365,0.000105560615608035,0.000170534788408678
"ONCDGDAG_01235",287.552668641703,-0.564501527345618,0.075799215679235,-7.44732676040422,9.52505006004439e-14,2.28938229328615e-13
"ONCDGDAG_01236",225.017221256296,-0.500079214956326,0.192509927884924,-2.59768013239949,0.00938558781548321,0.0131195894353619
"ONCDGDAG_01237",12215.3408720552,0.493393261571758,0.0854059259174451,5.77703779066433,7.60272147100658e-09,1.52428421340701e-08
"ONCDGDAG_01238",4951.39222434277,-0.338765366075955,0.075999900057672,-4.45744488899176,8.2942351262589e-06,1.44907855573893e-05
"ONCDGDAG_01239",10151.0439866413,-1.11216761066709,0.0354211072592521,-31.3984428134045,2.12487526090508e-216,4.36134469018862e-215
"ONCDGDAG_01240",3591.92854354316,-1.92306650578804,0.0709108493647261,-27.1194961422173,5.79995544362711e-162,8.23247406998415e-161
"ONCDGDAG_01241",3408.32184486424,1.94718346065027,0.0708501228776923,27.4831345601428,2.79295268794001e-166,4.12864975061806e-165
"ONCDGDAG_01242",1889.05978678639,1.64506435457412,0.0633133604080129,25.9828943523573,7.72972924735365e-149,9.8892006917937e-148
"ONCDGDAG_01243",2723.94777885988,0.547333925078857,0.0447764334341436,12.2237052641512,2.32252591964268e-34,9.53405244423102e-34
"ONCDGDAG_01244",30939.0135658554,0.602165300984995,0.091655432426061,6.56988118484701,5.0355426488014e-11,1.1034103822604e-10
"ONCDGDAG_01245",716.734659475842,-0.694132549506923,0.0611645104726395,-11.3486161197583,7.5345751325059e-30,2.80995331412279e-29
"ONCDGDAG_01246",872.50675689506,-0.622134477319838,0.126732782342732,-4.90902563503543,9.15300143611286e-07,1.66859508608498e-06
"ONCDGDAG_01247",297.93455428302,-1.17148485010267,0.110034917336739,-10.6464827570832,1.81078079532037e-26,6.19443358399164e-26
"ONCDGDAG_01248",578.865675271269,-2.41226017409042,0.221915089456606,-10.8701944513877,1.5985977585827e-27,5.64455371935205e-27
"ONCDGDAG_01249",750.454754180834,-0.410716970396409,0.0881292078503195,-4.66039557616335,3.15602245936139e-06,5.6311019865904e-06
"ONCDGDAG_01250",391.633807145957,2.51283187765965,0.114189899497796,22.0057280784993,2.53811630155481e-107,2.51432146122774e-106
"ONCDGDAG_01251",5776.14401886321,2.28064094793259,0.100852275652678,22.6136786024225,3.17908426353435e-113,3.29815541958673e-112
"ONCDGDAG_01252",513.884163129642,1.93991293570073,0.774561854265384,2.50452939945073,0.0122614414597713,0.0169158087450326
"ONCDGDAG_01253",525.821471732719,-0.591377085610279,0.0655827139403668,-9.01727071173065,1.92833460952075e-19,5.52363317365732e-19
"ONCDGDAG_01254",3042.96427904889,-2.45919351540476,0.208043118325155,-11.8205953419773,3.05511743757257e-32,1.20723684894661e-31
"ONCDGDAG_01255",2955.53879193332,-3.37432899616538,0.0794029936094956,-42.4962440680808,0,0
"ONCDGDAG_01256",12.2937719157439,-0.959444572936915,0.443177948247015,-2.16491947925655,0.0303938521835387,0.0401080759850305
"ONCDGDAG_01257",19.6572620443948,-0.620632543079307,0.270657068799984,-2.29305868799589,0.0218446263844657,0.0293836487858937
"ONCDGDAG_01258",16.0623163301464,-0.324340626516549,0.443533940434105,-0.731264503003093,0.464617607884803,0.508849917579786
"ONCDGDAG_01259",22.0032104499192,-0.176367380182406,0.568720909448125,-0.310112354324284,0.756475517693731,0.789113218274301
"ONCDGDAG_01260",5.9696014001114,-0.986282344921666,0.615829306201376,-1.60155149323009,0.109254824537116,0.134936802772464
"ONCDGDAG_01261",27.603254754481,-0.15699850643378,0.240897066965297,-0.651724441528367,0.514578952305688,0.558422879774867
"ONCDGDAG_01262",27.6252598047366,-0.895944497081021,0.228154464674113,-3.92692073048297,8.60403221421611e-05,0.000139711462192137
"ONCDGDAG_01263",1930.89250477233,2.86234172008514,0.0527818274275413,54.2296820627242,0,0
"ONCDGDAG_01264",535.942481801595,-1.34183692367672,0.13645829645463,-9.83331141117431,8.09135455319658e-23,2.48221876777095e-22
"ONCDGDAG_01265",1635.06643211256,-1.03478692446813,0.0955948112056173,-10.8247185324984,2.62885609705733e-27,9.22524777971039e-27
"ONCDGDAG_01266",846.28447844311,0.341663484381248,0.0754593674265099,4.52778092413768,5.96063303313791e-06,1.05038209039793e-05
"ONCDGDAG_01267",7319.42209003751,-0.391836040204567,0.176962315282178,-2.21423436724231,0.0268126608722259,0.0355632363870109
"ONCDGDAG_01268",820.932946342032,-1.97221367991103,0.0873999803889155,-22.5653789753157,9.48573270089359e-113,9.76996223669654e-112
"ONCDGDAG_01269",6487.98016689531,1.06025373847894,0.305541937983823,3.4700759754135,0.000520311164901159,0.000801537663856915
"ONCDGDAG_01270",2765.79666440924,0.129323348188024,0.101756256010933,1.27091299599436,0.203759602483502,0.241014156668918
"ONCDGDAG_01271",268.540266835908,-0.0307940488395913,0.339887915015047,-0.0906005994306331,0.927809955616098,0.939000284985005
"ONCDGDAG_01272",6833.5174559643,-0.895698182326369,0.0603221848755899,-14.8485699610132,7.10685312222273e-50,3.82563244484933e-49
"ONCDGDAG_01273",971.811837411506,1.06384707425589,0.111877203254978,9.50906032063825,1.92392525675444e-21,5.69985333075847e-21
"ONCDGDAG_01274",171.129786102509,0.76007791663783,0.136806904201767,5.55584472196554,2.76272391829657e-08,5.4023655509939e-08
"ONCDGDAG_01275",505.289593357152,0.689222310884101,0.124220523646446,5.54837711718036,2.88333427579265e-08,5.63435115673728e-08
"ONCDGDAG_01276",134.308834504947,0.225070384610314,0.129261966200437,1.74119573781907,0.081649274114116,0.10243860116428
"ONCDGDAG_01277",27.5383176264126,-0.480260337451282,0.207886544061846,-2.31020405682632,0.020876859560676,0.028134945832125
"ONCDGDAG_01278",21.4139140787979,-0.525037781938912,0.220593249218687,-2.38011717855613,0.0173071335391514,0.0234794350866376
"ONCDGDAG_01279",889.666291036147,1.1306318751048,0.163217046680299,6.9271678302048,4.29349123024868e-12,9.7371466453891e-12
"ONCDGDAG_01280",476.120845824647,0.796530472534709,0.105088740948995,7.57959858821894,3.46625721018794e-14,8.46680806563887e-14
"ONCDGDAG_01281",1994.00303873294,-1.68120132235407,0.267300811050792,-6.28954815267886,3.18391337939968e-10,6.75870898171673e-10
"ONCDGDAG_01282",4755.26750770295,-0.216200479359286,0.15016625574117,-1.43974076127951,0.149940756560065,0.18149383897576
"ONCDGDAG_01283",1536.73505675955,2.11821646725601,0.0970313487955471,21.8302279989868,1.19821514697723e-105,1.17072185422124e-104
"ONCDGDAG_01284",339.46175984838,1.44440670569162,0.287958317151062,5.01602704162869,5.2750907415176e-07,9.72211491314581e-07
"ONCDGDAG_01285",599.019493370233,0.432445950790224,0.0707199555549176,6.11490699332253,9.66132938970633e-10,2.00172641603719e-09
"ONCDGDAG_01286",2417.73128214553,0.556143968513397,0.0472436677752299,11.7718203243522,5.45348954943353e-32,2.13426689774127e-31
"ONCDGDAG_01287",482.817051452963,0.646381519270347,0.196141494083809,3.2954858546869,0.000982516497183221,0.001483132045748
"ONCDGDAG_01288",13423.6601669588,-1.9674283476353,0.0472959349820735,-41.5982546572134,0,0
"ONCDGDAG_01289",2465.19002870547,-1.20678309926738,0.10577737183981,-11.4087075361915,3.78308592921365e-30,1.42202162793762e-29
"ONCDGDAG_01290",4022.6385832455,-1.10093658434252,0.0805703059184113,-13.664296936608,1.65898317949378e-42,8.09073335230045e-42
"ONCDGDAG_01291",822.828623573671,1.2545259255541,0.176154415861036,7.12173986341486,1.06573063323995e-12,2.47600121875699e-12
"ONCDGDAG_01292",262.160536040751,-1.06668561189057,0.207758704457986,-5.13425232734966,2.83267847739933e-07,5.26833878488937e-07
"ONCDGDAG_01293",746.070728850773,-0.991012482197366,0.0812192192133444,-12.2016992011977,3.04404540474544e-34,1.24422085096544e-33
"ONCDGDAG_01294",500.332039363311,-0.703921385083007,0.0670812461995791,-10.4935645200853,9.2472554981116e-26,3.09289799954424e-25
"ONCDGDAG_01295",279.783871444367,-1.04853494011523,0.13556525546935,-7.73454036201989,1.03777352620439e-14,2.57757388663472e-14
"ONCDGDAG_01296",396.695792496071,-1.26077629319488,0.145419188082522,-8.66994452258542,4.32330978072711e-18,1.18943132154431e-17
"ONCDGDAG_01297",6561.55780886326,-0.00308267561674366,0.090989331507076,-0.0338795281346136,0.972973217997403,0.977082925359589
"ONCDGDAG_01298",25650.8911811247,0.271765546887648,0.233857171437961,1.16210054716985,0.245194625210175,0.285526639071278
"ONCDGDAG_01299",210.037456873683,-0.374266015603488,0.149168509989295,-2.50901490958344,0.012106837419482,0.0167267831272552
"ONCDGDAG_01300",3301.56618594358,-2.38889452875218,0.0433252265456854,-55.138650601934,0,0
"ONCDGDAG_01301",82261.8751378989,-2.21488704118623,0.120651763372007,-18.3576847887174,2.86566754433031e-75,2.10715193401401e-74
"ONCDGDAG_01302",3382.3367691522,-0.19076277926557,0.0929575325560324,-2.05214977226921,0.0401551090984665,0.0521687278041553
"ONCDGDAG_01303",1853.37573153624,-0.225971838499103,0.0566641122713816,-3.9879180920872,6.66556673071964e-05,0.000109166830555357
"ONCDGDAG_01304",16140.038342756,-2.1244932734494,0.204670743109623,-10.3800535492828,3.05603723557153e-25,1.00447859828175e-24
"ONCDGDAG_01305",8.68124303314313,0.590723984027781,0.367635001002941,1.60682193593166,0.108093434815505,0.133560229332454
"ONCDGDAG_01306",29.4838512084611,0.425163555804791,0.264413336237475,1.60795049846859,0.107846020699319,0.133312260422511
"ONCDGDAG_01307",49.1743010352191,0.986289513650254,0.193403437132413,5.09964832204607,3.40285129223459e-07,6.30411346541901e-07
"ONCDGDAG_01308",80.2594429381183,1.10502096245398,0.153754781477125,7.18690470525876,6.62766335797433e-13,1.54862600821464e-12
"ONCDGDAG_01309",1052.32419860034,2.76691306979449,0.202956920975295,13.6330067311737,2.54859586034026e-42,1.23869573927611e-41
"ONCDGDAG_01310",182.998719107352,-1.836984084013,0.176315000864794,-10.4187623004448,2.03585240718159e-25,6.73815187666947e-25
"ONCDGDAG_01311",17.0190482312933,-3.67311936575518,0.433175497457541,-8.47951785665164,2.26129043872432e-17,6.11512949922321e-17
"ONCDGDAG_01312",338.857062969857,-0.716228012938595,0.116275974736978,-6.15972486628246,7.28714382030961e-10,1.51753440287178e-09
"ONCDGDAG_01313",3272.83439044308,1.37982511718179,0.139611921714461,9.88329005315077,4.91907888077275e-23,1.51556501585795e-22
"ONCDGDAG_01314",2828.81690324653,1.52039962566387,0.136493677034879,11.138974776651,8.10469367875394e-29,2.96065186497887e-28
"ONCDGDAG_01315",4223.80151676157,1.75885152101446,0.122647029228453,14.3407592672976,1.21716482978266e-46,6.30230718578932e-46
"ONCDGDAG_01316",5418.85669879305,-0.727058334109639,0.0970054441522716,-7.4950260829522,6.6285180353404e-14,1.60809200296141e-13
"ONCDGDAG_01317",1420.43790000782,-0.483557659317082,0.34717564509986,-1.39283289638014,0.163670328130099,0.196761422247367
"ONCDGDAG_01318",3096.2548861067,-0.413129270698397,0.0629281566868546,-6.56509410809896,5.20000108135524e-11,1.13857276171193e-10
"ONCDGDAG_01319",3085.70077343067,-0.238718778758944,0.189158930026836,-1.26200110523504,0.206948388676785,0.244385051254946
"ONCDGDAG_01320",1396.59357279065,0.3248510207162,0.0842571146341272,3.85547288352814,0.000115506134138322,0.000185760428803063
"ONCDGDAG_01321",2638.30229118765,-0.579408258769046,0.231309794758916,-2.50490152988522,0.0122485488621162,0.0169143803986532
"ONCDGDAG_01322",3846.32404482333,0.154137074966532,0.125477866859696,1.22840050459961,0.219296658557574,0.257895039927766
"ONCDGDAG_01323",926.417790002695,0.37257910706363,0.202096464249008,1.84357063567706,0.0652457387418655,0.0828420527950789
"ONCDGDAG_01324",1080.9100189717,-1.09231565504303,0.27513536641356,-3.97010267811647,7.18416652080823e-05,0.000117256447848203
"ONCDGDAG_01325",1059.86368894679,1.11091926479215,0.152576864642962,7.28104662126697,3.31240176266858e-13,7.80370126250492e-13
"ONCDGDAG_01326",761.339898809452,-1.05448835249642,0.0848335859529939,-12.4300810893543,1.79452228987901e-35,7.58484754522194e-35
"ONCDGDAG_01327",5435.33484510524,-0.284746263624084,0.052372302220292,-5.43696288978027,5.41964204287691e-08,1.0447458613735e-07
"ONCDGDAG_01328",812.230100778113,1.06393263074505,0.247675000566714,4.29568034040832,1.74158388867767e-05,2.96641124441635e-05
"ONCDGDAG_01329",408.056822550425,-1.02126617935045,0.0717431950927946,-14.2350250505225,5.55430244994151e-46,2.8552116918348e-45
"ONCDGDAG_01330",768.335691914004,-0.80226196232646,0.104551631524324,-7.67335670070161,1.67552699325516e-14,4.13161496262486e-14
"ONCDGDAG_01331",19.2705229483916,1.86994560338461,0.269887805836852,6.92860352688552,4.25015088183464e-12,9.64652383919987e-12
"ONCDGDAG_01332",29.2053381525803,2.71441538570408,0.2680150485442,10.1278469266864,4.15701900943186e-24,1.32070993696092e-23
"ONCDGDAG_01333",19.8736029658843,0.896529403312038,0.247174799953854,3.62710682269962,0.000286614739092131,0.000449786496496067
"ONCDGDAG_01334",5.40277484281535,0.13589456795183,0.45356932178549,0.299611462734906,0.764473539645256,0.795420499127613
"ONCDGDAG_01335",16.6622764269097,-0.0108801659231039,0.272761454450089,-0.0398889423178919,0.968181666840111,0.972956074496244
"ONCDGDAG_01336",3048.64995604727,-2.02763223298114,0.121137076051336,-16.7383289994705,6.88952044373018e-63,4.39727110200497e-62
"ONCDGDAG_01337",1184.13090147376,3.04059377105816,0.0883846569882284,34.4018280397143,2.36767534821836e-259,6.03123015041694e-258
"ONCDGDAG_01338",704.56754418034,0.70673437295613,0.0910441266783886,7.76254766496529,8.32400718018587e-15,2.07409541354326e-14
"ONCDGDAG_01339",6499.58393421636,1.85205933817185,0.274206658227626,6.75424641452146,1.43579549969082e-11,3.2102857058134e-11
"ONCDGDAG_01340",4905.00313323315,0.255321262337312,0.151640333796418,1.68372922919102,0.0922340098091469,0.115010327790864
"ONCDGDAG_01341",294.602810761033,-1.05655649673011,0.119708428611799,-8.82608274941441,1.0840583183886e-18,3.03813200625016e-18
"ONCDGDAG_01342",957.366733851392,0.461399106773279,0.155056577134123,2.97568226579756,0.00292337573085155,0.00425747369071949
"ONCDGDAG_01343",3953.0081997424,-0.997804665937312,0.0541557935081613,-18.4247077053158,8.32390706070335e-76,6.16833944004848e-75
"ONCDGDAG_01344",31.2476955444529,0.248793754026926,0.353551421368197,0.703698921826213,0.481620291930934,0.524845844764902
"ONCDGDAG_01345",4513.39300296866,2.69211161735293,0.144754970339985,18.5977145449997,3.3530096575575e-77,2.51740435605567e-76
"ONCDGDAG_01346",37.4111614447567,-0.674921082352737,0.274064470683152,-2.46263618436341,0.0137919784615428,0.0188993825892323
"ONCDGDAG_01347",114.461907707933,0.0187914581569365,0.41446484770778,0.0453390878885474,0.963837031828223,0.969614616292638
"ONCDGDAG_01348",11191.6278943,-0.394481436212484,0.165046128907868,-2.39012837697448,0.0168424844459581,0.022870827284302
"ONCDGDAG_01349",1784.32866894477,-0.59921669787628,0.12531869373686,-4.78154280106441,1.73954955091516e-06,3.13911123893798e-06
"ONCDGDAG_01350",798.826947214507,-0.215617530030928,0.227408020529708,-0.948152705998162,0.343051719733206,0.386848441264362
"ONCDGDAG_01351",3286.37563070676,-0.46603628083294,0.208136120468389,-2.23909372282031,0.0251498186205856,0.0335448492400798
"ONCDGDAG_01352",6119.24355711108,-0.614709570161498,0.0818084795110623,-7.51400800791532,5.73440746186775e-14,1.39354893430227e-13
"ONCDGDAG_01353",350.190572669811,0.313336555717454,0.0897408797536573,3.49156991303826,0.000480190776964192,0.000741333488462576
"ONCDGDAG_01354",392.581340972044,0.524868250903649,0.292561220379437,1.79404587601502,0.0728058467708194,0.0918686779465492
"ONCDGDAG_01355",83.2850481605917,0.756979565034623,0.126434741087668,5.98711682028709,2.13593376280921e-09,4.37460087960852e-09
"ONCDGDAG_01356",1002.11727637875,0.723377029740883,0.0478155080513608,15.1285024298784,1.05059054291326e-51,5.80878840878203e-51
"ONCDGDAG_01357",4402.57687358884,-1.18491121099281,0.0889218155244114,-13.3253150984926,1.64934941327506e-40,7.71408832143238e-40
"ONCDGDAG_01358",532.34732432457,2.80287639248265,0.268854961369743,10.4252358900232,1.90186818225826e-25,6.30200920323208e-25
"ONCDGDAG_01359",96.1238368990257,1.33612061402336,0.136260347955388,9.80564510565332,1.06464521999301e-22,3.26254867093453e-22
"ONCDGDAG_01362",285.438932578821,1.76455839398991,0.124689120085508,14.1516628939223,1.82392713540238e-45,9.34230541706102e-45
"ONCDGDAG_01363",5114.48450447078,2.66977105166796,0.0571650394388896,46.7028638110534,0,0
"ONCDGDAG_01364",468.607760745641,0.725449018422372,0.173690220599807,4.17668315416475,2.95790588378956e-05,4.96406205085388e-05
"ONCDGDAG_01365",874.329644555423,0.375963296461616,0.0771079051202989,4.8758074269436,1.08364285446857e-06,1.96668769961758e-06
"ONCDGDAG_01366",1059.75634588194,-1.19021613333899,0.0612248505533729,-19.440082296345,3.53598102036665e-84,2.86595279860967e-83
"ONCDGDAG_01367",1106.95864427382,1.38745956843705,0.0507365383644343,27.3463585251145,1.19313638393707e-164,1.72792797125506e-163
"ONCDGDAG_01368",1074.52839672782,1.31120983763309,0.10072927629337,13.017167261425,9.77296156137499e-39,4.44693131333379e-38
"ONCDGDAG_01369",983.145555830464,1.02390635476869,0.0606566059759985,16.8803766431285,6.27432454517002e-64,4.06832907440229e-63
"ONCDGDAG_01370",19776.3325398072,-0.536268349028157,0.0424727155022477,-12.6261846620044,1.51445004346434e-36,6.51693208748684e-36
"ONCDGDAG_01371",1389.77972025778,-1.35628001178182,0.0498661258326148,-27.198423561807,6.77981899889462e-163,9.72001186122932e-162
"ONCDGDAG_01372",2844.32098971626,-0.595991637295257,0.0461626951802132,-12.9106767914781,3.91841820140193e-38,1.7605113588346e-37
"ONCDGDAG_01373",269.04242639027,2.49277609983624,0.214591897385149,11.616357048944,3.40341249208561e-31,1.31038270444268e-30
"ONCDGDAG_01374",9788.91149764201,-0.887982467037439,0.100214965226708,-8.86077708083447,7.94586114162027e-19,2.24007330405559e-18
"ONCDGDAG_01375",1970.74412910248,0.0964102466906499,0.0487141395581427,1.97910191096734,0.0478045333740517,0.0616574745552303
"ONCDGDAG_01376",907.604867443508,0.605820053931282,0.064132838538737,9.4463315165032,3.5091395132948e-21,1.03425361894939e-20
"ONCDGDAG_01377",190.036097411951,-1.76981796715127,0.143835540353408,-12.3044552327107,8.57127793472066e-35,3.55951323839273e-34
"ONCDGDAG_01378",55767.5903860867,0.0164945282025584,0.475521296955714,0.0346872544051261,0.972329124323595,0.976779926653245
"ONCDGDAG_01379",7785.9349774817,-0.351477531518312,0.0806812050349049,-4.35637434228025,1.32234549310794e-05,2.27131348093735e-05
"ONCDGDAG_01380",2107.38248699762,-0.675556876453684,0.30287720278483,-2.23046459172965,0.0257166156082017,0.0342048971236361
"ONCDGDAG_01381",1140.46662831265,-0.235191178005349,0.129846283314094,-1.81130465965229,0.0700937048030225,0.08856392373916
"ONCDGDAG_01382",1833.40880417074,-0.274322603234925,0.107400244163788,-2.55420837606828,0.01064295419139,0.0147686519007956
"ONCDGDAG_01383",434.132704458235,0.694713157567956,0.177500835648996,3.91385851806207,9.083287003817e-05,0.000146908264296428
"ONCDGDAG_01384",489.473433177347,0.296285869647821,0.0653652606718617,4.53277270835341,5.82144457016446e-06,1.02712315143347e-05
"ONCDGDAG_01385",2575.67124010554,-1.05772631268813,0.0955670628199659,-11.067896003885,1.79567049853647e-28,6.49308990155203e-28
"ONCDGDAG_01386",753.424713532852,-0.722354169742685,0.0698092172628467,-10.3475471873988,4.29344385824067e-25,1.40311515779618e-24
"ONCDGDAG_01387",655.767673226616,-0.313079059655015,0.0601524081876127,-5.20476351800471,1.94243805403615e-07,3.64590511063496e-07
"ONCDGDAG_01388",1113.3803794617,0.198921042923678,0.121626221103481,1.63551116789556,0.101941935479359,0.126342459566729
"ONCDGDAG_01389",1936.9561098134,0.903521128544405,0.083285812661133,10.8484398443776,2.0285833960783e-27,7.14512151729802e-27
"ONCDGDAG_01390",2351.13181817735,-0.0252878254787377,0.0724972424312465,-0.3488108599816,0.727231309803752,0.762983967772907
"ONCDGDAG_01391",388.21041433617,-0.285568859053954,0.159442885043394,-1.79104171990009,0.0732866003485232,0.0924344256385219
"ONCDGDAG_01392",54.8005150978785,-2.93067734886478,0.289558378367117,-10.1211968563697,4.44941048483445e-24,1.41203204819051e-23
"ONCDGDAG_01393",5808.62728945584,-0.37100169497358,0.093084266846756,-3.98565415554444,6.72944700555908e-05,0.000110149812431785
"ONCDGDAG_01394",3839.87810311043,-0.531704468012776,0.0780569613005307,-6.81174951156037,9.64188870987551e-12,2.1677154049862e-11
"ONCDGDAG_01395",16578.1858803557,3.13610887304746,0.440385735489368,7.12127714482518,1.06931525267038e-12,2.48230790550741e-12
"ONCDGDAG_01396",15.1480656325594,-0.326744911423989,0.257260895727733,-1.27009163401885,0.204051991307803,0.241259979776694
"ONCDGDAG_01397",19.0353131406436,-1.02621434318384,0.27817370796618,-3.68911336260652,0.000225036937254704,0.000356287670359418
"ONCDGDAG_01398",9049.94556939146,0.414093340111732,0.16662491150952,2.48518265582438,0.0129484977450448,0.0177862609853697
"ONCDGDAG_01399",64.3979630539996,-0.0148229797249231,0.134857590234907,-0.109915798577619,0.912476153009274,0.926439311222583
"ONCDGDAG_01400",852.439857450335,0.172593888122971,0.152838763909732,1.12925467144518,0.258790416657641,0.300255818919988
"ONCDGDAG_01401",778.291213433682,0.225785024569173,0.205357424584561,1.09947339389329,0.271561632923363,0.312783745954927
"ONCDGDAG_01402",1218.19102719745,0.336172467976563,0.14228007550551,2.36275154326541,0.0181398263740437,0.024562375246866
"ONCDGDAG_01403",3170.95703776258,-0.693026073146153,0.0988556430183351,-7.01048571418038,2.37492192289858e-12,5.43792315090663e-12
"ONCDGDAG_01404",4759.88578020531,0.227804119225521,0.0685284602044409,3.32422643885348,0.000886641726295825,0.00134338228631014
"ONCDGDAG_01405",62.4434010598879,-1.76177502455121,0.205163073267254,-8.58719357482159,8.91194119633892e-18,2.43308786920143e-17
"ONCDGDAG_01406",50.0943402048582,-2.34850790040915,0.189846613707766,-12.3705545995371,3.77207842807002e-35,1.58493958104327e-34
"ONCDGDAG_01407",825.987855302282,-1.79561029868662,0.10071577341559,-17.8284913851308,4.24727745681071e-71,2.94113654958276e-70
"ONCDGDAG_01408",2364.62498423553,2.33239629585079,0.0897675261709114,25.9826286335446,7.78336015099776e-149,9.91336004946277e-148
"ONCDGDAG_01409",265.888145647625,0.570914590086388,0.133027120411648,4.29171576682794,1.77297806306862e-05,3.01808258587993e-05
"ONCDGDAG_01410",544.651929371327,-0.863080012906994,0.0904332017569132,-9.5438400514335,1.37639205066696e-21,4.09900471873991e-21
"ONCDGDAG_01411",169.748353276446,1.89837215950505,0.522440921826182,3.63365900371917,0.000279430111842728,0.000439236423739561
"ONCDGDAG_01412",834.363920511505,0.270040655528832,0.0675830793466145,3.9956843952592,6.45076244193404e-05,0.000105770260039298
"ONCDGDAG_01413",1610.35709950457,-0.344832389875704,0.0775600630743449,-4.44600450550389,8.74821140237395e-06,1.52432220139351e-05
"ONCDGDAG_01414",2613.66499959496,0.0751830832846856,0.165190215834937,0.455130365346885,0.649015453608228,0.69039563353627
"ONCDGDAG_01415",918.760322621004,-0.164293528192205,0.229402399309932,-0.71618051374536,0.473879893688652,0.517405027437322
"ONCDGDAG_01416",610.782388771382,1.39818304079506,0.0641068682450539,21.8101909993542,1.85699401889712e-105,1.80204215507262e-104
"ONCDGDAG_01417",630.001913659669,1.1426570541112,0.0518789568296594,22.0254439167508,1.64291906527793e-107,1.63318748893308e-106
"ONCDGDAG_01418",3316.07184705335,-0.534330489313737,0.258528264454341,-2.06681652561863,0.0387514456955048,0.0505291931303817
"ONCDGDAG_01419",959.787780504083,0.28778483389044,0.0757245989575426,3.80041410390031,0.000144454485277972,0.000230625991325157
"ONCDGDAG_01420",645.774116386757,-0.489895245237796,0.175287240412612,-2.79481406681183,0.00519295724718837,0.00741888183586802
"ONCDGDAG_01421",4612.21192844036,2.34301734550377,0.0672341442641851,34.8486229897904,4.46712878335388e-266,1.14817283053231e-264
"ONCDGDAG_01422",6678.25383075004,-0.856972119671816,0.0578579633910326,-14.8116537369277,1.23172216413968e-49,6.59306441705538e-49
"ONCDGDAG_01423",588.07201235977,-1.50307809072307,0.174138989067679,-8.63148510721455,6.05604492472664e-18,1.65814742516748e-17
"ONCDGDAG_01424",385.019325418096,-0.684830406267722,0.244543264119914,-2.80044681963478,0.00510319152572212,0.00729429129403067
"ONCDGDAG_01425",4231.51119551429,-0.296043906684289,0.0697810964682248,-4.24246567720663,2.21077360598431e-05,3.74544958306012e-05
"ONCDGDAG_01426",5754.22178140951,-0.528626184960526,0.0999983404304304,-5.28634958025424,1.24781330916536e-07,2.370180673135e-07
"ONCDGDAG_01427",6055.40957932181,0.205770056833227,0.0368709521260778,5.5808175533306,2.39390653651304e-08,4.68758774788723e-08
"ONCDGDAG_01428",915.686451246234,-0.158816783172878,0.195532243708162,-0.812228101928379,0.416660757285723,0.461285657949618
"ONCDGDAG_01429",134.548554706458,0.841336021274404,1.0002095049748,0.841159794112931,0.400258421122178,0.444382108741859
"ONCDGDAG_01430",46.7145783932201,-0.338992429771493,0.160380314226097,-2.11367854843828,0.0345427319025984,0.0453105352267187
"ONCDGDAG_01431",26.9811565373667,0.0959064209165518,0.215103784413213,0.445861151063321,0.655697546173799,0.696465040667851
"ONCDGDAG_01432",52.9165047104452,-0.936736598601549,0.196880083495343,-4.75790431399176,1.95613178784504e-06,3.52326009515271e-06
"ONCDGDAG_01433",89.5374909028756,1.03203343897377,0.44032345140938,2.34380757070843,0.019088016705275,0.0257850907481768
"ONCDGDAG_01434",1948.36421545411,0.061517801356416,0.143854521092663,0.42763898478234,0.668913978397349,0.708393311198083
"ONCDGDAG_01435",7693.71295652886,-0.856807092530023,0.0830401532149909,-10.3179854486991,5.84363737907711e-25,1.90318463955559e-24
"ONCDGDAG_01436",149.283087463887,0.598827940510872,0.212056631229982,2.82390575120202,0.00474423334462422,0.00679482817882173
"ONCDGDAG_01437",9411.59714695899,-2.11900887291568,0.15616769570964,-13.5688041197427,6.13142370813016e-42,2.93505903343882e-41
"ONCDGDAG_01438",1305.34960695044,0.413070148701831,0.0683209210724588,6.04602722296064,1.4846102196749e-09,3.051579940009e-09
"ONCDGDAG_01439",1221.41128402563,0.0914027238664782,0.0827181135775394,1.10499042970556,0.269163736046791,0.310523307295388
"ONCDGDAG_01440",307.835921481119,-0.000254713689807735,0.139879950070186,-0.00182094495801528,0.99854709693486,0.99854709693486
"ONCDGDAG_01441",1006.48711311231,-0.0627520552739087,0.187244669836292,-0.335134000496638,0.737524005719948,0.771884074951949
"ONCDGDAG_01442",1868.72987152482,1.32928254631064,0.137042458630107,9.69978618012477,3.02131125244669e-22,9.1797667766032e-22
"ONCDGDAG_01443",9841.08707222137,3.65285491218578,0.0423154470074832,86.3243843681905,0,0
"ONCDGDAG_01444",995.628752730724,0.512466414380173,0.334436834470413,1.53232647113071,0.125441892006395,0.153797042498601
"ONCDGDAG_01445",687.054482315608,0.4728214168305,0.150461623461514,3.14247185397041,0.00167527818916667,0.00248547512932527
"ONCDGDAG_01446",1420.69877565341,0.644191094375553,0.163309978022014,3.94459115222413,7.99362435196345e-05,0.000130170149978035
"ONCDGDAG_01447",3207.10889198589,0.301504737341595,0.0817663548156288,3.68739364768607,0.000226562734494159,0.000358305699285941
"ONCDGDAG_01448",858.909948550191,1.7541662095499,0.139506267893168,12.5741032001029,2.93107481544984e-36,1.25184976773629e-35
"ONCDGDAG_01449",902.185242340084,1.24658848859534,0.164868177329254,7.56112252096902,3.99605611477834e-14,9.75256466677725e-14
"ONCDGDAG_01450",962.001572403483,1.52409674728287,0.204940567420012,7.43677431203424,1.03173595442418e-13,2.47564565010276e-13
"ONCDGDAG_01451",1420.22117044514,-0.0563261332251244,0.191174865684318,-0.294631477958688,0.768275413083146,0.798502642450351
"ONCDGDAG_01452",1311.74305444311,0.497821281446989,0.0503241224096041,9.89229931115466,4.49581157547963e-23,1.38965876758867e-22
"ONCDGDAG_01453",2476.60705833107,-0.874637125321156,0.119301347738917,-7.33132644264204,2.27885810594786e-13,5.40447396198608e-13
"ONCDGDAG_01454",25819.5703889825,4.39899908964345,0.27949645253223,15.7390158257418,8.17045534143467e-56,4.77670268219531e-55
"ONCDGDAG_01455",7703.68084661278,0.23372633940306,0.168079760128986,1.39056802094253,0.1643564592911,0.19735226361848
"ONCDGDAG_01456",21857.1541953504,-1.08742241422665,0.360725792855108,-3.01454022907486,0.00257369076758753,0.00376550756919344
"ONCDGDAG_01457",56859.590625781,-0.686423892032561,0.0710916489097102,-9.65547856266989,4.65978446743969e-22,1.40979481289559e-21
"ONCDGDAG_01458",2375.30928795399,0.268143044062764,0.063365716907325,4.23167380012341,2.3195865307391e-05,3.92513663831474e-05
"ONCDGDAG_01459",2924.06228581737,0.197956491131333,0.147768448875403,1.33963977180439,0.180362487025144,0.215303002294032
"ONCDGDAG_01460",2999.33726271799,0.693951863689636,0.0700851296990464,9.9015563882031,4.09846462162136e-23,1.26821253421754e-22
"ONCDGDAG_01461",4481.76779514677,0.272380714260402,0.102461313762941,2.65837616420372,0.00785182004301354,0.0110514270265011
"ONCDGDAG_01462",438.927392033881,0.258498087855204,0.149294345218373,1.73146603427677,0.0833686778218604,0.104503883051743
"ONCDGDAG_01463",8622.03259974144,-4.49601715071179,0.0975961334939971,-46.0675745006674,0,0
"ONCDGDAG_01464",31590.8668913588,-5.10192548289631,0.396285814215828,-12.8743581018463,6.27586617190996e-38,2.79766346694674e-37
"ONCDGDAG_01465",13464.5067767727,-5.53633374471857,0.316112581410233,-17.5138038480469,1.12424195270866e-68,7.58265317039672e-68
"ONCDGDAG_01466",11001.4935906112,-5.53383144819739,0.149731232183501,-36.958431233742,5.33243111279638e-299,1.55239040457225e-297
"ONCDGDAG_01467",12566.7921943215,-5.36824231811685,0.101058701844548,-53.1200403343245,0,0
"ONCDGDAG_01468",14717.1343788631,-5.2975781710744,0.0803259616710917,-65.9510083771699,0,0
"ONCDGDAG_01469",6503.26939302781,-5.17019355104722,0.185188102731252,-27.9186053250423,1.58633402308345e-171,2.47312074746289e-170
"ONCDGDAG_01470",5043.62745044634,-5.31487962064484,0.219832255317131,-24.1769780916707,3.88625678408492e-129,4.33105101757589e-128
"ONCDGDAG_01471",19929.8044817584,-5.20079061875548,0.075837855084739,-68.5777651931779,0,0
"ONCDGDAG_01472",13463.9986668233,-4.98193028236116,0.169716467121389,-29.3544307565503,2.09779760071861e-189,3.69445466348778e-188
"ONCDGDAG_01473",9743.99864016341,-4.87402055545887,0.135085904657575,-36.0808965806897,4.52166773417406e-285,1.24041519669217e-283
"ONCDGDAG_01474",5309.35994186732,-3.65168087316567,0.0612892672505316,-59.5810822511342,0,0
"ONCDGDAG_01475",9287.81315372068,-2.85612521638004,0.182974101325959,-15.6094507128744,6.27751094066347e-55,3.62545318091354e-54
"ONCDGDAG_01476",994.172513885699,-2.80209207996736,0.098515908703236,-28.4430415031569,5.94121937441464e-178,9.57644004248868e-177
"ONCDGDAG_01477",5706.89390734703,-2.52312621714669,0.127277110084481,-19.8238804720813,1.85257641402637e-87,1.57303586583846e-86
"ONCDGDAG_01478",4849.07542432807,-2.38229503667198,0.0765702185813232,-31.1125536900722,1.62923079255305e-212,3.22791350774574e-211
"ONCDGDAG_01479",2699.87467342232,-2.53574687092915,0.240024717810526,-10.5645239126199,4.35171161095039e-26,1.4745170102187e-25
"ONCDGDAG_01480",6464.99651901276,-2.49262809157769,0.0672354203238943,-37.0731391217592,7.61317661536835e-301,2.31068009400488e-299
"ONCDGDAG_01481",3630.1519027432,-3.12060746185799,0.0568690804207296,-54.8735347709348,0,0
"ONCDGDAG_01482",5404.42342210995,-2.42746266740813,0.212840500934227,-11.4050787174114,3.9442034541834e-30,1.4806332177349e-29
"ONCDGDAG_01483",9410.71906279279,1.15408045815397,0.0374241405535313,30.8378613666006,8.14866611063827e-209,1.60332030438972e-207
"ONCDGDAG_01484",2808.83715267166,0.566711610376981,0.0654261582971899,8.66185062865478,4.64166319077317e-18,1.27455871831336e-17
"ONCDGDAG_01485",4482.53497719152,0.81564775628292,0.10251864339973,7.95609197736482,1.77558425838726e-15,4.52298382962396e-15
"ONCDGDAG_01486",438.834324894265,1.16030383345577,0.148506595547969,7.8131468112538,5.57775627279619e-15,1.39346222822132e-14
"ONCDGDAG_01487",56.5712275300408,1.53281736530312,0.38100971928442,4.0230400636024,5.74517189177384e-05,9.44724807333186e-05
"ONCDGDAG_01488",6832.86960936378,0.0799953514444551,0.075201836510744,1.06374199296351,0.287445595556116,0.329350314908273
"ONCDGDAG_01489",3091.1128081955,0.169843885509491,0.0995412103998727,1.70626703078254,0.0879583735344706,0.109967239129643
"ONCDGDAG_01490",12402.6833723606,-0.65069444149298,0.0594816743172151,-10.9394103135503,7.46840802233987e-28,2.65017016016612e-27
"ONCDGDAG_01491",5243.16907038086,-0.720817845195872,0.79697208953184,-0.904445531611148,0.365759204096601,0.409220003642197
"ONCDGDAG_01492",10558.1698867385,-1.57405966493875,0.139382000032968,-11.2931344403613,1.41884861399884e-29,5.27080090590975e-29
"ONCDGDAG_01493",251.072760561894,0.738825189728537,0.0969031441914478,7.62436756715416,2.45233680504032e-14,6.00559390968243e-14
"ONCDGDAG_01494",34333.4065611428,-1.39603455443477,0.0731415706302665,-19.0867456414325,3.25421495832091e-81,2.55062507584878e-80
"ONCDGDAG_01495",30338.8060739443,-1.45195908316765,0.0592890845999841,-24.4894839069254,1.91195370631828e-132,2.16460473179605e-131
"ONCDGDAG_01496",4690.19153986778,0.924114082419942,0.0404040782042355,22.8718021420686,8.86938499300418e-116,9.30307183273563e-115
"ONCDGDAG_01497",690.179803715637,0.807221661587998,0.0643586230142213,12.5425564404886,4.36677577690064e-36,1.8594643718653e-35
"ONCDGDAG_01498",2079.83716486848,0.0359117703902687,0.117105043456419,0.30666288428161,0.759099983427343,0.790983291715928
"ONCDGDAG_01499",36.7679238909754,0.386061279477977,0.188768383867279,2.04515857777016,0.0408392267453186,0.0530092419947197
"ONCDGDAG_01500",33.013274925467,0.213151135071063,0.18961686264325,1.12411487090202,0.260964297400264,0.302409074119802
"ONCDGDAG_01501",56.3531879566913,-0.0477338895783788,0.178928514906776,-0.266776313452603,0.789641392629805,0.817433560657777
"ONCDGDAG_01502",24.5036161349782,-0.584898221604424,0.317838789932444,-1.84023549085605,0.0657336715416493,0.0833502955148113
"ONCDGDAG_01503",13.1349609152001,0.146594221411521,0.393071215206517,0.372945704850205,0.709188854440629,0.746886600856078
"ONCDGDAG_01504",19.2584958622932,-0.29908459221276,0.722168516829502,-0.414147924262629,0.678765777016897,0.718026978802079
"ONCDGDAG_01505",11.6625763652837,0.0600831437389044,0.334596564101228,0.179568920261617,0.857491006056082,0.877168103362496
"ONCDGDAG_01506",35.6610119566414,0.342606510017995,0.218869650162,1.56534498850987,0.117502039765398,0.144434864045964
"ONCDGDAG_01507",28.1826989651801,0.223587294570901,0.230798648217084,0.968754783869446,0.332667551553516,0.376328518866845
"ONCDGDAG_01508",46.5693551874544,0.449972562500296,0.168243308143954,2.67453468113743,0.00748330357133481,0.0105587858996134
"ONCDGDAG_01509",19.3579231155883,0.200330963319551,0.254018475514233,0.788647215183866,0.430318226950981,0.475667532542096
"ONCDGDAG_01510",8.56483060270395,0.396808952937994,0.393272199849476,1.00899314289154,0.312977922771372,0.356315248869403
"ONCDGDAG_01511",48.4872439361124,0.359380498294121,0.269192758494794,1.33503033403876,0.181866418576345,0.216826114583499
"ONCDGDAG_01512",1052.07096463291,1.69850350997078,0.103311824941586,16.440552772455,9.80207875184784e-61,6.05310187857616e-60
"ONCDGDAG_01513",11.3471734470931,1.36253477459546,0.365268020011042,3.73023286997386,0.000191302874908836,0.000303890368660863
"ONCDGDAG_01514",232.729573860461,0.907140555311573,0.198870744494287,4.56145803455587,5.07996300323109e-06,9.00194686224738e-06
"ONCDGDAG_01515",82.6622696926784,0.967014732629053,0.154522407561518,6.25808740550503,3.89727388543213e-10,8.23623881121324e-10
"ONCDGDAG_01516",280.873726621333,1.19944564236869,0.111467449262974,10.7605013867228,5.28816601512897e-27,1.83541820452104e-26
"ONCDGDAG_01517",2053.00486958561,0.687787944279323,0.164203501129552,4.18863142106011,2.80641772360387e-05,4.71900901143519e-05
"ONCDGDAG_01518",1598.40879287031,0.39051482211253,0.0535483288016187,7.29275461722207,3.03680904699161e-13,7.16626651039458e-13
"ONCDGDAG_01519",173.764920747799,-0.504071849471089,0.286260242578384,-1.76088668454566,0.0782575840623084,0.0983130283266253
"ONCDGDAG_01520",858.233583259142,0.529984093538813,0.0889931006025015,5.95533912124324,2.59533094929347e-09,5.3040681936492e-09
"ONCDGDAG_01521",987.954646753358,1.00700089279082,0.0733154297869479,13.7351836539339,6.24973929858744e-43,3.07422521014999e-42
"ONCDGDAG_01522",437.91677962047,0.207722065570557,0.168255012128518,1.23456688120466,0.216991741186544,0.2553949825104
"ONCDGDAG_01523",120.976218204708,-1.18850771687024,0.153699232859826,-7.73268476853207,1.05301821727516e-14,2.61240084685743e-14
"ONCDGDAG_01524",256.818293957367,-0.107993679230023,0.33378469456082,-0.323542933483264,0.746284098182561,0.780193672449559
"ONCDGDAG_01525",469.900389856125,-0.324609971429009,0.080007962879038,-4.05722080338151,4.96601281916565e-05,8.20384167520533e-05
"ONCDGDAG_01526",5.35740234453,0.949778198829253,0.475583036479039,1.99708174173095,0.0458163040069069,0.0592001428132724
"ONCDGDAG_01527",164.602890039182,-0.676262979907957,0.442083091143657,-1.5297191714763,0.126086256105703,0.154520656645005
"ONCDGDAG_01528",1178.65206024073,-0.236142558100337,0.0971571768633986,-2.43052099416546,0.0150771325467615,0.0206010819712215
"ONCDGDAG_01529",3475.93406450216,0.784521195378062,0.260631951053593,3.01007298685626,0.00261184918428766,0.00381546631990409
"ONCDGDAG_01530",386.882383143079,0.914821146288078,0.197307838209963,4.63651700098493,3.54329064300882e-06,6.31418376296325e-06
"ONCDGDAG_01531",296.740432121869,1.55707015196414,0.31839555156315,4.89036402776286,1.0064966536913e-06,1.83016886741956e-06
"ONCDGDAG_01532",2841.22962290774,-0.835888876333893,0.264198519708088,-3.16386661536736,0.00155688129901291,0.00231463384371226
"ONCDGDAG_01533",470.721217857773,-0.605258294724003,0.196135105492766,-3.08592535335969,0.00202919757750389,0.00299343365492171
"ONCDGDAG_01534",736.860458170736,0.411765679204006,0.0756445690054661,5.44342686616737,5.2265197388712e-08,1.00956403622204e-07
"ONCDGDAG_01535",1084.34493230805,0.450805958228019,0.0945335463337088,4.76874057635211,1.85381199847885e-06,3.34107746788386e-06
"ONCDGDAG_01536",2249.884197419,-0.929681568810297,0.149063479309678,-6.2368165100916,4.46565272079565e-10,9.3887304439425e-10
"ONCDGDAG_01537",2494.39658750893,-1.27893895559129,0.0957660586808425,-13.3548250101174,1.1101872453703e-40,5.21806295064491e-40
"ONCDGDAG_01538",975.035058275892,-1.72501373509689,0.0979423274006833,-17.612545881617,1.97364923797699e-69,1.3374872389426e-68
"ONCDGDAG_01539",340.719582601554,-1.12515773298017,0.074451151899996,-15.1126974434391,1.33558529226735e-51,7.37026081013299e-51
"ONCDGDAG_01540",482.484277891011,-1.42692396428437,0.259417133256498,-5.50050008791635,3.78715563996301e-08,7.35517701893428e-08
"ONCDGDAG_01541",1213.32630045971,-0.870017107359722,0.140090063164965,-6.21041269954473,5.28456285867246e-10,1.10696459881002e-09
"ONCDGDAG_01542",2290.34340446173,-0.82936914681899,0.125584917496984,-6.60405057668577,4.00072935336612e-11,8.80037073643295e-11
"ONCDGDAG_01543",801.666044245623,0.485866332643151,0.330952884853932,1.46808308638129,0.142081655279398,0.172838168336954
"ONCDGDAG_01544",129.705287967189,0.648642944757213,0.292293408048851,2.21915009677127,0.0264765147971246,0.0351500682718458
"ONCDGDAG_01545",185.51831578671,-0.0801415410338141,0.310951587618399,-0.257729962556628,0.796615320310212,0.823457793059795
"ONCDGDAG_01546",74.2823921969121,1.70401882476297,0.151263843410038,11.2652090965572,1.94888773134245e-29,7.19298408476068e-29
"ONCDGDAG_01547",116.864504884289,0.376262059134125,0.185904753736063,2.0239507143982,0.0429752230737778,0.0556551572535125
"ONCDGDAG_01548",129.381810622176,-0.289853746909486,0.113904609834927,-2.54470602488826,0.0109369771543973,0.0151692736127834
"ONCDGDAG_01549",648.100642237404,-2.00839911916039,0.155821875691558,-12.8890703583618,5.18652383158031e-38,2.31930289835402e-37
"ONCDGDAG_01550",852.163801624722,-1.12150255733679,0.129213609553047,-8.67944608324225,3.97700946126238e-18,1.0999332628135e-17
"ONCDGDAG_01551",2171.60920203001,1.24136577065533,0.0800727357502109,15.5029768750228,3.31185116411104e-54,1.89352933290758e-53
"ONCDGDAG_01552",637.728294087049,-0.464185125873819,0.420563255392887,-1.10372249577577,0.269713534131142,0.311031816037247
"ONCDGDAG_01553",312.808635180141,0.834791926105942,0.741515073462556,1.12579225423945,0.260253463533986,0.301707895758823
"ONCDGDAG_01554",3192.39960429077,-1.75629171949691,0.167587007316192,-10.4798799598065,1.06879315108092e-25,3.56639398834369e-25
"ONCDGDAG_01555",705.919666463374,0.941616944172018,0.102315759367344,9.20304897304559,3.47934239178813e-20,1.01085171525169e-19
"ONCDGDAG_01556",967.234679585452,-0.115471271249258,0.0550330365868913,-2.0982173329095,0.0358859511557885,0.0469429704940232
"ONCDGDAG_01557",1298.61615083567,0.565588674691822,0.04698442895157,12.0377896957056,2.24900922237235e-33,9.07556338250113e-33
"ONCDGDAG_01558",976.656280699229,0.423112631607775,0.0900949307012288,4.69629787508127,2.64919129055445e-06,4.74162029608021e-06
"ONCDGDAG_01559",16693.6109023122,-2.60862245555511,0.350893786066475,-7.43422243180139,1.0518484642427e-13,2.52178459536506e-13
"ONCDGDAG_01560",18583.7905272564,-2.57146353279189,0.083759908955455,-30.7004098363985,5.62042138273615e-207,1.0761786714729e-205
"ONCDGDAG_01561",72026.9059719852,-2.80396132809411,0.15703487452892,-17.855660002312,2.61174961462151e-71,1.82183903435578e-70
"ONCDGDAG_01562",29459.8340333668,-3.17172564643761,0.305403485078582,-10.3853616654752,2.89071612136003e-25,9.51235651008092e-25
"ONCDGDAG_01563",98.2667418902978,0.265818993162824,0.124979599473999,2.12689906417987,0.0334284706418023,0.0438892898026057
"ONCDGDAG_01564",282.864241356131,-0.835295625288052,0.0937075610526517,-8.91385514578405,4.92882066214204e-19,1.39641761162773e-18
"ONCDGDAG_01565",9.16582441364152,-1.28803394197821,0.370686051641892,-3.47472999394791,0.000511367783870356,0.000788186000746692
"ONCDGDAG_01566",43.6729904215669,-1.34487338636884,0.240094387349322,-5.60143617356673,2.12583064693598e-08,4.17411895093486e-08
"ONCDGDAG_01567",4.87211800788725,-1.85178241870403,0.525621441926035,-3.52303439509344,0.000426635989518613,0.000661517651139458
"ONCDGDAG_01568",290.156090862105,-0.145107966798437,0.150382132925243,-0.964928239650464,0.334580755807517,0.378043127254989
"ONCDGDAG_01569",322.144477976968,-0.444981254645518,0.0702320299559716,-6.33587346007906,2.36000423960278e-10,5.04729542397806e-10
"ONCDGDAG_01570",73.0721525861951,-0.648361197961963,0.172857210365659,-3.75084844068947,0.000176237208228999,0.000280896511216388
"ONCDGDAG_01571",427.59752779663,-0.188084653469611,0.269992410729743,-0.696629408809123,0.486034746358497,0.529056517115907
"ONCDGDAG_01572",1149.3258429541,0.988081979839949,0.124391222720226,7.94334164607652,1.96805899001611e-15,5.0088066891311e-15
"ONCDGDAG_01573",4673.47032797421,0.868674220762247,0.282891096842968,3.07070187240444,0.00213556267137822,0.00314708693256304
"ONCDGDAG_01574",1443.85540630673,0.537744321546468,0.0729338964307502,7.37303706318569,1.66784094316771e-13,3.97191169520659e-13
"ONCDGDAG_01575",2021.49850806767,0.958091330870378,0.126090659841689,7.59843220801047,2.99739805734392e-14,7.33411377152847e-14
"ONCDGDAG_01576",4263.10916483126,0.829658074694615,0.0590397442468792,14.0525350385214,7.43250625256697e-45,3.75308678558824e-44
"ONCDGDAG_01577",1519.71761942448,-0.0179611971376623,0.0772590690388675,-0.232480113481906,0.816165131280955,0.839711186276439
"ONCDGDAG_01578",2510.1371861131,-0.192802782304032,0.1281198586734,-1.50486258961243,0.132359408117786,0.161722223280533
"ONCDGDAG_01579",781.992199489875,-1.54659648142515,0.325735507209155,-4.74801318000642,2.0542465258384e-06,3.69298383000439e-06
"ONCDGDAG_01580",884.092800500739,-2.41272340995616,0.125373803128834,-19.2442388261673,1.57763724458836e-82,1.25726230693033e-81
"ONCDGDAG_01581",1585.75141538564,-0.746514683549014,0.074278166472118,-10.050257282929,9.16278825334878e-24,2.87584542209066e-23
"ONCDGDAG_01582",1072.77305008145,-0.942969981885995,0.366627967377382,-2.57200777297866,0.0101110621598922,0.0140647783238286
"ONCDGDAG_01583",4401.29941009195,-0.874505684537279,0.107408896872411,-8.14183657035495,3.89326542628497e-16,1.00977147829009e-15
"ONCDGDAG_01584",952.949681473072,0.393023133862613,0.121314585813602,3.23970222728607,0.00119654584390297,0.00179387561358653
"ONCDGDAG_01585",78.2663579227938,-1.14415163382111,0.178688824515662,-6.40303968041843,1.5231358619651e-10,3.28210469349428e-10
"ONCDGDAG_01586",683.956633128205,-2.65871467904787,0.179704573992344,-14.794919350028,1.57973578657143e-49,8.44004906196309e-49
"ONCDGDAG_01587",925.130802592536,1.14202022087422,0.113698117639387,10.044319506646,9.73170286720117e-24,3.05104926155219e-23
"ONCDGDAG_01588",820.510722476692,-1.51444683437466,0.121160871122499,-12.4994713255527,7.51493759002202e-36,3.19524842687523e-35
"ONCDGDAG_01589",4984.0103446127,0.417968474239645,0.0536416027458378,7.791871473715,6.60238761715287e-15,1.64799753908461e-14
"ONCDGDAG_01590",1124.15451303389,-0.101420620965494,0.163774819582566,-0.61926870824219,0.535739355093143,0.578744558909783
"ONCDGDAG_01591",521.538066591721,0.0785517762351459,0.319026927090458,0.246223028731594,0.805509589858581,0.831146061434551
"ONCDGDAG_01592",352.80079313321,2.26866083439255,0.116124870919229,19.5363905805374,5.38588190339631e-85,4.4028427135787e-84
"ONCDGDAG_01593",973.37158157214,5.02585511748712,0.209493980785176,23.9904511750189,3.49822526773748e-127,3.85345045901739e-126
"ONCDGDAG_01594",1897.43200513126,0.82265224958491,0.0574988296721227,14.3072868487227,1.97052203739511e-46,1.01661833140836e-45
"ONCDGDAG_01595",865.299823798695,0.658382187759481,0.0663241247897779,9.92673766666805,3.18505903057639e-23,9.86642064520568e-23
"ONCDGDAG_01596",390.504566298958,0.411544243735971,0.0686290562769342,5.9966472812229,2.01432921118229e-09,4.13147465097274e-09
"ONCDGDAG_01597",801.157284698469,0.287270747587316,0.223117935953346,1.28752870700356,0.197910070421456,0.234386646289919
"ONCDGDAG_01598",994.825936122666,0.352565217106198,0.0482866589026317,7.3015036682727,2.8456931812665e-13,6.7208300050938e-13
"ONCDGDAG_01599",589.366083116185,0.618211323823184,0.251422422701647,2.45885516963931,0.0139380833405672,0.0190904233176372
"ONCDGDAG_01600",222.313056485904,-2.21453496075764,0.173801452293799,-12.7417517605901,3.46525637752536e-37,1.52098099155075e-36
"ONCDGDAG_01601",696.980964476879,-0.772743517823731,0.130298290383356,-5.93057296108958,3.0187940314684e-09,6.1518709798424e-09
"ONCDGDAG_01602",538.212220086339,-0.322361077671997,0.182198047171275,-1.76928942256424,0.0768455877039798,0.0966668702466729
"ONCDGDAG_01603",516.026224437729,-0.543870657054596,0.170482010913437,-3.19019381658248,0.00142177407714848,0.00211818352068126
"ONCDGDAG_01604",1499.9358457128,-0.476977969723244,0.0752350511316241,-6.33983711779193,2.30008200394915e-10,4.92652699494515e-10
"ONCDGDAG_01605",4131.88725509522,-1.17967177152939,0.11210405378055,-10.5230072575134,6.76783222703333e-26,2.27160298161484e-25
"ONCDGDAG_01606",2750.29835746211,5.17791673370296,0.224966212219965,23.0164195885565,3.19246228853909e-117,3.38590888817919e-116
"ONCDGDAG_01607",1058.01681647204,4.57821573784413,0.329615783052361,13.8895525434134,7.32917442030621e-44,3.6492381537755e-43
"ONCDGDAG_01608",665.075419355543,3.81832278838574,0.132094728512247,28.9059437222865,1.0052627365607e-183,1.6482842456366e-182
"ONCDGDAG_01609",185.955296932424,1.60370398400828,0.126827767597654,12.6447387223265,1.19621532742516e-36,5.16308975664747e-36
"ONCDGDAG_01610",164.549895101537,-1.10466450019606,0.0905136165875733,-12.2044013027287,2.94466460864601e-34,1.20532684769972e-33
"ONCDGDAG_01611",99.0244131109503,-1.7147459189562,0.217399031008873,-7.88755088281057,3.08174514916246e-15,7.78761639553631e-15
"ONCDGDAG_01612",95.3952852527754,-1.37048289104151,0.196808815450373,-6.96352390468552,3.31864818179556e-12,7.56842786783592e-12
"ONCDGDAG_01613",279.219687007846,-0.714342871056637,0.129809245902125,-5.50301995895768,3.73340136577794e-08,7.25571804943083e-08
"ONCDGDAG_01614",68.212230398455,-2.5485349288653,0.516747479473769,-4.93187684526417,8.1443261830713e-07,1.48851778349151e-06
"ONCDGDAG_01615",92.5485879300191,-1.39970457348633,0.124908718052158,-11.2058197002859,3.81802967701866e-29,1.40010779801211e-28
"ONCDGDAG_01616",22.939888599444,-1.12451460859264,0.229896959207271,-4.89138530787961,1.00128733253961e-06,1.82185762738234e-06
"ONCDGDAG_01617",372.173426062636,-0.404136344491387,0.0879342840233477,-4.59589054462629,4.30904868502815e-06,7.65963607376032e-06
"ONCDGDAG_01618",1019.6886322478,-0.803131733051678,0.0550169711494791,-14.5978907284736,2.89669477739134e-48,1.53042040738843e-47
"ONCDGDAG_01619",7262.36725261611,0.499041619973774,0.046915796043438,10.6369637107239,2.0055865227271e-26,6.85262077765321e-26
"ONCDGDAG_01620",7258.45666943085,0.448871912769125,0.0897979070981898,4.99869013960764,5.77210714619974e-07,1.06244010891018e-06
"ONCDGDAG_01621",3419.30450798016,0.695174739152082,0.0464545136452136,14.9646328118152,1.25011982393994e-50,6.83255145153381e-50
"ONCDGDAG_01622",2807.3165741142,-2.84381536025692,0.0756061932958331,-37.6135239229621,1.29219482321034e-309,4.09625758957677e-308
"ONCDGDAG_01623",6333.84903288006,-1.86446442071336,0.0954622407262413,-19.5309098815323,5.99615392081739e-85,4.88772203888344e-84
"ONCDGDAG_01624",2393.74781640559,-1.70279242661425,0.0945658840015812,-18.0064136722476,1.73512571822591e-72,1.22836567595497e-71
"ONCDGDAG_01625",2925.54292436536,0.00694105838400633,0.0644556662296282,0.107687326654546,0.914243722912422,0.927573734519609
"ONCDGDAG_01626",4145.28585682471,-0.359228952294808,0.0688156768640717,-5.2201615774902,1.7876709541135e-07,3.36648530170681e-07
"ONCDGDAG_01627",530.987189388549,-0.533865101252197,0.0651206917424606,-8.198087074436,2.44242418104882e-16,6.3753304561137e-16
"ONCDGDAG_01628",769.791313764696,-0.293978090946204,0.170351292113564,-1.72571682491393,0.084398369651878,0.105748154860258
"ONCDGDAG_01629",671.341407326156,-1.51271388420282,0.0613809279552209,-24.6446890686695,4.19570043019996e-134,4.84628879650223e-133
"ONCDGDAG_01630",2305.37560021506,-0.775500887928662,0.0676647194217328,-11.4609340666176,2.07267292538679e-30,7.82187282556681e-30
"ONCDGDAG_01631",208.935574064284,-0.506960068566991,0.12530673590013,-4.04575272769884,5.21552636901783e-05,8.60109637618952e-05
"ONCDGDAG_01632",883.884724758321,-0.733509396980603,0.241550214088438,-3.03667458854764,0.00239203538159654,0.00351053340725048
"ONCDGDAG_01633",615.879425286582,-1.25459587720201,0.124974120768284,-10.0388453984659,1.02871180009297e-23,3.21810829568557e-23
"ONCDGDAG_01634",4112.47131962422,-0.441349148876683,0.118972499364411,-3.70967367445847,0.000207526558884218,0.000329112436073749
"ONCDGDAG_01635",4640.22331623125,-3.70214058237971,0.17744266879641,-20.8638689188528,1.14060785419243e-96,1.04635183537332e-95
"ONCDGDAG_01636",3458.88753214276,-3.27223954876644,0.0592450298738588,-55.2323048149947,0,0
"ONCDGDAG_01637",1330.40547024644,-1.9852466207106,0.150093623030465,-13.2267219661134,6.15121506120003e-40,2.8582111676879e-39
"ONCDGDAG_01638",680.959815067532,-0.0535269798248077,0.0627416042335544,-0.853133745601316,0.393585139629355,0.437436074547156
"ONCDGDAG_01639",6745.0812610773,-2.22561989233697,0.103469802459928,-21.5098496317215,1.25911840271199e-102,1.20142635549743e-101
"ONCDGDAG_01640",274.197460388838,-0.926368790970311,0.211473303533287,-4.38054721561815,1.18381636464417e-05,2.04444799535703e-05
"ONCDGDAG_01641",247.270789600054,-1.09031872330875,0.266899279976971,-4.08513175233303,4.40518133211487e-05,7.31973345400333e-05
"ONCDGDAG_01642",992.415315409939,-0.426797690579775,0.126527372354767,-3.37316489417869,0.000743094370143829,0.00113250440065189
"ONCDGDAG_01643",86.8767173795318,0.00604888728440423,0.151013201669527,0.0400553542175832,0.968048995386524,0.972956074496244
"ONCDGDAG_01644",1354.4128779841,-0.480360553786973,0.0443759534663125,-10.8247939765764,2.62669207487013e-27,9.22524777971039e-27
"ONCDGDAG_01645",1292.86291562307,1.38296615023947,0.118880848990014,11.6332122624363,2.79382365429223e-31,1.07858983568278e-30
"ONCDGDAG_01646",12464.8507523995,5.94321383736495,0.0779517386203217,76.2422229773792,0,0
"ONCDGDAG_01647",20471.2270588872,-2.41942525719727,0.15125370050985,-15.9958086912373,1.36671977874586e-57,8.14039985127753e-57
"ONCDGDAG_01648",557.445442126521,-1.86549662959283,0.0689873124706433,-27.0411552904989,4.85323744158991e-161,6.82083074919015e-160
"ONCDGDAG_01649",688.482064479786,-1.49704140471163,0.21872426607931,-6.84442303337665,7.67847062760769e-12,1.73312315669025e-11
"ONCDGDAG_01650",1332.00073553833,-0.703853717879408,0.0573239580971613,-12.2785261388687,1.18130697755083e-34,4.89153672997464e-34
"ONCDGDAG_01651",679.399319952686,-1.22110649518885,0.068686770595932,-17.777899362489,1.04834930303591e-70,7.22449411005179e-70
"ONCDGDAG_01652",304.006767732677,-0.908818658388322,0.143949838733642,-6.31343992034585,2.7290029972216e-10,5.81901760169896e-10
"ONCDGDAG_01653",4391.66924521905,-0.910128888164182,0.0492909113147497,-18.4644362193368,3.99169058421183e-76,2.97344470933586e-75
"ONCDGDAG_01654",3946.03962538508,-0.594054079257522,0.0573227577310328,-10.3633199582776,3.64100346595829e-25,1.19537202397917e-24
"ONCDGDAG_01655",1516.28870337094,-0.82409606204808,0.081447865692037,-10.1180805051918,4.59335259727688e-24,1.45447668812774e-23
"ONCDGDAG_01656",1056.26272361629,-2.63387478421203,0.147572317990685,-17.8480274625643,2.99426909818382e-71,2.07850358567358e-70
"ONCDGDAG_01657",834.386365206631,-0.857543355612835,0.131793576004726,-6.50671589320927,7.6811483476643e-11,1.67157255803862e-10
"ONCDGDAG_01658",1373.68193105888,1.19450974117446,0.171139719045231,6.97973414844019,2.95739153561576e-12,6.75535472466914e-12
"ONCDGDAG_01659",2065.22370220382,-0.532445662712127,0.0695596142094835,-7.65452294069129,1.94031176670226e-14,4.76394963029394e-14
"ONCDGDAG_01660",3270.47858561807,-0.373539205564462,0.0968265002649641,-3.85781996191412,0.00011440286511661,0.000184193777752646
"ONCDGDAG_01661",1264.94419719033,-0.387278215637537,0.0615097461827994,-6.29620896965814,3.0501312219261e-10,6.48920535134614e-10
"ONCDGDAG_01662",3444.28145072897,-0.179245168607787,0.0402418973842793,-4.454192775657,8.42094142787204e-06,1.46941565099198e-05
"ONCDGDAG_01663",7884.22890442268,1.33113724386434,0.139970540351201,9.51012434848341,1.90434761486673e-21,5.64771699086775e-21
"ONCDGDAG_01664",6084.31260004019,0.536466362992846,0.145164707488557,3.69557017180044,0.000219393872739732,0.000347546207066327
"ONCDGDAG_01665",890.909230048866,0.0813033734173823,0.0569102867872101,1.42862350564809,0.153112474432137,0.185019012941502
"ONCDGDAG_01666",3854.57643757158,0.709559160926126,0.226788886143249,3.12872104534232,0.00175568899690307,0.00260071687859007
"ONCDGDAG_01667",57.3538596100305,-0.225099413731397,0.418579551141892,-0.537769733655936,0.590736029677701,0.633121672678618
"ONCDGDAG_01668",4966.73033026819,1.12998320733279,0.0388534405849504,29.0832212108,5.85220046067825e-186,9.8213693613618e-185
"ONCDGDAG_01669",558.837718046386,1.73140656316757,0.093593299005532,18.4992577627297,2.09336995948075e-76,1.56755498540645e-75
"ONCDGDAG_01670",2764.93673334612,-1.11318382862519,0.0470024394807453,-23.6835330447308,5.32992143983781e-124,5.82615550492616e-123
"ONCDGDAG_01671",5168.29983324681,-0.663973716285074,0.0474958399125993,-13.9796183730386,2.07598202525024e-44,1.04090979227398e-43
"ONCDGDAG_01672",2012.33187456105,-0.841839671342103,0.0515878898433298,-16.3185521621205,7.28428034915034e-60,4.44060936669357e-59
"ONCDGDAG_01673",1789.09860158523,-0.886408665840401,0.123518150789372,-7.17634339710884,7.16005800888357e-13,1.66892528589419e-12
"ONCDGDAG_01674",1781.69372046333,-0.683018193894968,0.0867670998098382,-7.87185690649906,3.49415684911614e-15,8.81417284750518e-15
"ONCDGDAG_01675",957.232504590448,-0.811210145108365,0.289140223184208,-2.80559424135034,0.00502238922812564,0.00718239421946991
"ONCDGDAG_01676",2014.6688188958,-0.957491576198493,0.0869079298873136,-11.0173096682891,3.15343424647089e-28,1.13166640316748e-27
"ONCDGDAG_01677",3935.28709315928,-1.32275769547738,0.045355350222152,-29.1643144413717,5.50075030425433e-187,9.56929305977902e-186
"ONCDGDAG_01678",2525.29210764932,-1.05953163641377,0.100546454274922,-10.5377324745506,5.7877559756466e-26,1.94952394315463e-25
"ONCDGDAG_01679",12983.1624158962,-0.753493719603797,0.108737199626369,-6.92949351457337,4.22349987410791e-12,9.59366651339957e-12
"ONCDGDAG_01680",3611.18887483931,-1.07723998188581,0.124968672975251,-8.62008018680935,6.69072423844318e-18,1.83016646714079e-17
"ONCDGDAG_01681",7006.02293651262,-0.930577095738373,0.0694718272222141,-13.3950283582121,6.46513425010947e-41,3.0588769511712e-40
"ONCDGDAG_01682",3111.05837537569,-1.53500906318478,0.109950617072441,-13.9608953915506,2.70020035677109e-44,1.34915439892608e-43
"ONCDGDAG_01683",1106.96889114169,-3.00135335108418,0.103040462767816,-29.1279102448055,1.59135572882271e-186,2.70246303233999e-185
"ONCDGDAG_01684",2195.74601065432,-2.10826410479528,0.106537159940939,-19.7890023158496,3.70299358315191e-87,3.12563334104509e-86
"ONCDGDAG_01685",3425.11615381632,-2.07568431111231,0.0533662841269515,-38.8950504062551,0,0
"ONCDGDAG_01686",8673.05982230806,-2.06947277071495,0.0755389950454011,-27.3960855511929,3.05344094067125e-165,4.44462602231382e-164
"ONCDGDAG_01687",7074.70759159134,2.4441777385403,0.126793578010914,19.2768259787568,8.40800799870279e-83,6.73821539896041e-82
"ONCDGDAG_01688",1584.4593390368,0.99827226787174,0.306829121233124,3.25351213033416,0.00113987858515136,0.0017107173084886
"ONCDGDAG_01689",1162.38543376875,0.762929343687767,0.0973335126218171,7.8383007366854,4.56684208387373e-15,1.1449209547708e-14
"ONCDGDAG_01690",3704.96208823394,0.379624445209577,0.0909081471762884,4.1759122477044,2.96794224922962e-05,4.97797721167084e-05
"ONCDGDAG_01691",5587.52645599287,0.317173670272739,0.106813244667948,2.96942267093132,0.00298359895710437,0.0043385360981747
"ONCDGDAG_01692",1344.44918644047,0.902964601370873,0.285602764532225,3.161610157555,0.0015689946112141,0.00233142793010096
"ONCDGDAG_01693",568.954027648315,-0.303285446619863,0.136627319761759,-2.21980089449687,0.0264322861873638,0.0351076873801438
"ONCDGDAG_01694",572.350766975253,-0.673220781168401,0.0787587247102829,-8.54788829612047,1.25360955245765e-17,3.40623624110636e-17
"ONCDGDAG_01695",1327.50855643259,0.0750767487465105,0.0568333668413181,1.32099773283059,0.18650212017037,0.221889303105115
"ONCDGDAG_01696",1285.45386902156,0.505259924139152,0.174030332864889,2.90328654678503,0.00369268598447018,0.00532082480489567
"ONCDGDAG_01697",823.57396066254,-1.56726224665917,0.0767127146035925,-20.4302801009961,8.99842941575661e-93,7.92361701331901e-92
"ONCDGDAG_01698",18822.971562561,-1.03640895940096,0.243693413550892,-4.25292150616341,2.10999551934224e-05,3.58109293080513e-05
"ONCDGDAG_01699",14490.3921556465,0.228504060499515,0.199928855480921,1.1429268674092,0.253068956344835,0.294096021365301
"ONCDGDAG_01700",74.6128240236175,-0.12092804121851,0.144735866021272,-0.835508464783268,0.403431482932941,0.447681843954758
"ONCDGDAG_01701",4986.10525915632,0.0982998319263077,0.152734447877677,0.643599615491028,0.519835099659746,0.56369803851359
"ONCDGDAG_01702",769.594682955425,0.0633321084734739,0.0440484976787762,1.43778135034987,0.150496102531572,0.1820887958111
"ONCDGDAG_01703",2833.41144796888,0.959838530502687,0.149952041749607,6.40097006551896,1.54392843937816e-10,3.31938797102178e-10
"ONCDGDAG_01704",2342.1372851723,1.75040603767845,0.321601884489789,5.44277295033707,5.24574922736959e-08,1.01259286506667e-07
"ONCDGDAG_01705",4078.6266591145,2.14139998431908,0.171550710899839,12.4826062980837,9.28952874371027e-36,3.9380424228537e-35
"ONCDGDAG_01706",1762.94267625967,0.205753528190086,0.0556145934862934,3.69963197233106,0.000215912341706083,0.000342221061604141
"ONCDGDAG_01707",859.750916489312,0.215025734230673,0.220330448629151,0.975923825184021,0.32910221445651,0.372886663162996
"ONCDGDAG_01708",2172.29116639077,-1.46029676140225,0.251120940229104,-5.8151134671206,6.05927709966554e-09,1.21826057542958e-08
"ONCDGDAG_01709",42.6099523583803,0.340604727974604,0.187007968802889,1.82133804326601,0.0685554868713662,0.086697164913124
"ONCDGDAG_01710",328.937528846791,0.328909423435383,0.063874974435905,5.14926896394183,2.61503665044272e-07,4.87308919902879e-07
"ONCDGDAG_01711",2.78722128718652,-1.9523746269417,0.710820556792319,-2.74664907800651,0.00602075165584099,0.0085458728726937
"ONCDGDAG_01712",8.026059965188,-1.39176061087332,0.400267624121081,-3.47707515422809,0.000506915706273691,0.000781746221620995
"ONCDGDAG_01713",11.09055512103,-1.00628483504168,0.442597553788,-2.27358878608643,0.0229907223279546,0.030809079756531
"ONCDGDAG_01714",42.921955204939,0.0156639435438775,0.163655392230827,0.0957129693703242,0.923748540125205,0.935221641226831
"ONCDGDAG_01715",35.0252870555878,0.0777708951209263,0.205264354034516,0.378881640149994,0.704775758598133,0.742787306716097
"ONCDGDAG_01716",31.2194284703093,0.230021085014692,0.210695745931209,1.09172154377427,0.274955512829427,0.316054825988056
"ONCDGDAG_01717",72.0186860651986,0.409374979769431,0.17980862861783,2.27672599983802,0.0228025929092478,0.0305857064269318
"ONCDGDAG_01718",9.00847193109675,-0.0407740397841273,0.424219125841945,-0.0961155150730258,0.923428829110977,0.935221641226831
"ONCDGDAG_01719",24.8637919251278,1.15491075821186,0.236708054725285,4.87905136794862,1.06597301176708e-06,1.93708344112833e-06
"ONCDGDAG_01720",13.1523999399771,0.80860531331034,0.291496955845619,2.77397515512508,0.00553759071020761,0.00787574591038002
"ONCDGDAG_01721",177.378297424901,1.49819886756244,0.0902912676870878,16.5929541797395,7.83689254293856e-62,4.93568530353283e-61
"ONCDGDAG_01722",54.2550304151677,0.857458494701009,0.188963035827168,4.53770490586989,5.68697631453493e-06,1.00464045977512e-05
"ONCDGDAG_01723",19.0919603363395,0.277761506662675,0.342556732859087,0.810848189566703,0.417452856622655,0.461804187648094
"ONCDGDAG_01724",2399.66174527945,2.15998050932434,0.105357053255493,20.5015273546646,2.08641185917726e-93,1.86016657319772e-92
"ONCDGDAG_01725",110.193075669335,0.528572510856572,0.172459565221945,3.06490689673449,0.00217737767039073,0.00320539653953805
"ONCDGDAG_01726",525.848816140737,0.469232313424232,0.0822696318185929,5.70359077890253,1.17309516381426e-08,2.3274273312671e-08
"ONCDGDAG_01727",80.2281996014635,0.23457406486121,0.149803168992031,1.56588185977353,0.117376277379398,0.144366226725244
"ONCDGDAG_01728",489.209126758787,0.51622256271765,0.105452086699374,4.89532809520701,9.81418504372128e-07,1.78684556028952e-06
"ONCDGDAG_01729",88.0700743180542,0.583131608372158,0.209406383392688,2.78468878992405,0.00535791202184941,0.00763924187822907
"ONCDGDAG_01730",20.6815703407774,0.608944752064474,0.422264901566692,1.44209180020684,0.149276477961692,0.180766465035953
"ONCDGDAG_01731",10.8212727497524,-0.406323602452045,0.347058032838315,-1.17076558963077,0.241693012813187,0.281794101167152
"ONCDGDAG_01732",1733.43440177714,1.24970460028787,0.0990012029077677,12.6231254124471,1.57446213067584e-36,6.7649705705093e-36
"ONCDGDAG_01733",2044.29608727984,1.95802597782823,0.401324353244614,4.87891143908423,1.06672945208516e-06,1.93722414181984e-06
"ONCDGDAG_01734",5331.35442325846,1.92945678732848,0.12342245232648,15.6329480654349,4.34238880178466e-55,2.51294832687457e-54
"ONCDGDAG_01735",494.031223763922,0.488332008231765,0.148746048347553,3.28299147208774,0.0010271177278826,0.00154636774546124
"ONCDGDAG_01736",84.1134441872675,0.217084758818566,0.477910315449252,0.454237441212163,0.649657937353204,0.690821504013675
"ONCDGDAG_01737",235.582629386237,0.141043961749138,0.219410693502782,0.642830846106181,0.520333865511775,0.56402451303385
"ONCDGDAG_01738",27290.8330353959,-1.06972449872678,0.325244101080985,-3.2889897008783,0.00100547702853011,0.00151538613967059
"ONCDGDAG_01739",4801.42568979758,-1.64488801129794,0.261244131268721,-6.29636349459648,3.04709367676986e-10,6.48758079091373e-10
"ONCDGDAG_01740",20618.1764328563,-0.661539932376021,0.123385384679495,-5.36157450166754,8.24996839468631e-08,1.57967515637853e-07
"ONCDGDAG_01741",9763.47061753708,-0.770954619221412,0.0683044936693166,-11.2870263405193,1.52095661168787e-29,5.63544053655258e-29
"ONCDGDAG_01742",3940.49135117267,-0.707063006021284,0.0700811824865811,-10.0891991392507,6.16705959904675e-24,1.94846301617723e-23
"ONCDGDAG_01743",724.57450129598,-0.383509593548926,0.0723764966518685,-5.29881399749992,1.16557295441295e-07,2.21987959875845e-07
"ONCDGDAG_01744",3085.4639822782,-0.144968445958552,0.173842141787636,-0.833908536030604,0.404332526717855,0.448332957141873
"ONCDGDAG_01745",6284.04850106764,-0.2755894718343,0.0929695507489171,-2.96429819886497,0.00303374148717324,0.00440471473939198
"ONCDGDAG_01746",567.69120102485,-1.85300868510258,0.173263278822372,-10.6947571216303,1.07701450636859e-26,3.70654087656163e-26
"ONCDGDAG_01747",1085.51364030891,-1.69610628745475,0.218909248968972,-7.74798824372725,9.3359781212475e-15,2.3242186369912e-14
"ONCDGDAG_01748",3363.40662547861,-1.51461443083914,0.0494475977895808,-30.6306979215538,4.77715182605029e-206,9.08614277314766e-205
"ONCDGDAG_01749",4303.59954656253,-0.444356782688506,0.0983575938817593,-4.51776792367136,6.24949256746422e-06,1.09992611320021e-05
"ONCDGDAG_01750",57.2672806293258,-2.30972803153885,0.182139424442836,-12.681098771473,7.52692647844887e-37,3.2635746569931e-36
"ONCDGDAG_01751",2073.57504880642,-1.67156506454739,0.0948781041454301,-17.618027674596,1.79142547528025e-69,1.21688973356537e-68
"ONCDGDAG_01752",5043.43630609673,-1.38125322525029,0.0928731130757169,-14.8724768612439,4.97385898372572e-50,2.68249899443658e-49
"ONCDGDAG_01753",1103.32865304214,-1.54689374906098,0.0789801152863503,-19.5858633967875,2.04116543368763e-85,1.67822621968611e-84
"ONCDGDAG_01754",1811.7500547673,-1.37939028308329,0.0495677854445939,-27.828362124936,1.96887498624527e-170,3.05282626943357e-169
"ONCDGDAG_01755",2330.61338865398,-0.932121368018138,0.0772261573995143,-12.0700213425872,1.52094855256806e-33,6.15498754677542e-33
"ONCDGDAG_01756",819.38118816816,-0.595258555782274,0.277147249701723,-2.14780610820751,0.0317291615855672,0.0416773931876719
"ONCDGDAG_01757",5530.06516509215,-0.719396354447576,0.148575034079262,-4.84197334300317,1.28556013417192e-06,2.32870035732856e-06
"ONCDGDAG_01758",4354.73354282333,-0.752395602178733,0.100153698951727,-7.51240952709472,5.8048858810129e-14,1.40947569519402e-13
"ONCDGDAG_01759",17922.1227433902,1.1249015493011,0.038606181696446,29.1378608261757,1.19047978468578e-186,2.03379570401709e-185
"ONCDGDAG_01760",105.506187214868,-0.561356555574381,0.126822448325496,-4.42631854995917,9.58549406381262e-06,1.66549418782323e-05
"ONCDGDAG_01761",90.5285410789512,-0.0944344545586671,0.222187837555356,-0.425020809409243,0.670821505086457,0.7101498159598
"ONCDGDAG_01762",77.6464071892626,1.40722823023692,0.23528250238377,5.98101523054013,2.2175113643609e-09,4.5384217521676e-09
"ONCDGDAG_01763",338.004238579452,-0.508187572476439,0.0829178417480746,-6.12880848998025,8.85396211197035e-10,1.83711664766919e-09
"ONCDGDAG_01764",65.8025522133962,-0.614796708939293,0.167967026631922,-3.66022261194479,0.000251996223105022,0.000397394658092292
"ONCDGDAG_01765",32.0179378438704,0.445207398471846,0.213223598803114,2.08798369866621,0.0367993051809496,0.0480936407151852
"ONCDGDAG_01766",9.57804248846656,-0.283701098780106,0.340201437148439,-0.833920929782313,0.404325542212271,0.448332957141873
"ONCDGDAG_01767",4.52577613758806,0.619612961424568,0.470645242125508,1.31651806066561,0.188000220616802,0.223206254440173
"ONCDGDAG_01768",36.7151133350611,-0.330758811594154,0.181584204483653,-1.8215175297581,0.068528224456416,0.086697164913124
"ONCDGDAG_01769",15.1785943402378,-0.599220336634856,0.32260853434892,-1.85742245735745,0.0632510738787016,0.080416806495515
"ONCDGDAG_01770",28.6466905534825,-0.872830379634187,0.213928706221597,-4.08000588163268,4.50345612807559e-05,7.46997693802306e-05
"ONCDGDAG_01771",16.7924449445562,-0.862761232380538,0.253694970924514,-3.4007817704721,0.000671934464664036,0.00102624680283003
"ONCDGDAG_01772",26.0542819904608,-0.932203649362093,0.237870801593323,-3.91894945961395,8.89357592283214e-05,0.000144085020487451
"ONCDGDAG_01773",4.26167619969815,-1.18993369896964,0.668327774365704,-1.78046423418356,0.0750000175798208,0.0944702208190855
"ONCDGDAG_01774",98.5822355710897,-0.89465180268504,0.162048422395675,-5.52089177703044,3.37283476146354e-08,6.56839424877507e-08
"ONCDGDAG_01775",19.8270763101224,-0.554169862345376,0.243237823249671,-2.27830464416116,0.0227084331604106,0.0304737346221314
"ONCDGDAG_01776",107.229748108309,-0.852610253523164,0.134316194100355,-6.34778448893611,2.18437787748102e-10,4.6822164421137e-10
"ONCDGDAG_01777",40.659183365398,0.168718861877787,0.233593477713068,0.722275568348835,0.470125070736256,0.514486699965684
"ONCDGDAG_01778",95.7530478988437,-0.363236253232339,0.476151881368862,-0.762857960758426,0.44554810993006,0.490412329332739
"ONCDGDAG_01779",4004.61662221836,2.07232354071601,0.175444110445974,11.811872940324,3.38926109093752e-32,1.33373267481997e-31
"ONCDGDAG_01780",3579.03366510176,2.58580960658109,0.0872066992232422,29.6515018870468,3.24366081076481e-193,5.82022911516479e-192
"ONCDGDAG_01781",171.312083511308,-0.217219891806297,0.153625672565415,-1.41395567667119,0.157374916839307,0.189767809696763
"ONCDGDAG_01782",635.396375454577,0.485766648343785,0.173112531383298,2.80607443298384,0.00501491066401113,0.00717529595006206
"ONCDGDAG_01783",291.820088773396,0.364477352010386,0.260536187404422,1.39895096969627,0.161827686498017,0.19488999137984
"ONCDGDAG_01784",11.9914695314515,-0.311349875914713,0.310726819460249,-1.00200515827873,0.316341101541249,0.359713496491504
"ONCDGDAG_01785",91.2376409322831,0.00764190326154237,0.429333213940456,0.0177994690683359,0.985798828315649,0.987529514460866
"ONCDGDAG_01786",229.561089356489,-1.40569501501967,0.0967212875480404,-14.5334605303045,7.4366643375263e-48,3.9073302679489e-47
"ONCDGDAG_01787",264.132183986309,-0.663850653955168,0.0848691566278376,-7.82204843705753,5.19706027974746e-15,1.29949281140399e-14
"ONCDGDAG_01788",1704.21499436173,-1.01656533859928,0.0609896985672197,-16.6678203447566,2.2463783202526e-62,1.42737580126518e-61
"ONCDGDAG_01789",32.6399291469135,-0.587380919983905,0.198669252688775,-2.956576883611,0.00311074666890082,0.00451192691732285
"ONCDGDAG_01790",43.706912585493,-0.523145991328891,0.20189108274794,-2.59122881609405,0.00956338812144476,0.0133550397995506
"ONCDGDAG_01791",18.3197620733348,-0.974540404854665,0.265155384676052,-3.67535589007664,0.000237518083135823,0.000374800382293419
"ONCDGDAG_01792",27.2428054853008,-0.63850366890942,0.229531173551099,-2.78177320766964,0.00540628050676818,0.00770397472408473
"ONCDGDAG_01793",8.24889243663003,-1.21569331015001,0.500389419058068,-2.42949443742921,0.0151198969313247,0.0206496246745186
"ONCDGDAG_01794",13.9003300457289,-0.926745914301092,0.78051869450906,-1.18734621069391,0.235091087528352,0.274770533682256
"ONCDGDAG_01795",231.720812447018,-0.794602201203798,0.118632402058786,-6.69801999634169,2.11262363858224e-11,4.70149394764052e-11
"ONCDGDAG_01796",43.9700099856697,-0.714689668201411,0.181811621459208,-3.93093501100401,8.46161443684181e-05,0.000137633899591275
"ONCDGDAG_01797",103.88468408045,-0.665835085254627,0.188198568004194,-3.53793916880277,0.000403262951730134,0.00062629787767342
"ONCDGDAG_01798",41.8994131339171,-0.825705393912666,0.454444391664596,-1.81695584555058,0.0692238745293315,0.0875036393585214
"ONCDGDAG_01799",289.799845458541,-0.763924756931069,0.120886124797857,-6.31937501684737,2.62623250207935e-10,5.6040698043623e-10
"ONCDGDAG_01800",2893.29171768452,1.10218353956122,0.14055547669184,7.84162642041829,4.44747855067176e-15,1.11695918178403e-14
"ONCDGDAG_01801",546.743120655675,0.6973129158282,0.275735769074964,2.52891715198046,0.0114415031221214,0.0158382379463427
"ONCDGDAG_01802",1196.29903355459,-0.828038050674496,0.0788021107630223,-10.5078156239319,7.95139027037196e-26,2.66259582645202e-25
"ONCDGDAG_01803",111.015196007435,0.367396961560057,0.138800500279726,2.64694263219252,0.00812231306674167,0.0114152508272975
"ONCDGDAG_01804",31.0618561944483,-1.21725216782102,0.243752631556681,-4.99380113374475,5.92023590907831e-07,1.08760032508696e-06
"ONCDGDAG_01805",123.123505297843,0.538782352382897,0.249004152534014,2.16374846322814,0.0304836593825836,0.0401894086037482
"ONCDGDAG_01806",2069.05993705482,0.728729531731349,0.247878913742272,2.93986092132481,0.00328359598651939,0.00475779550509895
"ONCDGDAG_01807",6764.63861565141,0.467227210516222,0.0762179200533308,6.13014905404525,8.77967794917769e-10,1.82302919861746e-09
"ONCDGDAG_01808",63.6023265250067,-0.987994603059582,0.173619555082752,-5.69057213969172,1.26614405457426e-08,2.50854790812526e-08
"ONCDGDAG_01809",152.751333684496,-0.153249672425552,0.130300530252197,-1.17612470286143,0.239545047856339,0.279518209216415
"ONCDGDAG_01810",3122.99494194475,0.852076093324335,0.0743435757380918,11.4613278264439,2.06327031962931e-30,7.79670228066545e-30
"ONCDGDAG_01811",2001.08119424426,0.939444519671195,0.0542420996558148,17.3194718794498,3.35421908424998e-67,2.23067297141379e-66
"ONCDGDAG_01812",2178.70215847951,1.15330345543693,0.144722719983676,7.96905596831661,1.5989103976e-15,4.08022483394706e-15
"ONCDGDAG_01813",1048.77905462714,1.37497231186687,0.108143228479851,12.7143634529373,4.92100414494671e-37,2.15001911570183e-36
"ONCDGDAG_01814",1603.68189048359,1.21557580739484,0.0624909910534705,19.4520167931843,2.80191031734494e-84,2.2774501810214e-83
"ONCDGDAG_01815",895.231541860321,0.480043103707786,0.109625393804663,4.37894074581986,1.19257549389e-05,2.05832902847439e-05
"ONCDGDAG_01816",1135.0042398377,0.595617246515028,0.0611503807669778,9.74020503297782,2.03144066703977e-22,6.19860986424007e-22
"ONCDGDAG_01817",3386.0881113754,0.922053310571078,0.096027880474836,9.60193337613758,7.84586858387713e-22,2.36120918457821e-21
"ONCDGDAG_01818",2765.78796335527,0.612740717189228,0.140670360085581,4.35586229264253,1.325440893301e-05,2.27526045041382e-05
"ONCDGDAG_01819",1761.46680694044,-0.245962546621985,0.176657378774757,-1.39231402802367,0.163827325403238,0.196799730263342
"ONCDGDAG_01820",15184.4543193188,0.604084972367572,0.109746233231404,5.50438000996204,3.70469677430538e-08,7.20483973898653e-08
"ONCDGDAG_01821",26335.6264147287,2.43713296299758,0.268951331840548,9.06161329010439,1.2853517577318e-19,3.69668202097663e-19
"ONCDGDAG_01822",45.2824205449894,-1.19142392894435,0.228362296162217,-5.21725323736465,1.81595909189393e-07,3.41750085037822e-07
"ONCDGDAG_01823",46.0176517735497,-1.3571658272998,0.168923171352672,-8.03421944089808,9.41765116955095e-16,2.41189935248912e-15
"ONCDGDAG_01824",617.227885222113,0.399944286071043,0.332173072273113,1.20402380401927,0.228580378202352,0.267819227520045
"ONCDGDAG_01835",34.8954763867066,0.425918376386188,0.18616941247291,2.28779997062173,0.0221491725584621,0.0297652328352766
"ONCDGDAG_01836",1.25433940659314,0.638205516320517,1.02544732821598,0.62236791569864,0.53369997245693,0.576759856598341
"ONCDGDAG_01837",13.0684534123453,2.02919576308381,0.343998790225675,5.89884563766223,3.66053488936112e-09,7.4490057341992e-09
"ONCDGDAG_01838",31.0042177274457,1.45024538763307,0.217246535432919,6.67557429508873,2.46265865308915e-11,5.46767714962128e-11
"ONCDGDAG_01839",17.3980982351215,1.5089736890841,0.277883581610153,5.4302369371396,5.6279281644193e-08,1.08343313448639e-07
"ONCDGDAG_01840",33.5177762169895,0.541494586736506,0.219045564669667,2.47206368936578,0.0134335581354621,0.0184259333463815
"ONCDGDAG_01841",3.00992346558097,1.24303797198751,0.608566959664826,2.04256565731423,0.0410954536679285,0.0533175667642565
"ONCDGDAG_01842",335.976651888444,1.14905148516888,0.0838903325874241,13.6970667504677,1.05709129741404e-42,5.1730385446351e-42
"ONCDGDAG_01843",905.433331375646,-1.09510098109569,0.0659646666233695,-16.6013266973402,6.81674229520136e-62,4.30269154163927e-61
"ONCDGDAG_01844",51.4845006106251,0.125461085195533,0.238546868627391,0.525938931487306,0.598930638138261,0.641422338816989
"ONCDGDAG_01845",5.47976466188487,-0.068102304373733,0.525649788430682,-0.129558321667076,0.896915879730308,0.91258951671561
"ONCDGDAG_01846",3.00549561855919,0.687211158624154,0.608302549086417,1.12971934715093,0.258594502233365,0.300150575619117
"ONCDGDAG_01847",12.1897581835502,-0.10895227537783,0.296158836238682,-0.367884601255059,0.712959282712725,0.750026856039603
"ONCDGDAG_01848",4.65007467966785,0.288189281835187,0.469325115623483,0.614050414609363,0.539182013257018,0.581802679206609
"ONCDGDAG_01849",13.0152799898357,0.740084653267242,0.340165298547236,2.17566182214343,0.0295805569191419,0.0390890823947716
"ONCDGDAG_01850",11.2401079118001,0.996306226444623,0.358885907012529,2.7761085263508,0.00550138415984393,0.00782815411872056
"ONCDGDAG_01851",24.9734929280223,0.999559193056595,0.228555641931144,4.37337352344918,1.22341134998097e-05,2.10899853866811e-05
"ONCDGDAG_01852",135.010941589919,-0.592700492558233,0.167156106927648,-3.54579024034567,0.000391437657588142,0.000608263418899221
"ONCDGDAG_01853",95.1114775635428,1.34201271777445,0.163495835867545,8.20823790803866,2.24458131085881e-16,5.87503713750476e-16
"ONCDGDAG_01854",76.1812681559013,1.79251785508147,0.153360200885851,11.6882857790182,1.46309893206548e-31,5.67149626791144e-31
"ONCDGDAG_01855",381.602610034522,0.389879765672116,0.15581746177533,2.50215708323035,0.0123439142361376,0.0170131339689374
"ONCDGDAG_01856",311.00059788301,0.421250701992692,0.205515301730141,2.04972913669382,0.040390870085806,0.0524511389871664
"ONCDGDAG_01857",477.423963101917,0.356669448414081,0.243894793479973,1.46239057966347,0.143634209418713,0.174526575584152
"ONCDGDAG_01858",10957.0883345105,0.117670216953051,0.126255087679195,0.932003764094181,0.351334580159177,0.394939935852692
"ONCDGDAG_01859",634.433876083251,0.459134878054297,0.733340556820696,0.626086848441625,0.531257977981317,0.574754618965145
"ONCDGDAG_01860",5111.53246918245,0.274318157461927,0.110736853073896,2.47720745034059,0.0132414912847461,0.0181712239708421
"ONCDGDAG_01861",13088.3525074841,-0.167924123579703,0.101104726663773,-1.66089290897487,0.0967349566749058,0.12020245269752
"ONCDGDAG_01862",7704.40499164425,-0.359118460290697,0.123341465997015,-2.91157930861133,0.00359606603528124,0.00518684347758209
"ONCDGDAG_01863",11583.3292556651,-0.0884993749468306,0.188558485541995,-0.46934708184809,0.638821566911985,0.680821042360811
"ONCDGDAG_01864",1802.1183788494,-0.19499479727311,0.212258724196382,-0.918665642655521,0.358270485791919,0.401628957156913
"ONCDGDAG_01865",2892.42110436976,-0.332957957355802,0.101817385236876,-3.27014837968175,0.00107491084846121,0.00161661605200834
"ONCDGDAG_01866",1387.08550624422,-0.114476204642599,0.0961315283864951,-1.1908289253693,0.233720751065315,0.273392908072712
"ONCDGDAG_01867",3131.74664381362,-0.138481634191162,0.274260343552803,-0.504927662516765,0.613609644131379,0.655911695281688
"ONCDGDAG_01868",1338.44990872578,0.374980836210037,0.26101064089034,1.43664961294655,0.150817578820595,0.182323115413203
"ONCDGDAG_01869",6841.20265810154,0.539990362083247,0.0706998213320447,7.63778962816836,2.20982535250791e-14,5.41635028411088e-14
"ONCDGDAG_01870",850.507504131039,0.568665552104724,0.141629313857744,4.01516844652587,5.94033530851627e-05,9.75130991668407e-05
"ONCDGDAG_01871",953.07212719782,0.560235202830516,0.564953779368623,0.991647853841459,0.321369336858275,0.364994712602173
"ONCDGDAG_01872",1276.47563549502,1.10728751916659,0.223833528837656,4.94692428304473,7.53952862224222e-07,1.38063383563909e-06
"ONCDGDAG_01873",906.550362948544,0.779008402796369,0.0924219822669117,8.42882162542909,3.49163343030258e-17,9.37124193476317e-17
"ONCDGDAG_01874",5011.52194305783,-0.577739924018158,0.120436955086291,-4.79703197082837,1.61033907000002e-06,2.90778314348738e-06
"ONCDGDAG_01875",1416.82683766209,-0.534589109527586,0.238889099108798,-2.23781290783853,0.0252332583157942,0.0336090037231377
"ONCDGDAG_01876",1571.52617431624,0.898359057974879,0.105588292236951,8.50813133674771,1.7675890892005e-17,4.79366128468539e-17
"ONCDGDAG_01877",25.1243890247004,0.192537605674811,0.212027279079835,0.908079406151856,0.363836270060498,0.407388099875432
"ONCDGDAG_01878",0.499554545270653,1.07320341282134,1.38831886616238,0.773023718814614,0.439508343543422,0.484699383119205
"ONCDGDAG_01879",0.589072494688871,1.59836590687569,1.50218637568006,1.06402636367414,0.287316756682563,0.329334956534894
"ONCDGDAG_01880",0.47696578959158,-1.38362529973794,1.49148967628224,-0.927680105159579,0.353573531376285,0.396831347370787
"ONCDGDAG_01881",11.2828574352401,0.310210075767217,0.331784497042582,0.934974595052898,0.349801392088789,0.393371451174345
"ONCDGDAG_01882",147.578436482623,-1.62727031617585,0.17489633566305,-9.30419902742216,1.35006041453857e-20,3.94643684700671e-20
"ONCDGDAG_01883",21533.116013502,-2.08001852997571,0.517081737933738,-4.02261069649738,5.75565881638919e-05,9.4590406700221e-05
"ONCDGDAG_01884",1868.33088100911,-0.238539401186419,0.053084125928909,-4.49361079253474,7.00255624415694e-06,1.22716787251718e-05
"ONCDGDAG_01885",917.326538872578,-0.810935475304466,0.226560876875065,-3.57932705103206,0.000344480137695298,0.000537637764138231
"ONCDGDAG_01886",308.206810312516,-0.0560596483887904,0.099884708958553,-0.561243547418777,0.574631519969877,0.617252909064029
"ONCDGDAG_01887",1193.98279875762,-2.50423702530332,0.282497408971778,-8.86463714629503,7.6753619770502e-19,2.16595526414681e-18
"ONCDGDAG_01888",7716.11534434163,-2.21024827016205,0.228133117791165,-9.68841477976616,3.37729710311835e-22,1.02504559948901e-21
"ONCDGDAG_01889",467.245216047363,0.626932620382179,0.155250785286853,4.03819290977377,5.38645491462623e-05,8.87272278950845e-05
"ONCDGDAG_01890",277.611294201394,-0.230693250792376,0.0796228623373255,-2.89732426115297,0.00376360531840295,0.00541480886202905
"ONCDGDAG_01891",278.6396810209,-0.374734304545772,0.0888196423641625,-4.21904766300852,2.45336409368472e-05,4.14659227445646e-05
"ONCDGDAG_01892",4525.59930367657,0.399007799463191,0.0682299468539868,5.84798637344792,4.97559301460205e-09,1.00320613926923e-08
"ONCDGDAG_01893",597.841303473615,0.175573552686643,0.0734301445170691,2.39102828737903,0.0168012583425672,0.0228257095482591
"ONCDGDAG_01894",1049.59593515383,0.314579053798548,0.152383046483894,2.06439667047737,0.0389801219102943,0.0507809533379314
"ONCDGDAG_01895",1356.13530947215,1.16853506172378,0.206651985155679,5.65460361217184,1.56206345311484e-08,3.08412943372779e-08
"ONCDGDAG_01896",3408.00479278087,1.36194830025287,0.0340187176036753,40.0352628255961,0,0
"ONCDGDAG_01897",431.484609220885,-1.36821867775989,0.0844313179888242,-16.2051086060387,4.64066523177789e-59,2.8169825332473e-58
"ONCDGDAG_01898",52.8992238764887,0.0853390386577643,0.249408244542543,0.342166069186248,0.732225918631662,0.767183454225535
"ONCDGDAG_01899",3753.93748727524,-1.85606624675098,0.0511721885681883,-36.270995997713,4.63836996579635e-288,1.29737936396245e-286
"ONCDGDAG_01900",6404.2744253417,-0.930200202223634,0.0916292252590043,-10.1517850837904,3.25356966756628e-24,1.0359859666927e-23
"ONCDGDAG_01901",2337.77130041564,0.229513245363763,0.128519030499909,1.78583081798089,0.0741266552289574,0.0934526501848057
"ONCDGDAG_01902",445.199265910065,-0.765432234034526,0.120227699064384,-6.36652152533189,1.93363174819583e-10,4.1509792156529e-10
"ONCDGDAG_01903",6606.91274371432,-0.171511838460842,0.083003054170883,-2.06633165699832,0.0387971742263411,0.0505657094873235
"ONCDGDAG_01904",1348.91912194337,-0.136350797480671,0.0529904207504964,-2.57312162367373,0.0100785783190845,0.014026431192365
"ONCDGDAG_01905",464.958895669632,-0.0298964062216923,0.0649674351234086,-0.460175258033547,0.645390428758659,0.687051825838975
"ONCDGDAG_01906",1817.64586224311,-1.04560416358158,0.0947678826862203,-11.0333177648762,2.63944542930638e-28,9.50800228511501e-28
"ONCDGDAG_01907",473.395895393502,0.10184459477274,0.116113302762012,0.877113925365492,0.380424761742148,0.424462982108075
"ONCDGDAG_01908",1701.57846095152,2.13570615129069,0.0880434965695626,24.2573981555047,5.52439725867934e-130,6.1808256388283e-129
"ONCDGDAG_01909",6977.66888317783,0.247978054531247,0.119004866073986,2.08376398976053,0.0371816403811884,0.0485710714320195
"ONCDGDAG_01910",14084.9128816839,0.972311607582083,0.239252500594634,4.0639558841204,4.82479488422157e-05,7.97979119112124e-05
"ONCDGDAG_01911",11154.8835219687,1.0595394640024,0.053547364229443,19.7869583171716,3.85623357225357e-87,3.24537887363995e-86
"ONCDGDAG_01912",462.194231531986,-1.26786323087641,0.106140310517494,-11.9451622545182,6.88159257392597e-33,2.75360218981919e-32
"ONCDGDAG_01913",306.611440027243,1.03019532371557,0.082121488925104,12.5447716206793,4.24636800817109e-36,1.81089505639942e-35
"ONCDGDAG_01914",465.813722142294,-0.930596222479459,0.127219066567469,-7.31491157409119,2.5755093455331e-13,6.08776152676547e-13
"ONCDGDAG_01915",597.296088656436,0.636241020553138,0.0732061141541376,8.69109128253296,3.58974460671051e-18,9.97228954522404e-18
"ONCDGDAG_01916",3563.80821829933,1.5913902441921,0.0421080502619193,37.7930166391791,1.47976171352823e-312,4.79745473715449e-311
"ONCDGDAG_01917",241.11825992183,-1.70703655844329,0.109520531787232,-15.5864524266517,8.9994392855554e-55,5.17649199227612e-54
"ONCDGDAG_01918",176.229698945837,-1.99509622439872,0.0962895769685375,-20.7197527210097,2.29862856920268e-95,2.10191900895361e-94
"ONCDGDAG_01919",627.743598418495,-1.56123660918728,0.162797556035683,-9.59004942829165,8.80428243952568e-22,2.63851027310575e-21
"ONCDGDAG_01920",69.3218733293241,0.802673177589348,0.19030794781166,4.21775961970711,2.46741651728051e-05,4.1678740815875e-05
"ONCDGDAG_01921",111.523964285487,0.671715727206334,0.253907105085412,2.64551764701652,0.00815660324171404,0.0114577986453029
"ONCDGDAG_01922",847.247719321982,-1.17302853311393,0.0773100407737832,-15.1730424841752,5.33456090408717e-52,2.95524315715741e-51
"ONCDGDAG_01923",1575.20369386402,-2.71089622947731,0.174276250904587,-15.5551672439952,1.46771356028031e-54,8.40840720377457e-54
"ONCDGDAG_01924",153.973542780039,-0.4062974828834,0.12333158596404,-3.29435058916591,0.000986493736636061,0.00148834829752654
"ONCDGDAG_01925",323.033144211199,-1.31784673926869,0.155880187441299,-8.45422860275272,2.80938429820444e-17,7.58294550877698e-17
"ONCDGDAG_01926",722.393888275285,1.53200290200396,0.0601018194808878,25.4901251781759,2.53656760922546e-143,3.14644669092184e-142
"ONCDGDAG_01927",1060.48764632271,1.38145627089772,0.116291496870969,11.8792543570964,1.5171461871943e-32,6.02005295141215e-32
"ONCDGDAG_01928",731.166287612348,1.71547915102205,0.105664648749522,16.2351285063048,2.84651207239273e-59,1.73157759968795e-58
"ONCDGDAG_01929",451.333951021581,2.09511410505045,0.247676301967909,8.45908182738417,2.69490899875151e-17,7.28084789151332e-17
"ONCDGDAG_01930",199.601896690675,0.757978243830518,0.141607257121812,5.35267936994569,8.66613277752443e-08,1.65713651570223e-07
"ONCDGDAG_01931",56.421153144068,1.22017504934125,0.165308253928276,7.38121067971997,1.56856565059654e-13,3.7448684528468e-13
"ONCDGDAG_01932",7.358385931762,0.374585248813011,0.395308391060251,0.947577277093313,0.343344698550087,0.387025849452152
"ONCDGDAG_01933",5304.26287123426,-0.95007557570837,0.0793755587456949,-11.9693718157279,5.14164270652264e-33,2.06316549109833e-32
"ONCDGDAG_01934",3986.70442988811,0.714230863678205,0.0444078125562634,16.0834506940258,3.33286048586066e-58,2.00604450762879e-57
"ONCDGDAG_01935",1388.2515339306,0.39113197884174,0.140046285270138,2.79287649856101,0.00522416332779146,0.00745599698558732
"ONCDGDAG_01936",1900.36869621112,-0.0512050443340033,0.0706927343227101,-0.724332490808091,0.468861634579586,0.513300937626845
"ONCDGDAG_01937",542.082755308841,-0.0239054630913255,0.0749347125626226,-0.319017212101105,0.74971346082491,0.783491759609329
"ONCDGDAG_01938",686.513347697795,-0.283888123826079,0.141723024681842,-2.00311928469906,0.0451644865245066,0.0583843588828352
"ONCDGDAG_01939",1774.44265127988,0.849066795586892,0.121027600145347,7.01548072148181,2.29159664834934e-12,5.25979504243014e-12
"ONCDGDAG_01940",2484.29009744082,0.866963062202706,0.0910198826374046,9.52498549856873,1.65064966206077e-21,4.90552446443685e-21
"ONCDGDAG_01941",144.649377035701,-0.830295291416969,0.286669384014716,-2.89635146868124,0.00377529311069697,0.00542888671613834
"ONCDGDAG_01942",487.559230279791,-0.467955604285476,0.178335399092691,-2.6240197216384,0.00868987532587112,0.0121829062922409
"ONCDGDAG_01943",158.338870402542,0.103998483260032,0.238837623579741,0.435435932167154,0.663246033539005,0.703435291333376
"ONCDGDAG_01944",581.742388531193,-5.30283201856959,0.191451770177456,-27.6980046392594,7.37945091289634e-169,1.11394568542292e-167
"ONCDGDAG_01945",131.188885276987,-1.15128277476468,0.11318867304293,-10.1713602943999,2.66165219364353e-24,8.51310953863789e-24
"ONCDGDAG_01946",165.682261115491,-0.497741709902761,0.153678146698689,-3.23885809788338,0.00120009264730216,0.00179824806867283
"ONCDGDAG_01947",1523.30018941977,-0.0947347352587996,0.218288456310906,-0.433988754420756,0.664296607289371,0.704287707393748
"ONCDGDAG_01948",427.522213164572,-0.361516835721476,0.189608201276519,-1.90665189209959,0.0565656805615423,0.0721743679079071
"ONCDGDAG_01949",492.848328733719,0.261310260953836,0.0996715019610846,2.62171489154303,0.00874885870745211,0.0122595746033207
"ONCDGDAG_01950",36.5921415061208,4.35241012153983,0.386077737621626,11.2734035076775,1.77570471639868e-29,6.56228698948889e-29
"ONCDGDAG_01951",183.984302096154,4.55386609171437,0.602957160004566,7.55255330524623,4.26806866294303e-14,1.03986335571106e-13
"ONCDGDAG_01952",566.188231110859,5.2781239601383,0.156324565299023,33.7638806162173,6.68855511930964e-250,1.53890707704761e-248
"ONCDGDAG_01953",955.020923299152,4.81794604655843,0.206469759142966,23.3348751243631,1.96294148962448e-120,2.12131517799191e-119
"ONCDGDAG_01954",181.304082073532,4.80657709589517,0.234808327270885,20.4702156510408,3.96860468760728e-93,3.50539602902277e-92
"ONCDGDAG_01955",389.470863810541,4.96397537041937,0.146907577043525,33.7897845047753,2.78620650157845e-250,6.46263995853928e-249
"ONCDGDAG_01956",2534.01600921726,4.9906005252853,0.0895874095620423,55.7064943576601,0,0
"ONCDGDAG_01957",1753.22811283138,2.21882430947943,0.205482658007994,10.798109830724,3.51362144288254e-27,1.22547212427187e-26
"ONCDGDAG_01958",1292.71448150727,5.41687887041128,0.202121406240358,26.8001245942732,3.22044710823818e-158,4.3961414353127e-157
"ONCDGDAG_01959",1143.59405305354,3.44899151777205,0.189782243840335,18.1734152151437,8.38152769096128e-74,6.05379708919305e-73
"ONCDGDAG_01960",799.307379745425,6.01884858940158,0.227022072896813,26.5121735195207,7.01607559222923e-155,9.44191682293868e-154
"ONCDGDAG_01961",730.383516348354,0.245815157048998,0.186186910924394,1.32026013981626,0.186748178955637,0.222089434998096
"ONCDGDAG_01962",353.272839928743,0.0193751147827432,0.156556709900393,0.123757805047579,0.901507041593772,0.916607123901295
"ONCDGDAG_01963",328.234732208573,1.28907807419654,0.241291208905585,5.34241624484936,9.17157519011454e-08,1.75143935859416e-07
"ONCDGDAG_01964",820.288033075151,-0.445600712961846,0.145665108355016,-3.05907652144002,0.00222020431933269,0.00326507367167844
"ONCDGDAG_01965",19177.0607589297,0.296107265403676,0.0775748171064382,3.81705399314569,0.000135054623400356,0.000215981412870636
"ONCDGDAG_01966",1476.56884881829,-1.57882431917545,0.0936822227574538,-16.8529767196394,9.97642453791801e-64,6.43953375716744e-63
"ONCDGDAG_01967",1700.80044741141,0.871077163790036,0.117509490220064,7.41282395284622,1.23637965520162e-13,2.95922076869984e-13
"ONCDGDAG_01968",217.060092363369,1.37087977241024,0.136619020149082,10.0343259007004,1.07692465999298e-23,3.36156023518597e-23
"ONCDGDAG_01969",521.678027452412,1.26870717976242,0.123950983200395,10.2355555962898,1.37404217155876e-24,4.41457467956884e-24
"ONCDGDAG_01970",2820.31887046752,-1.31371061509936,0.0649733757980195,-20.2192143930345,6.63309896585558e-91,5.75204600291367e-90
"ONCDGDAG_01971",2180.22915065395,-0.930475576920362,0.0439814545487493,-21.1560892304964,2.42523257185314e-99,2.27604885772928e-98
"ONCDGDAG_01972",2768.99075711291,-0.782061130168294,0.0957353716554293,-8.16898829184148,3.10986336133686e-16,8.08791264347681e-16
"ONCDGDAG_01973",3823.47707433805,-0.43176700409346,0.0994571094138022,-4.34123821452568,1.41682014092921e-05,2.42774045770033e-05
"ONCDGDAG_01974",2353.59011857185,-0.0226811455498262,0.122137108372722,-0.185702329554183,0.852678201379746,0.873184102130803
"ONCDGDAG_01975",5239.05138674135,-1.93550223018923,0.0888603861168756,-21.7813844252659,3.48384715184014e-105,3.36929353362709e-104
"ONCDGDAG_01976",1388.99505289152,-2.65463733207459,0.217587704178712,-12.2003094894289,3.09644802294899e-34,1.26382921451695e-33
"ONCDGDAG_01978",175.085269993104,-1.17288467093287,0.1689834305449,-6.94082648902805,3.89812556804907e-12,8.87577992469593e-12
"ONCDGDAG_01979",5.41001795118648,-2.10919745550272,0.550664872329187,-3.83027420394784,0.000128000542352315,0.000205275743300256
"ONCDGDAG_01980",281.342819839602,-2.05219030174775,0.153352720259155,-13.3821578011769,7.68825083598008e-41,3.63155291971046e-40
"ONCDGDAG_01981",416.971851920486,-0.275685311047952,0.133331918565117,-2.06766177232583,0.038671838981093,0.0504484483827428
"ONCDGDAG_01982",661.357956532201,-0.280269758964225,0.143597080586015,-1.9517789485723,0.0509644546592686,0.0653784123843945
"ONCDGDAG_01983",1517.94930458385,1.40123308030714,0.138971048222755,10.08291365883,6.57470273395329e-24,2.07495872787265e-23
"ONCDGDAG_01984",2527.70564730646,0.801006943885835,0.197052828946649,4.06493501345623,4.80458473744112e-05,7.95097462640343e-05
"ONCDGDAG_01985",4314.15842630612,-2.03160744736158,0.149250926331247,-13.6120257160257,3.39695956851138e-42,1.64263146592593e-41
"ONCDGDAG_01986",3769.39244528149,-0.951519130197719,0.168450987492878,-5.64864085607067,1.61721314155286e-08,3.1908085012796e-08
"ONCDGDAG_01987",17504.3794426809,1.72061338065238,0.0459864218445858,37.4156829697972,2.17228163420525e-306,6.66399946493287e-305
"ONCDGDAG_01988",2217.84855238994,-0.839849863114091,0.0741943059531662,-11.3195999655854,1.04949727515894e-29,3.90380146809448e-29
"ONCDGDAG_01989",2393.74078875247,-0.355239306992436,0.208269122920015,-1.70567437943677,0.0880687224084162,0.110056971104341
"ONCDGDAG_01990",3139.80700744857,-0.100995839375331,0.0763200051405708,-1.32332065739921,0.185728764849578,0.221061395959886
"ONCDGDAG_01991",928.369300857784,1.21217721657327,0.204144656525453,5.93783465707383,2.88811088773136e-09,5.89397736959769e-09
"ONCDGDAG_01992",891.641301647566,2.20089717207105,0.0903762989549409,24.352592411074,5.44207160983921e-131,6.1126890956186e-130
"ONCDGDAG_01993",581.954098713377,0.441025805595958,0.197606907600238,2.23183395232397,0.025625939436096,0.0341001889977527
"ONCDGDAG_01994",76.9937094575575,-0.15931673053615,0.282295068971237,-0.564362427996867,0.572507503373029,0.615434780378015
"ONCDGDAG_01995",69.149425487562,0.108339360647485,0.38086660562764,0.284454869622789,0.776061814900144,0.805421738053878
"ONCDGDAG_01996",78.0759113109085,0.0465408434538459,0.190701169630623,0.244051169397612,0.807191190328471,0.832580067247697
"ONCDGDAG_01997",96.5717444912909,0.25245779933048,0.167638170039987,1.50596847525991,0.13207526656676,0.161444188309755
"ONCDGDAG_01998",244.721107097135,0.388141178970416,0.107211454170716,3.62033312552936,0.00029422396116294,0.000461220308350476
"ONCDGDAG_01999",169.577810115045,0.159031148562573,0.174303716749759,0.9123795609642,0.361568945148322,0.405167400042483
"ONCDGDAG_02000",159.869023089485,0.149005902643689,0.16397897066098,0.908689096187544,0.363514261425945,0.40718735290468
"ONCDGDAG_02001",642.495420930712,0.247654418632766,0.158436704786057,1.56311265730491,0.118026099012215,0.145016563515008
"ONCDGDAG_02002",10.2185890567256,0.499756302451846,0.361438640802303,1.38268642595189,0.166761035800862,0.199987068154627
"ONCDGDAG_02003",59.0697323830834,-0.117407830506343,0.243917885026003,-0.481341622381757,0.630273719628871,0.672464817539704
"ONCDGDAG_02004",10.0228407437843,0.133091131105099,0.333381406090745,0.399215819099618,0.689734188135597,0.72827965904917
"ONCDGDAG_02005",108.688756667769,0.15209184259284,0.37452909211093,0.406088193938731,0.684677800064924,0.723476208735269
"ONCDGDAG_02006",95.4980991195395,0.349069099226626,0.158335778336694,2.20461289857272,0.0274812698654164,0.0364331147425803
"ONCDGDAG_02007",159.134199304104,0.533502071058469,0.109734423943369,4.86175670210649,1.16348572264382e-06,2.11025096421032e-06
"ONCDGDAG_02008",267.997790645884,-0.19572615494406,0.146799718852399,-1.33328698770094,0.182437642222707,0.217416287912023
"ONCDGDAG_02009",96.836961834575,-0.0503216395743647,0.147969734508313,-0.340080623524655,0.733795813253868,0.768546055511485
"ONCDGDAG_02010",1134.60632904775,-2.52188614529382,0.0511454675788455,-49.308106166125,0,0
"ONCDGDAG_02011",496.668469547166,-0.705862438512041,0.0812987222162794,-8.68233127495204,3.8773814531754e-18,1.07399701804946e-17
"ONCDGDAG_02012",440.322627430914,0.824490030975066,0.0586130935029163,14.0666527170084,6.08836803633443e-45,3.08527779887427e-44
"ONCDGDAG_02013",661.631667110311,-0.0770675442522377,0.0645880013205758,-1.19321766700476,0.232784137320364,0.272409205505874
"ONCDGDAG_02014",6275.64676356645,-0.0069308905604814,0.0664496365890499,-0.104302911441709,0.916928967521453,0.929967417112942
"ONCDGDAG_02015",10449.8181678316,-0.0871976965318381,0.119201828396289,-0.731513079161397,0.464465818621242,0.508849917579786
"ONCDGDAG_02016",4131.73215149685,0.835714929331993,0.0812706369415177,10.2831103678118,8.39730339617167e-25,2.71627058835349e-24
"ONCDGDAG_02017",243.843239429418,3.02581951572982,0.130504180016874,23.1856137890648,6.36050447295651e-119,6.7964491615524e-118
"ONCDGDAG_02018",922.305540016426,2.77730676672135,0.0889292267076775,31.2305286972835,4.10431323544009e-214,8.30468486575217e-213
"ONCDGDAG_02019",23.9008006581017,-0.0392667393989147,0.234376820301068,-0.16753678690783,0.866947704787004,0.884938032829096
"ONCDGDAG_02020",267.57473971318,-0.623938280280032,0.154608318140326,-4.03560615486246,5.44615083127356e-05,8.96587900843823e-05
"ONCDGDAG_02021",2936.00913202845,-0.486777145941998,0.109691010132424,-4.43771230982685,9.09200263884189e-06,1.5816758249156e-05
"ONCDGDAG_02022",9071.80401307253,-0.0205705737212216,0.0587482610062397,-0.350147789379447,0.726227787441648,0.762860043288299
"ONCDGDAG_02023",41.402928277058,1.08289868262062,0.298968610799012,3.6221149763064,0.000292204185793762,0.000458305960456076
"ONCDGDAG_02024",22.9780760186814,0.429085589496143,0.24257860513601,1.76885174706797,0.0769186184884274,0.0967160945559644
"ONCDGDAG_02025",133.706000538578,1.27018244998667,0.572993493315995,2.21674847062564,0.0266402845383429,0.0353510380408801
"ONCDGDAG_02026",6.63975967772947,0.145742141800856,0.417211235497434,0.349324585247782,0.726845643259475,0.762947248057131
"ONCDGDAG_02027",1.84924501770291,1.63248380071513,0.844514678620444,1.93304372563644,0.0532308115132269,0.0681020202902405
"ONCDGDAG_02028",48.4762026703691,-0.162162997991227,0.160570363301751,-1.00991860924225,0.312534286136004,0.355952222892623
"ONCDGDAG_02029",50.7659660275037,0.238925344315114,0.215462401027428,1.10889576638803,0.267475150409941,0.308950042153669
"ONCDGDAG_02030",758.665519861522,0.90099400602443,0.0531831348616765,16.9413481993458,2.22955843070064e-64,1.45892894559379e-63
"ONCDGDAG_02031",85.7463039993899,1.29222443482644,0.127779973937347,10.1128869807098,4.84355535755713e-24,1.53200259812755e-23
"ONCDGDAG_02032",39.5886616664474,-0.606482940827165,0.179156405603902,-3.38521493988914,0.0007112253887461,0.00108509413587841
"ONCDGDAG_02033",7.68242821299426,-0.753531937336083,0.451642743701264,-1.66842476237037,0.0952314360211709,0.11838574595573
"ONCDGDAG_02034",15.0824231137031,-0.238629068581808,0.33352702088035,-0.715471472002307,0.474317762615517,0.517684994928107
"ONCDGDAG_02035",8.42414954145175,-0.624714114632279,0.414530839753976,-1.50703893346764,0.131800677941467,0.161177597156882
"ONCDGDAG_02036",33.9843909945158,-0.385199200208789,0.187609995889956,-2.05319124059217,0.0400540336215449,0.0520831947250626
"ONCDGDAG_02037",43.3941517356694,-0.195220292321371,0.173806855438961,-1.12320248719954,0.261351506505596,0.302734814478467
"ONCDGDAG_02038",0.238854538377128,-0.213734678957836,2.38936794698839,-0.0894523923061879,0.928722387276996,0.939323977254495
"ONCDGDAG_02039",488.036490308104,-1.16216287505351,0.118958171021832,-9.76950860181115,1.52188419078578e-22,4.65373590172757e-22
"ONCDGDAG_02040",39.0583189474651,-0.442114291383853,0.195359257274067,-2.26308339595915,0.0236305488935563,0.0316516225320733
"ONCDGDAG_02041",156.453926790764,0.0797774626504063,0.155668476119997,0.512483096377908,0.608312947633662,0.650737472665481
"ONCDGDAG_02042",103.871050178252,0.22565703264379,0.103276270326173,2.18498433310098,0.0288899953280815,0.0382119409694096
"ONCDGDAG_02043",311.241198469313,0.277263139659903,0.169277839362112,1.63791752484974,0.101438899663457,0.125773655254169
"ONCDGDAG_02044",210.883623667772,0.207690834530683,0.128386612843098,1.61769852737297,0.105727583528641,0.130750236587435
"ONCDGDAG_02045",16368.2387292356,0.0510910306112037,0.0496458169951019,1.02911048107526,0.303427761537096,0.346133308142876
"ONCDGDAG_02046",4027.52039637582,0.718419521270748,0.114998679855607,6.24719798673166,4.17881233101484e-10,8.81815945294773e-10
"ONCDGDAG_02047",984.572555119957,0.606743838565924,0.0810976071005819,7.48164909247452,7.33957087251986e-14,1.77757179111198e-13
"ONCDGDAG_02048",622.25139546534,0.678749715797763,0.063450120700093,10.6973746985602,1.04702673977341e-26,3.60768996204532e-26
"ONCDGDAG_02049",569.643543169715,0.545452894447667,0.064616184266968,8.44142842285573,3.13482865167751e-17,8.43742088984524e-17
"ONCDGDAG_02050",990.23005291117,-0.256594398691005,0.0532146525247577,-4.82187492573829,1.42215111937819e-06,2.57122759416095e-06
"ONCDGDAG_02051",8154.50722086399,0.63834527608242,0.082998850605198,7.69101344690721,1.45974089514758e-14,3.60887415412136e-14
"ONCDGDAG_02052",83.604504224433,-0.052609807666712,0.146965937027307,-0.357972797852721,0.720363670601275,0.756978840598688
"ONCDGDAG_02053",43.34757790497,-0.409765849214639,0.30263692102389,-1.3539849924071,0.175741165736843,0.210314406815107
"ONCDGDAG_02054",1088.9740442994,0.362831348039859,0.141951300437539,2.55602693967225,0.0105874921678337,0.0146988394914012
"ONCDGDAG_02055",849.949614955555,0.153486465142177,0.116422977551106,1.31835199864049,0.187385841584322,0.222662143290325
"ONCDGDAG_02056",199.773053984969,-0.807145004989854,0.140399797855797,-5.74890432405654,8.98236256965316e-09,1.79082322929563e-08
"ONCDGDAG_02057",885.886252110953,-0.791413537788263,0.0533754452285302,-14.8272962295636,9.75850051332648e-50,5.23327104596249e-49
"ONCDGDAG_02059",154.602603805863,0.237657549456637,0.345047830921141,0.688766971298403,0.490969923615167,0.53402104158371
"ONCDGDAG_02060",349.544523969304,-3.2682602399184,0.191090038602199,-17.1032475780807,1.4036032066233e-65,9.29113677145308e-65
"ONCDGDAG_02061",188.710266449686,-1.83178462585776,0.155603245722003,-11.7721492078024,5.4322669265263e-32,2.12888153040928e-31
"ONCDGDAG_02062",554.523271289412,-2.04483437747124,0.1504715844844,-13.5895051845037,4.62194515367701e-42,2.22367782857344e-41
"ONCDGDAG_02063",1479.31190383476,-0.557558665315645,0.125110617722319,-4.45652555687271,8.32986745729206e-06,1.45441321026036e-05
"ONCDGDAG_02064",86.0374957903463,-0.285092288124793,0.173317014921946,-1.64491806100622,0.0999867098093032,0.124080940881227
"ONCDGDAG_02065",25.6981233440456,0.199885542978418,0.214940118881963,0.929959209188802,0.35239220478612,0.395972808292557
"ONCDGDAG_02066",9.17289786576478,-0.472846638565644,0.345951669715834,-1.36679970053055,0.171688096691662,0.205809302462736
"ONCDGDAG_02067",19.8296410194884,-0.0887039375666013,0.244871704698697,-0.362246580002975,0.717167773997447,0.754176063109
"ONCDGDAG_02068",23.8789633984866,-0.535304717602013,0.285471499628603,-1.87515993119608,0.060770724686455,0.0773667458859688
"ONCDGDAG_02069",14.7953145904977,0.277688780412113,0.269549064124804,1.03019753124997,0.302917288403261,0.345689209525802
"ONCDGDAG_02070",13.3298625163331,0.873850218082835,0.295948677174884,2.95270864673085,0.00314999114223369,0.00456652679308573
"ONCDGDAG_02071",9.34397260848072,0.299440141812886,0.347685449101632,0.861238635630555,0.389106625044607,0.432964587071865
"ONCDGDAG_02072",7.1555645423671,-0.411428076538858,0.489165390088367,-0.841081738151046,0.400302144923441,0.444382108741859
"ONCDGDAG_02073",42.5655715707688,-0.312599569772481,0.197877549894472,-1.57976268626325,0.114161223789205,0.140752796659724
"ONCDGDAG_02074",28.554320951582,-0.259003433892937,0.196371372375992,-1.31894700718913,0.187186829375163,0.222518343419725
"ONCDGDAG_02075",223.041849284629,1.9328005409212,0.0905946226253372,21.3346055749301,5.41996862294471e-101,5.10335659447567e-100
"ONCDGDAG_02076",837.107513467275,1.99149772901502,0.0597825418139681,33.3123629171236,2.55690357307709e-243,5.69909835467886e-242
"ONCDGDAG_02077",50.1263665746806,1.61651887422964,0.471426705091556,3.42899300521318,0.000605825140833462,0.00092875826265334
"ONCDGDAG_02078",424.659894388127,2.5362840047315,0.0846678205771543,29.9557020299146,3.70839404640451e-197,6.82583755767229e-196
"ONCDGDAG_02079",451.07576637048,2.14357267937259,0.203027085984705,10.5580625805469,4.66184153722667e-26,1.57585709783267e-25
"ONCDGDAG_02080",849.755245084897,2.29689700547225,0.0827853310526125,27.7452173744707,1.990105107005e-169,3.03624057234507e-168
"ONCDGDAG_02081",35.6570673763905,2.41814005322301,0.720048796907405,3.35830024799552,0.000784233790494581,0.00119201864905756
"ONCDGDAG_02082",267.093579798377,0.60398580344423,0.0810669410420535,7.45045755619312,9.30170627377902e-14,2.23758583466202e-13
"ONCDGDAG_02083",188.836549288871,0.977757082852269,0.14677936169007,6.66140710515444,2.71218207317183e-11,6.00765175058946e-11
"ONCDGDAG_02084",182.281752619951,1.72680940353231,0.201543373330942,8.56792944859973,1.05362312841271e-17,2.86557367527309e-17
"ONCDGDAG_02085",33.1430745930732,1.53118123302265,0.363693887914284,4.21008239045117,2.55277577013256e-05,4.30695994807108e-05
"ONCDGDAG_02086",113.407641337935,1.2901814650694,0.200018206862703,6.45032012488249,1.11614134617218e-10,2.41056113597973e-10
"ONCDGDAG_02087",187.299327756961,1.70476879328036,0.151853619987812,11.2263954814984,3.02571644876473e-29,1.11241868921724e-28
"ONCDGDAG_02088",702.67665197136,-0.983509192898208,0.0959646478559319,-10.2486615110047,1.19993619262934e-24,3.86826887861187e-24
"ONCDGDAG_02089",283.205261034452,0.00688260204387476,0.145908947313492,0.0471705277201895,0.96237731683723,0.968487649007625
"ONCDGDAG_02090",335.775615764714,-0.088288800417066,0.0749353982420236,-1.17819885512471,0.23871733889974,0.278666353470113
"ONCDGDAG_02091",822.50969962637,0.561193859817468,0.0538939438310489,10.4129299124359,2.16455313716956e-25,7.15581703400318e-25
"ONCDGDAG_02092",916.480604020398,-1.61279628392013,0.204932823303472,-7.86987783568394,3.54987722260157e-15,8.94681953717516e-15
"ONCDGDAG_02093",247.662663337506,-1.06430687259609,0.0959812159666272,-11.0886996156222,1.42341859051258e-28,5.1601184736117e-28
"ONCDGDAG_02094",668.916112167761,-1.13403648182902,0.161508876573773,-7.02151179480853,2.19480283963815e-12,5.04574738234299e-12
"ONCDGDAG_02095",2002.57574348559,-0.497598089215925,0.0751880393807057,-6.61804847306094,3.63971690078005e-11,8.02481631988058e-11
"ONCDGDAG_02096",542.634369877934,0.397334255431838,0.103533558807716,3.83773396768651,0.000124174902369214,0.00019936465754607
"ONCDGDAG_02097",747.010479460106,0.915880072558031,0.285832622527413,3.20425312009371,0.00135413368823551,0.0020216344387943
"ONCDGDAG_02098",1737.17859128768,0.540063563661729,0.155093956276209,3.48217027038707,0.000497367328281376,0.000767435904589922
"ONCDGDAG_02099",4375.25042841642,-0.641072297088328,0.0895489208890514,-7.15890588880014,8.13234888144002e-13,1.89400745785701e-12
"ONCDGDAG_02100",39.7552810714486,-1.81861957963565,0.209621183487958,-8.6757433069264,4.10857969615024e-18,1.13144574064832e-17
"ONCDGDAG_02101",130.576477837955,0.726854337555669,0.178020636368616,4.08297797593881,4.4462238208219e-05,7.3793348230395e-05
"ONCDGDAG_02102",99.9519605390096,1.56088923593233,0.16264636518144,9.59682827335908,8.2442317813898e-22,2.47326953441694e-21
"ONCDGDAG_02103",286.658103126614,1.71076628033184,0.278391408948733,6.14518345516506,7.98711465018313e-10,1.66087741231578e-09
"ONCDGDAG_02104",685.232052730325,1.62115099936044,0.203559973520315,7.96399690629086,1.66569422947531e-15,4.24685043493572e-15
"ONCDGDAG_02105",212.272896022501,1.34195406690208,0.129105770663931,10.3942221947248,2.63427371138704e-25,8.68853514287539e-25
"ONCDGDAG_02106",119.036572804941,1.64771347792839,0.26866332858886,6.13300477807269,8.62345569734319e-10,1.79189505495412e-09
"ONCDGDAG_02107",90.7549268348616,1.50020776478463,0.229573946278099,6.53474747072267,6.37169578874748e-11,1.39298452760893e-10
"ONCDGDAG_02108",73.948131772736,1.07072514007895,0.165107330979312,6.48502482432539,8.8717176646667e-11,1.92332906514393e-10
"ONCDGDAG_02109",168.41455048498,1.0408493411787,0.146671986060555,7.09644267548796,1.28009006856718e-12,2.96436442014785e-12
"ONCDGDAG_02110",40.7313090389291,-1.60768134068964,0.234401300807915,-6.85867072899517,6.95042320994379e-12,1.57003621678303e-11
"ONCDGDAG_02111",278.944492118683,-0.607283421816467,0.103593876827472,-5.86215556762927,4.56896653390136e-09,9.2448663271068e-09
"ONCDGDAG_02112",207.861855491314,0.0690866690650995,0.346707103081908,0.199265225462595,0.842055279725582,0.863856063666697
"ONCDGDAG_02113",450.08860701123,2.60852815015923,0.25671347477487,10.1612435905315,2.95285723785366e-24,9.43393247435217e-24
"ONCDGDAG_02114",4.19589332520695,0.169705060368403,0.681797157217456,0.248908430567534,0.80343161385165,0.829301879275961
"ONCDGDAG_02115",36829.8140688747,1.39223500919798,0.087320985778673,15.9438764551603,3.14241012962427e-57,1.86777002079542e-56
"ONCDGDAG_02116",2082.24219000237,-0.217590604809222,0.414773309826673,-0.524601269305756,0.599860404176617,0.642177010550052
"ONCDGDAG_02117",1815.50257881544,-0.100887926060687,0.0466192123728565,-2.16408473943734,0.0304578464918135,0.0401739417665945
"ONCDGDAG_02118",1415.68489803083,3.48749703107635,0.116329374485206,29.9795047167545,1.81574692379612e-197,3.38583396966688e-196
"ONCDGDAG_02119",3355.62819152041,-2.37619451445749,0.0589943280591057,-40.2783554391333,0,0
"ONCDGDAG_02120",7711.01611157328,-1.83864773474271,0.0737648358322061,-24.9258025724494,3.908066765442e-137,4.64571436741918e-136
"ONCDGDAG_02121",1076.71621384266,0.873252794423785,0.0902775540751377,9.67297799956985,3.92778929568741e-22,1.19085896499428e-21
"ONCDGDAG_02122",1105.11532106455,0.197703304212588,0.100703771650418,1.9632164810956,0.0496210251161926,0.0638272248225868
"ONCDGDAG_02123",1211.18273172802,-0.716262244430168,0.0467946621757332,-15.3064946112937,6.91940018519903e-53,3.8707938683084e-52
"ONCDGDAG_02124",6207.84849451153,1.22396558918381,0.150661616627213,8.12393771276403,4.51297430482465e-16,1.16731783242654e-15
"ONCDGDAG_02125",6172.91788571984,-1.21082372648369,0.111963489698283,-10.8144514765179,2.94046421354102e-27,1.02808142171967e-26
"ONCDGDAG_02126",10042.0544255639,2.77528518627698,0.239978222328808,11.5647376638802,6.21810470436957e-31,2.37804996267646e-30
"ONCDGDAG_02127",1257.40018700293,-1.96517420567859,0.0791383104960057,-24.8321475826526,4.03195045747921e-136,4.77309321792041e-135
"ONCDGDAG_02128",372.526432633884,0.565120269463374,0.0793310072908446,7.12357360333924,1.05164049951922e-12,2.44525700499456e-12
"ONCDGDAG_02129",57.5980475656047,0.234684779332854,0.159518192191857,1.47121012411294,0.141234300077405,0.171976721349055
"ONCDGDAG_02130",81.4713104754622,-1.42809264438999,0.136276730725403,-10.4793579710067,1.07470832695208e-25,3.58194258971295e-25
"ONCDGDAG_02131",688.122801172342,1.62905370883086,0.0619451151265187,26.2983401597306,2.0034058385836e-152,2.64616521179584e-151
"ONCDGDAG_02132",315.117395850061,-1.48270774398862,0.25514335978735,-5.81127310240165,6.19995232880431e-09,1.24566647845625e-08
"ONCDGDAG_02133",730.915509784487,-4.22982722560291,0.0926117488488769,-45.672684925809,0,0
"ONCDGDAG_02134",1214.15471330267,-3.44279431217657,0.0666965960989781,-51.6187408884773,0,0
"ONCDGDAG_02135",83.0691240386692,-0.136570239326192,0.167963232004854,-0.813096043080701,0.416162994947738,0.460913441221233
"ONCDGDAG_02136",62.2113300337034,-0.522403398405152,0.17988925967278,-2.90402772992344,0.00368395529648277,0.00531092696354995
"ONCDGDAG_02137",105.811386095613,-0.155643290625677,0.14125561783593,-1.10185557934027,0.270524462910452,0.311840926336775
"ONCDGDAG_02138",184.319211595109,-0.415746260680442,0.132907714058724,-3.12808224582621,0.00175950938123321,0.00260502348970335
"ONCDGDAG_02139",134.12290772403,-0.0769412167013024,0.109382741029467,-0.703412768569907,0.481798551503428,0.524845844764902
"ONCDGDAG_02140",2164.1506371607,0.298285819889426,0.0398911010473467,7.47750280282791,7.57481527904882e-14,1.83298965149502e-13
"ONCDGDAG_02141",251.218479015046,0.566563411292785,0.0993741398143299,5.70131638222327,1.18885748862055e-08,2.35706074707049e-08
"ONCDGDAG_02142",15.0281433804234,-0.709449624520778,0.316435853466648,-2.24200139380082,0.0249612822242309,0.0333245382244879
"ONCDGDAG_02143",0.567775871192257,1.32413790495874,1.59748916755539,0.828886938235114,0.407168387146465,0.451302023515487
"ONCDGDAG_02144",13.3381666259134,-0.174317195877329,0.268569131678762,-0.64905893982571,0.516300280324642,0.560077832610724
"ONCDGDAG_02145",28.2928274311972,-0.305408062398113,0.20738851656413,-1.47263728704898,0.140848864971785,0.171580619882366
"ONCDGDAG_02146",20.3381279900345,-1.54038984066499,0.268853613947913,-5.72947418502407,1.00742418449866e-08,2.00570914052664e-08
"ONCDGDAG_02147",53.4870111903487,-1.21284503327275,0.262628261171804,-4.61810556054112,3.8725925160786e-06,6.89239329280864e-06
"ONCDGDAG_02148",424.939547888426,-1.18901660904914,0.153728891908636,-7.73450321723383,1.03807654950694e-14,2.57757388663472e-14
"ONCDGDAG_02149",320.145662209552,-1.24882090367254,0.10120609787902,-12.3393839881601,5.5579481519107e-35,2.33188618785312e-34
"ONCDGDAG_02150",83.5593649405566,-1.40097908437117,0.173160578007853,-8.0906352963758,5.93543284638916e-16,1.5283203890567e-15
"ONCDGDAG_02151",79.1548758621653,-1.76310757726202,0.152247669754795,-11.5805225794367,5.17297429632397e-31,1.98366877250165e-30
"ONCDGDAG_02152",106.395561768685,-0.484234084474332,0.320564534192002,-1.51056661865252,0.130898904260508,0.160143470778401
"ONCDGDAG_02153",1628.73947680955,0.323958039313208,0.0590741452309518,5.48392258655096,4.15996868088955e-08,8.06276538490345e-08
"ONCDGDAG_02154",18.0615620923448,0.471560239372129,0.249678309385495,1.88867122872118,0.0589358961365422,0.0750978614013198
"ONCDGDAG_02155",36.6885383992347,0.77897380752155,0.196008353039677,3.97418679072246,7.06201259215073e-05,0.000115394741840814
"ONCDGDAG_02156",50.980529738354,1.95068202223107,0.211693103070239,9.21466969844474,3.12238121066958e-20,9.0806866402042e-20
"ONCDGDAG_02157",6.75320973320788,1.42209155541079,0.415732849462798,3.42068604212631,0.000624633962243551,0.000956051874614191
"ONCDGDAG_02158",16.7199415023617,1.69177834969422,0.311410228470105,5.43263578080136,5.55276715703125e-08,1.06968566502432e-07
"ONCDGDAG_02159",94.1787615746426,0.714203066933412,0.124117997319879,5.75422648089266,8.70394036088366e-09,1.73774260669007e-08
"ONCDGDAG_02160",40.8519341098486,0.461320683450358,0.213986057479429,2.15584458578431,0.0310958026832668,0.0409775173465866
"ONCDGDAG_02161",2010.49206478067,0.73007913570329,0.0441448215879168,16.5382735605647,1.94517617325656e-61,1.21435177730874e-60
"ONCDGDAG_02162",1329.67831335762,0.203419078457116,0.0494605743505131,4.11275204803613,3.90970240836464e-05,6.51160593757404e-05
"ONCDGDAG_02163",103.550019343331,0.324711101210999,0.118505629428543,2.74004790132604,0.00614302306331777,0.00871075785270656
"ONCDGDAG_02164",270.572283703035,-0.322148885325146,0.108534471860857,-2.96817112390011,0.0029957749636452,0.00435180548435833
"ONCDGDAG_02165",50.4852564117518,1.90227422264446,0.16203622779829,11.73980811879,7.96669934888467e-32,3.10505372163497e-31
"ONCDGDAG_02166",1378.42060702934,-0.0612361210605001,0.280007844110822,-0.218694305707607,0.826888185010685,0.849212380070368
"ONCDGDAG_02167",12757.2786354258,0.0993239212260212,0.0639387925387809,1.55342190995831,0.120322371890048,0.147583717541834
"ONCDGDAG_02168",1543.0335734744,-0.462163104408388,0.0803544983703827,-5.75155235588819,8.84276866438359e-09,1.76422510485919e-08
"ONCDGDAG_02169",3019.20915424579,-0.246876451772929,0.0475502953504338,-5.1919015424302,2.08157079441046e-07,3.89424359111675e-07
"ONCDGDAG_02170",4466.53940351281,-0.156382988989429,0.0920477129925671,-1.69893399743736,0.0893316203892236,0.111537467383131
"ONCDGDAG_02171",1037.79366266813,1.77421124095898,0.0846446319604983,20.9607059522329,1.49848237324238e-97,1.38355023005195e-96
"ONCDGDAG_02172",1836.13932174344,5.91988247768642,0.101605110135638,58.2636293566696,0,0
"ONCDGDAG_02173",3542.87652979756,5.70828986064809,0.0984542115726048,57.9791333399539,0,0
"ONCDGDAG_02174",2425.76325614406,5.48325551349845,0.0844288195885234,64.9453058827771,0,0
"ONCDGDAG_02175",7242.33449414297,5.82873826757258,0.087242472383198,66.8107873189427,0,0
"ONCDGDAG_02176",23.7488208369552,-1.21822453199548,0.299012483348351,-4.07415944094964,4.61808364569139e-05,7.65121523876744e-05
"ONCDGDAG_02177",0,NA,NA,NA,NA,NA
"ONCDGDAG_02178",457.049686970801,0.567059357336081,0.0668346841531892,8.48450717648857,2.16634900238839e-17,5.86394089545927e-17
"ONCDGDAG_02179",50.528086533091,0.705768781381848,0.259153212301175,2.72336497439067,0.00646206249016379,0.00914951081113513
"ONCDGDAG_02180",9.39497160222906,-1.59473939772579,0.62974085564812,-2.53237404469257,0.0113293064681679,0.0156905394920791
"ONCDGDAG_02181",448.376508561734,-1.57985618576568,0.125500007857687,-12.5884947159301,2.44287435148051e-36,1.04490562590313e-35
"ONCDGDAG_02182",87.892252607467,-1.74939324052954,0.169509119642688,-10.3203488061122,5.70156471289131e-25,1.85903590010045e-24
"ONCDGDAG_02183",10.4598065895772,-2.22000121193552,0.565816124779839,-3.92353825688395,8.72579015323133e-05,0.000141527454844622
"ONCDGDAG_02184",52.2067893051041,-1.58434973009972,0.252930452180102,-6.26397381748075,3.75288515069395e-10,7.94876119890858e-10
"ONCDGDAG_02185",11.2899132172045,2.28760113175881,0.369992813104638,6.18282585697646,6.29641611432786e-10,1.31505674774359e-09
"ONCDGDAG_02186",14.2397322219389,0.46479939293474,0.296812263743793,1.56597098472977,0.117355410039432,0.144366226725244
"ONCDGDAG_02187",119.571141802795,-0.883454228464863,0.102822897748986,-8.59199893997906,8.54691780088699e-18,2.33566633006998e-17
"ONCDGDAG_02188",56.4835514751161,-0.705356173227907,0.204611134893344,-3.44730101612301,0.000566217330555251,0.000869907401224627
"ONCDGDAG_02189",8548.47605586987,-1.53572732855087,0.100814150755121,-15.2332516521532,2.12742212395837e-52,1.18545611711977e-51
"ONCDGDAG_02190",582.588172419287,-0.931069637717004,0.0607843408543353,-15.3175904292231,5.83404659722057e-53,3.27004615753837e-52
"ONCDGDAG_02191",12298.630199807,-4.15336184484106,0.0470966662119589,-88.1880221871505,0,0
"ONCDGDAG_02192",14060.2807637133,-4.35539087032552,0.170863207416239,-25.4905133538513,2.51155461129879e-143,3.12902415110718e-142
"ONCDGDAG_02193",948.489725892218,-0.214243552235964,0.0645482531620873,-3.31912238892005,0.000903008424787941,0.00136745384072187
"ONCDGDAG_02194",60.9390776311335,-0.820773160149208,0.274432609290911,-2.99080040914216,0.00278247293166027,0.0040564104619452
"ONCDGDAG_02195",1283.00681202285,-0.192842075588051,0.0861107446104751,-2.23946589314003,0.0251256181219063,0.0335282453235728
"ONCDGDAG_02196",141.240762774755,-1.14964205812153,0.584830803507351,-1.96576864834562,0.0493253408892304,0.0634755063405388
"ONCDGDAG_02197",952.624444502009,1.18986225051108,0.165532461256351,7.18809012734009,6.57038876248152e-13,1.53650156879998e-12
"ONCDGDAG_02198",822.790748853804,0.715472470037358,0.0658022052726896,10.873077385057,1.54886711153926e-27,5.47573465826705e-27
"ONCDGDAG_02199",10.9126644204315,0.494509564747699,0.333842833703433,1.4812645796884,0.138536083218639,0.168979668842573
"ONCDGDAG_02200",5.16463988865469,0.255956801247778,0.436226904135177,0.586751525000995,0.557370597447564,0.600293814465044
"ONCDGDAG_02201",125.317638312492,-0.116044271791689,0.207755019261773,-0.5585630239117,0.576459981119196,0.61875106325548
"ONCDGDAG_02202",415.580658403495,0.517105705939452,0.108903550623968,4.7482906018828,2.05143133466229e-06,3.69024817010814e-06
"ONCDGDAG_02203",41.155320693918,0.197772307271435,0.159197568439667,1.24230733678817,0.214123189423926,0.252331044785816
"ONCDGDAG_02204",819.587231904712,1.30527938353811,0.145700711784164,8.95863422734476,3.28724637571361e-19,9.36914476514579e-19
"ONCDGDAG_02205",3470.55205372151,2.99374131615754,0.108879554208361,27.4958998310047,1.96545754730813e-166,2.92054707420317e-165
"ONCDGDAG_02206",2594.0370510817,2.84672674050235,0.212977268956276,13.3663407106924,9.51057933301075e-41,4.48490625406275e-40
"ONCDGDAG_02207",87.4835359498428,-0.0119709269604007,0.395104548382238,-0.0302981249125473,0.975829291990713,0.97926168485737
"ONCDGDAG_02208",71.7729956743854,0.0749150690064346,0.39961963947379,0.187465934119457,0.851295330803722,0.872080997767691
"ONCDGDAG_02209",303.251183283013,-0.197180068927296,0.12932876214428,-1.52464204913151,0.127348403313275,0.156000427072895
"ONCDGDAG_02210",6518.0002094609,2.38608785232834,0.102555175939119,23.2663815402631,9.71155570035877e-120,1.04161911327532e-118
"ONCDGDAG_02211",149.791138295511,0.530551988786286,0.31772079464927,1.669868632212,0.0949453576975971,0.118125805783999
"ONCDGDAG_02212",0,NA,NA,NA,NA,NA
"ONCDGDAG_02213",144.129686327238,0.213359455723618,0.116913725405394,1.82493077680831,0.0680114761349284,0.0861237201122728
"ONCDGDAG_02214",213.775248722714,-1.1902967075963,0.127170060284466,-9.35988160211395,7.98260930980634e-21,2.34063559721249e-20
"ONCDGDAG_02215",289.150288369891,-1.83667443838843,0.0795287461389534,-23.0944724713674,5.26173455895785e-118,5.60139130474132e-117
"ONCDGDAG_02216",133.71745414614,-1.02562024456196,0.126422067248588,-8.11266788214471,4.95202844974286e-16,1.27972256948518e-15
"ONCDGDAG_02217",167.409074125819,-0.283840688502634,0.134480484101001,-2.11064594539574,0.0348027553774096,0.0456306346928996
"ONCDGDAG_02218",205.815687764235,-0.113163315100507,0.0848988398641238,-1.33291945192206,0.182558238356514,0.217469166610077
"ONCDGDAG_02219",28.3453554564097,-0.407291744915046,0.219203166345676,-1.85805593826487,0.0631610710512596,0.0803381790946249
"ONCDGDAG_02220",66.3621785413856,0.240247477228489,0.143555324465129,1.67355323199348,0.0942184364594192,0.117382183064945
"ONCDGDAG_02221",17.8722362166789,-0.0396516470538698,0.273863877584444,-0.144785969597774,0.884879860131828,0.901951497304789
"ONCDGDAG_02222",6.77196153712801,-0.328922124241316,0.42380745380654,-0.776112173787917,0.437682756334003,0.483246479806854
"ONCDGDAG_02223",43.639147891961,1.75062858474322,0.393088291831314,4.45352512685488,8.44718173811567e-06,1.47309349014939e-05
"ONCDGDAG_02224",6684.12305725962,-1.21216114632516,0.30917117363747,-3.92067970653216,8.82995598895485e-05,0.000143135593389137
"ONCDGDAG_02225",1005.50553446967,2.8893840245503,0.103027352644182,28.0448245091685,4.61941158744585e-173,7.2813156126978e-172
"ONCDGDAG_02226",786.637148263124,-2.81991607335394,0.141091230246695,-19.9864730672727,7.22238682458751e-89,6.16930227860723e-88
"ONCDGDAG_02227",1086.00495049763,-2.7726498095089,0.15274234561721,-18.152463210546,1.22769909261922e-73,8.77851005323972e-73
"ONCDGDAG_02228",2803.14388295385,3.74972740791806,0.0755662858681617,49.6216978886603,0,0
"ONCDGDAG_02229",275.753761823655,0.687453651339856,0.0947404865050439,7.25617607318553,3.98186694768828e-13,9.3654298448101e-13
"ONCDGDAG_02230",94.7649211680784,0.977128725153622,0.212758668224093,4.59266234983403,4.37626815872198e-06,7.77427961197622e-06
"ONCDGDAG_02231",160.465704822767,0.600703442473084,0.166263389045412,3.61296281714198,0.000302718126890875,0.000474275022525901
"ONCDGDAG_02232",439.267078950388,-0.822170911107822,0.155689533005315,-5.28083613096685,1.28595668432885e-07,2.44100759839669e-07
"ONCDGDAG_02233",410.982712015538,-1.0694840658327,0.163926944461544,-6.52415055588126,6.83879896184757e-11,1.4916738102562e-10
"ONCDGDAG_02234",528.217273535233,-1.80543698668339,0.154403129987477,-11.6930076924595,1.38397019369815e-31,5.37206389472219e-31
"ONCDGDAG_02235",3574.60139004569,-1.88789008047026,0.114417180363572,-16.5000577227239,3.66542055671629e-61,2.27335757571991e-60
"ONCDGDAG_02236",881.664584255873,-0.755948526701879,0.171878512321551,-4.39815609578728,1.09174449673784e-05,1.8900164133453e-05
"ONCDGDAG_02237",261.218226290262,1.28701691698689,0.0864330289529838,14.8903368605418,3.80845854025289e-50,2.05786594987528e-49
"ONCDGDAG_02238",6468.61789924073,-0.6940633413867,0.112383673094852,-6.17583784435403,6.58135091144293e-10,1.37356211780151e-09
"ONCDGDAG_02239",3710.25292137176,-1.20851404551849,0.0948914219210986,-12.7357565209989,3.74201226062105e-37,1.63993256214314e-36
"ONCDGDAG_02240",3188.24150311772,-1.15659999258533,0.0997615902257624,-11.5936402975125,4.4385862981489e-31,1.70664241356048e-30
"ONCDGDAG_02241",2462.34791194755,-1.475098972423,0.0472660704506927,-31.2084114113485,8.19263331508023e-214,1.6460269611214e-212
"ONCDGDAG_02242",1237.99534299198,-1.44099227474706,0.16050548215323,-8.97783836050773,2.7613837212191e-19,7.8861138705086e-19
"ONCDGDAG_02243",1877.6905082584,-1.41098716919494,0.0597365833483352,-23.6201518417485,2.39289491769991e-123,2.60569816801445e-122
"ONCDGDAG_02244",2415.86383507528,-1.35081674625153,0.0689633140907833,-19.587468555721,1.97782883294588e-85,1.63085134693486e-84
"ONCDGDAG_02245",2801.92252570318,-1.47619168905213,0.236505716954153,-6.24167444264483,4.32911270032848e-10,9.12183052735388e-10
"ONCDGDAG_02246",1344.70908105531,-1.36797044262913,0.0466585379066738,-29.3187593097181,5.98095318289335e-189,1.0468502718279e-187
"ONCDGDAG_02247",1770.33103653754,-0.829944548288611,0.0697425504868314,-11.9001175393681,1.18180583504229e-32,4.70249936872475e-32
"ONCDGDAG_02248",3221.35570558799,-1.6379614397181,0.0597737377560693,-27.4026939122071,2.54712054965053e-165,3.72663329648869e-164
"ONCDGDAG_02249",1643.07177693834,1.64725061273646,0.149060555617929,11.0508820117287,2.17071603297642e-28,7.82939676622217e-28
"ONCDGDAG_02250",4495.47445629345,1.58375996775224,0.132625086306589,11.9416319480544,7.18004417969002e-33,2.86900084659042e-32
"ONCDGDAG_02251",671.376181615479,1.63168433022127,0.156250163000462,10.4427688194888,1.58129986018049e-25,5.25809848612464e-25
"ONCDGDAG_02252",497.491522892823,1.38039867017671,0.311215640946831,4.4355054456037,9.18565095365158e-06,1.5969934290535e-05
"ONCDGDAG_02253",606.60433671191,1.19751692836824,0.150902238803298,7.9357134649885,2.09288688789112e-15,5.31701361634316e-15
"ONCDGDAG_02254",1120.74286462454,1.04623768818214,0.109953426518445,9.51528043563633,1.81223431702264e-21,5.38012955927741e-21
"ONCDGDAG_02255",1132.07501076611,1.32452132060896,0.138717360565657,9.5483457528883,1.31783681116731e-21,3.92872353423233e-21
"ONCDGDAG_02256",1875.24758356611,0.153898662576304,0.344871938203963,0.446248724607119,0.655417590366457,0.696426959149162
"ONCDGDAG_02257",2137.40261909677,0.174499627781422,0.159440435037697,1.09445027379763,0.273757545038219,0.314848663724818
"ONCDGDAG_02258",3669.13304899135,0.166483230881914,0.157329694857242,1.05818059987327,0.289973114092322,0.332112924329745
"ONCDGDAG_02259",6807.83512092806,0.612258153193395,0.0780279272637691,7.84665407199259,4.27283733320287e-15,1.07404448560597e-14
"ONCDGDAG_02260",3599.34075330781,-0.10281840499156,0.0614495161494838,-1.67321748704158,0.0942844890449392,0.117413202638678
"ONCDGDAG_02261",3185.89196955742,-0.0298481639433662,0.0802424186177813,-0.371974878842348,0.709911553244102,0.747096149540916
"ONCDGDAG_02262",1385.37715541052,-0.553952986889529,0.0623594150729441,-8.8832293606595,6.49468632323032e-19,1.83822818255715e-18
"ONCDGDAG_02263",694.868839152243,-2.10421509183279,0.15380392276224,-13.6811536015607,1.31588350311611e-42,6.42845142875043e-42
"ONCDGDAG_02264",330.131770828832,-1.84049540414749,0.143743900947503,-12.803989539839,1.55739855300516e-37,6.87810847016055e-37
"ONCDGDAG_02265",698.934433750093,-2.18719245653623,0.272857730321201,-8.01587132591598,1.09358948121921e-15,2.79570859311685e-15
"ONCDGDAG_02266",2229.95319001486,-1.90886268906222,0.0451611613645507,-42.2677945248898,0,0
"ONCDGDAG_02267",279.586036600692,-1.25471584547132,0.240209247815278,-5.22342856023678,1.75640246163192e-07,3.3119737098717e-07
"ONCDGDAG_02268",4534.32039627147,-0.811789939108317,0.102768997764236,-7.89917150861639,2.80763334159366e-15,7.11383474561875e-15
"ONCDGDAG_02269",682.159524212458,-1.27205061062325,0.169222620841426,-7.517024640667,5.60368592307111e-14,1.36294253525336e-13
"ONCDGDAG_02270",479.584189776202,3.91331607322655,0.0926758576061944,42.2258414899738,0,0
"ONCDGDAG_02271",23.2728835491494,4.93393304547679,0.487548699994326,10.119877348733,4.50980397254091e-24,1.42960785929547e-23
"ONCDGDAG_02272",127.869824837551,4.30966411768055,0.190476285588134,22.6257253199452,2.4195208224715e-113,2.51930398047854e-112
"ONCDGDAG_02273",48.6464829812191,4.64638005717076,0.393222604289412,11.8161570735924,3.22083777296842e-32,1.26920582407167e-31
"ONCDGDAG_02274",7.99610517535019,5.05773027262766,0.865686509010285,5.84245014792944,5.14385825339337e-09,1.03566884946586e-08
"ONCDGDAG_02275",37.7964815949532,4.91541424198681,0.665076323934799,7.39075210632321,1.46000593104655e-13,3.4886071367469e-13
"ONCDGDAG_02276",54.5666135357594,5.06159415489492,0.358931514048936,14.1018382526446,3.70004397650574e-45,1.88168011853313e-44
"ONCDGDAG_02277",172.223391098754,4.54837963624275,0.202776695344083,22.4304850640001,1.98461532034049e-111,2.02218125318979e-110
"ONCDGDAG_02278",199.197480277536,3.29427473621628,0.124837049646503,26.3885981408929,1.85207939112712e-153,2.45766628041194e-152
"ONCDGDAG_02279",97.6762100237753,5.66469920380231,0.346669374524548,16.3403508359265,5.09588403807315e-60,3.11986205163577e-59
"ONCDGDAG_02280",121.622563348384,3.35079135770205,0.177513599892248,18.8762515082563,1.78836857968226e-79,1.37897717779284e-78
"ONCDGDAG_02281",223.356686446349,2.22221495665824,0.105060467599904,21.1517710459941,2.65774289861576e-99,2.48607884909861e-98
"ONCDGDAG_02282",72.5698165949088,-0.402077904362229,0.191361688352454,-2.10114107909454,0.0356285837932481,0.0466276832853838
"ONCDGDAG_02283",645.273360074722,-1.84126766018106,0.136054586983374,-13.5333008684673,9.94555356533213e-42,4.7370057298652e-41
"ONCDGDAG_02284",406.964088295688,0.200785714923807,0.0986698088405689,2.03492554899176,0.0418583648112501,0.0542826885484075
"ONCDGDAG_02285",2037.95983457484,-2.17056303438776,0.114287051915715,-18.9922042611486,1.97846787549501e-80,1.54223192589816e-79
"ONCDGDAG_02286",2611.08609692778,-1.78516581581497,0.130098278627562,-13.7216712983993,7.53092010817167e-43,3.69805767101786e-42
"ONCDGDAG_02287",2771.69509129276,-1.13810360046587,0.108538480791446,-10.4857152243794,1.00482486800242e-25,3.35686808947413e-25
"ONCDGDAG_02288",2780.94311940572,-1.25557593627298,0.0668689851209605,-18.7766560835602,1.17234746939514e-78,8.99114873705467e-78
"ONCDGDAG_02289",627.618526818324,-1.57255475678592,0.08727590459182,-18.0182006034837,1.40230826017586e-72,9.97702111292203e-72
"ONCDGDAG_02290",3034.33647911111,2.60143117763502,0.410380491414172,6.33907125718985,2.31154318460407e-10,4.94736136959896e-10
"ONCDGDAG_02291",1525.2491470419,0.370977500593368,0.135589117899061,2.73604184717494,0.00621831177096045,0.00881313635496779
"ONCDGDAG_02292",1203.1301777727,0.118517069915899,0.134430811126467,0.881621325667694,0.377981618797045,0.421902018164307
"ONCDGDAG_02293",3897.63907562144,0.758341362864541,0.116234327469719,6.52424614460046,6.83443944095821e-11,1.4916738102562e-10
"ONCDGDAG_02294",6340.52255361655,0.713368513074987,0.160666559896077,4.44005593657081,8.99354986534514e-06,1.56550321939168e-05
"ONCDGDAG_02295",1031.16006584434,1.60601983909406,0.104346762339592,15.3911803594571,1.87578972817732e-53,1.06394196709541e-52
"ONCDGDAG_02296",9411.86759669462,1.77733812976725,0.0639544306867065,27.7906958233105,5.61979604137086e-170,8.62004199248982e-169
"ONCDGDAG_02297",3060.57077400628,0.100567269206198,0.0523218507705948,1.92208929395741,0.0545945229682754,0.0697841281489649
"ONCDGDAG_02298",9304.80234357181,-0.34850827440304,0.0399259799477714,-8.7288596262117,2.57253276870853e-18,7.16741795813031e-18
"ONCDGDAG_02299",9999.39475310411,1.1673330959932,0.084085574776186,13.8826796284659,8.06707463167367e-44,4.0026719868113e-43
"ONCDGDAG_02300",1937.24974138126,-2.69990059600585,0.19461700295392,-13.8728916539996,9.24723405632805e-44,4.58027061852499e-43
"ONCDGDAG_02301",0,NA,NA,NA,NA,NA
"ONCDGDAG_02302",2945.65080452755,1.36223323479087,0.0848539909593002,16.0538499060611,5.37255612294137e-58,3.22014760898146e-57
"ONCDGDAG_02304",113.647540867992,1.87244466032408,0.162265577796944,11.539383064147,8.35220941922931e-31,3.18567559800284e-30
"ONCDGDAG_02305",68.5091870972385,3.36430270994852,0.218845899796972,15.3729300529261,2.4866430439973e-53,1.40483021871768e-52
"ONCDGDAG_02306",36.8184879416973,2.82536781982279,0.24623966097155,11.4740566514556,1.78109493962988e-30,6.74829198242238e-30
"ONCDGDAG_02307",45.8543792066826,2.37205742220808,0.644113235763102,3.68267144735478,0.000230802542722254,0.000364808672790355
"ONCDGDAG_02308",113.708675471828,1.46037829429238,0.233994751863952,6.24107285594793,4.34579758191405e-10,9.15022915217771e-10
"ONCDGDAG_02309",248.247593860691,1.3175197136208,0.125125088440337,10.5296206383824,6.30882153945319e-26,2.12003154912367e-25
"ONCDGDAG_02310",137.24043681009,1.77736815623329,0.117948790265621,15.0689816506864,2.59075561512925e-51,1.42416681502192e-50
"ONCDGDAG_02311",41.3705653017032,2.88970592765265,0.263062091391578,10.9848816010179,4.51830654388114e-28,1.61335776842214e-27
"ONCDGDAG_02312",8651.44660889469,0.471439269484899,0.0773645553640295,6.09373720648428,1.10304685659116e-09,2.27712929222472e-09
"ONCDGDAG_02313",317.971050063684,-0.541278158290384,0.134176953140445,-4.03406207714242,5.48208250724715e-05,9.01982779306581e-05
"ONCDGDAG_02314",5880.23727180507,1.26365780228403,0.105637282470485,11.9622331503757,5.60344178366748e-33,2.24531171471957e-32
"ONCDGDAG_02315",9587.13976966493,2.05314877509988,0.239151199681834,8.58514938595912,9.07184680644432e-18,2.47437657158563e-17
"ONCDGDAG_02316",312.199422973931,-1.76869279276647,0.104974468771033,-16.8487901246187,1.07083018848008e-63,6.89633979172384e-63
"ONCDGDAG_02317",4780.99801957496,-0.86123600463739,0.193713764068277,-4.445920550766,8.75162904270091e-06,1.52432220139351e-05
"ONCDGDAG_02318",3005.73330474332,-0.588199851818324,0.0355478608207054,-16.5467017772197,1.69117414601604e-61,1.05809645582978e-60
"ONCDGDAG_02319",889.643391424279,1.41932535761034,0.265536879987971,5.34511574314888,9.03592950906057e-08,1.72669168716342e-07
"ONCDGDAG_02320",3263.37126667317,-0.382849758167615,0.075984618422137,-5.03851655924191,4.69153836333393e-07,8.66901486437287e-07
"ONCDGDAG_02321",653.051774632662,-1.20065758363661,0.156467813090778,-7.67351163104725,1.67350350190199e-14,4.130195061355e-14
"ONCDGDAG_02322",1680.71806281098,-0.336527384917512,0.386527646854423,-0.870642469319297,0.383949400010274,0.428060819941114
"ONCDGDAG_02323",7507.03631207144,-1.9055553857653,0.0962176289369964,-19.8046387841573,2.71503092752723e-87,2.29851134606385e-86
"ONCDGDAG_02324",719.304125403384,0.393411406670956,0.0925123065634191,4.25253051496737,2.11368403724473e-05,3.58522030812082e-05
"ONCDGDAG_02325",6330.51031065254,0.29294764288055,0.0245473081401434,11.9340027512621,7.86963673077542e-33,3.14015015285347e-32
"ONCDGDAG_02326",200.446582196704,0.400734072023373,0.112019288045098,3.57736671082965,0.000347073099165314,0.000541388492027688
"ONCDGDAG_02327",20.5365706955085,-0.145452569721675,0.749571628182674,-0.194047592321927,0.846138616794112,0.867520712606591
"ONCDGDAG_02328",143.981395945361,0.322881865630884,0.191908916076006,1.68247454174045,0.09247685752577,0.115262767374846
"ONCDGDAG_02329",28.6276233655635,0.0526292536084307,0.191778616451021,0.274427121137731,0.783756403083883,0.812520718749389
"ONCDGDAG_02330",698.308004858098,0.105244905173383,0.0743868107768145,1.41483287257943,0.157117503414468,0.189537521032337
"ONCDGDAG_02331",0,NA,NA,NA,NA,NA
"ONCDGDAG_02332",75.5419421346374,0.0385573832651007,0.17396002334068,0.221645079856023,0.824590186538791,0.847462464767713
"ONCDGDAG_02333",4017.65952024278,1.26332638373534,0.0313594229318765,40.2853836462399,0,0
"ONCDGDAG_02334",362.23754681891,1.36860208102258,0.263903696674364,5.18599056500268,2.14869687623215e-07,4.01193206013765e-07
"ONCDGDAG_02335",133.060207871714,1.21318140868552,0.275242255887587,4.40768589391667,1.04480917246599e-05,1.81096024850878e-05
"ONCDGDAG_02336",2892.93488100305,0.840437694882382,0.0888179839444424,9.46247209808426,3.00747341607392e-21,8.89152503218539e-21
"ONCDGDAG_02337",2784.61053064828,1.83629224051524,0.0679520864198763,27.0233386090425,7.8611132181058e-161,1.09403687859785e-159
"ONCDGDAG_02338",1917.46137649389,2.18929728635054,0.120565848865131,18.1585192403825,1.09950490685484e-73,7.90147984699464e-73
"ONCDGDAG_02339",3442.59315778252,2.17324939452421,0.0859597742927052,25.2821672975081,5.01813032925895e-141,6.06640924973551e-140
"ONCDGDAG_02340",2229.47770481955,2.39040353014493,0.0938695507420859,25.4651642758231,4.79576653390565e-143,5.89755255225553e-142
"ONCDGDAG_02341",1256.24797200786,2.20470173754304,0.104531072412358,21.0913529026648,9.54913526610414e-99,8.87416381569874e-98
"ONCDGDAG_02342",1385.88421993704,2.47228638585301,0.182746964913072,13.5284675563778,1.062147575353e-41,5.05051172080349e-41
"ONCDGDAG_02343",1941.89062245043,2.69344406595516,0.197836391322379,13.6145026097152,3.28373713565911e-42,1.59057759728955e-41
"ONCDGDAG_02344",2443.25971402626,3.08325789030932,0.150006649166952,20.554141482607,7.06692692995401e-94,6.3402335003644e-93
"ONCDGDAG_02345",4159.8787269921,3.63739842256019,0.251952652611585,14.436833209959,3.03468287084292e-47,1.58280625786378e-46
"ONCDGDAG_02346",466.705847822844,0.845010394567773,0.0711924531211085,11.8693816201317,1.70724868767334e-32,6.76497292490562e-32
"ONCDGDAG_02347",110.64908017129,-0.127201454818808,0.112885777993448,-1.12681559253807,0.259820456575135,0.301328358784089
"ONCDGDAG_02348",319.768027235178,0.357707413027843,0.0741609045182284,4.82339603800167,1.4113434428085e-06,2.55492566137859e-06
"ONCDGDAG_02349",201.725229133948,1.27464959230917,0.132290830163838,9.63520744960601,5.67772006036127e-22,1.71413072298526e-21
"ONCDGDAG_02350",372.552718784207,2.83186579828291,0.0943611361163395,30.0109336834547,7.06616412407593e-198,1.3263004109203e-196
"ONCDGDAG_02351",381.738626417969,3.97198909317546,0.117908567250515,33.6870270396583,8.95318505654162e-249,2.04347495730506e-247
"ONCDGDAG_02352",136.839232682655,4.96370110551148,0.258964404502763,19.1675034066642,6.91486148958936e-82,5.46484759828212e-81
"ONCDGDAG_02353",423.536640021026,4.13288012494219,0.104668483816865,39.485430324694,0,0
"ONCDGDAG_02354",115.192070775829,-0.219840265233987,0.164582630268135,-1.33574402642506,0.181632953793826,0.216728907224502
"ONCDGDAG_02355",513.281841111342,0.729619883608826,0.171073930741464,4.264939026341,1.99956800418963e-05,3.39771740080585e-05
"ONCDGDAG_02356",165.438145651521,0.461348272059975,0.139636960780589,3.30391229858468,0.000953456544611927,0.00144079000094165
"ONCDGDAG_02357",110.147825461268,-0.497298716269772,0.138345343704824,-3.59461838723547,0.00032486739885901,0.000507305248464562
"ONCDGDAG_02358",8.57709909419462,0.975518818268913,0.433869398990253,2.24841581484945,0.0245496876754499,0.0327903833979674
"ONCDGDAG_02359",8.19748645399988,0.12274597229851,0.394857902633536,0.310861126192095,0.755906198088346,0.788807748041715
"ONCDGDAG_02360",3548.39070534671,1.12963209636264,0.109615611531698,10.3053942826017,6.66179350341406e-25,2.16470351540323e-24
"ONCDGDAG_02361",184.840621130217,-0.484608264440208,0.426350745372627,-1.13664223576451,0.255687876188248,0.296897643779028
"ONCDGDAG_02362",479.3749199233,-0.529819305555939,0.0906616442817525,-5.8439189996312,5.09868272999768e-09,1.02729815174318e-08
"ONCDGDAG_02363",163.304291378235,-1.03326847527121,0.0964042623903898,-10.7180787410309,8.37243798601927e-27,2.88833924717206e-26
"ONCDGDAG_02364",63.6803736344144,-1.00287718449387,0.513570988293128,-1.95275279825866,0.050848894101319,0.0652595118628264
"ONCDGDAG_02365",463.577676749529,-1.13209264390582,0.112984918999486,-10.0198562244486,1.24684191700308e-23,3.88344976987969e-23
"ONCDGDAG_02366",106.574000618813,-0.306688745442571,0.129090032735982,-2.37577401556493,0.0175121843560806,0.0237463222280884
"ONCDGDAG_02367",754.45596757546,0.482706769320509,0.11086931646916,4.35383553081417,1.3377608694988e-05,2.29502811826823e-05
"ONCDGDAG_02368",309.372862841403,1.01830853895871,0.193047264065708,5.27491826360257,1.32815269882041e-07,2.51942795860016e-07
"ONCDGDAG_02369",514.043522406033,0.67225791364385,0.0667231476260092,10.0753327377769,7.10199987068761e-24,2.2364244625907e-23
"ONCDGDAG_02370",42.0928666263245,0.922214183313338,0.197496502863422,4.66952158616748,3.01901977112514e-06,5.39340225862244e-06
"ONCDGDAG_02371",10.9867618527072,0.723542643163881,0.349372858486923,2.07097553684458,0.0383610822344789,0.0500659504185582
"ONCDGDAG_02372",143.281401175025,0.319858596813408,0.202815248070584,1.57709343777787,0.114774026941352,0.141447213332042
"ONCDGDAG_02373",15.7861675156684,-0.240027293483985,0.328176048539415,-0.731397963234227,0.46453610898669,0.508849917579786
"ONCDGDAG_02374",48.6530667841418,0.537642077774777,0.18601459094662,2.8903220711813,0.00384847319770442,0.00553133200657466
"ONCDGDAG_02375",42.0954968144838,0.646917487306026,0.17834932330204,3.62724946374174,0.000286456503569163,0.000449785583204635
"ONCDGDAG_02376",149.503532909454,0.683644092033558,0.194518816364526,3.51453964614105,0.000440516910442474,0.000681928782144535
"ONCDGDAG_02377",259.6586765954,0.30806629242976,0.0749435240452991,4.1106459344446,3.94553819798804e-05,6.56745652208861e-05
"ONCDGDAG_02378",87.8596189022651,0.159610203403005,0.18512385187976,0.862180652478393,0.388588114667019,0.432556336771364
"ONCDGDAG_02379",35.6897840264518,0.366309396999815,0.351698300825585,1.04154440365487,0.297622956185802,0.340464432236605
"ONCDGDAG_02380",1929.38034652288,0.0168891647836138,0.101165703247581,0.166945558044323,0.867412885992378,0.885096195899948
"ONCDGDAG_02381",208.059983586844,0.19706961646326,0.12585879355371,1.56579934463745,0.117395599720493,0.144366226725244
"ONCDGDAG_02382",83.1990074089996,-0.0743034683373547,0.132718445255513,-0.559857887080456,0.575576375580433,0.618035152251026
"ONCDGDAG_02383",20.8383102438518,-0.430415386954436,0.26192039474213,-1.64330611741096,0.100319613250888,0.124439937654254
"ONCDGDAG_02384",94.4085063501362,-0.0964873649817482,0.123701234460121,-0.780003250596934,0.435388961839837,0.480971038101826
"ONCDGDAG_02385",1190.71197947268,-0.28605500032283,0.112820795698971,-2.53548114556897,0.0112292973187955,0.015559584871551
"ONCDGDAG_02386",1297.30431916008,-0.0669966778426662,0.111379143294565,-0.601519062374897,0.547494319195371,0.590102490617452
"ONCDGDAG_02387",75.9304519701572,0.349689791862641,0.270339013133565,1.29352322407818,0.195830157058568,0.232178582588948
"ONCDGDAG_02388",20.895769293912,0.00457170256008159,0.326111976971409,0.0140188121961629,0.988814972549246,0.990203270159003
"ONCDGDAG_02389",393.121269288584,1.69508672650846,0.079217818927233,21.3977959689286,1.40074845312094e-101,1.3232898466073e-100
"ONCDGDAG_02390",6495.55194369395,0.145835157402187,0.0586206669588853,2.48777717770545,0.0128544242400107,0.0176740589671087
"ONCDGDAG_02391",1293.82420582008,-0.280375336385373,0.127970098737789,-2.19094412797057,0.0284558358807461,0.0376726217019808
"ONCDGDAG_02392",1255.19682490147,-0.617799918180157,0.110050735124915,-5.61377366065671,1.97961122576211e-08,3.88969065227224e-08
"ONCDGDAG_02393",4048.74625708506,-1.30518153396425,0.168576338993304,-7.74237678762316,9.75753156958724e-15,2.42704773914842e-14
"ONCDGDAG_02394",5867.12769669068,-0.562598993235239,0.152570706199817,-3.68746404370981,0.00022650008629331,0.000358305699285941
"ONCDGDAG_02395",4479.91739630688,-0.0522041380227733,0.103524577083697,-0.504268063617081,0.614073016533332,0.656161167104718
"ONCDGDAG_02396",26909.8805087252,-0.0362939989125966,0.0859518107663177,-0.422259852224303,0.672835358982579,0.712017536786831
"ONCDGDAG_02397",1434.80184223691,0.0300314391882275,0.255394206523778,0.117588568656241,0.906393662993301,0.921247281980722
"ONCDGDAG_02398",4310.67592192395,-0.809025521863341,0.123646271788903,-6.54306442206817,6.02708511674965e-11,1.31865596917843e-10
"ONCDGDAG_02399",3020.15625696119,0.389431308481438,0.127028125498208,3.06570932188503,0.00217154315884925,0.00319845773474285
"ONCDGDAG_02400",181.863780484824,-2.8523935049328,0.115472366101186,-24.7019577171676,1.0189155710703e-134,1.19628235566402e-133
"ONCDGDAG_02401",1239.2481463294,-4.07259189126177,0.126483103868081,-32.1987029628034,1.84024756858859e-227,3.91807933819646e-226
"ONCDGDAG_02402",3453.54233156982,-4.71890653689111,0.143558315877558,-32.8710079109306,5.70749790776689e-237,1.23359784324689e-235
"ONCDGDAG_02403",6166.87000015503,-0.610929922463016,0.155453038680887,-3.92999665781463,8.49470423222785e-05,0.00013809339700596
"ONCDGDAG_02404",986.905447457323,-0.69272236597636,0.108339728824767,-6.39398283059023,1.61619584807483e-10,3.47214364048005e-10
"ONCDGDAG_02405",223.61661792075,-0.879408725620045,0.178506405871149,-4.92648272944797,8.37230085843855e-07,1.5282261259837e-06
"ONCDGDAG_02406",0,NA,NA,NA,NA,NA
"ONCDGDAG_02407",1290.80115591546,0.965436425748633,0.0936528616830172,10.3086697875427,6.438630967294e-25,2.09457401934889e-24
"ONCDGDAG_02408",752.311549095847,1.14291843938858,0.169437841443378,6.74535528576427,1.52653018398447e-11,3.41048599444612e-11
"ONCDGDAG_02409",0,NA,NA,NA,NA,NA
"ONCDGDAG_02410",123.862287565832,-0.281540685482524,0.397800258334971,-0.707743847781643,0.479104342565003,0.522509437820318
"ONCDGDAG_02411",768.421011194313,0.882028852067942,0.22314447379293,3.95272550144545,7.72660562601758e-05,0.000125893808401075
"ONCDGDAG_02412",1228.02735142758,0.732881442286783,0.175600055950296,4.17358319347135,2.9984609866563e-05,5.02620986776171e-05
"ONCDGDAG_02413",301.038515261494,0.520585005478231,0.0828106962794665,6.28644642379747,3.24815040308186e-10,6.88994282527327e-10
"ONCDGDAG_02414",2.28156492782391,-0.506024925904894,1.01042932852295,-0.500801898381756,0.616510549461956,0.658519130518517
"ONCDGDAG_02415",79.9930749384199,0.225017166322142,0.234227320149294,0.960678567208636,0.336713810975192,0.380302653488607
"ONCDGDAG_02416",44.257813659477,-2.12134315775672,0.210544199374407,-10.0755241135111,7.08818693579969e-24,2.23454114119741e-23
"ONCDGDAG_02417",1690.51546999475,0.547940673041182,0.0873521127443046,6.27278099895653,3.54655591338269e-10,7.51732839589957e-10
"ONCDGDAG_02418",972.696870930148,-0.41794318699907,0.0732204456739492,-5.70801206073194,1.14303322643051e-08,2.27094275418262e-08
"ONCDGDAG_02419",287.975346075582,0.460868080363097,0.109821020764406,4.1965379410539,2.71026076200484e-05,4.56456549822892e-05
"ONCDGDAG_02420",135.213200575499,0.68884744784221,0.131913113401871,5.22197854388932,1.77021484084408e-07,3.33581435992613e-07
"ONCDGDAG_02421",2069.81651959891,2.47848378781662,0.0632456681820384,39.1881983234466,0,0
"ONCDGDAG_02422",6764.81096543658,0.785383196006418,0.16560544769363,4.74249613732137,2.11100855365948e-06,3.79263690402424e-06
"ONCDGDAG_02423",861.284778757,-0.336696771630493,0.170631163023854,-1.97324313837926,0.0484678678048569,0.0624283642651271
"ONCDGDAG_02424",6103.25188924324,1.76151494322278,0.13414132195431,13.1317845803158,2.16493711625128e-39,9.96220256881437e-39
"ONCDGDAG_02425",431.937895616371,-1.62802606449595,0.0992279676901903,-16.4069274257332,1.70624627987974e-60,1.05138674654361e-59
"ONCDGDAG_02426",1311.9799315043,0.916481643482447,0.146409809518135,6.25970108491212,3.85716082209316e-10,8.15750913671741e-10
"ONCDGDAG_02427",2412.2383909459,0.917906709290349,0.165829125780199,5.53525627643364,3.10773608149131e-08,6.06040399213581e-08
"ONCDGDAG_02428",126.881481724754,0.30275565582616,0.115873583368872,2.61280998674536,0.00898012137263084,0.0125651232349759
"ONCDGDAG_02429",57.9974620934538,-1.12912295974758,0.197726686733019,-5.71052384685015,1.12628953570884e-08,2.23923626855563e-08
"ONCDGDAG_02430",386.588443097157,0.0141982234320455,0.343459224475291,0.0413388909665663,0.967025729047841,0.972479522373454
"ONCDGDAG_02431",208.313777391137,-0.0314755099291335,0.114616232674168,-0.274616511071449,0.783610879878176,0.812520718749389
"ONCDGDAG_02432",842.989454006648,0.220332370470256,0.0887511318793863,2.48258659697648,0.0130432360519796,0.0179077730781028
"ONCDGDAG_02433",427.286356866723,-0.00298318442394618,0.123961520127128,-0.0240654069172982,0.980800436607184,0.983238049893507
"ONCDGDAG_02434",80.9248691678914,0.125745849363091,0.337960487491154,0.372072635758589,0.709838769563701,0.747096149540916
"ONCDGDAG_02435",1016.78862530035,-0.0889746596724773,0.23172642278044,-0.383964239403032,0.701004952518591,0.739086152821707
"ONCDGDAG_02436",529.610238364888,-0.187952931628779,0.190205333173505,-0.988158052631091,0.323075248207417,0.366786185091826
"ONCDGDAG_02437",6409.6539199542,0.91760111605001,0.123155949449265,7.45072503726688,9.28286521796113e-14,2.2349379296914e-13
"ONCDGDAG_02438",2434.34572188532,0.698317873616747,0.168217038144605,4.1512909828816,3.30605112700986e-05,5.52234418346553e-05
"ONCDGDAG_02439",6979.28415689814,-1.18036728392753,0.0741123994703981,-15.9267179630176,4.13498696662982e-57,2.452623246527e-56
"ONCDGDAG_02440",968.587874542762,-0.426482474490506,0.138580779836727,-3.07750089870311,0.00208744209118096,0.00307776345536913
"ONCDGDAG_02441",1650.30255431833,-0.266855623511699,0.214573164603815,-1.24365795696968,0.213625475770659,0.251848546435409
"ONCDGDAG_02442",2450.24098624979,-0.232461444990717,0.0449672899392275,-5.16956759691064,2.34636254627894e-07,4.37813757000249e-07
"ONCDGDAG_02443",1524.00468220508,1.27988482394025,0.18244620072799,7.01513552396981,2.29726170813015e-12,5.26855920682904e-12
"ONCDGDAG_02444",991.032147942632,0.445038106150584,0.103277625282749,4.30914348516609,1.63888018746495e-05,2.79815988919061e-05
"ONCDGDAG_02445",356.186391005339,-3.17491987151296,0.154908081132728,-20.495508357583,2.36107859285759e-93,2.09849134748371e-92
"ONCDGDAG_02446",261.084004861026,1.18447261609572,0.393227951284786,3.01217808201506,0.00259380384218982,0.00379298942171581
"ONCDGDAG_02447",297.413824720039,1.5750148440626,0.134679638364832,11.6945283131519,1.35940395330894e-31,5.28389574767086e-31
"ONCDGDAG_02448",0.99116418981463,0.89852642411193,1.33829324801584,0.671397263226195,0.501967487916099,0.545359193840301
"ONCDGDAG_02449",41.1740742469573,0.706425806110602,0.165896392847516,4.2582348777162,2.06047396861342e-05,3.49912632884172e-05
"ONCDGDAG_02450",7153.36072912687,1.35237563289111,0.0588989406821949,22.9609500141644,1.14543425560964e-116,1.20587598939273e-115
"ONCDGDAG_02452",302.264180975674,-0.962277500415558,0.0906162565044795,-10.6192590329307,2.4247814632695e-26,8.26511531028422e-26
"ONCDGDAG_02453",1714.33528870255,0.744116922604394,0.143336480054603,5.19139944221407,2.08719304254712e-07,3.90220298190494e-07
"ONCDGDAG_02454",907.616985984993,0.064198132267605,0.160513250207169,0.399955344401454,0.689189407720176,0.727973854211649
"ONCDGDAG_02455",245.787559325493,-0.0569780211024914,0.27289948826331,-0.208787570343538,0.834614074931071,0.856838415177526
"ONCDGDAG_02456",831.847147506016,-0.122853981898613,0.0622452023151294,-1.97371005843373,0.0484147207981774,0.0623880751748871
"ONCDGDAG_02457",851.088268507207,2.94643331353847,0.0938898141041317,31.3818207188122,3.58232239034777e-216,7.30026127118729e-215
"ONCDGDAG_02458",381.020664386461,1.90155705149291,0.552716274449816,3.44038549142732,0.000580886181008908,0.000891963549202592
"ONCDGDAG_02459",599.83118315495,2.1768413275486,0.115965682933295,18.7714267918444,1.29364011871421e-78,9.89478621633145e-78
"ONCDGDAG_02460",99.7151206988641,1.29033700017257,0.677349490448957,1.90497965727755,0.0567827154893236,0.0724189035722129
"ONCDGDAG_02461",1035.39052834214,2.21420639392485,0.128807031099154,17.1901050356512,3.14961225758698e-66,2.08973110951061e-65
"ONCDGDAG_02462",1019.71557758498,-1.81317257565107,0.241943338630693,-7.4942033366694,6.6702250474954e-14,1.61683534923572e-13
"ONCDGDAG_02463",281.951657763163,-0.804149455470354,0.182553966398435,-4.40499580116078,1.05785926869448e-05,1.83246660205547e-05
"ONCDGDAG_02464",45.5690615700275,-0.119175079048595,0.193195565591398,-0.616862393729296,0.537325493385101,0.580238316664532
"ONCDGDAG_02465",194.864141991768,0.246511907560286,0.0820711971853584,3.0036348440676,0.00266775300300177,0.00389513782884547
"ONCDGDAG_02466",503.143883122593,0.91416144027305,0.0896937735777322,10.192027872267,2.15227112044063e-24,6.89935899619901e-24
"ONCDGDAG_02467",1233.02777564555,4.52569546967747,0.155260415262285,29.1490619938901,8.58586506666437e-187,1.48457412334506e-185
"ONCDGDAG_02468",2324.03630843789,4.29179627197824,0.0769014479488321,55.8090437365219,0,0
"ONCDGDAG_02469",91.3399054393221,4.61238170073669,0.620590840515723,7.43224263010991,1.06771714607828e-13,2.55768011566862e-13
"ONCDGDAG_02470",59.6545157404295,3.6042907374623,0.244962188755354,14.7136615482397,5.26782075717262e-49,2.80393519033834e-48
"ONCDGDAG_02471",208.513347467263,3.80351830227578,0.4133162876806,9.20243991259072,3.4991253607433e-20,1.01556507163791e-19
"ONCDGDAG_02472",163.401655884214,3.2691075467169,1.03777317382736,3.15011760677938,0.00163204749992014,0.00242259704332578
"ONCDGDAG_02473",325.210467999622,2.22496094804546,0.209749054035751,10.6077281648489,2.74338386716338e-26,9.33994531386291e-26
"ONCDGDAG_02474",116.164367028225,1.99342430174665,0.243961188045464,8.17107146311798,3.05662499494846e-16,7.95670721768975e-16
"ONCDGDAG_02475",174.008858100297,3.52173144561851,0.292705157423644,12.0316685794551,2.42215485064095e-33,9.76046297864213e-33
"ONCDGDAG_02476",83.8901767156894,3.61145356730352,0.328022685895174,11.0097676855729,3.42886723440778e-28,1.22742261226668e-27
"ONCDGDAG_02477",132.029519723691,3.51678202163769,0.22945225047626,15.3268578291916,5.0587220466431e-53,2.8466536487323e-52
"ONCDGDAG_02478",1255.95394510015,2.61673459313825,0.122263971411829,21.4023359696386,1.27079051053237e-101,1.20450675300627e-100
"ONCDGDAG_02479",309.025440255913,3.3129365930833,0.211056548231273,15.6969145039415,1.5877913282687e-55,9.22600541660002e-55
"ONCDGDAG_02480",1305.38401492507,3.07110636919873,0.196003815820757,15.6686050031149,2.47962117245252e-55,1.43787788719655e-54
"ONCDGDAG_02481",150.490489622307,4.5039883606229,0.233348852532122,19.3015234990405,5.21488068855082e-83,4.19100129702408e-82
"ONCDGDAG_02482",1065.17564913184,-0.247841941638531,0.479833478861213,-0.516516567845023,0.605493670485379,0.647964531843506
"ONCDGDAG_02483",0,NA,NA,NA,NA,NA
"ONCDGDAG_02484",10477.6870470846,-0.807671798062015,0.0655047112433876,-12.3299802828082,6.24620069976207e-35,2.60532318661128e-34
"ONCDGDAG_02485",15763.5693229974,-1.10676375782892,0.05400905272023,-20.4921897734815,2.52765065343196e-93,2.23956127771471e-92
"ONCDGDAG_02486",2582.4659759174,0.833484365809998,0.0410237075857755,20.317138914548,9.07113589322119e-92,7.96306175488002e-91
"ONCDGDAG_02487",3615.81270065273,0.912038818277743,0.0542908344031788,16.7991306139207,2.47647228680238e-63,1.5913007734791e-62
"ONCDGDAG_02488",37.721645877154,-0.235744898203498,0.166017073012259,-1.42000394252277,0.155606533276511,0.187794179119242
"ONCDGDAG_02489",64.2905383812157,-1.14123082248412,0.170203214269129,-6.70510734703034,2.01258361412653e-11,4.48586019617421e-11
"ONCDGDAG_02490",30.9644434212976,-0.953331597564123,0.264090203190445,-3.60987111996973,0.00030634917974583,0.000479700444464794
"ONCDGDAG_02491",5.90614328129058,-1.09308608918247,0.476418899516181,-2.29438019837697,0.0217686695580847,0.0292952897401961
"ONCDGDAG_02492",5.23653341129069,-0.569341379758685,0.488140897798586,-1.1663464018817,0.243474419452807,0.283755113847573
"ONCDGDAG_02493",20.2270369015776,-0.95450927148239,0.25577880197812,-3.73177630085248,0.000190134311215295,0.000302202334204589
"ONCDGDAG_02494",248.435034081739,-0.0507671807373395,0.186323071166775,-0.272468569884716,0.785261754967637,0.813785610941761
"ONCDGDAG_02495",279.469306392386,-0.655828029889391,0.11382996762106,-5.76147075849692,8.338411116633e-09,1.66826696463913e-08
"ONCDGDAG_02496",3450.48157284612,0.136620212298187,0.0475440898530331,2.87354774737518,0.00405889719631448,0.00582496665044528
"ONCDGDAG_02497",96.881471896706,0.0785503676540059,0.308714562564804,0.254443350522271,0.799153063800095,0.82578185114874
"ONCDGDAG_02498",37.2836331270848,-0.20190545322099,0.281657413607851,-0.716847643506736,0.473468110488477,0.517153338140745
"ONCDGDAG_02499",24.7909351325014,-0.630695478025377,0.2531967261622,-2.49093061977961,0.0127408996754633,0.017534870609791
"ONCDGDAG_02500",64.1199510782678,-0.341657428624541,0.235573230738304,-1.45032365330204,0.146968286069145,0.178349859700243
"ONCDGDAG_02501",138.649366634599,-0.567055078307644,0.151865338100451,-3.73393353217025,0.000188512263905882,0.000299791242432264
"ONCDGDAG_02502",127.32962212371,-0.24545908720216,0.118311758187355,-2.07468041184425,0.038016163986689,0.0496384969583633
"ONCDGDAG_02511",794.142461784165,0.793818853943372,0.119739620117801,6.62954211114421,3.36729763718662e-11,7.4356812375336e-11
"ONCDGDAG_02512",11768.8020896254,0.890402309473133,0.100275810203944,8.87953243820421,6.71419837305156e-19,1.89847452510566e-18
"ONCDGDAG_02513",2224.47423262999,-2.02035327723274,0.0732686742291341,-27.574584888959,2.24531964742611e-167,3.37152471268774e-166
"ONCDGDAG_02514",3292.69900211229,-1.26070795116039,0.0535277970700819,-23.5523974489328,1.18631860842942e-122,1.28690760070309e-121
"ONCDGDAG_02515",4145.63689494539,-0.807841365508707,0.0762291943507228,-10.5975325121752,3.05945900562796e-26,1.03898097538877e-25
"ONCDGDAG_02516",285.3039347305,3.63612571367618,0.228764432430185,15.8946287018891,6.90362847270644e-57,4.08631784909367e-56
"ONCDGDAG_02517",82.2789185595177,3.86472855188184,0.243390402056446,15.8787220828271,8.89726482537202e-57,5.25546512355826e-56
"ONCDGDAG_02518",381.762051468676,4.723301593936,0.123356198320048,38.2899413102971,9.01175738014434e-321,3.06078608255111e-319
"ONCDGDAG_02519",24.4798268851653,4.26028015433896,0.436807476464311,9.75322169122038,1.78705111878344e-22,5.45873323542735e-22
"ONCDGDAG_02520",50.964318604981,4.95505878437102,0.424465175411653,11.6736520954058,1.73798674794593e-31,6.72791884923981e-31
"ONCDGDAG_02521",357.959687727057,4.17840762730158,0.172894556397902,24.16737527401,4.90356922036313e-129,5.44353423567938e-128
"ONCDGDAG_02522",193.615307667478,4.36486970606118,0.149750554453428,29.1476029721054,8.95932817922822e-187,1.53981706598422e-185
"ONCDGDAG_02523",101.071134216358,3.96561090442118,0.181185261819498,21.8870501088098,3.45138437047725e-106,3.39544814102469e-105
"ONCDGDAG_02524",52.4482897303444,4.81383667584316,0.344523269030432,13.972457330358,2.29566961831237e-44,1.14904305632372e-43
"ONCDGDAG_02525",287.892599034528,-0.0706746882157397,0.0951964642122573,-0.742408752263719,0.457839718334832,0.502777796924278
"ONCDGDAG_02526",244.439025740617,3.35082973670425,0.216604217810145,15.4698268139971,5.54560413290286e-54,3.15800570682073e-53
"ONCDGDAG_02527",206.784271465378,0.437731851906605,0.248503036973256,1.76147485856969,0.0781580646537598,0.0982312592322365
"ONCDGDAG_02528",368.189176021702,0.474725487563535,0.0843415538765161,5.62860732040315,1.81670454273612e-08,3.5745228002939e-08
"ONCDGDAG_02529",66729.6764030262,2.6680286102594,0.0493527566278534,54.0603766143761,0,0
"ONCDGDAG_02530",19000.5511646136,2.66525993504978,0.169624197763756,15.7127342100201,1.2372596022512e-55,7.20388090861767e-55
"ONCDGDAG_02531",1330.90047696036,0.980179245242858,0.0795695493924335,12.3185220065613,7.20017939190184e-35,2.99447693951836e-34
"ONCDGDAG_02532",441.683484392444,1.22229693552081,0.215264113347192,5.67812682065315,1.36177739610263e-08,2.69427941129044e-08
"ONCDGDAG_02533",421.335758390707,1.8966042514351,0.142885230073302,13.2736200268014,3.29281260037716e-40,1.53754408328577e-39
"ONCDGDAG_02534",194.74488130171,0.945293521299009,0.112598186039393,8.39528197166776,4.64777495316594e-17,1.24391200200586e-16
"ONCDGDAG_02535",1917.58922461862,0.791911328834379,0.0529737907581467,14.9491157325303,1.5783102144864e-50,8.57698865129467e-50
"ONCDGDAG_02536",50.645030983689,-1.33532660905637,0.205586800114829,-6.4951962300621,8.2925250884721e-11,1.80187159767029e-10
"ONCDGDAG_02537",1161.35371216002,-0.967398662426682,0.0552903424462589,-17.4967023104799,1.51808002480712e-68,1.02148167706951e-67
"ONCDGDAG_02538",21.0428955778538,-0.195748173991538,0.257897923302434,-0.759014153681205,0.447844090115595,0.492749398033086
"ONCDGDAG_02539",6.07505353022231,-0.862379469389764,0.451737256373029,-1.90902888177468,0.0562583659790879,0.0718143705316947
"ONCDGDAG_02540",4.38734704844002,0.126313229543836,0.471028798305856,0.268164558086777,0.788572654695407,0.816623515007621
"ONCDGDAG_02541",29.3815321036577,-0.233589951829985,0.241751979567441,-0.966238010741174,0.333925096754423,0.37758848749491
"ONCDGDAG_02542",13.9404068164201,-1.07131653747051,0.318119163908381,-3.36765796913465,0.000758095819295148,0.00115475033232731
"ONCDGDAG_02543",5137.89662462153,4.71954054294339,0.209294057532664,22.5498067101443,1.34873109360785e-112,1.3841474136918e-111
"ONCDGDAG_02544",164.385591484903,0.683086133424392,0.178579827998996,3.82510242662029,0.000130717727920859,0.000209280402782385
"ONCDGDAG_02545",1459.26177116741,2.02421383584241,0.276522746294126,7.32024349884526,2.47521404002741e-13,5.86040303418937e-13
"ONCDGDAG_02546",294.631331313789,1.55704674848556,0.150349545809457,10.3561785976983,3.92324484549433e-25,1.2836029293802e-24
"ONCDGDAG_02547",53.2591734726872,0.686958241936155,0.221162380280338,3.10612610094624,0.00189555861464118,0.00280063631671222
"ONCDGDAG_02548",36.3733144563412,0.980820098961429,0.216121078508287,4.53828985923658,5.67122716741585e-06,1.00247900301347e-05
"ONCDGDAG_02549",2459.6805515434,0.204112973764067,0.19581785220941,1.04236141629103,0.29724414788378,0.340167490538477
"ONCDGDAG_02550",3450.89901134401,0.377172644566439,0.126224734723301,2.98810407796257,0.00280713943045657,0.00409028028349979
"ONCDGDAG_02551",2037.34232020727,0.382286382871639,0.155843974505147,2.45300714439243,0.0141667524934886,0.0193850095270614
"ONCDGDAG_02552",5280.18577062132,-1.11676072675529,0.108456051828042,-10.2968963735276,7.27713342805398e-25,2.36196378501001e-24
"ONCDGDAG_02553",5479.60051213918,-1.23300240197237,0.195401290228072,-6.31010368730531,2.78848586150508e-10,5.94141162275878e-10
"ONCDGDAG_02554",645.496598285871,1.22484501084992,0.140986291750108,8.68768867983919,3.69887765639079e-18,1.02654649354892e-17
"ONCDGDAG_02555",180.277454986322,3.48507494213356,0.141724851117854,24.5904293752652,1.59905576491123e-133,1.8248424389167e-132
"ONCDGDAG_02556",676.490726078467,4.43754448581566,0.110333996919117,40.2191945341083,0,0
"ONCDGDAG_02557",12.5799525568972,5.77160197093511,0.834309339247903,6.91782016504571,4.58645988081141e-12,1.03850555872658e-11
"ONCDGDAG_02558",164.393538828879,6.11328679679833,0.409910416001269,14.9137142120814,2.68397718466933e-50,1.45577697868091e-49
"ONCDGDAG_02559",105.272773889235,5.81996378256815,0.330296367394294,17.6204292783533,1.71697120461583e-69,1.1690975767945e-68
"ONCDGDAG_02560",2939.4033248665,1.18874822824078,0.284998615527535,4.17106667707982,3.03177127538291e-05,5.07906250655751e-05
"ONCDGDAG_02561",9498.12787278815,0.269044189853787,0.107420252982144,2.50459464006763,0.012259180305491,0.0169158087450326
"ONCDGDAG_02562",302.317889389307,-1.04420994888464,0.082195285673703,-12.7040126489726,5.61739238190821e-37,2.44305190024148e-36
"ONCDGDAG_02563",1434.12284692605,-0.260004662569577,0.0453235190228271,-5.73663890569984,9.6573849252239e-09,1.92405860276982e-08
"ONCDGDAG_02564",1239.84502491626,-0.719370097948583,0.126497094510129,-5.68685075917677,1.29403447332257e-08,2.56202661512095e-08
"ONCDGDAG_02565",232.115346690731,-0.75732723646631,0.152360775748644,-4.97061814463131,6.67397783670007e-07,1.22449252528008e-06
"ONCDGDAG_02566",810.450301637557,0.705040382801323,0.164049781821718,4.29772216074954,1.72562273202587e-05,2.9409806777e-05
"ONCDGDAG_02567",255.672418399484,0.58001883532881,0.215296984922704,2.69404067844726,0.00705915487257622,0.00997512077833578
"ONCDGDAG_02568",1009.24696929338,0.604974413247819,0.170242503649155,3.55360383147668,0.000379991162443648,0.000591120385197234
"ONCDGDAG_02569",38.1099982130872,0.668352471813049,0.190828826135467,3.50236641574577,0.000461144958983524,0.000712701282762728
"ONCDGDAG_02570",1831.75365973627,0.82841225837245,0.0651208786817565,12.721146814079,4.51189165515856e-37,1.97429860309315e-36
"ONCDGDAG_02571",4581.49333706235,0.296276889220865,0.0422931233585937,7.00532062171908,2.46420864965619e-12,5.63332313899768e-12
"ONCDGDAG_02572",1910.01082106171,-1.20632160367262,0.179395015835577,-6.72438750906134,1.76332583915111e-11,3.93336092189063e-11
"ONCDGDAG_02573",2530.49782932498,-1.30766615599177,0.0986126727028287,-13.2606298982733,3.91592687660045e-40,1.82551297041521e-39
"ONCDGDAG_02574",2058.29430019354,-1.63879510575914,0.160961585795204,-10.1812808171773,2.40376377864984e-24,7.69690018012121e-24
"ONCDGDAG_02575",12955.9141368208,-2.12582678652061,0.295014458155833,-7.20583933346651,5.76873912198128e-13,1.35347144037933e-12
"ONCDGDAG_02576",5230.04574181803,-1.40611051843544,0.0569810462193958,-24.6768111807117,1.89763164073944e-134,2.2007898662722e-133
"ONCDGDAG_02577",391.999980577151,-2.49426458842093,0.093508983993102,-26.6740636237148,9.41346289303018e-157,1.27888617303882e-155
"ONCDGDAG_02578",18.9822370015644,-0.995209892070685,0.301185826251154,-3.30430520073941,0.000952121183158199,0.00143953457103887
"ONCDGDAG_02579",72.0015323366778,-1.32492298024669,0.204171814780225,-6.48925505057034,8.62618291206575e-11,1.87152090099799e-10
"ONCDGDAG_02580",271.771095244162,0.549221572101182,0.223792993600177,2.45414998595714,0.0141218066595978,0.0193327804221845
"ONCDGDAG_02581",1385.42217177943,0.760305885464071,0.0993685132187216,7.65137628446296,1.98839556021629e-14,4.87780957291236e-14
"ONCDGDAG_02582",327.30743176127,-0.215207846951312,0.0841843139006877,-2.55638891593502,0.0105764834462522,0.0146907046115664
"ONCDGDAG_02583",337.824556115927,0.606603441286276,0.116946055336499,5.18703636083186,2.13667025435085e-07,3.99208921785395e-07
"ONCDGDAG_02584",132.519002744386,0.737183761263854,0.139897625446502,5.26945156439242,1.36831969949855e-07,2.59217536697834e-07
"ONCDGDAG_02585",416.198895412594,0.24198858066238,0.101486613346769,2.38443842672659,0.017105210205638,0.0232165388756828
"ONCDGDAG_02586",111.129730585812,-0.047934540839145,0.315430983206221,-0.151965226598576,0.879214362216202,0.896817509975983
"ONCDGDAG_02587",37.933981285572,0.976502432323354,0.173413575186392,5.63106107047138,1.79104288266157e-08,3.52646331555104e-08
"ONCDGDAG_02588",301.904214151733,-0.323029343004961,0.082253906153455,-3.92722191700305,8.59326867915723e-05,0.00013961614773141
"ONCDGDAG_02589",105.340986185717,-1.66003265820056,0.200780740660338,-8.2678879096718,1.36352997156915e-16,3.59201385862123e-16
"ONCDGDAG_02590",954.799528926123,-0.292619175264747,0.0878624395943905,-3.33042397428979,0.000867138396074452,0.00131522905050527
"ONCDGDAG_02591",4609.94790616782,0.071678155395991,0.228471478745513,0.313729117479171,0.753726783940314,0.787109265952312
"ONCDGDAG_02592",3251.89164057943,-0.971150840348198,0.152767184514235,-6.35706446666694,2.05645704758125e-10,4.41133229830776e-10
"ONCDGDAG_02593",0,NA,NA,NA,NA,NA
"ONCDGDAG_02594",47.2138796654365,-0.221164344052763,0.202094150516485,-1.09436291692531,0.273795841115062,0.314848663724818
"ONCDGDAG_02595",61.236601835683,1.15251737948204,0.211914744024117,5.43858986683286,5.3703919971483e-08,1.03595188423692e-07
"ONCDGDAG_02596",6.12682198529213,0.709776110036146,0.489353829212573,1.45043538573767,0.146937145379329,0.178349859700243
"ONCDGDAG_02597",10.9943316256457,0.866123790166336,0.356631566267294,2.42862346491555,0.0151562637042938,0.0206893877264833
"ONCDGDAG_02598",89.5204950075154,-0.0115759650433098,0.116658123753452,-0.0992298236149818,0.920955795888274,0.933387881232414
"ONCDGDAG_02599",89.6232133226055,0.0111075218917123,0.149277968479506,0.074408313596773,0.940685493849825,0.949672934873868
"ONCDGDAG_02600",220.085556426917,0.586933531884353,0.142580129906367,4.11651702288248,3.84640932717824e-05,6.40993330049038e-05
"ONCDGDAG_02601",3.8394399067509,-0.414006629314928,0.615925398789348,-0.672170087690315,0.501475421391839,0.545032143707016
"ONCDGDAG_02602",1160.92538603579,1.06885580666076,0.0840717779109104,12.7136101224528,4.96865400108069e-37,2.16751832799438e-36
"ONCDGDAG_02603",526.815649518435,1.30993933091733,0.133109164282374,9.84109049124872,7.48945892021534e-23,2.30252438570845e-22
"ONCDGDAG_02604",5.23587383234492,-0.892180410842275,0.51012821895702,-1.74893365567264,0.0803024881424953,0.10079322422813
"ONCDGDAG_02605",31.605629467984,-0.796892392452016,0.243835379109135,-3.26815737471528,0.00108250155578569,0.00162717436177901
"ONCDGDAG_02606",0,NA,NA,NA,NA,NA
"ONCDGDAG_02607",0,NA,NA,NA,NA,NA
"ONCDGDAG_02608",0,NA,NA,NA,NA,NA
"ONCDGDAG_02609",0,NA,NA,NA,NA,NA
"ONCDGDAG_02610",3287.23661903182,1.62500753147059,0.10074175150393,16.1304276252056,1.55936995325496e-58,9.40567119796281e-58
"ONCDGDAG_02611",3956.47577518222,1.04619794853905,0.0389140396160643,26.8848456459699,3.30301007048111e-159,4.53052294763587e-158
"ONCDGDAG_02612",2052.18500250842,1.13000052540851,0.0535558540467634,21.0994772751047,8.0420190722304e-99,7.49800013499129e-98
"ONCDGDAG_02613",1628.08583784833,1.09983537584267,0.234738121022239,4.68537181371776,2.79452154886501e-06,4.99860186765635e-06
"ONCDGDAG_02614",25914.1064517266,2.05574394651269,0.0669608815579777,30.7006702821369,5.57561346516289e-207,1.07481251460201e-205
"ONCDGDAG_02615",64.4976896129545,-1.74756431526676,0.164904476761966,-10.5974340392791,3.06268138907099e-26,1.03898097538877e-25
"ONCDGDAG_02616",459.235294745169,0.751808272776318,0.0683385283921368,11.0012359128123,3.76930004714898e-28,1.34759561836041e-27
"ONCDGDAG_02617",348.250968918708,1.51973269166532,0.203671765166253,7.4616758509693,8.54288462590492e-14,2.06025780538519e-13
"ONCDGDAG_02618",215.184353720987,-2.38091488145275,0.12942162316751,-18.3965771961547,1.39929209088566e-75,1.03424361018051e-74
"ONCDGDAG_02619",292.791997451878,1.88668898965984,0.13415894311701,14.0630877511783,6.40303322249142e-45,3.23898116733475e-44
"ONCDGDAG_02620",739.183374163643,1.26938417901703,0.0945608166737309,13.4239976310364,4.37463448816064e-41,2.07667756983732e-40
"ONCDGDAG_02621",46.6000745837237,0.354067426084187,0.322475333718962,1.09796746932824,0.272218694469097,0.313414017481975
"ONCDGDAG_02622",396.276936905198,-0.35326901473725,0.116979771560589,-3.01991540951399,0.00252845292469396,0.00370692507407599
"ONCDGDAG_02623",1088.65437527711,0.552277406790568,0.0940432616692547,5.8725888169734,4.29041707860259e-09,8.70594589278321e-09
"ONCDGDAG_02624",497.309424506914,0.937338172433946,0.0964582878305704,9.71754935232094,2.53816525171276e-22,7.72826623600481e-22
"ONCDGDAG_02625",309.785248461673,0.4285618444058,0.129506343822424,3.30919576413519,0.000935643911419159,0.00141537225836631
"ONCDGDAG_02626",358.683642726742,-0.823923373354376,0.108479604728432,-7.59519151472749,3.07337552514367e-14,7.51357358460572e-14
"ONCDGDAG_02627",0,NA,NA,NA,NA,NA
"ONCDGDAG_02628",0.200289464407488,1.23541698807599,3.11596454547183,0.396479796238799,0.691751109559039,0.730139073463537
"ONCDGDAG_02629",856.009244308038,1.46107289475937,0.163316338355344,8.94627512147845,3.67679934353114e-19,1.04585329283094e-18
"ONCDGDAG_02630",397.867670431894,1.01164262836103,0.238206289918881,4.24691820146955,2.16731040938299e-05,3.67399679023747e-05
"ONCDGDAG_02631",498.122356477993,0.32147441955862,0.155974034279838,2.06107651855599,0.0392957406084164,0.0511454142134178
"ONCDGDAG_02632",21.5539675133523,-2.24487665625631,0.409583941504131,-5.48087077831314,4.23237533879298e-08,8.1975334973363e-08
"ONCDGDAG_02633",0,NA,NA,NA,NA,NA
"ONCDGDAG_02634",3266.1289258466,1.44608089619399,0.0935003609072955,15.4660461431562,5.88100202813361e-54,3.342330435511e-53
"ONCDGDAG_02635",4353.35295458522,1.14584167459287,0.159342401061215,7.19106569853096,6.42875362577491e-13,1.5046131332515e-12
"ONCDGDAG_02636",4920.40182395779,0.875966567999333,0.167358734556657,5.23406543626073,1.65821704315509e-07,3.1309683812849e-07
"ONCDGDAG_02637",1222.87393662764,1.31834652696293,0.0955557246369337,13.7966252882496,2.67065207353183e-43,1.31823016709106e-42
"ONCDGDAG_02638",7149.0932852914,2.49180173357372,0.226089657215369,11.021299091095,3.01673500931266e-28,1.08397291959307e-27
"ONCDGDAG_02639",1516.24538896711,0.618896801673989,0.160353811257887,3.85957026414954,0.00011358659488233,0.000182982809259903
"ONCDGDAG_02640",161.628259995622,-0.259783808753962,0.143604648669117,-1.80902088589442,0.0704477586532311,0.0889718704903356
"ONCDGDAG_02641",2644.0041741758,3.3239043190998,0.177118846222803,18.7665197125243,1.41881336694766e-78,1.08231939462612e-77
"ONCDGDAG_02642",11.3879755892903,0.108740422750446,0.348544260000748,0.311984546095271,0.755052268018265,0.788204947184819
"ONCDGDAG_02643",3318.40554732145,3.08014723227204,0.170947932147426,18.0180432344494,1.40630234806061e-72,9.98054875377345e-72
"ONCDGDAG_02644",1302.29148488942,-0.913717225880594,0.0449853518671806,-20.3114389007859,1.01875711906637e-91,8.91568730274957e-91
"ONCDGDAG_02645",448.430302072736,0.113129323762706,0.24386643962638,0.463898697729903,0.642720325890259,0.684720347186299
"ONCDGDAG_02646",24.394833072392,1.14962587126411,0.254899711510732,4.51011052327421,6.47938590196143e-06,1.13828127945172e-05
"ONCDGDAG_02647",1082.57354694359,4.39381555235102,0.233588980628854,18.8100292253609,6.25033115030134e-79,4.80652150183551e-78
"ONCDGDAG_02648",783.622451353101,0.290814565493395,0.0516140364014187,5.63440850143241,1.75660193045248e-08,3.46343144960672e-08
"ONCDGDAG_02649",1201.09420980027,-1.97356834381529,0.15405605067625,-12.8107161981113,1.42810322477852e-37,6.31686589192731e-37
"ONCDGDAG_02650",1250.38232000457,-2.63859499746524,0.137225198108321,-19.2282105170103,2.14916901086901e-82,1.70321644111369e-81
"ONCDGDAG_02651",657.610949066043,0.738382942836313,0.147734133769126,4.9980524066986,5.79122478280445e-07,1.06527171536693e-06
"ONCDGDAG_02652",1691.00912570162,1.30387985613318,0.198182365863783,6.57919210142733,4.73011323800242e-11,1.03887706451277e-10
"ONCDGDAG_02653",4201.09475323922,1.62617532543401,0.0631270089997876,25.7603734312754,2.46668184218728e-146,3.1139129627258e-145
"ONCDGDAG_02654",2858.43016878652,1.24363322044419,0.12002410499573,10.3615287986395,3.70984408375198e-25,1.21517625383977e-24
"ONCDGDAG_02655",2875.5034160566,1.37699558697017,0.113543282085799,12.1274950104898,7.55244746928689e-34,3.07377070326326e-33
"ONCDGDAG_02656",431.921149603174,1.1991593138753,0.142421983237692,8.41976278250523,3.77247376067903e-17,1.01154771045275e-16
"ONCDGDAG_02657",156.876390776312,1.3905198058934,0.144569123806703,9.61837333781312,6.68804125587263e-22,2.01701709334087e-21
"ONCDGDAG_02658",795.53514280834,1.23213079583678,0.0551101257789817,22.3576117532052,1.01817290217516e-110,1.0264478056204e-109
"ONCDGDAG_02659",1129.42558881152,-2.48423913771852,0.096385094398378,-25.774100790426,1.73087419121736e-146,2.19474847446361e-145
"ONCDGDAG_02660",2942.32430180722,-2.79673170483675,0.180777193329371,-15.4706003192625,5.47936755079054e-54,3.12652712448108e-53
"ONCDGDAG_02661",2038.72416333466,-4.42632118039311,0.100811398859039,-43.9069513020276,0,0
"ONCDGDAG_02662",561.941344736027,-0.331632116435285,0.145225366623558,-2.28356880168818,0.0223968850634037,0.0300697943933604
"ONCDGDAG_02663",1224.55752820467,0.980868298236866,0.0641246248957196,15.2962812621823,8.09518466660107e-53,4.51967942344674e-52
"ONCDGDAG_02664",34.2941842265008,1.04994604404538,0.287365525442267,3.65369521075805,0.000258493093194942,0.000406998231172831
"ONCDGDAG_02665",23.9478689820704,1.44514182624824,0.386066510842928,3.74324575082401,0.000181658404349267,0.000289375448134259
"ONCDGDAG_02666",138.614157939112,1.46046631284355,0.113109778363716,12.9119368278423,3.85481448152139e-38,1.73466651668462e-37
"ONCDGDAG_02667",24.201916013101,1.05690765305047,0.231225594332075,4.57089387575575,4.85648192513378e-06,8.61127590578413e-06
"ONCDGDAG_02668",15.7228176014476,1.08082890544353,0.501826218704456,2.15379122325227,0.0312565483127541,0.0411662341169336
"ONCDGDAG_02669",22.3789863736249,1.03877913727495,0.24743462497718,4.19819634123865,2.69049316758618e-05,4.53394979747394e-05
"ONCDGDAG_02670",112.044638480966,1.05279909872907,0.221618438124769,4.75050319656323,2.02911086811965e-06,3.65239956261537e-06
"ONCDGDAG_02671",2060.4802463041,0.223032304547655,0.184563263909278,1.2084328149793,0.22688082390142,0.266155834946855
"ONCDGDAG_02672",2165.58333012015,0.374101433391415,0.114285756968889,3.27338631963783,0.00106267127189671,0.0015990512335028
"ONCDGDAG_02673",7607.87570121985,3.23550445213165,0.0794778516297167,40.7095107100491,0,0
"ONCDGDAG_02674",117.318127853351,-0.159682263678054,0.153500836823916,-1.04026966225096,0.298214634763255,0.341004550292411
"ONCDGDAG_02675",197.277550179265,0.0968748497116358,0.162632867688666,0.595665876697735,0.551398458429067,0.594086027907148
"ONCDGDAG_02676",1660.05617388792,-0.0355315567415758,0.103319148440376,-0.343900983292371,0.730920752362141,0.766378870448066
"ONCDGDAG_02677",2768.95951492497,0.764052138789243,0.118397055427477,6.45330355582411,1.09437836111724e-10,2.36534959414204e-10
"ONCDGDAG_02678",1507.7334675683,0.384668991641907,0.31587517527434,1.21778798003933,0.223304553204945,0.26250016081323
"ONCDGDAG_02679",138.6701084173,2.24236508917899,0.13693433502111,16.3754772594711,2.86253196944675e-60,1.75630187286701e-59
"ONCDGDAG_02680",93.4948469197396,2.32646041057196,0.165020186008298,14.0980353182668,3.90490285082773e-45,1.9823287959807e-44
"ONCDGDAG_02681",1219.49607549312,3.92080359540492,0.076107132953912,51.5169004957686,0,0
"ONCDGDAG_02682",4448.60114796446,4.6036749835013,0.103110916235719,44.6477943516374,0,0
"ONCDGDAG_02683",15537.9366922713,5.11161164316137,0.125613020366402,40.6933264422054,0,0
"ONCDGDAG_02684",102.4234407416,-1.00695604783165,0.384165998635547,-2.62114828331524,0.00876341356879538,0.0122739415374439
"ONCDGDAG_02685",3.88413420585188,-0.473112547963682,0.756003906074013,-0.625807015231697,0.531441529908886,0.574754618965145
"ONCDGDAG_02686",9.95050791763949,0.842112268688855,0.376160070208742,2.23870722966832,0.0251749718212366,0.0335470315768277
"ONCDGDAG_02687",3.28476392968487,2.00893935786988,0.666393185580062,3.01464570968143,0.00257279596273145,0.00376550756919344
"ONCDGDAG_02688",5.81738238519021,1.53947642281069,0.488644957209909,3.15050099278804,0.00162990702721046,0.00242067920282741
"ONCDGDAG_02689",3.42545069877784,0.790389118315638,0.595436626323427,1.32741098443332,0.18437276806066,0.219539026409458
"ONCDGDAG_02690",279.404607723358,1.08432686885148,0.47253789399117,2.29468764863066,0.0217510311465296,0.0292853666168235
"ONCDGDAG_02691",1271.80069766626,1.28185965542449,0.249188710061667,5.14413215232448,2.68760301983957e-07,5.00178174533743e-07
"ONCDGDAG_02692",27.9250411633331,-0.413009653892375,0.286263110663054,-1.44276240461352,0.149087413107515,0.180614178172289
"ONCDGDAG_02693",173.486329918411,-0.159770200342348,0.187087568883571,-0.853986191042853,0.393112640672939,0.43708120180822
"ONCDGDAG_02694",224.076316294074,-0.365597054827649,0.167385862635884,-2.18415730618144,0.0289506909256162,0.0382744769280738
"ONCDGDAG_02695",2050.88564663543,-0.54265490192959,0.215408892076124,-2.51918524207357,0.0117626755269585,0.0162670447302049
"ONCDGDAG_02696",48.6465264197342,-0.244557120040379,0.517636215695157,-0.472449787370368,0.636605774367672,0.678713106977192
"ONCDGDAG_02697",987.078450048282,-0.489170518916281,0.112089798636327,-4.36409490308199,1.27650156008278e-05,2.19521335196876e-05
"ONCDGDAG_02698",431.565143739231,-0.247341561861061,0.141349487014022,-1.74985822082626,0.0801427814167615,0.10063704022096
"ONCDGDAG_02699",1608.57810998237,0.419115954316188,0.116569428302022,3.59541914566392,0.000323869707874619,0.000506301521406185
"ONCDGDAG_02700",768.688317858834,0.395504745459337,0.115369408810636,3.42815959218885,0.000607688108223437,0.000931113948851485
"ONCDGDAG_02701",62.8655273488984,-0.445741111452435,0.299745164080221,-1.48706689837752,0.136997143052434,0.167245549477362
"ONCDGDAG_02702",334.526734454661,-1.00499706662285,0.0795637530671395,-12.6313431415784,1.418363359173e-36,6.11267471861113e-36
"ONCDGDAG_02703",177.445676795832,-1.80188605341679,0.205142491125099,-8.78358278450452,1.58348245265049e-18,4.42909356609004e-18
"ONCDGDAG_02704",253.462471510994,-0.789049028245634,0.0976817141834079,-8.07775574826738,6.59695727237796e-16,1.69712525681644e-15
"ONCDGDAG_02705",26.4277744902966,1.47636838132094,0.266478868431696,5.54028313768289,3.01982993343223e-08,5.89300601920804e-08
"ONCDGDAG_02706",303.954600157999,1.31825773580753,0.3447310283261,3.82401822722067,0.000131294202278718,0.000210085450982156
"ONCDGDAG_02707",99.2248305108889,0.759915273749397,0.109035597578428,6.9694236618715,3.18241998380629e-12,7.26355537103947e-12
"ONCDGDAG_02708",711.518871092071,0.954094843037759,0.135293181346499,7.05205416520016,1.76295544886765e-12,4.07264121102786e-12
"ONCDGDAG_02709",508.035568967987,1.02948277789003,0.0855927326486006,12.0276891043607,2.54175749453364e-33,1.02279747981727e-32
"ONCDGDAG_02710",55.4804795945343,1.184351187071,0.343074933392328,3.45216473660761,0.000556108090239668,0.000855297240675888
"ONCDGDAG_02711",7.82295408344365,0.359372724792508,0.519304401574482,0.692027111079598,0.488920303532449,0.531994517916887
"ONCDGDAG_02712",100.49781520422,2.13683021951321,0.197472682162826,10.8208902421819,2.7410185151616e-27,9.59524640951664e-27
"ONCDGDAG_02713",172.159560532516,1.22071623064263,0.112362941872901,10.8640465468004,1.71000004971104e-27,6.0304451691293e-27
"ONCDGDAG_02714",9.52817593263221,-0.685590292415234,0.38502105519834,-1.78065662425152,0.0749685632752297,0.0944702208190855
"ONCDGDAG_02715",31.7560122155554,-0.626877686647976,0.340300816758263,-1.84212806956995,0.0654564188298782,0.0830356438068664
"ONCDGDAG_02716",4417.96399531177,-1.07354728010877,0.0679387357411037,-15.801696460761,3.02855452260101e-56,1.77787367345281e-55
"ONCDGDAG_02717",4244.30708883894,-1.8979280376731,0.0667554008732094,-28.4310784273156,8.35223152198823e-178,1.33870317596811e-176
"ONCDGDAG_02718",0.474823380273426,-0.03133275702429,2.40007022227432,-0.0130549334488217,0.989583966029396,0.990625633362059
"ONCDGDAG_02719",0,NA,NA,NA,NA,NA
"ONCDGDAG_02720",0,NA,NA,NA,NA,NA
"ONCDGDAG_02721",0.0647625364872515,-0.213739400656536,3.11653965008542,-0.0685822818428372,0.945322122696048,0.953341822570458
"ONCDGDAG_02722",583.935253998047,-1.18988515351907,0.0900416432369006,-13.2148316128402,7.2047368118381e-40,3.3422949795405e-39
"ONCDGDAG_02723",1243.51098331296,4.36906670883319,0.0912018330859194,47.9054703288384,0,0
"ONCDGDAG_02724",1360.86404591195,4.15787690232282,0.140215225885195,29.6535335308534,3.05381264589564e-193,5.51425789793688e-192
"ONCDGDAG_02725",3953.54005773687,3.13567198761005,0.0879344094335264,35.6592147239068,1.69600360441743e-278,4.60828407943135e-277
"ONCDGDAG_02726",710.504493337369,1.13786477781342,0.100829513085421,11.2850369201867,1.55576246286042e-29,5.75692646762748e-29
"ONCDGDAG_02727",5.07534071670261,0.685390302424317,0.474491656989827,1.44447282123448,0.148606019555449,0.180182041886264
"ONCDGDAG_02728",164.215688600043,0.997818922988487,0.486025866659251,2.0530160870801,0.0400710173226472,0.0520831947250626
"ONCDGDAG_02729",671.586345567531,0.301217371423304,0.104247509167873,2.88944430258036,0.0038592336702741,0.00554400486469889
"ONCDGDAG_02730",916.026527686715,-0.121585511726491,0.179068470121037,-0.67898894564916,0.497144866191146,0.540531365565297
"ONCDGDAG_02731",717.413723234851,1.85499508417147,0.171900178056273,10.7911178751904,3.79149262346786e-27,1.31916200667729e-26
"ONCDGDAG_02732",602.410290325392,2.40709209418273,0.0920682082270199,26.1446610131412,1.13339799513471e-150,1.46316039824404e-149
"ONCDGDAG_02733",70.8012558255762,-0.0268805934672153,0.160104090304184,-0.167894482996308,0.866666290451731,0.884938032829096
"ONCDGDAG_02734",340.617164840104,-0.294519553079879,0.0861290570836272,-3.4195144246606,0.000627330064114686,0.000959663631592064
"ONCDGDAG_02735",2.54840161680675,0.0944287816085765,0.687834534508741,0.137284153195388,0.890806195753796,0.907343833090175
"ONCDGDAG_02736",0.232263078388807,-0.213734717101254,2.40272308822286,-0.088955201766234,0.92911751272772,0.939323977254495
"ONCDGDAG_02737",5.07418690772173,-1.12729978383838,0.467143366599795,-2.41317733363888,0.0158141232442338,0.0215358919407156
"ONCDGDAG_02738",24.5374548407159,-0.192215737695895,0.25945995367173,-0.740830077920568,0.458796475556811,0.503634607450397
"ONCDGDAG_02739",934.021800622681,-0.601632397292941,0.115722131007303,-5.19893984025382,2.00428375911561e-07,3.75704439208729e-07
"ONCDGDAG_02740",513.630208993522,0.974669466287773,0.0851939240386966,11.4405983441385,2.62071836043901e-30,9.87702705724241e-30
"ONCDGDAG_02741",42670.4922282148,5.02709040684788,0.0663922266561517,75.7180570683886,0,0
"ONCDGDAG_02742",54.2676353962065,0.535214964328184,0.237311431665643,2.25532735853311,0.0241127886003894,0.0322521265245715
"ONCDGDAG_02743",3026.11416069292,0.335423199394733,0.0325804378789481,10.2952330057991,7.40401045561306e-25,2.40041384430273e-24
"ONCDGDAG_02744",196.928312839245,5.75203285947796,0.306972282557514,18.7379551389962,2.42779939780333e-78,1.84706978184877e-77
"ONCDGDAG_02745",104.556428060092,5.90565757858718,0.331409650407461,17.8198117385125,4.9603160457369e-71,3.42658152021486e-70
"ONCDGDAG_02746",77.335896439382,5.52603147371992,0.477568340602734,11.5711846952534,5.76806609165356e-31,2.20889833013256e-30
"ONCDGDAG_02747",45.048914678096,5.11653387220211,0.403534250090419,12.6793050925805,7.70115830475922e-37,3.33405229794811e-36
"ONCDGDAG_02748",230.300868427377,5.60158453418573,0.33656998966092,16.6431491406263,3.39295397931198e-62,2.14636312704592e-61
"ONCDGDAG_02749",423.906219006117,0.447208906853319,0.107743683047961,4.15067402749031,3.31497605209221e-05,5.53401209866535e-05
"ONCDGDAG_02750",591.826470489208,0.687555706073794,0.0749773666030634,9.17017677766375,4.72243966544993e-20,1.36644222774124e-19
"ONCDGDAG_02751",2591.44040164651,2.70884095721337,0.150783833928796,17.9650622127871,3.65867664777702e-72,2.57733443854514e-71
"ONCDGDAG_02754",377.290084782176,-1.74018259996515,0.199814070027204,-8.70900932916401,3.06542050597214e-18,8.53233629613512e-18
"ONCDGDAG_02755",74.5900038098128,-1.53438679961376,0.147156396643983,-10.4269120106679,1.86862593569713e-25,6.19905790063244e-25
"ONCDGDAG_02756",27.9449555394471,-1.68950851296997,0.220682815488939,-7.65582272107024,1.92078543731897e-14,4.72006964054352e-14
"ONCDGDAG_02757",146.208174054334,-0.926726583067836,0.172255672456698,-5.3799481308855,7.45073028280599e-08,1.43048004689404e-07
"ONCDGDAG_02758",342.681260800606,-0.074567676180795,0.103932584413786,-0.717461964420314,0.473089097458093,0.516937263518935
"ONCDGDAG_02759",177.185763257954,0.0219898616175493,0.408723491847711,0.053801315696683,0.957093461265295,0.963850210021139
"ONCDGDAG_02760",250.819232955883,1.567820752253,0.276704982342267,5.66603730435796,1.46137722153433e-08,2.88933417396913e-08
"ONCDGDAG_02761",4335.28693272065,-0.907563030880935,0.0750086120700519,-12.0994510608108,1.06319740606648e-33,4.31479686985445e-33
"ONCDGDAG_02776",359.170852171508,1.74904257822306,0.172210457113409,10.1564249206494,3.10244615377073e-24,9.90075936991934e-24
"ONCDGDAG_02777",198.523803840106,-1.55589762196845,0.263880462642498,-5.8962213662493,3.71919950675081e-09,7.55760412589748e-09
"ONCDGDAG_02778",184.011243503153,0.0506559807511371,0.105886775904059,0.478397612153522,0.632367232845685,0.674446248713547
"ONCDGDAG_02779",40.661490283367,-0.00323652088630582,0.171710978999415,-0.0188486543211477,0.984961840169461,0.987037629084465
"ONCDGDAG_02780",106.90548883409,-1.87581167599301,0.128798536194418,-14.5639207666267,4.76449479034633e-48,2.51258847261702e-47
"ONCDGDAG_02781",2916.65562046439,0.312904999784795,0.219386279538025,1.42627424305521,0.153789196402178,0.185758076771979
"ONCDGDAG_02782",9856.07267965851,4.17400029000269,0.100854232087348,41.3864664240134,0,0
"ONCDGDAG_02783",1528.44373728188,1.12490089831119,0.0671495069561683,16.7521840338375,5.45849862403558e-63,3.49172568932141e-62
"ONCDGDAG_02784",206.799794890234,-2.83156588653536,0.305829665640387,-9.25863709331877,2.07058211654876e-20,6.02792936583021e-20
"ONCDGDAG_02785",0,NA,NA,NA,NA,NA
"ONCDGDAG_02787",205.787397552942,-0.4036853505236,0.120719284665577,-3.34400051857423,0.000825795830716719,0.00125318909842277
"ONCDGDAG_02788",128.542618355391,1.17514778489982,0.136979740345609,8.57898972457417,9.57100249770846e-18,2.60554104255365e-17
"ONCDGDAG_02789",1106.33794647887,0.111916535995501,0.110569911809561,1.01217893877187,0.311452504383498,0.354861819091901
"ONCDGDAG_02790",1218.40493318411,0.0729538189158693,0.0732639761602816,0.995766579147524,0.319363572235227,0.362861119708125
"ONCDGDAG_02791",340.976118858459,1.98522145445043,0.252835869920754,7.85181886997542,4.1004641479671e-15,1.03162471024252e-14
"ONCDGDAG_02792",1085.21870377797,2.03384584927652,0.155205299532915,13.1042294006539,3.11409065160074e-39,1.4260835680605e-38
"ONCDGDAG_02793",433.202709359255,0.630096911491725,0.236324952446414,2.66623098817548,0.00767069687745945,0.0108124991064189
"ONCDGDAG_02794",9685.63376578301,1.84430697411025,0.273979585962007,6.73154887665972,1.67866423148578e-11,3.74744057310558e-11
"ONCDGDAG_02795",38.3810612949846,-1.54733191162088,0.280665492965828,-5.51308212231588,3.52603601639418e-08,6.86206054213684e-08
"ONCDGDAG_02796",10.9381798199101,0.710159362259686,0.394768159393585,1.79892766263263,0.0720301241220301,0.0909300637699787
"ONCDGDAG_02797",225.171509361988,0.990212098474449,0.0806800382891465,12.2733221187335,1.25976357286825e-34,5.20884851216392e-34
"ONCDGDAG_02798",386.807122305431,0.405899938908403,0.0960703816843754,4.22502681671366,2.38912326398614e-05,4.04040822297122e-05
"ONCDGDAG_02799",224.067336648314,0.687111259491361,0.0764727576538364,8.98504618601119,2.58625652969082e-19,7.39337663247287e-19
"ONCDGDAG_02800",442.772058988814,0.214128005500881,0.136100175017113,1.5733117571227,0.115646648290106,0.14246109135219
"ONCDGDAG_02801",133.977399329842,-0.783755676117318,0.192363427810933,-4.07434866926806,4.61433062841395e-05,7.6494394438495e-05
"ONCDGDAG_02802",499.832778972014,-1.09049394756175,0.0889981209663531,-12.252999678207,1.61894916462879e-34,6.67465602122244e-34
"ONCDGDAG_02803",774.991327844433,-1.10684026974381,0.111961307330266,-9.88591769903891,4.79171030442949e-23,1.47791886470674e-22
"ONCDGDAG_02804",198.932783541605,-0.206598667530208,0.077922751809675,-2.65132663737058,0.00801762613229326,0.0112736753846391
"ONCDGDAG_02805",501.226360030063,2.09997597660998,0.217699778528945,9.64620171320369,5.10101847838386e-22,1.54165314818105e-21
"ONCDGDAG_02806",238.090392697184,1.83504565608158,0.295291723763525,6.21434841685952,5.15380582494249e-10,1.08036796609559e-09
"ONCDGDAG_02807",475.440470139293,1.97993040978956,0.0750077408527601,26.396347727312,1.50905776851523e-153,2.01184196895979e-152
"ONCDGDAG_02808",83.2198862950771,2.60853563044649,0.162430813977008,16.0593643938504,4.91562548209371e-58,2.95247989482386e-57
"ONCDGDAG_02809",104.798800886717,2.81862707191792,0.624376533198873,4.51430654748863,6.35242769720048e-06,1.11706597388211e-05
"ONCDGDAG_02810",142.180545440435,2.53984068873673,0.395592548718366,6.42034511763494,1.35965743242506e-10,2.93205038148806e-10
"ONCDGDAG_02811",22.6830723735646,2.96332839927924,0.31534469630115,9.39710873224676,5.6082962730187e-21,1.64613881346938e-20
"ONCDGDAG_02812",55.4571664319794,2.74402943750706,0.253582380304861,10.8210571815287,2.73602996394049e-27,9.58954973847938e-27
"ONCDGDAG_02813",54.0729462217572,0.229404387784717,0.214100105167482,1.07148190144635,0.283952804224607,0.325871822386485
"ONCDGDAG_02814",345.122228795512,0.462635036900115,0.130121659973067,3.55540374289624,0.000377399098720814,0.000587408417157928
"ONCDGDAG_02815",38.7627662274463,0.333787208707007,0.2091972062498,1.59556245846054,0.110586514824667,0.136463376641338
"ONCDGDAG_02816",115.956910947171,0.477204107884269,0.124700032714765,3.82681622045611,0.000129811357539375,0.000208062810707773
"ONCDGDAG_02817",3423.23413351911,1.91341574437161,0.345304092832081,5.54124837814212,3.00322881739741e-08,5.86462136621138e-08
"ONCDGDAG_02818",1961.36415252006,1.89139728700561,0.0983541634706805,19.2304750532441,2.05734965922982e-82,1.63499124729322e-81
"ONCDGDAG_02819",584.260467279864,0.322758177641309,0.273036958413082,1.18210435509248,0.237164296571994,0.276966736848096
"ONCDGDAG_02820",1476.50578575451,1.64348157698222,0.0929860717449905,17.674491954982,6.59316712088245e-70,4.52170812400904e-69
"ONCDGDAG_02821",1620.73360257301,1.76499168999306,0.0673357621797167,26.2118023596787,1.94956489206633e-151,2.52823119866601e-150
"ONCDGDAG_02822",241.673202027417,0.960248483272777,0.191330462325983,5.01879560420825,5.19964361586531e-07,9.58925871755897e-07
"ONCDGDAG_02823",333.588518843807,-0.0278455741577114,0.282538372362451,-0.0985550172349334,0.921491587112692,0.933599253562681
"ONCDGDAG_02824",258.299600406336,-0.745134142319938,0.106355477971935,-7.0060720569237,2.4510171850437e-12,5.60766000716092e-12
"ONCDGDAG_02825",331.566628648597,1.19148221735789,0.0844169582458201,14.1142519479123,3.10291023896239e-45,1.58082194852852e-44
"ONCDGDAG_02826",43.3997404826074,-0.994802148978098,0.168913081402641,-5.88943224951756,3.87524634520239e-09,7.86909453584514e-09
"ONCDGDAG_02827",901.201513185265,-1.47439697015903,0.202358088984392,-7.2860787407058,3.19106517931058e-13,7.52405698890338e-13
"ONCDGDAG_02828",813.722649670452,-1.54914924268765,0.119419328309554,-12.9723493224816,1.75565494831411e-38,7.93800882335999e-38
"ONCDGDAG_02829",51.636621601045,2.54746683116943,0.22154144752825,11.4988272379352,1.33719938369938e-30,5.07317798097651e-30
"ONCDGDAG_02830",28.9800432510257,2.02271321503314,0.388443845631099,5.20722168154541,1.9168903886357e-07,3.60032144751657e-07
"ONCDGDAG_02831",33.6465228212796,2.7076262687622,0.242411603350297,11.1695406958286,5.74773178211895e-29,2.10504220467078e-28
"ONCDGDAG_02832",22.628777470523,3.98591467735473,0.481492382284152,8.27825075538255,1.24997799391796e-16,3.29897059819421e-16
"ONCDGDAG_02833",235.71423638338,3.00740354970291,0.106821777503108,28.1534685154945,2.1731806941551e-174,3.44449140023583e-173
"ONCDGDAG_02834",420.254530083788,4.75911247864024,0.330843289194453,14.3847937500194,6.44700095142625e-47,3.3564404588356e-46
"ONCDGDAG_02835",45.2531323549766,-1.93513329209111,0.20549847850682,-9.41677673796931,4.65147867806011e-21,1.36670120169985e-20
"ONCDGDAG_02836",2821.71164104011,0.876815410797325,0.0642841879579179,13.639674679741,2.32595867074585e-42,1.13241639720783e-41
"ONCDGDAG_02837",1906.53383538591,1.23238042579617,0.0697967714774023,17.6566967169129,9.03764172282645e-70,6.1833073945381e-69
"ONCDGDAG_02838",134.363490250691,-0.412465756863941,0.15874250549838,-2.59833215791186,0.00936778290169665,0.0131011199110493
"ONCDGDAG_02839",106.23644992528,-0.428097681518515,0.110683679552666,-3.86775794994073,0.000109840612290612,0.000177248454109229
"ONCDGDAG_02840",419.993165047813,-1.25783417245753,0.090200245342044,-13.9449085497247,3.3788084101082e-44,1.68526929965712e-43
"ONCDGDAG_02841",5469.37680965708,0.360565790764469,0.150067880645498,2.40268463320426,0.016275216330513,0.0221426762951614
"ONCDGDAG_02842",3.5118807546347,-0.244093811605675,0.618864387439062,-0.39442213279676,0.693269405862844,0.731430190496205
"ONCDGDAG_02843",38.1105561180145,-0.0151031535294313,0.210891163344026,-0.0716158671133774,0.942907612369279,0.951579560696694
"ONCDGDAG_02844",116.53932794456,0.45332500348157,0.233532387932197,1.94116545244759,0.0522382120825249,0.0669221459683177
"ONCDGDAG_02845",0.7731490242561,-0.865571001501458,1.36845441864085,-0.632517232368723,0.527048951746,0.570653001643771
"ONCDGDAG_02846",3.24394194840459,-0.332365861171144,0.578587788680552,-0.574443269757027,0.565667879431256,0.608540897442449
"ONCDGDAG_02847",4.68261016232179,0.0886149020716756,0.469677547061078,0.188671786901817,0.850350065209976,0.871425551739965
"ONCDGDAG_02848",132.452800936276,1.62605126453269,0.131282685424718,12.385877538018,3.11657073141381e-35,1.31337906893997e-34
"ONCDGDAG_02849",18.108377478305,0.550626524978651,0.353431580526098,1.55794375861664,0.119246580871437,0.146453075861477
"ONCDGDAG_02850",0.233629497804867,-0.213734709067582,2.39991643998941,-0.0890592295240599,0.929034838718861,0.939323977254495
"ONCDGDAG_02851",44.5364423384177,0.22109559176092,0.170617924894008,1.29585207356302,0.195026453584789,0.23135570564549
"ONCDGDAG_02852",67.7566382618963,0.608604451440335,0.159652298328117,3.81206194845709,0.000137812324295662,0.000220268101521301
"ONCDGDAG_02853",458.321533474715,-0.348077160209725,0.254993210524715,-1.36504481626576,0.172238964648785,0.206296291411832
"ONCDGDAG_02854",2403.53159948546,1.56081062828923,0.0613476879187899,25.4420448632942,8.64612682546324e-143,1.05416238602763e-141
"ONCDGDAG_02855",3424.58674272076,-1.66863327969911,0.0850162644714053,-19.6272241561536,9.0527247118549e-86,7.50797197759361e-85
"ONCDGDAG_02856",561.068872146179,1.92239400477285,0.116259782008978,16.5353312345312,2.04252311054924e-61,1.27234026951899e-60
"ONCDGDAG_02857",186.579711074192,0.103506858557585,0.208171696609843,0.497218691316999,0.619034841988489,0.660720689933842
"ONCDGDAG_02858",200.454950335352,0.521109115451442,0.15745516399251,3.30957145029699,0.000934389140658814,0.00141422398848785
"ONCDGDAG_02859",21.3399383249481,1.03274158477499,0.513613471814877,2.0107369480122,0.0443532491655112,0.0573876734100696
"ONCDGDAG_02860",14.16090437819,0.921672208144439,0.273789330915095,3.36635545681749,0.000761684887104218,0.00115897972421778
"ONCDGDAG_02861",762.399189671199,0.276004718739012,0.142224425121292,1.94062811998451,0.0523034007425686,0.0669755845235854
"ONCDGDAG_02862",619.874910146388,0.545301181128432,0.0884080048098848,6.16800687110928,6.91561399475557e-10,1.44226949759047e-09
"ONCDGDAG_02863",1134.63511947552,-0.269112734711719,0.193238254056988,-1.39264731005257,0.16372646912557,0.196761422247367
"ONCDGDAG_02864",481.633842568929,1.37450807017981,0.107009687451117,12.8447068944828,9.21000942645971e-38,4.08649407366867e-37
"ONCDGDAG_02865",245.28693091603,2.57434903499305,0.131415519939425,19.5893836297241,1.90482310490346e-85,1.5752058893593e-84
"ONCDGDAG_02866",136.050209510256,-1.69241695732203,0.128756063550937,-13.1443670352076,1.83333213238556e-39,8.44991368933119e-39
"ONCDGDAG_02867",10.1943320928616,-0.608156841827418,0.545590979798226,-1.1146753966723,0.264989547866785,0.306327058372746
"ONCDGDAG_02868",9.85444571731934,-0.926153104891317,0.343928558725698,-2.69286478657905,0.00708409922328342,0.0100054134079344
"ONCDGDAG_02869",325.682633342285,1.07446556127975,0.101887762640053,10.5455800916505,5.32432614930606e-26,1.79554403120215e-25
"ONCDGDAG_02870",531.018064643305,0.861894070834809,0.0982975303190649,8.76821694336753,1.81517835999164e-18,5.07218791484443e-18
"ONCDGDAG_02871",545.275191363843,-0.443193477001121,0.242839024021433,-1.82505047855078,0.0679934122177472,0.0861237201122728
"ONCDGDAG_02872",304.604497666148,0.0857208667094933,0.135114286522252,0.634432293696609,0.525798739835567,0.569731790638387
"ONCDGDAG_02873",386.400661100373,-2.29449850494598,0.08602613061241,-26.6721110040834,9.91745446933339e-157,1.34097145028475e-155
"ONCDGDAG_02874",61.281521110439,-0.69729584032192,0.193972723619793,-3.59481388573319,0.00032462355585562,0.00050720208371089
"ONCDGDAG_02875",55.6089666985267,0.152901444731696,0.149365361180215,1.02367405349902,0.305989254608883,0.348915804715885
"ONCDGDAG_02876",33.0981789502217,-2.03209720961113,0.224856474410288,-9.03730797585675,1.60577470840409e-19,4.60892881597271e-19
"ONCDGDAG_02877",62.4297336893054,0.450907488155116,0.239203050105946,1.88504071313222,0.0594243413333932,0.0756864490286476
"ONCDGDAG_02878",2305.18263183671,0.453082797552909,0.1701157433871,2.663379582229,0.0077360094515409,0.0108937981072291
"ONCDGDAG_02879",417.146560577224,0.432703818299308,0.2058066221492,2.10247762574724,0.0355114575838326,0.0465170746036154
"ONCDGDAG_02880",49.0020887773874,1.02068253343218,0.207842380242726,4.9108489435128,9.06829275385935e-07,1.65420966923023e-06
"ONCDGDAG_02881",37.499570860254,0.410547653409094,0.213852298698204,1.91977199173563,0.0548867061483251,0.0701261856879406
"ONCDGDAG_02882",842.703024611807,-0.640406758242505,0.280274427365464,-2.28492754141799,0.0223170768042686,0.0299767514701404
"ONCDGDAG_02883",1059.38892795504,-1.1770910652938,0.299844147241477,-3.92567630925222,8.64863942647844e-05,0.00014035590605087
"ONCDGDAG_02884",2240.03237839314,-1.17897864476689,0.471804750956537,-2.49886980234223,0.0124590075584742,0.0171634710595494
"ONCDGDAG_02885",30.6908459232557,-1.31819491846989,0.217883393735571,-6.05000177328652,1.44844239748749e-09,2.9793843980042e-09
"ONCDGDAG_02886",91.2029070500911,-0.308154505071933,0.135372888832562,-2.27633839928671,0.0228257635165331,0.0306023981732467
"ONCDGDAG_02887",78.2199991248768,-0.277170059786203,0.1464203307345,-1.89297523367016,0.0583611631044772,0.0743987481398898
"ONCDGDAG_02888",960.088580638174,3.44918514893634,0.177955573888759,19.3822821818014,1.08908327974563e-83,8.80213766887898e-83
"ONCDGDAG_02889",194.897658581311,0.0366818732184066,0.159773830681388,0.229586241138297,0.818413299296078,0.841720671554329
"ONCDGDAG_02890",131.91039476331,1.5467470630016,0.256288297794524,6.03518411223631,1.58781548159896e-09,3.26136614039008e-09
"ONCDGDAG_02891",581.224721168155,1.86764451724573,0.186734790150235,10.0015884332166,1.49971902297869e-23,4.6659742339784e-23
"ONCDGDAG_02892",40.9138298665495,1.28341924350282,0.174253967050979,7.36522252676947,1.76851610929693e-13,4.20464704985346e-13
"ONCDGDAG_02893",20.4281512979961,-1.50885027046007,0.392291343679726,-3.84624920934254,0.000119939774541799,0.000192782071418452
"ONCDGDAG_02894",130.376166515861,-1.60641834998515,0.299402082172189,-5.36542143705363,8.07604271024518e-08,1.54949225637724e-07
"ONCDGDAG_02895",73.2629652567308,0.316522551144639,0.160737192756695,1.9691929771584,0.0489309350451693,0.0629963707959693
"ONCDGDAG_02896",17.4367809955409,0.76652959804781,0.469437551522112,1.63286808982878,0.102496742705673,0.126974905314496
"ONCDGDAG_02897",16.7684814753194,0.27368812852699,0.244348483330441,1.12007295808287,0.262682673122759,0.304029884957092
"ONCDGDAG_02898",18.4883682961947,0.4684807735281,0.241852282952125,1.93705334433761,0.0527388229365023,0.0675028541219566
"ONCDGDAG_02899",27.0515881114041,-3.06971475762923,0.31983141133689,-9.59791517911848,8.15777470546885e-22,2.45249011956824e-21
"ONCDGDAG_02900",13.950218371148,-0.408489506219469,0.30327174714868,-1.34694217334794,0.177998857460287,0.212748529674989
"ONCDGDAG_02901",1506.23781373552,-0.596571174479752,0.112686366992608,-5.29408472738218,1.19613969367913e-07,2.2750576973777e-07
"ONCDGDAG_02902",1111.55782910029,2.35404632046247,0.117592679095981,20.0186468967262,3.78871149245701e-89,3.24600417056452e-88
"ONCDGDAG_02903",749.082614794447,4.77240848599621,0.265257169996587,17.9916285997382,2.26599316539907e-72,1.60021745071375e-71
"ONCDGDAG_02904",29.4147369667622,-0.922806291141436,0.394263664211922,-2.34058163332398,0.0192537287587367,0.0259966342397898
"ONCDGDAG_02905",115.847886023423,5.55433761134826,0.287486418372926,19.32034787168,3.62201432991141e-83,2.91909798961504e-82
"ONCDGDAG_02906",2.52305597313327,-0.712150402056974,0.637924514891974,-1.11635528253303,0.264270086687538,0.305619196319232
"ONCDGDAG_02907",497.619343167889,1.79118841555989,0.154062233060664,11.6263952558353,3.02608406303549e-31,1.16667808538382e-30
"ONCDGDAG_02908",0,NA,NA,NA,NA,NA
"ONCDGDAG_02909",126.726269569893,-1.99955520514689,0.177144246246649,-11.287723126851,1.50894963054595e-29,5.59822275155734e-29
"ONCDGDAG_02910",2933.17116980277,2.94568829202272,0.214073170331382,13.7601937106964,4.42340082501033e-43,2.1796135671424e-42
"ONCDGDAG_02911",40.8928735769431,0.843370942703512,0.2970979660978,2.83869645349874,0.00452982257196758,0.00649752830458698
"ONCDGDAG_02912",43.36263318155,-1.12351054453483,0.164546202079891,-6.827933615808,8.61464298085194e-12,1.94135674758062e-11
"ONCDGDAG_02913",35.8833890624102,1.12659640872682,0.338850218552976,3.3247622313417,0.000884939691604185,0.00134151590868583
"ONCDGDAG_02914",77.6147610526419,1.43772369474668,0.309933733841297,4.63880997053026,3.50421067077613e-06,6.24844565232769e-06
"ONCDGDAG_02915",35.81491311855,1.13559263091139,0.233690601216504,4.85938512289294,1.17750881995138e-06,2.13432824861582e-06
"ONCDGDAG_02916",17.849169251183,2.03426889967829,0.299178776905348,6.79950937937646,1.04976030771737e-11,2.35453314301703e-11
"ONCDGDAG_02917",32.7331141562746,-2.00202426418875,0.379552618625837,-5.27469490643233,1.32977124604319e-07,2.52082216940945e-07
"ONCDGDAG_02918",41.9879518285732,0.67718939785318,0.212127586287418,3.19236837464241,0.00141111242200578,0.00210449751175248
"ONCDGDAG_02919",8.40425440266972,-0.0918559773185172,0.382100089890369,-0.240397685708141,0.810021972148661,0.834594686363355
"ONCDGDAG_02920",0.178436508820492,-1.06768416365435,3.10932524437203,-0.343381306148944,0.731311621086383,0.766507000352481
"ONCDGDAG_02923",7.03463040159592,-2.62877387905706,1.11827859866701,-2.35073252961343,0.0187364966693714,0.0253342298567377
