"","baseMean","log2FoldChange","lfcSE","stat","pvalue","padj"
"ONCDGDAG_00001",0,NA,NA,NA,NA,NA
"ONCDGDAG_00002",4.73501140412937,-5.79336819708064,3.62627797354249,-1.59760730957454,0.110130398656307,NA
"ONCDGDAG_00003",0,NA,NA,NA,NA,NA
"ONCDGDAG_00004",0,NA,NA,NA,NA,NA
"ONCDGDAG_00005",0,NA,NA,NA,NA,NA
"ONCDGDAG_00006",0.142814622179988,-0.962371383216672,4.0804728567969,-0.235848005118729,0.813550616001249,NA
"ONCDGDAG_00007",0,NA,NA,NA,NA,NA
"ONCDGDAG_00008",328.469933886459,-0.656907069000561,1.86065519841756,-0.353051478618523,0.724049847894357,0.996389052131759
"ONCDGDAG_00009",0,NA,NA,NA,NA,NA
"ONCDGDAG_00010",0,NA,NA,NA,NA,NA
"ONCDGDAG_00011",0,NA,NA,NA,NA,NA
"ONCDGDAG_00012",41.9662142574193,5.52668028425327,2.63703181123429,2.09579583405422,0.0361003060790146,0.359838534787597
"ONCDGDAG_00013",0,NA,NA,NA,NA,NA
"ONCDGDAG_00014",11.7598157061633,-2.6024621610412,3.36407012795436,-0.773605205021013,0.439164293106998,0.996389052131759
"ONCDGDAG_00015",0,NA,NA,NA,NA,NA
"ONCDGDAG_00016",123.118153407383,2.01405217720177,2.21351107655203,0.909890263724837,0.362880384960231,0.996389052131759
"ONCDGDAG_00017",3.32204689859896,5.28081351569704,3.91919664647111,1.34742244190578,0.177844216814162,NA
"ONCDGDAG_00018",55.5134168691358,22.6251211655126,3.51094954354628,6.44416015806932,NA,NA
"ONCDGDAG_00019",0,NA,NA,NA,NA,NA
"ONCDGDAG_00020",0,NA,NA,NA,NA,NA
"ONCDGDAG_00021",0,NA,NA,NA,NA,NA
"ONCDGDAG_00022",0,NA,NA,NA,NA,NA
"ONCDGDAG_00023",0,NA,NA,NA,NA,NA
"ONCDGDAG_00024",398.682329613349,-0.205047517976295,1.80616773493399,-0.113526287736387,0.909613323200019,0.996389052131759
"ONCDGDAG_00025",0.74682314919798,1.86196739239737,3.9745435250205,0.468473267603169,0.639446183539281,NA
"ONCDGDAG_00026",22.3652279943017,-1.24369589976795,2.28432723690433,-0.544447345229477,0.586133673051133,0.996389052131759
"ONCDGDAG_00027",14.3061735558185,-1.87989503493148,2.66271396248704,-0.706007127095097,0.480183705270233,0.996389052131759
"ONCDGDAG_00028",26.5281234972347,-0.397640369577543,2.6791858188548,-0.148418361570573,0.882012610112869,0.996389052131759
"ONCDGDAG_00029",0.293816753934486,-0.000590703787813917,4.0804728567969,-0.000144763562592991,0.999884495388844,NA
"ONCDGDAG_00030",0,NA,NA,NA,NA,NA
"ONCDGDAG_00031",72.3526341924342,-0.10304631099977,1.94010167483197,-0.0531138714720686,0.957641179217657,0.996389052131759
"ONCDGDAG_00032",10.4802317813606,-1.62318233755783,3.00256997099717,-0.540597672406204,0.588784922553075,0.996389052131759
"ONCDGDAG_00033",0,NA,NA,NA,NA,NA
"ONCDGDAG_00034",0,NA,NA,NA,NA,NA
"ONCDGDAG_00035",0,NA,NA,NA,NA,NA
"ONCDGDAG_00036",20.7081308305126,-0.734805794112289,3.34826547993426,-0.219458641650696,NA,NA
"ONCDGDAG_00037",0,NA,NA,NA,NA,NA
"ONCDGDAG_00038",74.1060560018563,-2.24137518877117,2.19345862540998,-1.02184520957272,0.306854167963432,0.996389052131759
"ONCDGDAG_00039",0,NA,NA,NA,NA,NA
"ONCDGDAG_00040",29.1983363169809,-0.220916801584832,2.97574158012199,-0.0742392427691169,0.940820020774149,0.996389052131759
"ONCDGDAG_00041",17.9320161785087,-2.50020226268672,2.33711307431958,-1.06978232681986,0.284717299145822,0.961504321705562
"ONCDGDAG_00042",114.854463515343,1.04844768134804,1.83903005995217,0.570109050515087,0.568603737029417,0.996389052131759
"ONCDGDAG_00043",0,NA,NA,NA,NA,NA
"ONCDGDAG_00044",21.8666207545505,-1.87560544839174,2.94627686586582,-0.636601899204257,0.524384187800739,0.996389052131759
"ONCDGDAG_00045",0,NA,NA,NA,NA,NA
"ONCDGDAG_00046",9.15203048278288,-6.74268812638935,3.70691819948201,-1.81894710472207,0.0689195003759619,0.44171286377073
"ONCDGDAG_00047",0,NA,NA,NA,NA,NA
"ONCDGDAG_00048",2.71347782141977,-4.99083944271584,3.92194732755949,-1.27254117046531,0.203180905764979,NA
"ONCDGDAG_00049",0,NA,NA,NA,NA,NA
"ONCDGDAG_00050",0,NA,NA,NA,NA,NA
"ONCDGDAG_00051",0,NA,NA,NA,NA,NA
"ONCDGDAG_00052",0,NA,NA,NA,NA,NA
"ONCDGDAG_00053",0,NA,NA,NA,NA,NA
"ONCDGDAG_00054",0.824717471848757,-3.26589865293602,3.95672539119462,-0.825404426651397,0.409142022601448,NA
"ONCDGDAG_00055",0,NA,NA,NA,NA,NA
"ONCDGDAG_00056",3.32204689859896,5.28081351569704,3.91919664647111,1.34742244190578,0.177844216814162,NA
"ONCDGDAG_00057",1.05701492228149,3.62991223001711,3.94567635957561,0.91997211611333,0.357587330770869,NA
"ONCDGDAG_00058",53.1672017482045,-2.54506920933417,2.53590883017892,-1.00361226675275,0.31556553959742,0.996389052131759
"ONCDGDAG_00059",8.4260627086193,-6.62429599362889,3.72889459785832,-1.7764771354582,0.0756543072672646,0.449393080264577
"ONCDGDAG_00060",0,NA,NA,NA,NA,NA
"ONCDGDAG_00061",0,NA,NA,NA,NA,NA
"ONCDGDAG_00062",0,NA,NA,NA,NA,NA
"ONCDGDAG_00063",0,NA,NA,NA,NA,NA
"ONCDGDAG_00064",0.75501065877249,3.14512921605104,3.96110549857831,0.794002890652587,0.427193748527368,NA
"ONCDGDAG_00065",1.2916652297275,-1.70294223353279,3.9075154449456,-0.435812028775357,0.662973115762871,NA
"ONCDGDAG_00066",0,NA,NA,NA,NA,NA
"ONCDGDAG_00067",6.34208953368891,6.21343492425998,3.838049070414,1.61890450337305,0.105467811788004,0.482808205073976
"ONCDGDAG_00068",4.07705755737144,5.57616130871495,3.91689735000654,1.4236169116624,0.15455739759122,NA
"ONCDGDAG_00069",0,NA,NA,NA,NA,NA
"ONCDGDAG_00070",0,NA,NA,NA,NA,NA
"ONCDGDAG_00071",0.453006395263494,2.40956022186386,3.99681559091717,0.602870001643215,0.546595173706482,NA
"ONCDGDAG_00072",0,NA,NA,NA,NA,NA
"ONCDGDAG_00073",0,NA,NA,NA,NA,NA
"ONCDGDAG_00074",0,NA,NA,NA,NA,NA
"ONCDGDAG_00075",0,NA,NA,NA,NA,NA
"ONCDGDAG_00076",0,NA,NA,NA,NA,NA
"ONCDGDAG_00077",5.7730223029413,-6.07732664052141,3.88585983446857,-1.56395930357909,0.117827125980827,0.488717815539409
"ONCDGDAG_00078",0,NA,NA,NA,NA,NA
"ONCDGDAG_00079",16.4105374174038,-21.6928037974631,3.58189740257816,-6.0562325938898,NA,NA
"ONCDGDAG_00080",0.174055320781861,0.961181968425817,4.0804728567969,0.235556515668218,0.813776819420815,NA
"ONCDGDAG_00081",0,NA,NA,NA,NA,NA
"ONCDGDAG_00082",0,NA,NA,NA,NA,NA
"ONCDGDAG_00083",54.2373903924543,-1.25604042335815,2.96742859081026,-0.42327570316197,0.672094119161886,0.996389052131759
"ONCDGDAG_00084",63.1450559276283,0.519008551110636,2.60700441985142,0.199082344148927,0.84219833211618,0.996389052131759
"ONCDGDAG_00085",0,NA,NA,NA,NA,NA
"ONCDGDAG_00086",0,NA,NA,NA,NA,NA
"ONCDGDAG_00087",349.41141521405,0.339699600128591,1.75847023324585,0.193179044891514,0.846818749377405,0.996389052131759
"ONCDGDAG_00088",0,NA,NA,NA,NA,NA
"ONCDGDAG_00089",0,NA,NA,NA,NA,NA
"ONCDGDAG_00090",4.89358751964569,2.0248994506921,3.31754172981844,0.610361410827805,0.541622424815928,NA
"ONCDGDAG_00091",0,NA,NA,NA,NA,NA
"ONCDGDAG_00092",66.4526207803059,-1.08446851785084,1.91844919692189,-0.565283938501391,0.571880651550178,0.996389052131759
"ONCDGDAG_00093",88.5390202247106,3.89912900531153,2.76753248043418,1.40888283439398,NA,NA
"ONCDGDAG_00094",0,NA,NA,NA,NA,NA
"ONCDGDAG_00095",0,NA,NA,NA,NA,NA
"ONCDGDAG_00096",0,NA,NA,NA,NA,NA
"ONCDGDAG_00097",637.093062846193,1.42869499717355,1.80596579996659,0.791097482133923,0.428887108363482,0.996389052131759
"ONCDGDAG_00098",6.79509592895241,6.3129547834452,3.80980062292185,1.65703022501047,0.0975133644696703,0.470332599381656
"ONCDGDAG_00099",336.575609579637,-0.905670102021409,1.81753478866125,-0.498295882792153,0.618275509380886,0.996389052131759
"ONCDGDAG_00101",0,NA,NA,NA,NA,NA
"ONCDGDAG_00102",117.761656452108,-0.223866229532527,2.05816574041716,-0.10876977744618,0.913385095664881,0.996389052131759
"ONCDGDAG_00103",28.4181411152707,-1.80526499124866,2.32946534549907,-0.774969670502607,0.438357581580334,0.996389052131759
"ONCDGDAG_00104",0,NA,NA,NA,NA,NA
"ONCDGDAG_00105",24.8778527865837,0.608776137305387,2.68740517409591,0.226529346290401,0.820789737336065,0.996389052131759
"ONCDGDAG_00106",0,NA,NA,NA,NA,NA
"ONCDGDAG_00107",0,NA,NA,NA,NA,NA
"ONCDGDAG_00108",0,NA,NA,NA,NA,NA
"ONCDGDAG_00109",0,NA,NA,NA,NA,NA
"ONCDGDAG_00110",0,NA,NA,NA,NA,NA
"ONCDGDAG_00111",0,NA,NA,NA,NA,NA
"ONCDGDAG_00112",8.34659801224555,6.6086924657155,3.29274572282116,2.00704610134709,0.0447447544254426,0.412720272163037
"ONCDGDAG_00113",0,NA,NA,NA,NA,NA
"ONCDGDAG_00114",40.6124150144686,8.89180124430585,2.63493829950265,3.37457664416058,0.000739293261160815,0.0983901336801634
"ONCDGDAG_00115",0,NA,NA,NA,NA,NA
"ONCDGDAG_00116",0,NA,NA,NA,NA,NA
"ONCDGDAG_00117",0,NA,NA,NA,NA,NA
"ONCDGDAG_00118",27.7553646797981,-0.322405156955866,2.65762090780018,-0.121313448434124,0.903442768381292,0.996389052131759
"ONCDGDAG_00119",4.8556971541196,-5.82951061013138,3.91526162585411,-1.4889198135922,0.136508485385426,NA
"ONCDGDAG_00120",0,NA,NA,NA,NA,NA
"ONCDGDAG_00121",0,NA,NA,NA,NA,NA
"ONCDGDAG_00122",0,NA,NA,NA,NA,NA
"ONCDGDAG_00123",0,NA,NA,NA,NA,NA
"ONCDGDAG_00124",0,NA,NA,NA,NA,NA
"ONCDGDAG_00125",46.369572259924,2.31702328723881,3.09122820454372,0.749547795867375,NA,NA
"ONCDGDAG_00126",0,NA,NA,NA,NA,NA
"ONCDGDAG_00127",0,NA,NA,NA,NA,NA
"ONCDGDAG_00128",27.5675515235421,0.26288705783115,2.96760307164538,0.0885856536350707,0.929411209996689,0.996389052131759
"ONCDGDAG_00129",0,NA,NA,NA,NA,NA
"ONCDGDAG_00130",0.601216502386972,-2.81776264343688,3.97476466401714,-0.708913075771655,0.47837842026341,NA
"ONCDGDAG_00131",0,NA,NA,NA,NA,NA
"ONCDGDAG_00132",0,NA,NA,NA,NA,NA
"ONCDGDAG_00133",40.9803716483488,-7.9384250144188,2.88442491918715,-2.75216905859207,0.00592019498227613,0.15924746707265
"ONCDGDAG_00134",0.142814622179988,-0.962371383216672,4.0804728567969,-0.235848005118729,0.813550616001249,NA
"ONCDGDAG_00135",0,NA,NA,NA,NA,NA
"ONCDGDAG_00136",0,NA,NA,NA,NA,NA
"ONCDGDAG_00137",11.1395405300391,-7.02690742368451,3.65080341939411,-1.92475644849996,NA,NA
"ONCDGDAG_00138",58.2518189402836,-2.05174735035738,1.87968028184189,-1.09154060410044,0.275035075349516,0.94770006363607
"ONCDGDAG_00139",0,NA,NA,NA,NA,NA
"ONCDGDAG_00140",0,NA,NA,NA,NA,NA
"ONCDGDAG_00141",0,NA,NA,NA,NA,NA
"ONCDGDAG_00142",0,NA,NA,NA,NA,NA
"ONCDGDAG_00143",0,NA,NA,NA,NA,NA
"ONCDGDAG_00144",39.2367774289237,-2.51605713523421,2.2112682498763,-1.13783442392164,0.255189627742133,0.896063579230899
"ONCDGDAG_00145",27.728863156152,1.60474075544747,2.56076921498415,0.626663561111814,0.530879794355258,0.996389052131759
"ONCDGDAG_00146",0,NA,NA,NA,NA,NA
"ONCDGDAG_00147",4.57601524139144,-5.74258991402649,3.91578867020964,-1.46652191874263,0.142506154323538,NA
"ONCDGDAG_00148",0,NA,NA,NA,NA,NA
"ONCDGDAG_00149",4.28853085361354,-5.64825309274395,3.91639769388164,-1.44220621454453,0.149244207956441,NA
"ONCDGDAG_00150",0,NA,NA,NA,NA,NA
"ONCDGDAG_00151",0,NA,NA,NA,NA,NA
"ONCDGDAG_00152",0,NA,NA,NA,NA,NA
"ONCDGDAG_00153",0,NA,NA,NA,NA,NA
"ONCDGDAG_00154",0,NA,NA,NA,NA,NA
"ONCDGDAG_00155",0,NA,NA,NA,NA,NA
"ONCDGDAG_00156",0,NA,NA,NA,NA,NA
"ONCDGDAG_00157",39.3754188262842,-8.84788659409401,3.07372691371216,-2.87855324902899,0.00399503829887778,0.15924746707265
"ONCDGDAG_00158",1.15070448701441,-2.59167808048812,3.94774467632237,-0.656495871182447,0.511505123249117,NA
"ONCDGDAG_00159",0,NA,NA,NA,NA,NA
"ONCDGDAG_00160",28.2476939570227,8.36785281859437,3.1084767162729,2.69194643626848,0.00710363531864126,0.168847947189242
"ONCDGDAG_00161",0,NA,NA,NA,NA,NA
"ONCDGDAG_00162",0,NA,NA,NA,NA,NA
"ONCDGDAG_00163",0,NA,NA,NA,NA,NA
"ONCDGDAG_00164",12.0362431726928,0.0111595209173034,3.39602494233462,0.00328605387380687,0.997378113066712,0.997378113066712
"ONCDGDAG_00165",14.5493179071781,20.7601541931421,3.59654645119699,5.77224692488894,NA,NA
"ONCDGDAG_00166",0,NA,NA,NA,NA,NA
"ONCDGDAG_00167",0,NA,NA,NA,NA,NA
"ONCDGDAG_00168",0,NA,NA,NA,NA,NA
"ONCDGDAG_00169",0,NA,NA,NA,NA,NA
"ONCDGDAG_00170",0,NA,NA,NA,NA,NA
"ONCDGDAG_00171",0,NA,NA,NA,NA,NA
"ONCDGDAG_00172",8.86864015241457,-6.69777504561323,3.27073452310385,-2.04778926516396,0.0405806526551786,0.391856927201569
"ONCDGDAG_00173",0,NA,NA,NA,NA,NA
"ONCDGDAG_00174",1.57096084397987,-4.20372571152123,3.93292645523355,-1.06885439109275,0.285135286110439,NA
"ONCDGDAG_00175",0,NA,NA,NA,NA,NA
"ONCDGDAG_00176",0,NA,NA,NA,NA,NA
"ONCDGDAG_00177",0,NA,NA,NA,NA,NA
"ONCDGDAG_00178",7.42636035335938,-6.44216732508171,3.77296515049836,-1.70745476518138,0.087737558676821,0.455716824368424
"ONCDGDAG_00179",0,NA,NA,NA,NA,NA
"ONCDGDAG_00180",21.0603545206261,-0.0638266313452192,2.75569439802808,-0.0231617233721171,0.981521270734477,0.996389052131759
"ONCDGDAG_00181",0,NA,NA,NA,NA,NA
"ONCDGDAG_00182",0,NA,NA,NA,NA,NA
"ONCDGDAG_00184",0,NA,NA,NA,NA,NA
"ONCDGDAG_00185",0,NA,NA,NA,NA,NA
"ONCDGDAG_00186",0,NA,NA,NA,NA,NA
"ONCDGDAG_00187",0,NA,NA,NA,NA,NA
"ONCDGDAG_00188",0,NA,NA,NA,NA,NA
"ONCDGDAG_00189",0,NA,NA,NA,NA,NA
"ONCDGDAG_00190",34.4101116913315,0.14798854994653,3.35437867745827,0.0441180213018363,NA,NA
"ONCDGDAG_00191",0,NA,NA,NA,NA,NA
"ONCDGDAG_00192",0,NA,NA,NA,NA,NA
"ONCDGDAG_00194",0,NA,NA,NA,NA,NA
"ONCDGDAG_00195",0,NA,NA,NA,NA,NA
"ONCDGDAG_00196",0,NA,NA,NA,NA,NA
"ONCDGDAG_00197",0,NA,NA,NA,NA,NA
"ONCDGDAG_00198",0,NA,NA,NA,NA,NA
"ONCDGDAG_00199",0,NA,NA,NA,NA,NA
"ONCDGDAG_00200",0,NA,NA,NA,NA,NA
"ONCDGDAG_00201",0,NA,NA,NA,NA,NA
"ONCDGDAG_00202",0,NA,NA,NA,NA,NA
"ONCDGDAG_00203",0,NA,NA,NA,NA,NA
"ONCDGDAG_00204",0,NA,NA,NA,NA,NA
"ONCDGDAG_00205",0,NA,NA,NA,NA,NA
"ONCDGDAG_00206",48.0514950652132,0.627434191849506,2.60402238587666,0.240948079115025,0.809595357891861,0.996389052131759
"ONCDGDAG_00207",21.0798233757135,-1.70881419799664,2.69206620251565,-0.63475935190591,NA,NA
"ONCDGDAG_00208",42.0622714069754,-0.593662816505316,2.2711793879767,-0.261389663735098,0.793792027188055,0.996389052131759
"ONCDGDAG_00209",46.9101882449596,-0.280338738920528,2.9851153381594,-0.0939121967372232,0.925178905064357,0.996389052131759
"ONCDGDAG_00210",81.6879675628825,3.69294603189073,2.62095261108511,1.40900908176352,NA,NA
"ONCDGDAG_00211",0,NA,NA,NA,NA,NA
"ONCDGDAG_00212",0,NA,NA,NA,NA,NA
"ONCDGDAG_00213",0,NA,NA,NA,NA,NA
"ONCDGDAG_00214",0,NA,NA,NA,NA,NA
"ONCDGDAG_00215",0,NA,NA,NA,NA,NA
"ONCDGDAG_00216",0,NA,NA,NA,NA,NA
"ONCDGDAG_00217",0,NA,NA,NA,NA,NA
"ONCDGDAG_00218",0,NA,NA,NA,NA,NA
"ONCDGDAG_00219",0,NA,NA,NA,NA,NA
"ONCDGDAG_00221",48.5495276336736,1.20047550393056,2.02920269440058,0.591599600790582,0.554118741260349,0.996389052131759
"ONCDGDAG_00222",0,NA,NA,NA,NA,NA
"ONCDGDAG_00223",4.57601524139144,-5.74258991402649,3.91578867020964,-1.46652191874263,0.142506154323538,NA
"ONCDGDAG_00224",0,NA,NA,NA,NA,NA
"ONCDGDAG_00225",15.8932476243861,-7.53912629881202,3.15288949532027,-2.39117999853852,0.0167943169834945,0.241369485948827
"ONCDGDAG_00226",0,NA,NA,NA,NA,NA
"ONCDGDAG_00227",0,NA,NA,NA,NA,NA
"ONCDGDAG_00228",0,NA,NA,NA,NA,NA
"ONCDGDAG_00229",0,NA,NA,NA,NA,NA
"ONCDGDAG_00230",0,NA,NA,NA,NA,NA
"ONCDGDAG_00231",0,NA,NA,NA,NA,NA
"ONCDGDAG_00232",0,NA,NA,NA,NA,NA
"ONCDGDAG_00233",0,NA,NA,NA,NA,NA
"ONCDGDAG_00234",0,NA,NA,NA,NA,NA
"ONCDGDAG_00235",0,NA,NA,NA,NA,NA
"ONCDGDAG_00236",0,NA,NA,NA,NA,NA
"ONCDGDAG_00237",0,NA,NA,NA,NA,NA
"ONCDGDAG_00238",32.9317000307165,-2.37169298562513,2.44005985587199,-0.971981478207456,0.331059763016027,0.996389052131759
"ONCDGDAG_00239",0,NA,NA,NA,NA,NA
"ONCDGDAG_00240",79.6805582277785,-2.3706357816493,2.18418414966306,-1.08536442864261,0.277760280534988,0.94770006363607
"ONCDGDAG_00241",47.3417624311742,-9.11368054847645,3.05276891866599,-2.98538172763465,0.00283224639769549,0.15924746707265
"ONCDGDAG_00242",0,NA,NA,NA,NA,NA
"ONCDGDAG_00243",0,NA,NA,NA,NA,NA
"ONCDGDAG_00244",0,NA,NA,NA,NA,NA
"ONCDGDAG_00245",745.399452102572,0.141904158814219,1.79953130158072,0.0788561769887353,0.937147020342195,0.996389052131759
"ONCDGDAG_00246",3.17104476684446,5.21372685830698,3.91978760884988,1.33010442875418,0.183483866563441,NA
"ONCDGDAG_00247",10.7213271340338,-6.97069193973836,3.6655255148385,-1.90168965173483,0.0572117395295365,0.44171286377073
"ONCDGDAG_00248",11.5201374517098,-7.07509650455262,2.92449050814873,-2.41925781083534,0.0155522132580828,0.234421165695004
"ONCDGDAG_00249",0,NA,NA,NA,NA,NA
"ONCDGDAG_00250",0,NA,NA,NA,NA,NA
"ONCDGDAG_00251",0,NA,NA,NA,NA,NA
"ONCDGDAG_00252",0,NA,NA,NA,NA,NA
"ONCDGDAG_00253",0,NA,NA,NA,NA,NA
"ONCDGDAG_00254",172.315306126381,-0.815495590463867,1.86312951481256,-0.437702040561528,0.661602290091186,0.996389052131759
"ONCDGDAG_00255",58.5763855001637,-1.73022222383908,2.63374675289286,-0.656943277457728,0.511217389543814,0.996389052131759
"ONCDGDAG_00256",0,NA,NA,NA,NA,NA
"ONCDGDAG_00257",0,NA,NA,NA,NA,NA
"ONCDGDAG_00258",0,NA,NA,NA,NA,NA
"ONCDGDAG_00259",2.26974960833474,0.911858782281618,3.73145664659658,0.244370729353995,0.806943709266306,NA
"ONCDGDAG_00260",33.2550729229981,-2.67508364379114,2.59715959413105,-1.03000356614056,0.303008331535217,0.990789147559597
"ONCDGDAG_00261",0.443422873373474,-2.3817606290663,3.99847525153151,-0.595667217936145,0.551397562243065,NA
"ONCDGDAG_00262",0,NA,NA,NA,NA,NA
"ONCDGDAG_00263",0,NA,NA,NA,NA,NA
"ONCDGDAG_00264",0.565022054647692,2.73453092035627,3.97882617429915,0.687270767951541,0.491912116196154,NA
"ONCDGDAG_00265",8.61923068893686,-5.67147181582493,3.07196794345637,-1.84620149696086,0.0648629536945049,0.44171286377073
"ONCDGDAG_00266",0,NA,NA,NA,NA,NA
"ONCDGDAG_00267",0,NA,NA,NA,NA,NA
"ONCDGDAG_00268",9.15318750901456,-3.18318221500036,3.4059749456316,-0.934587677775791,0.350000831737134,0.996389052131759
"ONCDGDAG_00269",0,NA,NA,NA,NA,NA
"ONCDGDAG_00270",26.2099448243993,0.796271671357196,2.61567712648983,0.304422768121145,0.760805823960081,0.996389052131759
"ONCDGDAG_00271",0,NA,NA,NA,NA,NA
"ONCDGDAG_00272",114.80617975407,0.828762716934541,1.85289408476893,0.447280135301362,0.654672807937416,0.996389052131759
"ONCDGDAG_00273",0,NA,NA,NA,NA,NA
"ONCDGDAG_00274",0,NA,NA,NA,NA,NA
"ONCDGDAG_00275",0,NA,NA,NA,NA,NA
"ONCDGDAG_00276",0,NA,NA,NA,NA,NA
"ONCDGDAG_00277",5.4431353142018,-5.9924052389738,3.91435531665183,-1.53087922639058,0.125799244249322,0.503119655439879
"ONCDGDAG_00278",3.30705109485535,5.27131204798466,3.91927868891668,1.34496994635553,0.178634940142018,NA
"ONCDGDAG_00279",0,NA,NA,NA,NA,NA
"ONCDGDAG_00280",0,NA,NA,NA,NA,NA
"ONCDGDAG_00281",0,NA,NA,NA,NA,NA
"ONCDGDAG_00282",0,NA,NA,NA,NA,NA
"ONCDGDAG_00283",0,NA,NA,NA,NA,NA
"ONCDGDAG_00284",0,NA,NA,NA,NA,NA
"ONCDGDAG_00285",0,NA,NA,NA,NA,NA
"ONCDGDAG_00286",0,NA,NA,NA,NA,NA
"ONCDGDAG_00287",38.2051917082274,-4.75919853128144,3.25218220588111,-1.46338619117807,NA,NA
"ONCDGDAG_00288",1.14251697743991,-3.74549022627525,3.94266150252921,-0.949990310827477,0.34211717588368,NA
"ONCDGDAG_00289",0,NA,NA,NA,NA,NA
"ONCDGDAG_00290",0,NA,NA,NA,NA,NA
"ONCDGDAG_00291",0,NA,NA,NA,NA,NA
"ONCDGDAG_00292",0,NA,NA,NA,NA,NA
"ONCDGDAG_00293",9.53367391966045,-6.80190793013345,2.86578029707604,-2.37349246104925,0.0176207527616088,0.241991671259428
"ONCDGDAG_00295",77.1334702844395,-9.8180249897992,2.56647353398016,-3.82549239639854,0.000130510962873042,0.078102025895767
"ONCDGDAG_00296",8.51017611311139,-2.04168863966954,3.04801822352448,-0.669841349343606,0.502958931278016,0.996389052131759
"ONCDGDAG_00297",4.58351659694267,2.57897027992763,3.2535798406882,0.792656214449043,0.427978147272057,NA
"ONCDGDAG_00298",0,NA,NA,NA,NA,NA
"ONCDGDAG_00299",0,NA,NA,NA,NA,NA
"ONCDGDAG_00300",1.24984114188174,0.619766283646379,3.8676790052266,0.160242430359101,0.872690106626069,NA
"ONCDGDAG_00301",31.5353127813098,1.52239435348258,2.98934888293906,0.509272892893583,0.610560955639228,0.996389052131759
"ONCDGDAG_00302",21.1986457608945,0.375027909844761,2.54011674183161,0.147641997577772,0.8826253090156,0.996389052131759
"ONCDGDAG_00303",1.66102344929948,4.28137618313721,3.93158256281756,1.08897018305752,0.276167034624638,NA
"ONCDGDAG_00304",0,NA,NA,NA,NA,NA
"ONCDGDAG_00305",0,NA,NA,NA,NA,NA
"ONCDGDAG_00306",0,NA,NA,NA,NA,NA
"ONCDGDAG_00307",6.11834214397215,-2.01793480492826,3.19936716955523,-0.630729359271631,0.528217498951837,0.996389052131759
"ONCDGDAG_00308",0,NA,NA,NA,NA,NA
"ONCDGDAG_00309",218.62146495546,-0.493411846909603,1.86138614849003,-0.26507763975243,0.790949652260018,0.996389052131759
"ONCDGDAG_00310",35.8680645593689,8.71300878602118,2.6712874106592,3.26172644368172,0.00110735949184134,0.0983901336801634
"ONCDGDAG_00311",0,NA,NA,NA,NA,NA
"ONCDGDAG_00312",2.47415241554627,-4.85401822362734,3.92345439732589,-1.23717972278095,0.216020367712394,NA
"ONCDGDAG_00313",0,NA,NA,NA,NA,NA
"ONCDGDAG_00314",20.1669183970109,-0.470026625933751,3.35022222400833,-0.140297148817607,NA,NA
"ONCDGDAG_00315",0,NA,NA,NA,NA,NA
"ONCDGDAG_00316",34.7646759760865,-8.66837740068716,3.05883209296618,-2.83388467795281,0.0045985923783619,0.15924746707265
"ONCDGDAG_00317",0,NA,NA,NA,NA,NA
"ONCDGDAG_00318",169.599429637483,1.27149022647093,2.67062171126294,0.476102707136925,0.634001208465883,0.996389052131759
"ONCDGDAG_00319",0,NA,NA,NA,NA,NA
"ONCDGDAG_00320",0,NA,NA,NA,NA,NA
"ONCDGDAG_00321",0,NA,NA,NA,NA,NA
"ONCDGDAG_00322",0,NA,NA,NA,NA,NA
"ONCDGDAG_00323",31.8372244235714,-1.35063147026948,2.58565411312191,-0.522355818365333,0.601422611804971,0.996389052131759
"ONCDGDAG_00324",21.1278024894831,2.61537308034768,2.90905963776761,0.89904416066035,0.368629138970717,0.996389052131759
"ONCDGDAG_00325",0,NA,NA,NA,NA,NA
"ONCDGDAG_00326",0,NA,NA,NA,NA,NA
"ONCDGDAG_00327",25.999611679771,-0.451070099345985,2.43645232628986,-0.185133973063556,0.853123955515608,0.996389052131759
"ONCDGDAG_00328",6.86551773346108,-0.994806275987129,2.55012293889195,-0.390101300927626,0.696461640893104,0.996389052131759
"ONCDGDAG_00329",6.49309166544341,6.24737693186192,3.827701538433,1.63214839744781,0.102648228366517,0.480580341897786
"ONCDGDAG_00330",0,NA,NA,NA,NA,NA
"ONCDGDAG_00331",29.0077906739922,3.97511498555828,3.01335501554832,1.31916583510654,NA,NA
"ONCDGDAG_00332",0,NA,NA,NA,NA,NA
"ONCDGDAG_00333",117.016258633434,1.15399782664688,2.10444786603749,0.548361328056928,0.583443824660764,0.996389052131759
"ONCDGDAG_00334",157.674340102059,2.2763330283036,1.84837698233759,1.23153071589584,0.218124435887572,0.80719102621868
"ONCDGDAG_00335",0.141255513661923,0.961181968425817,4.0804728567969,0.235556515668218,0.813776819420815,NA
"ONCDGDAG_00336",0,NA,NA,NA,NA,NA
"ONCDGDAG_00337",16.3856395847831,20.9272604894851,3.5779795038089,5.8489045192146,NA,NA
"ONCDGDAG_00338",46.737182982291,-2.92494846885097,2.90216214658593,-1.00785149868068,0.31352575859616,0.996389052131759
"ONCDGDAG_00339",6.47500793069289,-6.24333324638784,3.38809755803429,-1.84272534643604,0.0653691213701748,0.44171286377073
"ONCDGDAG_00340",0,NA,NA,NA,NA,NA
"ONCDGDAG_00341",139.19741169115,0.416738681501444,1.77520511657347,0.234755227782264,0.814398719708536,0.996389052131759
"ONCDGDAG_00342",0.157793629013498,-0.962371383216672,4.0804728567969,-0.235848005118729,0.813550616001249,NA
"ONCDGDAG_00343",0,NA,NA,NA,NA,NA
"ONCDGDAG_00344",2.99910706577975,-5.13504447186665,3.9205057185315,-1.30979134849728,0.190266430689214,NA
"ONCDGDAG_00345",0,NA,NA,NA,NA,NA
"ONCDGDAG_00346",40.970067983212,-0.955382528867113,2.59959767380126,-0.367511687864417,0.713237375235928,0.996389052131759
"ONCDGDAG_00347",1.99940471051983,-4.55095120288862,3.92734535763899,-1.15878558885499,0.246543593132208,NA
"ONCDGDAG_00348",0,NA,NA,NA,NA,NA
"ONCDGDAG_00349",0,NA,NA,NA,NA,NA
"ONCDGDAG_00350",0,NA,NA,NA,NA,NA
"ONCDGDAG_00351",0,NA,NA,NA,NA,NA
"ONCDGDAG_00352",0,NA,NA,NA,NA,NA
"ONCDGDAG_00353",37.1217236742627,-0.127114817770137,2.25505225800342,-0.056368901128119,0.955047930854685,0.996389052131759
"ONCDGDAG_00354",0,NA,NA,NA,NA,NA
"ONCDGDAG_00355",137.323419893728,-1.09669320174885,2.28519399479184,-0.479912516945304,0.631289600481735,0.996389052131759
"ONCDGDAG_00356",0,NA,NA,NA,NA,NA
"ONCDGDAG_00357",0,NA,NA,NA,NA,NA
"ONCDGDAG_00358",0,NA,NA,NA,NA,NA
"ONCDGDAG_00359",14.728677878329,-1.03325089457179,3.36830155549183,-0.306757241757982,0.759028156199277,0.996389052131759
"ONCDGDAG_00360",135.630195741064,0.542312850419869,1.80213130727998,0.300928599502775,0.763468941303981,0.996389052131759
"ONCDGDAG_00361",0,NA,NA,NA,NA,NA
"ONCDGDAG_00362",0,NA,NA,NA,NA,NA
"ONCDGDAG_00363",0,NA,NA,NA,NA,NA
"ONCDGDAG_00364",0,NA,NA,NA,NA,NA
"ONCDGDAG_00365",0,NA,NA,NA,NA,NA
"ONCDGDAG_00366",0,NA,NA,NA,NA,NA
"ONCDGDAG_00367",123.953530209929,-1.37344444746137,2.28009837510593,-0.602361925457519,0.54693324846461,0.996389052131759
"ONCDGDAG_00368",0,NA,NA,NA,NA,NA
"ONCDGDAG_00369",0,NA,NA,NA,NA,NA
"ONCDGDAG_00370",0,NA,NA,NA,NA,NA
"ONCDGDAG_00371",34.5957624730139,-0.777031956168157,2.31281718684553,-0.335967736917398,0.736895195974764,0.996389052131759
"ONCDGDAG_00372",0,NA,NA,NA,NA,NA
"ONCDGDAG_00373",0,NA,NA,NA,NA,NA
"ONCDGDAG_00374",5.07559277109748,5.89241128660031,3.51361424816929,1.67702282334222,0.0935380189019875,NA
"ONCDGDAG_00375",2.82511027323846,5.04861709766705,3.92136418730324,1.28746447830928,0.197932442976171,NA
"ONCDGDAG_00376",0,NA,NA,NA,NA,NA
"ONCDGDAG_00377",140.477409026063,-0.925854033749323,1.88101823652705,-0.492208962024068,0.622571629571421,0.996389052131759
"ONCDGDAG_00378",0,NA,NA,NA,NA,NA
"ONCDGDAG_00379",0,NA,NA,NA,NA,NA
"ONCDGDAG_00380",152.580244670134,-0.0403458299004413,1.85548798595739,-0.021744053427338,0.98265212251573,0.996389052131759
"ONCDGDAG_00381",17.8601912171085,2.07203444722513,2.92276066282943,0.70893059208593,0.478367549724746,0.996389052131759
"ONCDGDAG_00382",28.0739704373733,7.38914061604327,2.57451714251015,2.87010736655607,0.00410332444145727,0.15924746707265
"ONCDGDAG_00383",5.79147606013885,6.08316578804885,3.87873332150303,1.56833823927127,0.116802216268484,0.488717815539409
"ONCDGDAG_00384",0,NA,NA,NA,NA,NA
"ONCDGDAG_00385",18.1783969087681,1.06915039654871,2.60422928120785,0.410543881164272,0.681407020769362,0.996389052131759
"ONCDGDAG_00386",0,NA,NA,NA,NA,NA
"ONCDGDAG_00387",0,NA,NA,NA,NA,NA
"ONCDGDAG_00388",0,NA,NA,NA,NA,NA
"ONCDGDAG_00389",0,NA,NA,NA,NA,NA
"ONCDGDAG_00390",0,NA,NA,NA,NA,NA
"ONCDGDAG_00391",177.311740604885,0.149380368716574,1.78541901207909,0.0836668410641731,0.933321321673665,0.996389052131759
"ONCDGDAG_00392",137.985451058431,-0.490255443026863,2.26841138854582,-0.216122809778849,0.828892020216829,0.996389052131759
"ONCDGDAG_00393",0,NA,NA,NA,NA,NA
"ONCDGDAG_00394",0,NA,NA,NA,NA,NA
"ONCDGDAG_00395",0,NA,NA,NA,NA,NA
"ONCDGDAG_00396",1.55381065028115,4.18782155818863,3.93323966973431,1.06472575022908,0.287000053799963,NA
"ONCDGDAG_00397",0,NA,NA,NA,NA,NA
"ONCDGDAG_00398",0,NA,NA,NA,NA,NA
"ONCDGDAG_00399",0,NA,NA,NA,NA,NA
"ONCDGDAG_00400",0.151002131754498,0.961181968425817,4.0804728567969,0.235556515668218,0.813776819420815,NA
"ONCDGDAG_00401",0,NA,NA,NA,NA,NA
"ONCDGDAG_00402",32.1900133810119,-8.55717974765936,3.08031035676478,-2.77802518465928,0.00546903791293312,0.15924746707265
"ONCDGDAG_00403",0,NA,NA,NA,NA,NA
"ONCDGDAG_00404",0,NA,NA,NA,NA,NA
"ONCDGDAG_00405",64.3892649422195,-0.0230551562954325,2.64319277048688,-0.00872246494953363,0.993040568131949,0.996389052131759
"ONCDGDAG_00406",0,NA,NA,NA,NA,NA
"ONCDGDAG_00407",0,NA,NA,NA,NA,NA
"ONCDGDAG_00408",0,NA,NA,NA,NA,NA
"ONCDGDAG_00409",21.3870535497943,-1.60667239316535,2.93585586846494,-0.547258607080539,0.584201077160479,0.996389052131759
"ONCDGDAG_00410",8.22582750344341,1.13554317569725,3.0583741962033,0.371289810483925,0.710421686489614,0.996389052131759
"ONCDGDAG_00411",3.42755093231972,-5.32746923094236,3.91879262575344,-1.35946699397447,0.173998654567541,NA
"ONCDGDAG_00412",0,NA,NA,NA,NA,NA
"ONCDGDAG_00413",0,NA,NA,NA,NA,NA
"ONCDGDAG_00414",2.11402984456297,4.62906186249718,3.92628053684381,1.1789941699424,0.238400497345094,NA
"ONCDGDAG_00415",0,NA,NA,NA,NA,NA
"ONCDGDAG_00416",0,NA,NA,NA,NA,NA
"ONCDGDAG_00417",114.2380738709,2.78987961088013,2.57760833421571,1.08235202914527,0.279096135245574,0.94770006363607
"ONCDGDAG_00418",169.542479454974,0.496030186089783,1.89143654115478,0.262250503940746,0.793128318960836,0.996389052131759
"ONCDGDAG_00419",0,NA,NA,NA,NA,NA
"ONCDGDAG_00420",0,NA,NA,NA,NA,NA
"ONCDGDAG_00421",0,NA,NA,NA,NA,NA
"ONCDGDAG_00422",0,NA,NA,NA,NA,NA
"ONCDGDAG_00423",0,NA,NA,NA,NA,NA
"ONCDGDAG_00424",4.42725328757963,-5.69635131806371,3.91608221694408,-1.45460462842602,0.145778748932324,NA
"ONCDGDAG_00425",0,NA,NA,NA,NA,NA
"ONCDGDAG_00426",3.17480669915752,2.52077512247789,2.90577858262952,0.867504199234884,0.385665811960229,NA
"ONCDGDAG_00427",15.4235417688393,3.69260484533563,2.3632482678681,1.56251245184102,0.118167314804904,0.488717815539409
"ONCDGDAG_00428",0,NA,NA,NA,NA,NA
"ONCDGDAG_00429",0,NA,NA,NA,NA,NA
"ONCDGDAG_00430",0,NA,NA,NA,NA,NA
"ONCDGDAG_00431",0,NA,NA,NA,NA,NA
"ONCDGDAG_00432",0,NA,NA,NA,NA,NA
"ONCDGDAG_00433",0,NA,NA,NA,NA,NA
"ONCDGDAG_00434",0,NA,NA,NA,NA,NA
"ONCDGDAG_00435",0,NA,NA,NA,NA,NA
"ONCDGDAG_00436",3.64710435113531,5.41535219984374,3.77573108941609,1.43425261799595,0.151500186356676,NA
"ONCDGDAG_00437",58.7254372899432,2.45514704787702,2.2583318840629,1.08715068197152,0.276970222404283,0.94770006363607
"ONCDGDAG_00438",1.52396268016023,3.03033742088739,3.93707105982296,0.769693351946676,0.441481814567699,NA
"ONCDGDAG_00439",69.0687216517968,8.878288383539,3.31127263910928,2.68123146329842,NA,NA
"ONCDGDAG_00440",0,NA,NA,NA,NA,NA
"ONCDGDAG_00441",17.1792272301043,0.199195938744953,3.35639858770578,0.0593481177934563,0.952674836170711,0.996389052131759
"ONCDGDAG_00442",0.348110641563721,2.00515314761697,4.02549761313767,0.498113113040467,0.618404318544678,NA
"ONCDGDAG_00443",3.75411772455224,-1.98931229734765,3.77315563598104,-0.527227734360452,0.598035451120122,NA
"ONCDGDAG_00444",0,NA,NA,NA,NA,NA
"ONCDGDAG_00445",17.2331726667546,20.9981838237472,3.5709885951568,5.88021587417732,NA,NA
"ONCDGDAG_00446",0,NA,NA,NA,NA,NA
"ONCDGDAG_00447",0,NA,NA,NA,NA,NA
"ONCDGDAG_00448",0,NA,NA,NA,NA,NA
"ONCDGDAG_00449",0,NA,NA,NA,NA,NA
"ONCDGDAG_00450",0,NA,NA,NA,NA,NA
"ONCDGDAG_00451",0,NA,NA,NA,NA,NA
"ONCDGDAG_00452",263.464534462847,0.340350092688599,1.81967269941467,0.187039181715524,0.851629912430013,0.996389052131759
"ONCDGDAG_00453",13.0305360552104,-7.25217235092382,3.62243319631078,-2.00201686488234,NA,NA
"ONCDGDAG_00454",6.34208953368891,6.21343492425998,3.838049070414,1.61890450337305,0.105467811788004,0.482808205073976
"ONCDGDAG_00455",0,NA,NA,NA,NA,NA
"ONCDGDAG_00456",0,NA,NA,NA,NA,NA
"ONCDGDAG_00457",0,NA,NA,NA,NA,NA
"ONCDGDAG_00458",0,NA,NA,NA,NA,NA
"ONCDGDAG_00459",49.2852255139466,0.882985102987549,2.62067145899199,0.336930865545114,0.736169016990233,0.996389052131759
"ONCDGDAG_00460",0,NA,NA,NA,NA,NA
"ONCDGDAG_00461",0,NA,NA,NA,NA,NA
"ONCDGDAG_00462",17.0787837295033,0.280192494096278,2.97912179503588,0.0940520439826138,0.925067814801512,0.996389052131759
"ONCDGDAG_00463",0,NA,NA,NA,NA,NA
"ONCDGDAG_00464",27.5397449558298,0.465160476309203,2.96330138706519,0.156973731507577,0.875265550642186,0.996389052131759
"ONCDGDAG_00465",2.97061568594369,-3.03951994457597,3.25238862943512,-0.934550046408163,0.350020232979751,NA
"ONCDGDAG_00466",0,NA,NA,NA,NA,NA
"ONCDGDAG_00467",0,NA,NA,NA,NA,NA
"ONCDGDAG_00468",0,NA,NA,NA,NA,NA
"ONCDGDAG_00469",27.2711461608065,0.039179242764052,2.34715359669162,0.0166922364259741,0.986682140734184,0.996389052131759
"ONCDGDAG_00470",0,NA,NA,NA,NA,NA
"ONCDGDAG_00471",0,NA,NA,NA,NA,NA
"ONCDGDAG_00472",12.2627657390273,0.543340242637649,2.68598876425249,0.202286863544963,0.839692469065779,0.996389052131759
"ONCDGDAG_00473",0,NA,NA,NA,NA,NA
"ONCDGDAG_00474",0,NA,NA,NA,NA,NA
"ONCDGDAG_00475",0,NA,NA,NA,NA,NA
"ONCDGDAG_00476",0,NA,NA,NA,NA,NA
"ONCDGDAG_00477",1.26234903210798,-3.88402461451447,3.93938882316481,-0.98594599032094,0.32415961698726,NA
"ONCDGDAG_00478",0,NA,NA,NA,NA,NA
"ONCDGDAG_00479",82.0171666195869,1.47920560146927,2.62792901929018,0.562878826106504,0.57351739933739,0.996389052131759
"ONCDGDAG_00480",0,NA,NA,NA,NA,NA
"ONCDGDAG_00481",0,NA,NA,NA,NA,NA
"ONCDGDAG_00482",5.63820297569577,-6.04420308116923,3.43976518258805,-1.75715572439792,0.0788912696765487,0.451433376482473
"ONCDGDAG_00483",0,NA,NA,NA,NA,NA
"ONCDGDAG_00484",0,NA,NA,NA,NA,NA
"ONCDGDAG_00485",0,NA,NA,NA,NA,NA
"ONCDGDAG_00486",36.8649919164268,-2.20641374769341,2.98933707512341,-0.738094665220156,0.460456925352651,0.996389052131759
"ONCDGDAG_00487",25.2193566768448,-0.36536432889967,3.34793839250146,-0.109131138648786,NA,NA
"ONCDGDAG_00488",0,NA,NA,NA,NA,NA
"ONCDGDAG_00489",0,NA,NA,NA,NA,NA
"ONCDGDAG_00490",0,NA,NA,NA,NA,NA
"ONCDGDAG_00491",0.453006395263494,2.40956022186386,3.99681559091717,0.602870001643215,0.546595173706482,NA
"ONCDGDAG_00492",0,NA,NA,NA,NA,NA
"ONCDGDAG_00493",0,NA,NA,NA,NA,NA
"ONCDGDAG_00494",0,NA,NA,NA,NA,NA
"ONCDGDAG_00495",58.9429977270863,-0.598294367102547,2.43249065161391,-0.245959575098712,0.805713525725466,0.996389052131759
"ONCDGDAG_00496",9.75689240627293,-0.855775875132122,3.42179336344555,-0.250095720061367,0.802513325728215,0.996389052131759
"ONCDGDAG_00497",0,NA,NA,NA,NA,NA
"ONCDGDAG_00498",0,NA,NA,NA,NA,NA
"ONCDGDAG_00499",0,NA,NA,NA,NA,NA
"ONCDGDAG_00500",3.19436694191378,-4.19440151633995,3.5412354632684,-1.18444581272455,0.236236634322949,NA
"ONCDGDAG_00501",52.8054931035225,-4.29948575374465,2.41849826015386,-1.7777501950616,0.0754448916823619,0.449393080264577
"ONCDGDAG_00502",0,NA,NA,NA,NA,NA
"ONCDGDAG_00503",20.199538453655,21.0785926008728,3.55210302514714,5.93411633943237,NA,NA
"ONCDGDAG_00504",0,NA,NA,NA,NA,NA
"ONCDGDAG_00506",0,NA,NA,NA,NA,NA
"ONCDGDAG_00507",0,NA,NA,NA,NA,NA
"ONCDGDAG_00508",0,NA,NA,NA,NA,NA
"ONCDGDAG_00509",0,NA,NA,NA,NA,NA
"ONCDGDAG_00510",0,NA,NA,NA,NA,NA
"ONCDGDAG_00511",2.14221933269982,-4.65031401038821,3.92597905614175,-1.18449791603277,0.236216020738601,NA
"ONCDGDAG_00512",54.9309305925842,-0.366533362085569,1.83684166956049,-0.199545430702948,0.841836109275559,0.996389052131759
"ONCDGDAG_00513",0,NA,NA,NA,NA,NA
"ONCDGDAG_00514",0,NA,NA,NA,NA,NA
"ONCDGDAG_00515",3.32204689859896,5.28081351569704,3.91919664647111,1.34742244190578,0.177844216814162,NA
"ONCDGDAG_00516",0,NA,NA,NA,NA,NA
"ONCDGDAG_00517",0,NA,NA,NA,NA,NA
"ONCDGDAG_00518",0,NA,NA,NA,NA,NA
"ONCDGDAG_00519",1.71377546615986,-4.32898599456397,3.93075762562994,-1.10131084306431,0.270761393598916,NA
"ONCDGDAG_00520",0,NA,NA,NA,NA,NA
"ONCDGDAG_00521",0,NA,NA,NA,NA,NA
"ONCDGDAG_00522",46.9751824740645,2.19717650891197,2.9708648199814,0.739574717144393,0.459558087453739,0.996389052131759
"ONCDGDAG_00523",20.9471735027831,-2.64156615807344,2.67297031204364,-0.988251214826927,0.323029631389449,0.996389052131759
"ONCDGDAG_00524",0,NA,NA,NA,NA,NA
"ONCDGDAG_00525",0,NA,NA,NA,NA,NA
"ONCDGDAG_00526",3.75187628265852,-2.85917737569468,3.78259708027318,-0.755876799727289,0.449723065090918,NA
"ONCDGDAG_00527",0,NA,NA,NA,NA,NA
"ONCDGDAG_00528",10.5701492228149,6.95029568334104,3.66579059279739,1.89598819337828,NA,NA
"ONCDGDAG_00529",0,NA,NA,NA,NA,NA
"ONCDGDAG_00530",0,NA,NA,NA,NA,NA
"ONCDGDAG_00531",56.4003596035363,-1.01023315049684,1.82212202187504,-0.554426727940686,0.579286838352067,0.996389052131759
"ONCDGDAG_00532",0,NA,NA,NA,NA,NA
"ONCDGDAG_00533",0,NA,NA,NA,NA,NA
"ONCDGDAG_00534",6.78026465577231,6.31045877306378,3.80820007517683,1.65707122748028,0.0975050754442847,0.470332599381656
"ONCDGDAG_00535",0,NA,NA,NA,NA,NA
"ONCDGDAG_00536",0,NA,NA,NA,NA,NA
"ONCDGDAG_00537",0,NA,NA,NA,NA,NA
"ONCDGDAG_00538",0,NA,NA,NA,NA,NA
"ONCDGDAG_00539",0,NA,NA,NA,NA,NA
"ONCDGDAG_00540",0,NA,NA,NA,NA,NA
"ONCDGDAG_00541",0,NA,NA,NA,NA,NA
"ONCDGDAG_00542",0,NA,NA,NA,NA,NA
"ONCDGDAG_00543",0,NA,NA,NA,NA,NA
"ONCDGDAG_00544",0,NA,NA,NA,NA,NA
"ONCDGDAG_00545",0,NA,NA,NA,NA,NA
"ONCDGDAG_00546",0,NA,NA,NA,NA,NA
"ONCDGDAG_00547",89.36504294873,-0.434571499082334,2.62940766485648,-0.165273534754853,NA,NA
"ONCDGDAG_00548",0,NA,NA,NA,NA,NA
"ONCDGDAG_00549",0,NA,NA,NA,NA,NA
"ONCDGDAG_00550",16.6257860936585,1.59044665034244,2.95574263457016,0.538086987595159,0.590516995516014,0.996389052131759
"ONCDGDAG_00552",0,NA,NA,NA,NA,NA
"ONCDGDAG_00553",4.07705755737144,5.57616130871495,3.91689735000654,1.4236169116624,0.15455739759122,NA
"ONCDGDAG_00554",0,NA,NA,NA,NA,NA
"ONCDGDAG_00555",0,NA,NA,NA,NA,NA
"ONCDGDAG_00556",0,NA,NA,NA,NA,NA
"ONCDGDAG_00557",0,NA,NA,NA,NA,NA
"ONCDGDAG_00558",0,NA,NA,NA,NA,NA
"ONCDGDAG_00559",0,NA,NA,NA,NA,NA
"ONCDGDAG_00560",54.0088656603634,1.24161217799261,2.29401418479621,0.541239974112411,0.588342188087785,0.996389052131759
"ONCDGDAG_00561",0.142814622179988,-0.962371383216672,4.0804728567969,-0.235848005118729,0.813550616001249,NA
"ONCDGDAG_00562",0,NA,NA,NA,NA,NA
"ONCDGDAG_00563",5.73808100667092,6.06906797853517,3.88556780726986,1.56195137482352,0.118299444314241,0.488717815539409
"ONCDGDAG_00564",0,NA,NA,NA,NA,NA
"ONCDGDAG_00565",0,NA,NA,NA,NA,NA
"ONCDGDAG_00566",0,NA,NA,NA,NA,NA
"ONCDGDAG_00567",0,NA,NA,NA,NA,NA
"ONCDGDAG_00568",0,NA,NA,NA,NA,NA
"ONCDGDAG_00569",0,NA,NA,NA,NA,NA
"ONCDGDAG_00570",0.329886988739503,-1.93753654224051,4.03101985942491,-0.480656660053502,0.630760538626997,NA
"ONCDGDAG_00571",43.0125251607925,2.62420501197845,2.90038897237373,0.904776923707152,0.365583579250409,0.996389052131759
"ONCDGDAG_00572",0.75501065877249,3.14512921605104,3.96110549857831,0.794002890652587,0.427193748527368,NA
"ONCDGDAG_00573",0,NA,NA,NA,NA,NA
"ONCDGDAG_00574",0,NA,NA,NA,NA,NA
"ONCDGDAG_00575",0,NA,NA,NA,NA,NA
"ONCDGDAG_00576",0,NA,NA,NA,NA,NA
"ONCDGDAG_00577",0,NA,NA,NA,NA,NA
"ONCDGDAG_00578",0,NA,NA,NA,NA,NA
"ONCDGDAG_00579",0,NA,NA,NA,NA,NA
"ONCDGDAG_00580",0,NA,NA,NA,NA,NA
"ONCDGDAG_00581",0,NA,NA,NA,NA,NA
"ONCDGDAG_00582",0,NA,NA,NA,NA,NA
"ONCDGDAG_00583",0,NA,NA,NA,NA,NA
"ONCDGDAG_00584",0,NA,NA,NA,NA,NA
"ONCDGDAG_00585",4.07705755737144,5.57616130871495,3.91689735000654,1.4236169116624,0.15455739759122,NA
"ONCDGDAG_00586",0,NA,NA,NA,NA,NA
"ONCDGDAG_00587",0,NA,NA,NA,NA,NA
"ONCDGDAG_00588",7.15411997982878,3.16312131259921,3.47579551905136,0.910042404756456,0.362800146960663,0.996389052131759
"ONCDGDAG_00589",0,NA,NA,NA,NA,NA
"ONCDGDAG_00590",0,NA,NA,NA,NA,NA
"ONCDGDAG_00591",0,NA,NA,NA,NA,NA
"ONCDGDAG_00592",0,NA,NA,NA,NA,NA
"ONCDGDAG_00593",0,NA,NA,NA,NA,NA
"ONCDGDAG_00594",0,NA,NA,NA,NA,NA
"ONCDGDAG_00595",2.12213655461701,-4.63263276081366,3.92621538811088,-1.17992323468598,0.238030747872848,NA
"ONCDGDAG_00596",0,NA,NA,NA,NA,NA
"ONCDGDAG_00597",1049.25917023112,-4.96029882767236,2.18764399446528,-2.26741592335036,0.023364829666985,0.26253572243994
"ONCDGDAG_00598",0,NA,NA,NA,NA,NA
"ONCDGDAG_00599",30.7083803923935,-8.48942716228863,2.6303423495513,-3.22749894656748,0.00124877500861506,0.0983901336801634
"ONCDGDAG_00600",0,NA,NA,NA,NA,NA
"ONCDGDAG_00601",319.570915200155,-5.23300152760027,2.14256118913049,-2.4424047043081,0.0145897808990803,0.230553822811513
"ONCDGDAG_00602",0,NA,NA,NA,NA,NA
"ONCDGDAG_00603",0,NA,NA,NA,NA,NA
"ONCDGDAG_00604",4.52543834032838,5.72445972352444,3.91590822922609,1.46184726209883,0.143783069494274,NA
"ONCDGDAG_00605",0,NA,NA,NA,NA,NA
"ONCDGDAG_00606",0,NA,NA,NA,NA,NA
"ONCDGDAG_00607",26.7288413828342,-8.28888135570348,3.11702502791201,-2.65922836085019,0.00783198577000554,0.17593686414783
"ONCDGDAG_00609",0,NA,NA,NA,NA,NA
"ONCDGDAG_00610",2.86904050333546,5.06940036138568,3.92115570650988,1.29283322082046,0.196068747875611,NA
"ONCDGDAG_00611",94.8651961974838,0.183863327382226,2.26943187598376,0.0810173371265107,0.935428164795117,0.996389052131759
"ONCDGDAG_00612",3.70358092062708,5.43625684433454,3.68259070695059,1.47620446499092,0.139889011269248,NA
"ONCDGDAG_00613",2.80354042673938,0.536485021388859,3.78835683971538,0.141614173132953,0.887384771224774,NA
"ONCDGDAG_00614",0,NA,NA,NA,NA,NA
"ONCDGDAG_00615",0,NA,NA,NA,NA,NA
"ONCDGDAG_00616",0,NA,NA,NA,NA,NA
"ONCDGDAG_00617",0,NA,NA,NA,NA,NA
"ONCDGDAG_00618",0,NA,NA,NA,NA,NA
"ONCDGDAG_00619",0,NA,NA,NA,NA,NA
"ONCDGDAG_00620",0,NA,NA,NA,NA,NA
"ONCDGDAG_00621",0,NA,NA,NA,NA,NA
"ONCDGDAG_00622",0,NA,NA,NA,NA,NA
"ONCDGDAG_00623",0,NA,NA,NA,NA,NA
"ONCDGDAG_00624",38.195331253133,-0.902373557036123,2.31588754793936,-0.389644807166497,0.696799214362611,0.996389052131759
"ONCDGDAG_00625",97.2583618921187,-0.79714745403098,2.13141472027469,-0.373999225232078,0.708404892600106,0.996389052131759
"ONCDGDAG_00626",0,NA,NA,NA,NA,NA
"ONCDGDAG_00627",9.70953729562557,-6.82757688545038,3.3790084169234,-2.02058593617441,0.0433226460010045,0.411898388132627
"ONCDGDAG_00628",0,NA,NA,NA,NA,NA
"ONCDGDAG_00629",0,NA,NA,NA,NA,NA
"ONCDGDAG_00630",0,NA,NA,NA,NA,NA
"ONCDGDAG_00631",0,NA,NA,NA,NA,NA
"ONCDGDAG_00632",46.1345544910353,-1.23695895648917,2.58357598499691,-0.478777850418303,NA,NA
"ONCDGDAG_00633",17.7879561291582,-3.98072349085465,2.53424819328042,-1.57077096924033,0.116235857621087,0.488717815539409
"ONCDGDAG_00634",54.9848060818882,0.976126420194386,2.35758931499429,0.414035817852673,0.678847875629482,0.996389052131759
"ONCDGDAG_00635",0,NA,NA,NA,NA,NA
"ONCDGDAG_00636",47.7164456406032,-0.624540840772259,1.93968857836375,-0.321979954792072,0.747467880302649,0.996389052131759
"ONCDGDAG_00637",40.2833373225109,2.43455813067594,2.91021891205726,0.836554982372419,0.40284275894557,0.996389052131759
"ONCDGDAG_00638",1.47055008671251,-2.98394559167397,3.93802835622496,-0.757725775884056,0.44861516485,NA
"ONCDGDAG_00639",0,NA,NA,NA,NA,NA
"ONCDGDAG_00640",0,NA,NA,NA,NA,NA
"ONCDGDAG_00641",94.632666762194,-2.555155978474,1.86112826035069,-1.37290697955042,0.169781266525264,0.651706973370267
"ONCDGDAG_00642",0,NA,NA,NA,NA,NA
"ONCDGDAG_00643",0,NA,NA,NA,NA,NA
"ONCDGDAG_00644",0,NA,NA,NA,NA,NA
"ONCDGDAG_00645",16.5174036465043,1.26182555542129,3.35576298843775,0.376017483883367,0.706903898001193,0.996389052131759
"ONCDGDAG_00646",0,NA,NA,NA,NA,NA
"ONCDGDAG_00647",0,NA,NA,NA,NA,NA
"ONCDGDAG_00648",0.302004263508996,1.82616529591611,4.04090691195321,0.451919664497645,0.651326857494724,NA
"ONCDGDAG_00649",0,NA,NA,NA,NA,NA
"ONCDGDAG_00650",0,NA,NA,NA,NA,NA
"ONCDGDAG_00651",0,NA,NA,NA,NA,NA
"ONCDGDAG_00652",0,NA,NA,NA,NA,NA
"ONCDGDAG_00653",66.2104635461687,1.1397083888579,2.6221457176732,0.434647236107548,0.663818502811052,0.996389052131759
"ONCDGDAG_00654",0,NA,NA,NA,NA,NA
"ONCDGDAG_00655",0,NA,NA,NA,NA,NA
"ONCDGDAG_00656",0,NA,NA,NA,NA,NA
"ONCDGDAG_00657",24.2638423950866,-1.64094904037465,2.66403919437511,-0.615962799586198,0.537919072252983,0.996389052131759
"ONCDGDAG_00658",0,NA,NA,NA,NA,NA
"ONCDGDAG_00659",0,NA,NA,NA,NA,NA
"ONCDGDAG_00660",0,NA,NA,NA,NA,NA
"ONCDGDAG_00661",0,NA,NA,NA,NA,NA
"ONCDGDAG_00662",4.07705755737144,5.57616130871495,3.91689735000654,1.4236169116624,0.15455739759122,NA
"ONCDGDAG_00663",14.1252587249895,-1.00685206605189,3.37254474697948,-0.298543723386813,0.7652882102246,0.996389052131759
"ONCDGDAG_00664",3.92605542561695,5.52173196313344,3.91728658580877,1.40958080093939,0.158663499336111,NA
"ONCDGDAG_00665",0,NA,NA,NA,NA,NA
"ONCDGDAG_00666",0,NA,NA,NA,NA,NA
"ONCDGDAG_00667",0,NA,NA,NA,NA,NA
"ONCDGDAG_00668",0,NA,NA,NA,NA,NA
"ONCDGDAG_00669",0,NA,NA,NA,NA,NA
"ONCDGDAG_00670",48.7712557191111,-2.53382820349619,2.1518772547761,-1.17749662434154,0.238997344080935,0.859112917679807
"ONCDGDAG_00671",6.49775362844846,6.24909020330565,3.82489488692534,1.63379397030411,0.10230211885398,0.480580341897786
"ONCDGDAG_00672",0,NA,NA,NA,NA,NA
"ONCDGDAG_00673",22.7622022230257,-22.1385946493967,3.5464960018587,-6.24238533972518,NA,NA
"ONCDGDAG_00674",0,NA,NA,NA,NA,NA
"ONCDGDAG_00675",0,NA,NA,NA,NA,NA
"ONCDGDAG_00676",0,NA,NA,NA,NA,NA
"ONCDGDAG_00677",0,NA,NA,NA,NA,NA
"ONCDGDAG_00678",0,NA,NA,NA,NA,NA
"ONCDGDAG_00679",0,NA,NA,NA,NA,NA
"ONCDGDAG_00680",0,NA,NA,NA,NA,NA
"ONCDGDAG_00681",0,NA,NA,NA,NA,NA
"ONCDGDAG_00682",293.741921174054,0.183976644231651,1.79069561427036,0.102740322121476,0.918169070533108,0.996389052131759
"ONCDGDAG_00683",103.792296330088,-0.489879768951968,1.96569609448066,-0.249214398058513,0.80319494268213,0.996389052131759
"ONCDGDAG_00684",0,NA,NA,NA,NA,NA
"ONCDGDAG_00685",0,NA,NA,NA,NA,NA
"ONCDGDAG_00686",0,NA,NA,NA,NA,NA
"ONCDGDAG_00687",10.8862706284036,-6.99272367919399,3.66177404832705,-1.90965460645742,0.0561776992498606,0.44171286377073
"ONCDGDAG_00688",0,NA,NA,NA,NA,NA
"ONCDGDAG_00689",0,NA,NA,NA,NA,NA
"ONCDGDAG_00690",9.89660966218508,-6.85518388946661,3.68632791698493,-1.85962400628577,0.0629387404523786,0.44171286377073
"ONCDGDAG_00691",0,NA,NA,NA,NA,NA
"ONCDGDAG_00692",44.0951348418392,-3.08642769994743,2.20336450658248,-1.40077944013658,0.16128003860117,0.62340061944397
"ONCDGDAG_00693",0,NA,NA,NA,NA,NA
"ONCDGDAG_00694",132.541126090335,-1.43808377790873,1.82862377254371,-0.786429554018253,0.431615874863243,0.996389052131759
"ONCDGDAG_00695",0,NA,NA,NA,NA,NA
"ONCDGDAG_00696",0,NA,NA,NA,NA,NA
"ONCDGDAG_00697",0,NA,NA,NA,NA,NA
"ONCDGDAG_00698",0,NA,NA,NA,NA,NA
"ONCDGDAG_00699",0,NA,NA,NA,NA,NA
"ONCDGDAG_00700",0,NA,NA,NA,NA,NA
"ONCDGDAG_00701",0,NA,NA,NA,NA,NA
"ONCDGDAG_00702",0,NA,NA,NA,NA,NA
"ONCDGDAG_00703",0,NA,NA,NA,NA,NA
"ONCDGDAG_00704",0.617591521535992,-0.0549684271547612,3.99582934393258,-0.0137564501442554,0.989024286993379,NA
"ONCDGDAG_00705",0,NA,NA,NA,NA,NA
"ONCDGDAG_00706",0,NA,NA,NA,NA,NA
"ONCDGDAG_00707",0,NA,NA,NA,NA,NA
"ONCDGDAG_00708",0,NA,NA,NA,NA,NA
"ONCDGDAG_00709",0,NA,NA,NA,NA,NA
"ONCDGDAG_00710",0,NA,NA,NA,NA,NA
"ONCDGDAG_00711",39.8893807427765,-1.44341961479867,2.57562802915683,-0.560414624494979,0.575196658660869,0.996389052131759
"ONCDGDAG_00712",8.24033877730295,-0.227248143275306,2.91488353072438,-0.0779613116201703,0.937858828140933,0.996389052131759
"ONCDGDAG_00713",3657.89651935617,1.64458865772721,1.79250034252399,0.91748303680182,0.358889577876324,0.996389052131759
"ONCDGDAG_00714",0,NA,NA,NA,NA,NA
"ONCDGDAG_00715",0,NA,NA,NA,NA,NA
"ONCDGDAG_00716",31.6436806265921,-8.5326068371211,3.08145679205427,-2.76901719314155,0.00562256680792507,0.15924746707265
"ONCDGDAG_00717",0,NA,NA,NA,NA,NA
"ONCDGDAG_00718",0,NA,NA,NA,NA,NA
"ONCDGDAG_00719",0,NA,NA,NA,NA,NA
"ONCDGDAG_00720",0,NA,NA,NA,NA,NA
"ONCDGDAG_00721",0,NA,NA,NA,NA,NA
"ONCDGDAG_00722",0,NA,NA,NA,NA,NA
"ONCDGDAG_00723",0,NA,NA,NA,NA,NA
"ONCDGDAG_00724",9.73166616781533,-6.83092965979165,3.69094551741854,-1.85072622382387,0.0642089494248425,0.44171286377073
"ONCDGDAG_00725",0,NA,NA,NA,NA,NA
"ONCDGDAG_00726",0,NA,NA,NA,NA,NA
"ONCDGDAG_00727",0,NA,NA,NA,NA,NA
"ONCDGDAG_00728",0,NA,NA,NA,NA,NA
"ONCDGDAG_00729",0,NA,NA,NA,NA,NA
"ONCDGDAG_00730",1.34264416664146,1.87350970215177,3.91134526495416,0.478993690211525,0.631943117482585,NA
"ONCDGDAG_00731",0,NA,NA,NA,NA,NA
"ONCDGDAG_00732",0,NA,NA,NA,NA,NA
"ONCDGDAG_00733",10.3363384045674,-0.889496013347951,3.41076983090211,-0.260790395554979,0.794254151460366,0.996389052131759
"ONCDGDAG_00734",0,NA,NA,NA,NA,NA
"ONCDGDAG_00735",0,NA,NA,NA,NA,NA
"ONCDGDAG_00736",0,NA,NA,NA,NA,NA
"ONCDGDAG_00737",0,NA,NA,NA,NA,NA
"ONCDGDAG_00738",8.71169195297928,-6.67237147505291,3.71822907202289,-1.79450252951275,0.0727329952359051,0.44171286377073
"ONCDGDAG_00739",0,NA,NA,NA,NA,NA
"ONCDGDAG_00740",0,NA,NA,NA,NA,NA
"ONCDGDAG_00741",0,NA,NA,NA,NA,NA
"ONCDGDAG_00742",0,NA,NA,NA,NA,NA
"ONCDGDAG_00743",0,NA,NA,NA,NA,NA
"ONCDGDAG_00744",0,NA,NA,NA,NA,NA
"ONCDGDAG_00745",0,NA,NA,NA,NA,NA
"ONCDGDAG_00746",0,NA,NA,NA,NA,NA
"ONCDGDAG_00747",0,NA,NA,NA,NA,NA
"ONCDGDAG_00748",136.328442996895,-0.117342602107611,2.25791562794172,-0.051969436171793,0.95855304689329,0.996389052131759
"ONCDGDAG_00749",0.453006395263494,2.40956022186386,3.99681559091717,0.602870001643215,0.546595173706482,NA
"ONCDGDAG_00750",0,NA,NA,NA,NA,NA
"ONCDGDAG_00751",0,NA,NA,NA,NA,NA
"ONCDGDAG_00752",0,NA,NA,NA,NA,NA
"ONCDGDAG_00753",1.05701492228149,3.62991223001711,3.94567635957561,0.91997211611333,0.357587330770869,NA
"ONCDGDAG_00754",0,NA,NA,NA,NA,NA
"ONCDGDAG_00755",91.0663483111802,-3.04370229477953,2.58548981917461,-1.17722462962597,0.239105860584024,0.859112917679807
"ONCDGDAG_00756",0,NA,NA,NA,NA,NA
"ONCDGDAG_00757",0,NA,NA,NA,NA,NA
"ONCDGDAG_00758",0,NA,NA,NA,NA,NA
"ONCDGDAG_00759",13.1954795495801,-7.27032373367215,3.61999573265158,-2.00837908953743,NA,NA
"ONCDGDAG_00760",8.62618193398191,4.7555552287019,2.73253754924411,1.74034396344065,0.08179863875193,0.454806434471881
"ONCDGDAG_00761",0.696221283127442,3.01489771913304,3.96619872832798,0.760147921383662,0.44716617060579,NA
"ONCDGDAG_00762",23.378021271604,8.09549173542045,3.10969596036937,2.60330650925079,0.00923293678602983,0.184063062379562
"ONCDGDAG_00763",0,NA,NA,NA,NA,NA
"ONCDGDAG_00764",0,NA,NA,NA,NA,NA
"ONCDGDAG_00765",0,NA,NA,NA,NA,NA
"ONCDGDAG_00766",4.16463622284379,5.60781293137199,3.609711162706,1.5535350831694,0.12029535450863,NA
"ONCDGDAG_00767",0,NA,NA,NA,NA,NA
"ONCDGDAG_00768",17.8572411138871,-1.07859049977699,2.9838260220342,-0.361479017815413,0.717741387475162,0.996389052131759
"ONCDGDAG_00769",608.380218492726,-0.603529356800005,1.89997187083952,-0.317651732671879,0.750749127921185,0.996389052131759
"ONCDGDAG_00770",14.6978962677642,-2.57219197327497,2.92964346102963,-0.877988058100068,0.37995019939597,0.996389052131759
"ONCDGDAG_00771",0,NA,NA,NA,NA,NA
"ONCDGDAG_00772",0.329886988739503,-1.93753654224051,4.03101985942491,-0.480656660053502,0.630760538626997,NA
"ONCDGDAG_00773",0,NA,NA,NA,NA,NA
"ONCDGDAG_00774",0,NA,NA,NA,NA,NA
"ONCDGDAG_00775",0,NA,NA,NA,NA,NA
"ONCDGDAG_00776",0,NA,NA,NA,NA,NA
"ONCDGDAG_00777",29.6677008004588,0.699755295264569,3.08968709431609,0.226480958719692,NA,NA
"ONCDGDAG_00778",0,NA,NA,NA,NA,NA
"ONCDGDAG_00779",0,NA,NA,NA,NA,NA
"ONCDGDAG_00780",0,NA,NA,NA,NA,NA
"ONCDGDAG_00781",169.213105316172,-0.329150119219003,2.27757746617858,-0.144517639512506,0.885091728347294,0.996389052131759
"ONCDGDAG_00782",0,NA,NA,NA,NA,NA
"ONCDGDAG_00783",99.1834696032363,-1.31040019913628,1.84463035235094,-0.710386337005789,0.477464593516511,0.996389052131759
"ONCDGDAG_00784",0,NA,NA,NA,NA,NA
"ONCDGDAG_00785",45.496388466332,-2.14517807507794,2.20237226798159,-0.974030642441726,0.330041324832966,0.996389052131759
"ONCDGDAG_00786",0,NA,NA,NA,NA,NA
"ONCDGDAG_00787",0,NA,NA,NA,NA,NA
"ONCDGDAG_00788",0,NA,NA,NA,NA,NA
"ONCDGDAG_00789",0,NA,NA,NA,NA,NA
"ONCDGDAG_00790",0,NA,NA,NA,NA,NA
"ONCDGDAG_00791",5.88908313842542,6.10653650741859,3.87336378226073,1.5765460851845,0.114900006741195,0.488717815539409
"ONCDGDAG_00792",16.6425752878987,-0.793558026215942,3.06530877626606,-0.258883552730566,0.795725088709991,0.996389052131759
"ONCDGDAG_00793",0,NA,NA,NA,NA,NA
"ONCDGDAG_00794",53.3776354414922,1.5532162488196,2.15891733975192,0.719442203840042,0.4718685010161,0.996389052131759
"ONCDGDAG_00795",0,NA,NA,NA,NA,NA
"ONCDGDAG_00796",25.6592353753739,1.03192378675129,3.3380220552939,0.309142291350269,NA,NA
"ONCDGDAG_00797",0,NA,NA,NA,NA,NA
"ONCDGDAG_00798",0,NA,NA,NA,NA,NA
"ONCDGDAG_00799",0,NA,NA,NA,NA,NA
"ONCDGDAG_00800",32.8904129767568,0.522559961832372,2.39589979536766,0.2181059336633,0.827346574301808,0.996389052131759
"ONCDGDAG_00801",0,NA,NA,NA,NA,NA
"ONCDGDAG_00802",0,NA,NA,NA,NA,NA
"ONCDGDAG_00803",0,NA,NA,NA,NA,NA
"ONCDGDAG_00804",128.562860635185,0.717042432916013,1.90232184919145,0.376930135781587,0.706225525269779,0.996389052131759
"ONCDGDAG_00805",0,NA,NA,NA,NA,NA
"ONCDGDAG_00806",0,NA,NA,NA,NA,NA
"ONCDGDAG_00807",0,NA,NA,NA,NA,NA
"ONCDGDAG_00808",0,NA,NA,NA,NA,NA
"ONCDGDAG_00809",0,NA,NA,NA,NA,NA
"ONCDGDAG_00810",0,NA,NA,NA,NA,NA
"ONCDGDAG_00811",1.47576193955077,-1.07877293561629,3.8571792106926,-0.279679236221586,0.779723609943231,NA
"ONCDGDAG_00812",0,NA,NA,NA,NA,NA
"ONCDGDAG_00813",0,NA,NA,NA,NA,NA
"ONCDGDAG_00814",40.3474110409273,8.88226640798846,3.14896135922862,2.82069717431029,NA,NA
"ONCDGDAG_00815",6.05552669858107,-2.24071502952722,3.53591382333677,-0.633701821220491,0.526275436168573,0.996389052131759
"ONCDGDAG_00816",0,NA,NA,NA,NA,NA
"ONCDGDAG_00817",0,NA,NA,NA,NA,NA
"ONCDGDAG_00818",5.00307232646077,0.248644732546347,3.63074797321401,0.0684830603447922,0.94540110430193,NA
"ONCDGDAG_00819",0,NA,NA,NA,NA,NA
"ONCDGDAG_00820",0,NA,NA,NA,NA,NA
"ONCDGDAG_00821",292.638429856943,-1.37627819931737,1.77818754824231,-0.773978088350567,0.438943749052161,0.996389052131759
"ONCDGDAG_00822",0,NA,NA,NA,NA,NA
"ONCDGDAG_00823",0.824717471848757,-3.26589865293602,3.95672539119462,-0.825404426651397,0.409142022601448,NA
"ONCDGDAG_00824",0,NA,NA,NA,NA,NA
"ONCDGDAG_00825",0,NA,NA,NA,NA,NA
"ONCDGDAG_00826",0,NA,NA,NA,NA,NA
"ONCDGDAG_00827",0,NA,NA,NA,NA,NA
"ONCDGDAG_00828",2.11402984456297,4.62906186249718,3.92628053684381,1.1789941699424,0.238400497345094,NA
"ONCDGDAG_00829",0,NA,NA,NA,NA,NA
"ONCDGDAG_00830",0,NA,NA,NA,NA,NA
"ONCDGDAG_00831",0,NA,NA,NA,NA,NA
"ONCDGDAG_00832",0,NA,NA,NA,NA,NA
"ONCDGDAG_00833",69.0410284176212,-2.67616155724382,2.17282242961896,-1.23165221454067,0.218079027220654,0.80719102621868
"ONCDGDAG_00834",0,NA,NA,NA,NA,NA
"ONCDGDAG_00835",0,NA,NA,NA,NA,NA
"ONCDGDAG_00836",69.8700155409881,2.51749729592001,2.94529694756803,0.854751605945451,0.392688674540148,0.996389052131759
"ONCDGDAG_00837",0,NA,NA,NA,NA,NA
"ONCDGDAG_00838",0,NA,NA,NA,NA,NA
"ONCDGDAG_00839",0,NA,NA,NA,NA,NA
"ONCDGDAG_00840",1.20801705403598,3.82234987624529,3.94083892801437,0.9699330386414,0.332079870455447,NA
"ONCDGDAG_00841",0,NA,NA,NA,NA,NA
"ONCDGDAG_00842",0,NA,NA,NA,NA,NA
"ONCDGDAG_00843",0,NA,NA,NA,NA,NA
"ONCDGDAG_00844",0,NA,NA,NA,NA,NA
"ONCDGDAG_00845",0,NA,NA,NA,NA,NA
"ONCDGDAG_00846",0,NA,NA,NA,NA,NA
"ONCDGDAG_00847",0,NA,NA,NA,NA,NA
"ONCDGDAG_00848",0,NA,NA,NA,NA,NA
"ONCDGDAG_00849",0,NA,NA,NA,NA,NA
"ONCDGDAG_00850",0,NA,NA,NA,NA,NA
"ONCDGDAG_00851",0,NA,NA,NA,NA,NA
"ONCDGDAG_00852",0,NA,NA,NA,NA,NA
"ONCDGDAG_00853",0,NA,NA,NA,NA,NA
"ONCDGDAG_00854",0,NA,NA,NA,NA,NA
"ONCDGDAG_00855",0,NA,NA,NA,NA,NA
"ONCDGDAG_00856",0,NA,NA,NA,NA,NA
"ONCDGDAG_00857",0,NA,NA,NA,NA,NA
"ONCDGDAG_00858",0,NA,NA,NA,NA,NA
"ONCDGDAG_00859",0,NA,NA,NA,NA,NA
"ONCDGDAG_00860",0,NA,NA,NA,NA,NA
"ONCDGDAG_00861",0,NA,NA,NA,NA,NA
"ONCDGDAG_00862",0.453006395263494,2.40956022186386,3.99681559091717,0.602870001643215,0.546595173706482,NA
"ONCDGDAG_00863",0,NA,NA,NA,NA,NA
"ONCDGDAG_00864",0,NA,NA,NA,NA,NA
"ONCDGDAG_00865",0,NA,NA,NA,NA,NA
"ONCDGDAG_00866",0,NA,NA,NA,NA,NA
"ONCDGDAG_00867",0,NA,NA,NA,NA,NA
"ONCDGDAG_00868",0,NA,NA,NA,NA,NA
"ONCDGDAG_00869",0,NA,NA,NA,NA,NA
"ONCDGDAG_00870",0,NA,NA,NA,NA,NA
"ONCDGDAG_00871",0,NA,NA,NA,NA,NA
"ONCDGDAG_00872",0,NA,NA,NA,NA,NA
"ONCDGDAG_00873",0,NA,NA,NA,NA,NA
"ONCDGDAG_00874",0,NA,NA,NA,NA,NA
"ONCDGDAG_00875",0.887204114844202,-2.1492851788817,3.96234445826413,-0.54242764644023,0.587523938581174,NA
"ONCDGDAG_00876",0,NA,NA,NA,NA,NA
"ONCDGDAG_00877",0,NA,NA,NA,NA,NA
"ONCDGDAG_00878",0,NA,NA,NA,NA,NA
"ONCDGDAG_00879",0.856887733079929,-3.33187218167947,3.95450601466972,-0.842550793782963,0.399479720695432,NA
"ONCDGDAG_00880",0,NA,NA,NA,NA,NA
"ONCDGDAG_00881",0,NA,NA,NA,NA,NA
"ONCDGDAG_00882",135.226255993333,0.632953085046273,1.93200772366336,0.327614158729192,0.74320341516153,0.996389052131759
"ONCDGDAG_00883",1003.53967005434,0.608027353978544,1.77984325179897,0.341618484304157,0.732638024779821,0.996389052131759
"ONCDGDAG_00884",0,NA,NA,NA,NA,NA
"ONCDGDAG_00885",0,NA,NA,NA,NA,NA
"ONCDGDAG_00886",0,NA,NA,NA,NA,NA
"ONCDGDAG_00887",0,NA,NA,NA,NA,NA
"ONCDGDAG_00888",0,NA,NA,NA,NA,NA
"ONCDGDAG_00889",73.4591491023486,-0.135148927007337,1.88412115929873,-0.0717304863014434,0.942816394086133,0.996389052131759
"ONCDGDAG_00890",0,NA,NA,NA,NA,NA
"ONCDGDAG_00891",28.0825387598768,0.193500502686316,1.94211563235886,0.0996338732165469,0.920635000679398,0.996389052131759
"ONCDGDAG_00892",0,NA,NA,NA,NA,NA
"ONCDGDAG_00893",0,NA,NA,NA,NA,NA
"ONCDGDAG_00894",0,NA,NA,NA,NA,NA
"ONCDGDAG_00895",32.0446992556775,-1.89312810316335,2.57144342152745,-0.73621223290957,0.461601548780638,0.996389052131759
"ONCDGDAG_00896",0,NA,NA,NA,NA,NA
"ONCDGDAG_00897",0,NA,NA,NA,NA,NA
"ONCDGDAG_00898",0,NA,NA,NA,NA,NA
"ONCDGDAG_00899",8.03191075114623,6.55295784992428,3.31571944129259,1.97633061721582,0.0481173441058271,0.437301744961781
"ONCDGDAG_00900",0,NA,NA,NA,NA,NA
"ONCDGDAG_00901",0,NA,NA,NA,NA,NA
"ONCDGDAG_00902",0,NA,NA,NA,NA,NA
"ONCDGDAG_00903",0,NA,NA,NA,NA,NA
"ONCDGDAG_00904",0,NA,NA,NA,NA,NA
"ONCDGDAG_00905",0,NA,NA,NA,NA,NA
"ONCDGDAG_00906",0,NA,NA,NA,NA,NA
"ONCDGDAG_00907",5.39571494423768,5.97849489142618,3.91443264324722,1.52729538001878,0.126687577789889,0.503119655439879
"ONCDGDAG_00908",0,NA,NA,NA,NA,NA
"ONCDGDAG_00909",0,NA,NA,NA,NA,NA
"ONCDGDAG_00910",0,NA,NA,NA,NA,NA
"ONCDGDAG_00911",0.453006395263494,2.40956022186386,3.99681559091717,0.602870001643215,0.546595173706482,NA
"ONCDGDAG_00912",3.62405116210795,5.40629599019027,3.91816218150387,1.37980403560407,0.167646989754881,NA
"ONCDGDAG_00913",2.46878612493235,-1.18325844914718,3.80669628338027,-0.310836053381299,0.755925259753309,NA
"ONCDGDAG_00914",56.8263015767357,-0.804986164222674,2.60954565308327,-0.308477517253455,0.757719005298892,0.996389052131759
"ONCDGDAG_00915",0,NA,NA,NA,NA,NA
"ONCDGDAG_00916",0,NA,NA,NA,NA,NA
"ONCDGDAG_00917",0,NA,NA,NA,NA,NA
"ONCDGDAG_00918",2.26503197631747,4.72853880548951,3.92498306971508,1.20472845907913,0.228308145797841,NA
"ONCDGDAG_00919",1.71377546615986,-4.32898599456397,3.93075762562994,-1.10131084306431,0.270761393598916,NA
"ONCDGDAG_00920",0,NA,NA,NA,NA,NA
"ONCDGDAG_00921",0,NA,NA,NA,NA,NA
"ONCDGDAG_00922",0,NA,NA,NA,NA,NA
"ONCDGDAG_00923",0,NA,NA,NA,NA,NA
"ONCDGDAG_00924",3.08341727984306,-0.86603671912667,2.57718276092346,-0.336040086973246,0.736840637363615,NA
"ONCDGDAG_00925",0,NA,NA,NA,NA,NA
"ONCDGDAG_00926",50.5519901553343,-1.20560689410359,2.38410116520756,-0.505686130982043,0.613077005969761,0.996389052131759
"ONCDGDAG_00927",60.9798069687829,9.47832927399431,2.59009682701942,3.65944978393013,0.000252757365358469,0.078102025895767
"ONCDGDAG_00928",0,NA,NA,NA,NA,NA
"ONCDGDAG_00929",0,NA,NA,NA,NA,NA
"ONCDGDAG_00930",0,NA,NA,NA,NA,NA
"ONCDGDAG_00931",0,NA,NA,NA,NA,NA
"ONCDGDAG_00932",0,NA,NA,NA,NA,NA
"ONCDGDAG_00933",0,NA,NA,NA,NA,NA
"ONCDGDAG_00934",0,NA,NA,NA,NA,NA
"ONCDGDAG_00935",0,NA,NA,NA,NA,NA
"ONCDGDAG_00936",0,NA,NA,NA,NA,NA
"ONCDGDAG_00937",24.1826979345307,2.67628348797201,2.6808727546438,0.998288144536574,0.318139654758981,0.996389052131759
"ONCDGDAG_00938",0,NA,NA,NA,NA,NA
"ONCDGDAG_00939",100.386085621128,-0.701301820206413,1.89518688087178,-0.370043623288389,0.711349987095682,0.996389052131759
"ONCDGDAG_00940",86.2382854427883,1.5191866168749,2.27963665457629,0.666416121106486,NA,NA
"ONCDGDAG_00941",0,NA,NA,NA,NA,NA
"ONCDGDAG_00942",37.5290456771599,0.866650397027674,2.37473781988234,0.364945717279482,NA,NA
"ONCDGDAG_00943",0,NA,NA,NA,NA,NA
"ONCDGDAG_00944",0,NA,NA,NA,NA,NA
"ONCDGDAG_00945",0,NA,NA,NA,NA,NA
"ONCDGDAG_00946",45.7902830104487,2.89246606848736,2.53276957938082,1.14201705991528,0.253446928525198,0.8950297247347
"ONCDGDAG_00947",5.1163014481884,2.94303860376786,3.3011001934604,0.891532650114081,0.372643483585555,NA
"ONCDGDAG_00948",5.13407247965293,5.90863727225916,3.91481292815291,1.50930258500167,0.131221474425527,NA
"ONCDGDAG_00949",6.56728993841693,2.72629111909659,3.1100064009693,0.876619134367979,0.380693542665257,0.996389052131759
"ONCDGDAG_00950",0,NA,NA,NA,NA,NA
"ONCDGDAG_00951",0,NA,NA,NA,NA,NA
"ONCDGDAG_00952",0,NA,NA,NA,NA,NA
"ONCDGDAG_00953",1.51002131754498,4.14398202929181,3.93405367396257,1.05336184320988,0.292175185052911,NA
"ONCDGDAG_00954",0,NA,NA,NA,NA,NA
"ONCDGDAG_00955",0,NA,NA,NA,NA,NA
"ONCDGDAG_00956",0,NA,NA,NA,NA,NA
"ONCDGDAG_00957",0,NA,NA,NA,NA,NA
"ONCDGDAG_00958",2.85629244359976,-5.06474321099753,3.92119059435952,-1.29163403030778,0.196483913215956,NA
"ONCDGDAG_00959",0,NA,NA,NA,NA,NA
"ONCDGDAG_00960",0,NA,NA,NA,NA,NA
"ONCDGDAG_00961",0,NA,NA,NA,NA,NA
"ONCDGDAG_00962",0,NA,NA,NA,NA,NA
"ONCDGDAG_00963",0,NA,NA,NA,NA,NA
"ONCDGDAG_00964",0,NA,NA,NA,NA,NA
"ONCDGDAG_00965",0.870276603909303,3.33890638989933,3.95431846355219,0.844369622900826,0.398462891657875,NA
"ONCDGDAG_00966",0,NA,NA,NA,NA,NA
"ONCDGDAG_00967",0,NA,NA,NA,NA,NA
"ONCDGDAG_00968",0,NA,NA,NA,NA,NA
"ONCDGDAG_00969",27.9497405677812,1.59789423204139,2.33503875821253,0.684311652824374,0.493778390219095,0.996389052131759
"ONCDGDAG_00970",95.0759090489461,1.22701603341952,1.88959080682119,0.649355420755719,0.516108671377174,0.996389052131759
"ONCDGDAG_00971",14.4701494581223,1.49650245674735,2.97737143082915,0.502625383333713,0.615227679489616,0.996389052131759
"ONCDGDAG_00972",1.14251697743991,-3.74549022627525,3.94266150252921,-0.949990310827477,0.34211717588368,NA
"ONCDGDAG_00973",0,NA,NA,NA,NA,NA
"ONCDGDAG_00974",0,NA,NA,NA,NA,NA
"ONCDGDAG_00975",30.6395703076918,-8.48596515562232,3.0837755835423,-2.75181021631755,0.00592668566775233,0.15924746707265
"ONCDGDAG_00976",0,NA,NA,NA,NA,NA
"ONCDGDAG_00977",0,NA,NA,NA,NA,NA
"ONCDGDAG_00978",0,NA,NA,NA,NA,NA
"ONCDGDAG_00979",9.5108926708908,0.286655411449747,3.42838541776444,0.083612364573837,0.933364635854973,0.996389052131759
"ONCDGDAG_00980",20.2230426625566,-0.956848010363531,2.17635111318321,-0.439657004132946,0.660185547598889,0.996389052131759
"ONCDGDAG_00981",0,NA,NA,NA,NA,NA
"ONCDGDAG_00982",0,NA,NA,NA,NA,NA
"ONCDGDAG_00983",0,NA,NA,NA,NA,NA
"ONCDGDAG_00984",0,NA,NA,NA,NA,NA
"ONCDGDAG_00985",0,NA,NA,NA,NA,NA
"ONCDGDAG_00986",35.3569699988092,-2.72207668190761,3.00980398343206,-0.904403308950253,NA,NA
"ONCDGDAG_00987",0,NA,NA,NA,NA,NA
"ONCDGDAG_00988",0,NA,NA,NA,NA,NA
"ONCDGDAG_00989",0,NA,NA,NA,NA,NA
"ONCDGDAG_00990",10.5646550819058,-1.63934825660578,3.39632698904278,-0.482682692772117,0.629321053883591,0.996389052131759
"ONCDGDAG_00991",0,NA,NA,NA,NA,NA
"ONCDGDAG_00992",2.68879851730324,4.97608117875259,3.92211570080988,1.26872370892197,0.204539623354984,NA
"ONCDGDAG_00993",56.2411958918943,-9.36221251981457,2.767185584751,-3.38329766221914,0.000716209606501742,0.0983901336801634
"ONCDGDAG_00994",0.912804287785988,2.18335560975255,3.96110523407576,0.55119858744727,0.581497548286878,NA
"ONCDGDAG_00995",0,NA,NA,NA,NA,NA
"ONCDGDAG_00996",0,NA,NA,NA,NA,NA
"ONCDGDAG_00997",0,NA,NA,NA,NA,NA
"ONCDGDAG_00998",167.60237032934,1.11169842097591,1.79269071774196,0.620128396925144,0.535173257886017,0.996389052131759
"ONCDGDAG_00999",0.329886988739503,-1.93753654224051,4.03101985942491,-0.480656660053502,0.630760538626997,NA
"ONCDGDAG_01000",16.658685788736,7.6067825297065,3.12489449919177,2.43425259050312,0.0149225775282532,0.230553822811513
"ONCDGDAG_01001",0,NA,NA,NA,NA,NA
"ONCDGDAG_01002",0,NA,NA,NA,NA,NA
"ONCDGDAG_01003",11.215285246558,-3.36253521587889,3.35863902544278,-1.0011600503676,0.316749437031069,0.996389052131759
"ONCDGDAG_01004",24.109828251001,-8.14014922836852,3.10390561955794,-2.6225504980167,0.00872743331759346,0.179785126342425
"ONCDGDAG_01005",97.2746808405983,0.0772867075111097,2.26609565176231,0.0341056686865821,0.972792888158173,0.996389052131759
"ONCDGDAG_01006",242.022393923594,0.549151031724113,1.85994790417678,0.295250759707256,0.767802328669272,0.996389052131759
"ONCDGDAG_01007",0.151002131754498,0.961181968425817,4.0804728567969,0.235556515668218,0.813776819420815,NA
"ONCDGDAG_01008",0,NA,NA,NA,NA,NA
"ONCDGDAG_01009",0,NA,NA,NA,NA,NA
"ONCDGDAG_01010",0.423766540985769,2.32245302680608,4.00234974603771,0.580272383518028,0.561730947789487,NA
"ONCDGDAG_01011",0,NA,NA,NA,NA,NA
"ONCDGDAG_01012",0,NA,NA,NA,NA,NA
"ONCDGDAG_01013",38.2593782992693,-0.0615969941097093,2.06180696438205,-0.029875247864521,0.976166546378588,0.996389052131759
"ONCDGDAG_01014",0,NA,NA,NA,NA,NA
"ONCDGDAG_01015",0,NA,NA,NA,NA,NA
"ONCDGDAG_01016",0,NA,NA,NA,NA,NA
"ONCDGDAG_01017",0,NA,NA,NA,NA,NA
"ONCDGDAG_01018",0,NA,NA,NA,NA,NA
"ONCDGDAG_01019",0,NA,NA,NA,NA,NA
"ONCDGDAG_01020",0,NA,NA,NA,NA,NA
"ONCDGDAG_01021",0,NA,NA,NA,NA,NA
"ONCDGDAG_01022",16.52382203801,-1.22594900771258,2.97236996607788,-0.412448322955655,0.680010850531831,0.996389052131759
"ONCDGDAG_01023",0,NA,NA,NA,NA,NA
"ONCDGDAG_01024",0,NA,NA,NA,NA,NA
"ONCDGDAG_01025",0,NA,NA,NA,NA,NA
"ONCDGDAG_01026",0,NA,NA,NA,NA,NA
"ONCDGDAG_01027",11.1922773720992,-1.6139311145045,2.65721043275149,-0.607377983546942,0.543600096021752,0.996389052131759
"ONCDGDAG_01028",0,NA,NA,NA,NA,NA
"ONCDGDAG_01029",5.3137085065287,1.36781428029889,3.60759867103169,0.379148127335275,0.704577869124477,0.996389052131759
"ONCDGDAG_01030",0.151002131754498,0.961181968425817,4.0804728567969,0.235556515668218,0.813776819420815,NA
"ONCDGDAG_01031",11.5092608143077,0.027149758299579,2.77784670534446,0.00977367046473228,0.992201863386371,0.996389052131759
"ONCDGDAG_01032",4.53006395263494,5.72811632773913,3.91588509857303,1.46278968446405,0.143524936592449,NA
"ONCDGDAG_01033",13.2391727092113,7.27552220747368,3.17404292785749,2.29219401653926,0.021894450075787,0.258757162880414
"ONCDGDAG_01034",5.73808100667092,6.06906797853517,3.88556780726986,1.56195137482352,0.118299444314241,0.488717815539409
"ONCDGDAG_01035",0,NA,NA,NA,NA,NA
"ONCDGDAG_01036",84.5159602865529,1.78916961565269,2.98497268024048,0.599392291760791,0.548911315995323,0.996389052131759
"ONCDGDAG_01037",14.6892066474965,-1.69012005316999,3.35767328412519,-0.503360485119484,0.61471084811591,0.996389052131759
"ONCDGDAG_01038",1.15928396357311,3.76513408337762,3.94221106320506,0.955081811453426,0.339536326201391,NA
"ONCDGDAG_01039",129.065501882616,-0.1301964952556,1.88037908369013,-0.0692394934536804,0.944798987293014,0.996389052131759
"ONCDGDAG_01040",0,NA,NA,NA,NA,NA
"ONCDGDAG_01041",19.1309906849787,-7.80652945229521,3.1771972925739,-2.45704900685315,0.0140083575568643,0.227820130793214
"ONCDGDAG_01042",0,NA,NA,NA,NA,NA
"ONCDGDAG_01043",594.59110635413,-0.758632643449954,1.75853294727766,-0.431400870040209,0.666176917409426,0.996389052131759
"ONCDGDAG_01044",2.86904050333546,5.06940036138568,3.92115570650988,1.29283322082046,0.196068747875611,NA
"ONCDGDAG_01045",64.464040413447,-0.0692897565528153,1.83069673688208,-0.0378488447359254,0.969808199781684,0.996389052131759
"ONCDGDAG_01046",0.315587258026996,-1.8817339625903,4.03583981511402,-0.466255859695745,0.641032369827147,NA
"ONCDGDAG_01047",0,NA,NA,NA,NA,NA
"ONCDGDAG_01048",0,NA,NA,NA,NA,NA
"ONCDGDAG_01049",3.99880942103967,-5.54963942993498,3.91707825275466,-1.41678033264519,0.156547161568836,NA
"ONCDGDAG_01050",0,NA,NA,NA,NA,NA
"ONCDGDAG_01051",0,NA,NA,NA,NA,NA
"ONCDGDAG_01052",0,NA,NA,NA,NA,NA
"ONCDGDAG_01053",0,NA,NA,NA,NA,NA
"ONCDGDAG_01054",0,NA,NA,NA,NA,NA
"ONCDGDAG_01055",22.8992367700878,2.85700472484404,2.7084980648069,1.05482989335188,0.291503130193755,0.973778024106706
"ONCDGDAG_01056",0,NA,NA,NA,NA,NA
"ONCDGDAG_01057",0,NA,NA,NA,NA,NA
"ONCDGDAG_01058",0,NA,NA,NA,NA,NA
"ONCDGDAG_01059",0,NA,NA,NA,NA,NA
"ONCDGDAG_01060",0,NA,NA,NA,NA,NA
"ONCDGDAG_01061",0,NA,NA,NA,NA,NA
"ONCDGDAG_01062",0.141255513661923,0.961181968425817,4.0804728567969,0.235556515668218,0.813776819420815,NA
"ONCDGDAG_01063",0,NA,NA,NA,NA,NA
"ONCDGDAG_01064",0,NA,NA,NA,NA,NA
"ONCDGDAG_01065",0,NA,NA,NA,NA,NA
"ONCDGDAG_01066",9.52857572893452,-0.142710376231561,3.43075597854369,-0.0415973555461498,0.966819681387352,0.996389052131759
"ONCDGDAG_01067",0,NA,NA,NA,NA,NA
"ONCDGDAG_01068",6.99791648681942,-6.35647417856005,3.79582271239439,-1.67459722441842,0.0940132842257158,0.464801677211939
"ONCDGDAG_01069",0,NA,NA,NA,NA,NA
"ONCDGDAG_01071",17.5156836940785,20.9457369012692,3.56884081513217,5.86905888670001,NA,NA
"ONCDGDAG_01072",0,NA,NA,NA,NA,NA
"ONCDGDAG_01073",34.6370088355903,21.9681380474944,3.52447052480518,6.23303213713461,NA,NA
"ONCDGDAG_01074",0,NA,NA,NA,NA,NA
"ONCDGDAG_01075",0,NA,NA,NA,NA,NA
"ONCDGDAG_01076",0,NA,NA,NA,NA,NA
"ONCDGDAG_01077",0,NA,NA,NA,NA,NA
"ONCDGDAG_01078",0,NA,NA,NA,NA,NA
"ONCDGDAG_01079",0,NA,NA,NA,NA,NA
"ONCDGDAG_01080",111.164288374449,1.12475856049182,2.27437316178589,0.494535628273345,0.620927950912468,0.996389052131759
"ONCDGDAG_01081",15.7358645590195,0.15708788891938,2.75075570488325,0.0571071755447097,0.954459820495542,0.996389052131759
"ONCDGDAG_01082",66.0953268166058,1.76170467850321,2.59271110013475,0.679483602477598,0.496831493894419,0.996389052131759
"ONCDGDAG_01083",0,NA,NA,NA,NA,NA
"ONCDGDAG_01084",0,NA,NA,NA,NA,NA
"ONCDGDAG_01085",0.151002131754498,0.961181968425817,4.0804728567969,0.235556515668218,0.813776819420815,NA
"ONCDGDAG_01086",0.151002131754498,0.961181968425817,4.0804728567969,0.235556515668218,0.813776819420815,NA
"ONCDGDAG_01087",0,NA,NA,NA,NA,NA
"ONCDGDAG_01088",0.151002131754498,0.961181968425817,4.0804728567969,0.235556515668218,0.813776819420815,NA
"ONCDGDAG_01089",21.6481865017016,0.113088767229029,1.91439187602819,0.0590729456414405,0.952894007250218,0.996389052131759
"ONCDGDAG_01090",9.69831288847911,4.28608330490101,3.39823229396684,1.26126848729866,0.207212130798544,0.776103617172728
"ONCDGDAG_01091",0,NA,NA,NA,NA,NA
"ONCDGDAG_01092",57.7703225991107,-1.19832972114587,2.32366492867476,-0.515706764068303,0.606059229681195,0.996389052131759
"ONCDGDAG_01093",62.068419904978,0.318466362389879,1.81509654727469,0.175454227417294,0.860722734038054,0.996389052131759
"ONCDGDAG_01094",12.9861833308868,7.24724247227434,3.61981143724076,2.0021049709149,NA,NA
"ONCDGDAG_01095",0,NA,NA,NA,NA,NA
"ONCDGDAG_01096",0,NA,NA,NA,NA,NA
"ONCDGDAG_01097",0,NA,NA,NA,NA,NA
"ONCDGDAG_01098",831.062636154037,0.136098639877661,1.78214135700043,0.076368038563861,0.93912629685757,0.996389052131759
"ONCDGDAG_01099",9.0687181806251,3.83115098665068,3.12620358187246,1.22549632047827,0.220388275596729,0.810714013802253
"ONCDGDAG_01100",0,NA,NA,NA,NA,NA
"ONCDGDAG_01101",0,NA,NA,NA,NA,NA
"ONCDGDAG_01102",0,NA,NA,NA,NA,NA
"ONCDGDAG_01103",0,NA,NA,NA,NA,NA
"ONCDGDAG_01104",0,NA,NA,NA,NA,NA
"ONCDGDAG_01105",24.119768106664,0.524413288663504,2.96173407937892,0.177062921453595,0.859458966091103,0.996389052131759
"ONCDGDAG_01106",144.604215932026,-1.09678827012475,1.84387300961792,-0.594828529081851,0.551958095400479,0.996389052131759
"ONCDGDAG_01107",0,NA,NA,NA,NA,NA
"ONCDGDAG_01108",0,NA,NA,NA,NA,NA
"ONCDGDAG_01109",7.31032347283814,6.41692094428847,3.78633427677213,1.69475816851515,0.0901213059642509,0.455716824368424
"ONCDGDAG_01110",0,NA,NA,NA,NA,NA
"ONCDGDAG_01111",590.70671464401,-0.351641352037452,1.7644744602928,-0.199289567489177,0.842036239435732,0.996389052131759
"ONCDGDAG_01112",149.733515329457,-1.05945597659094,2.31138775309096,-0.458363584895767,0.646691249158872,0.996389052131759
"ONCDGDAG_01113",80.4135582012196,22.2319950689395,3.52375957150792,6.3091691183192,NA,NA
"ONCDGDAG_01114",14.7517772231592,-0.528719818727236,3.36834944141265,-0.156967033237946,0.875270829649261,0.996389052131759
"ONCDGDAG_01115",0,NA,NA,NA,NA,NA
"ONCDGDAG_01116",13.1389452405589,-7.26499095219397,3.61537583710449,-2.0094704615862,NA,NA
"ONCDGDAG_01117",6.11283926560264,-0.920038612618783,3.54701290599193,-0.259384061181331,0.795338926329473,0.996389052131759
"ONCDGDAG_01118",114.095690651606,0.114585837480801,1.78812929517653,0.0640814049576256,0.948905408104531,0.996389052131759
"ONCDGDAG_01119",1.51002131754498,4.14398202929181,3.93405367396257,1.05336184320988,0.292175185052911,NA
"ONCDGDAG_01120",65.6818232923335,-1.2144336410176,2.98592714549856,-0.406719113307374,0.68421430082757,0.996389052131759
"ONCDGDAG_01121",0,NA,NA,NA,NA,NA
"ONCDGDAG_01122",0,NA,NA,NA,NA,NA
"ONCDGDAG_01123",148.22238232051,-0.482726827941811,1.83934261792761,-0.262445301509786,0.79297815070865,0.996389052131759
"ONCDGDAG_01124",0,NA,NA,NA,NA,NA
"ONCDGDAG_01125",41.5680656166104,-1.84287002093231,2.5690161532523,-0.717344660756331,0.47316145653343,0.996389052131759
"ONCDGDAG_01126",0,NA,NA,NA,NA,NA
"ONCDGDAG_01127",0,NA,NA,NA,NA,NA
"ONCDGDAG_01128",24.6268381731939,-1.34921246208231,2.23490360346632,-0.60370051754791,0.546042769986092,0.996389052131759
"ONCDGDAG_01129",0,NA,NA,NA,NA,NA
"ONCDGDAG_01130",30.7247039893702,0.206446046154799,2.97216789726433,0.0694597523729459,0.944623668196824,0.996389052131759
"ONCDGDAG_01131",0,NA,NA,NA,NA,NA
"ONCDGDAG_01132",0,NA,NA,NA,NA,NA
"ONCDGDAG_01133",0,NA,NA,NA,NA,NA
"ONCDGDAG_01134",0,NA,NA,NA,NA,NA
"ONCDGDAG_01135",0,NA,NA,NA,NA,NA
"ONCDGDAG_01136",0,NA,NA,NA,NA,NA
"ONCDGDAG_01137",0,NA,NA,NA,NA,NA
"ONCDGDAG_01138",0,NA,NA,NA,NA,NA
"ONCDGDAG_01139",0,NA,NA,NA,NA,NA
"ONCDGDAG_01140",0,NA,NA,NA,NA,NA
"ONCDGDAG_01141",0,NA,NA,NA,NA,NA
"ONCDGDAG_01142",27.4580011885726,-7.35824918711866,2.60094209850116,-2.82907073992881,0.00466833789626062,0.15924746707265
"ONCDGDAG_01143",0,NA,NA,NA,NA,NA
"ONCDGDAG_01144",56.3231840618963,3.22701345299573,2.52979947962487,1.27560048888707,0.202096781205091,0.761559821858209
"ONCDGDAG_01145",0,NA,NA,NA,NA,NA
"ONCDGDAG_01146",8.22852764184574,-0.236732306262068,3.46804718876665,-0.0682609818657796,0.945577883609928,0.996389052131759
"ONCDGDAG_01147",21.820329737799,0.668186843896815,2.60201823227337,0.256795604123429,0.797336563712092,0.996389052131759
"ONCDGDAG_01148",0,NA,NA,NA,NA,NA
"ONCDGDAG_01149",0,NA,NA,NA,NA,NA
"ONCDGDAG_01150",0,NA,NA,NA,NA,NA
"ONCDGDAG_01151",0,NA,NA,NA,NA,NA
"ONCDGDAG_01152",93.2243028785614,-1.05870310775124,1.80935676084998,-0.585126786855397,0.558462468612494,0.996389052131759
"ONCDGDAG_01153",0,NA,NA,NA,NA,NA
"ONCDGDAG_01154",0,NA,NA,NA,NA,NA
"ONCDGDAG_01155",0,NA,NA,NA,NA,NA
"ONCDGDAG_01156",0,NA,NA,NA,NA,NA
"ONCDGDAG_01157",0,NA,NA,NA,NA,NA
"ONCDGDAG_01158",7.53785750553559,-0.579937489467194,3.09946126285506,-0.187109126485093,0.851575072630324,0.996389052131759
"ONCDGDAG_01159",2.78488513250977,5.02294350395212,3.92162588849257,1.2808318913569,0.200252719740884,NA
"ONCDGDAG_01160",0,NA,NA,NA,NA,NA
"ONCDGDAG_01161",0,NA,NA,NA,NA,NA
"ONCDGDAG_01162",60.9543419565165,-1.46243400724245,2.2178352580427,-0.659397041299219,0.509640841564903,0.996389052131759
"ONCDGDAG_01163",0,NA,NA,NA,NA,NA
"ONCDGDAG_01164",295.634644398914,-0.501628152528107,1.79392660807288,-0.279625794205137,0.779764615317756,0.996389052131759
"ONCDGDAG_01165",0,NA,NA,NA,NA,NA
"ONCDGDAG_01166",0,NA,NA,NA,NA,NA
"ONCDGDAG_01167",71.3018415727136,0.275704174346899,2.26966734236332,0.121473384755943,0.903316094462898,0.996389052131759
"ONCDGDAG_01168",84.4882633851188,0.780799644605821,2.649653536663,0.294679902033217,0.76823841763962,0.996389052131759
"ONCDGDAG_01169",0,NA,NA,NA,NA,NA
"ONCDGDAG_01170",0,NA,NA,NA,NA,NA
"ONCDGDAG_01171",20.7828802905887,-22.0143324445436,3.55496018861879,-6.19256792664584,NA,NA
"ONCDGDAG_01172",0,NA,NA,NA,NA,NA
"ONCDGDAG_01173",0,NA,NA,NA,NA,NA
"ONCDGDAG_01174",0,NA,NA,NA,NA,NA
"ONCDGDAG_01175",21.8929507460567,-2.61470557749528,2.600326325728,-1.00552978740592,0.314641813608751,0.996389052131759
"ONCDGDAG_01176",0,NA,NA,NA,NA,NA
"ONCDGDAG_01177",0,NA,NA,NA,NA,NA
"ONCDGDAG_01178",0,NA,NA,NA,NA,NA
"ONCDGDAG_01179",9.60139961866179,0.926705692869279,2.51287847251679,0.368782534851808,0.712289823708728,0.996389052131759
"ONCDGDAG_01180",26.1220084312835,-0.763028521713051,2.77305764218821,-0.27515782943154,0.783194984085867,0.996389052131759
"ONCDGDAG_01181",0,NA,NA,NA,NA,NA
"ONCDGDAG_01182",0,NA,NA,NA,NA,NA
"ONCDGDAG_01183",8.74200520159682,-6.67616308860508,3.722565182818,-1.79343080933003,0.0729040648941982,0.44171286377073
"ONCDGDAG_01184",0,NA,NA,NA,NA,NA
"ONCDGDAG_01185",20.9545378426522,-2.14643065897993,2.59470532035479,-0.827234847110281,0.408103964008224,0.996389052131759
"ONCDGDAG_01186",0,NA,NA,NA,NA,NA
"ONCDGDAG_01187",0.151002131754498,0.961181968425817,4.0804728567969,0.235556515668218,0.813776819420815,NA
"ONCDGDAG_01188",7.28354573117939,-6.41416466704426,3.78027955427733,-1.69674347490696,0.0897451694807814,0.455716824368424
"ONCDGDAG_01189",11.3135958508209,7.0473243872829,3.65468267488007,1.92829994125664,0.0538178291289029,0.44171286377073
"ONCDGDAG_01190",0,NA,NA,NA,NA,NA
"ONCDGDAG_01191",0,NA,NA,NA,NA,NA
"ONCDGDAG_01192",1.02426488398345,-0.339478543923632,3.89216123938661,-0.0872210895294596,0.930495776216986,NA
"ONCDGDAG_01193",0,NA,NA,NA,NA,NA
"ONCDGDAG_01194",30.9983525236991,-0.52335434321064,2.96872638845322,-0.17628918085756,NA,NA
"ONCDGDAG_01195",0,NA,NA,NA,NA,NA
"ONCDGDAG_01196",0,NA,NA,NA,NA,NA
"ONCDGDAG_01197",0,NA,NA,NA,NA,NA
"ONCDGDAG_01198",7.63066053029531,-0.374378765232674,3.09780044697809,-0.120853092909158,0.903807396189854,0.996389052131759
"ONCDGDAG_01199",0,NA,NA,NA,NA,NA
"ONCDGDAG_01200",0,NA,NA,NA,NA,NA
"ONCDGDAG_01201",33.9162226860396,-0.770544049151553,2.61062355970498,-0.295157088538123,0.767873880809447,0.996389052131759
"ONCDGDAG_01202",0,NA,NA,NA,NA,NA
"ONCDGDAG_01203",61.4144660927996,1.01204046157921,1.90527021378336,0.53117949058237,0.5952944039112,0.996389052131759
"ONCDGDAG_01204",12.9955072568969,7.24866240122384,3.6171427314588,2.0039746671264,NA,NA
"ONCDGDAG_01205",0,NA,NA,NA,NA,NA
"ONCDGDAG_01206",0,NA,NA,NA,NA,NA
"ONCDGDAG_01207",17.7004546414385,-0.286566197539085,3.02121751811409,-0.094851229949827,0.924432994649401,0.996389052131759
"ONCDGDAG_01208",0,NA,NA,NA,NA,NA
"ONCDGDAG_01209",0,NA,NA,NA,NA,NA
"ONCDGDAG_01210",0,NA,NA,NA,NA,NA
"ONCDGDAG_01211",9.60537492901077,6.81272903554634,3.68879281301695,1.8468722373091,0.0647656592791522,0.44171286377073
"ONCDGDAG_01212",0,NA,NA,NA,NA,NA
"ONCDGDAG_01213",28.4114149728829,-8.37718798085445,2.62776857541375,-3.18794739355441,0.0014328660244684,0.0983901336801634
"ONCDGDAG_01214",10.7211513545694,6.97075723160949,3.66224353969147,1.90341170816749,NA,NA
"ONCDGDAG_01215",0,NA,NA,NA,NA,NA
"ONCDGDAG_01216",0.857279700064113,3.33197060847728,3.95454618595713,0.842567124467869,0.399470583973274,NA
"ONCDGDAG_01217",0,NA,NA,NA,NA,NA
"ONCDGDAG_01218",0,NA,NA,NA,NA,NA
"ONCDGDAG_01219",0,NA,NA,NA,NA,NA
"ONCDGDAG_01220",0,NA,NA,NA,NA,NA
"ONCDGDAG_01221",23.946132527455,0.886479711483035,2.97508300983459,0.297968059564268,NA,NA
"ONCDGDAG_01222",26.7876473053094,-0.52235398519967,2.29899998413373,-0.227209216530941,0.82026106134503,0.996389052131759
"ONCDGDAG_01223",140.983279323278,0.48955919544779,2.2594344959216,0.216673329690004,0.828462934074065,0.996389052131759
"ONCDGDAG_01224",0,NA,NA,NA,NA,NA
"ONCDGDAG_01225",0,NA,NA,NA,NA,NA
"ONCDGDAG_01226",0,NA,NA,NA,NA,NA
"ONCDGDAG_01227",0.302004263508996,1.82616529591611,4.04090691195321,0.451919664497645,0.651326857494724,NA
"ONCDGDAG_01228",0,NA,NA,NA,NA,NA
"ONCDGDAG_01229",0,NA,NA,NA,NA,NA
"ONCDGDAG_01230",36.4599570998672,2.17808697656764,2.8064718479716,0.776094361374717,NA,NA
"ONCDGDAG_01231",0,NA,NA,NA,NA,NA
"ONCDGDAG_01232",0,NA,NA,NA,NA,NA
"ONCDGDAG_01233",7.3991044559704,6.43579292653741,3.77648067467829,1.70417737596014,0.0883479545286243,0.455716824368424
"ONCDGDAG_01234",0,NA,NA,NA,NA,NA
"ONCDGDAG_01235",0,NA,NA,NA,NA,NA
"ONCDGDAG_01236",0,NA,NA,NA,NA,NA
"ONCDGDAG_01237",2.85629244359976,-5.06474321099753,3.92119059435952,-1.29163403030778,0.196483913215956,NA
"ONCDGDAG_01238",0,NA,NA,NA,NA,NA
"ONCDGDAG_01239",0,NA,NA,NA,NA,NA
"ONCDGDAG_01240",0,NA,NA,NA,NA,NA
"ONCDGDAG_01241",0,NA,NA,NA,NA,NA
"ONCDGDAG_01242",255.122236823145,-0.430919106802552,1.76943549388074,-0.243534793041512,0.807591135313397,0.996389052131759
"ONCDGDAG_01243",0,NA,NA,NA,NA,NA
"ONCDGDAG_01244",0,NA,NA,NA,NA,NA
"ONCDGDAG_01245",0,NA,NA,NA,NA,NA
"ONCDGDAG_01246",42.1352185074985,-2.34029701738794,2.92267045655469,-0.800739273269535,0.423282601397025,0.996389052131759
"ONCDGDAG_01247",0,NA,NA,NA,NA,NA
"ONCDGDAG_01248",0,NA,NA,NA,NA,NA
"ONCDGDAG_01249",0,NA,NA,NA,NA,NA
"ONCDGDAG_01250",0,NA,NA,NA,NA,NA
"ONCDGDAG_01251",0,NA,NA,NA,NA,NA
"ONCDGDAG_01252",0,NA,NA,NA,NA,NA
"ONCDGDAG_01253",17.1110519151352,-1.04994810186856,2.44045138472724,-0.430227009822573,0.667030516131965,0.996389052131759
"ONCDGDAG_01254",7.31600758051662,-0.855247957016881,2.75195597579599,-0.310778211766089,0.755969234547627,0.996389052131759
"ONCDGDAG_01255",0,NA,NA,NA,NA,NA
"ONCDGDAG_01256",0,NA,NA,NA,NA,NA
"ONCDGDAG_01257",0,NA,NA,NA,NA,NA
"ONCDGDAG_01258",0,NA,NA,NA,NA,NA
"ONCDGDAG_01259",28.8651115147065,-22.4585298674223,3.53027495995222,-6.36169423690619,NA,NA
"ONCDGDAG_01260",0,NA,NA,NA,NA,NA
"ONCDGDAG_01261",134.931337977066,-0.666463785838541,1.85773929073268,-0.358749900571728,0.719782194578186,0.996389052131759
"ONCDGDAG_01262",9.41395059489139,-1.53422890663295,3.42000543428955,-0.448604230639668,0.653717181356501,0.996389052131759
"ONCDGDAG_01263",0,NA,NA,NA,NA,NA
"ONCDGDAG_01264",0,NA,NA,NA,NA,NA
"ONCDGDAG_01265",0,NA,NA,NA,NA,NA
"ONCDGDAG_01266",3.02004263508996,5.14336762709796,3.92043753379892,1.31193714547315,0.189541343026929,NA
"ONCDGDAG_01267",0,NA,NA,NA,NA,NA
"ONCDGDAG_01268",0,NA,NA,NA,NA,NA
"ONCDGDAG_01269",0,NA,NA,NA,NA,NA
"ONCDGDAG_01270",10.2207459310306,-4.42520136208262,2.99769393674233,-1.47620185898351,0.139889710650042,0.550648669947298
"ONCDGDAG_01271",0,NA,NA,NA,NA,NA
"ONCDGDAG_01272",5.79147606013885,6.08316578804885,3.87873332150303,1.56833823927127,0.116802216268484,0.488717815539409
"ONCDGDAG_01273",170.229455431536,-0.0254419042060929,1.79670017647587,-0.0141603504798423,0.988702052546817,0.996389052131759
"ONCDGDAG_01274",0,NA,NA,NA,NA,NA
"ONCDGDAG_01275",84.5648917589057,-0.74824328251444,1.86101227361411,-0.402062518943704,0.687638016048068,0.996389052131759
"ONCDGDAG_01276",10.2565858858774,-6.90708629507318,3.67513252611023,-1.87941148951808,0.0601883287101574,0.44171286377073
"ONCDGDAG_01277",0,NA,NA,NA,NA,NA
"ONCDGDAG_01278",0,NA,NA,NA,NA,NA
"ONCDGDAG_01279",0,NA,NA,NA,NA,NA
"ONCDGDAG_01280",0,NA,NA,NA,NA,NA
"ONCDGDAG_01281",0,NA,NA,NA,NA,NA
"ONCDGDAG_01282",100.580293360562,-0.415570405741886,2.01278012512063,-0.206465873025739,0.836427019805066,0.996389052131759
"ONCDGDAG_01283",0,NA,NA,NA,NA,NA
"ONCDGDAG_01284",0.329886988739503,-1.93753654224051,4.03101985942491,-0.480656660053502,0.630760538626997,NA
"ONCDGDAG_01285",0.174055320781861,0.961181968425817,4.0804728567969,0.235556515668218,0.813776819420815,NA
"ONCDGDAG_01286",0,NA,NA,NA,NA,NA
"ONCDGDAG_01287",0,NA,NA,NA,NA,NA
"ONCDGDAG_01288",0,NA,NA,NA,NA,NA
"ONCDGDAG_01289",13.4291350350801,-1.97818374173339,3.35582655471774,-0.589477349165257,NA,NA
"ONCDGDAG_01290",0,NA,NA,NA,NA,NA
"ONCDGDAG_01291",93.1276951314047,-0.907708196216972,2.30713167351304,-0.393435800235371,0.693997632401215,0.996389052131759
"ONCDGDAG_01292",0,NA,NA,NA,NA,NA
"ONCDGDAG_01293",11.8369667553772,-0.480969227941692,2.3815674875634,-0.201954901741531,0.83995198085439,0.996389052131759
"ONCDGDAG_01294",0,NA,NA,NA,NA,NA
"ONCDGDAG_01295",0,NA,NA,NA,NA,NA
"ONCDGDAG_01296",124.399420388175,2.27030791350164,1.95516785393902,1.16118312242487,0.245567436862357,0.877229340930269
"ONCDGDAG_01297",0,NA,NA,NA,NA,NA
"ONCDGDAG_01298",0,NA,NA,NA,NA,NA
"ONCDGDAG_01299",0,NA,NA,NA,NA,NA
"ONCDGDAG_01300",235.836414008508,-0.25113233581708,1.76257513760435,-0.142480357551402,0.886700593480339,0.996389052131759
"ONCDGDAG_01301",0,NA,NA,NA,NA,NA
"ONCDGDAG_01302",0,NA,NA,NA,NA,NA
"ONCDGDAG_01303",13.0465266450793,-7.2544013428141,3.17190523726622,-2.28708009860549,0.0221911482729158,0.258757162880414
"ONCDGDAG_01304",0,NA,NA,NA,NA,NA
"ONCDGDAG_01305",0,NA,NA,NA,NA,NA
"ONCDGDAG_01306",39.0191719934826,0.341979319546303,2.6709074060863,0.128038627908635,0.898118403956143,0.996389052131759
"ONCDGDAG_01307",0.164943494369751,-0.962371383216672,4.0804728567969,-0.235848005118729,0.813550616001249,NA
"ONCDGDAG_01308",0,NA,NA,NA,NA,NA
"ONCDGDAG_01309",0,NA,NA,NA,NA,NA
"ONCDGDAG_01310",101.805907168573,0.727475047954034,2.25179489948479,0.323064524269275,0.746646376391894,0.996389052131759
"ONCDGDAG_01311",6.78815751049256,6.30993656664276,3.81550851656411,1.65376031510602,0.0981762222010253,0.470332599381656
"ONCDGDAG_01312",0,NA,NA,NA,NA,NA
"ONCDGDAG_01313",17.6912637171056,7.6935692616988,3.11806410288448,2.46741856736735,0.0136091171983469,0.227309038610226
"ONCDGDAG_01314",0,NA,NA,NA,NA,NA
"ONCDGDAG_01315",441.241919943588,3.37651765891779,1.7800824808065,1.89683213858045,0.0578500961707689,0.44171286377073
"ONCDGDAG_01316",0,NA,NA,NA,NA,NA
"ONCDGDAG_01317",0,NA,NA,NA,NA,NA
"ONCDGDAG_01318",0,NA,NA,NA,NA,NA
"ONCDGDAG_01319",0,NA,NA,NA,NA,NA
"ONCDGDAG_01320",0,NA,NA,NA,NA,NA
"ONCDGDAG_01321",0,NA,NA,NA,NA,NA
"ONCDGDAG_01322",18.0725696272694,0.0962512830921373,2.75329605686258,0.0349585664252239,0.972112779865477,0.996389052131759
"ONCDGDAG_01323",0,NA,NA,NA,NA,NA
"ONCDGDAG_01324",0,NA,NA,NA,NA,NA
"ONCDGDAG_01325",0,NA,NA,NA,NA,NA
"ONCDGDAG_01326",0,NA,NA,NA,NA,NA
"ONCDGDAG_01327",52.1864776521774,-0.250435414520292,2.2167973255612,-0.112971723500655,0.910052973048228,0.996389052131759
"ONCDGDAG_01328",3.37479891545934,-0.0470110906276603,3.77596668050379,-0.0124500808946196,0.990066529296233,NA
"ONCDGDAG_01329",0,NA,NA,NA,NA,NA
"ONCDGDAG_01330",0,NA,NA,NA,NA,NA
"ONCDGDAG_01331",0,NA,NA,NA,NA,NA
"ONCDGDAG_01332",2.41603410807197,4.82159645961795,3.92384732918916,1.22879308370397,0.219149395327524,NA
"ONCDGDAG_01333",32.9687216326106,6.16623676621702,2.64375509478147,2.33237820643395,0.0196808035709423,0.258757162880414
"ONCDGDAG_01334",0,NA,NA,NA,NA,NA
"ONCDGDAG_01335",3.62405116210795,5.40629599019027,3.91816218150387,1.37980403560407,0.167646989754881,NA
"ONCDGDAG_01336",0,NA,NA,NA,NA,NA
"ONCDGDAG_01337",0,NA,NA,NA,NA,NA
"ONCDGDAG_01338",0,NA,NA,NA,NA,NA
"ONCDGDAG_01339",91.8655293775145,-1.4845921987917,1.87010657961965,-0.793854326256445,0.427280241730786,0.996389052131759
"ONCDGDAG_01340",12.0482369751543,-2.10956724672042,3.37064827200069,-0.625863951526529,0.531404180890511,0.996389052131759
"ONCDGDAG_01341",0,NA,NA,NA,NA,NA
"ONCDGDAG_01342",32.0018964880607,-0.613527014283869,2.25875484173907,-0.271621781588081,0.785912849634561,0.996389052131759
"ONCDGDAG_01343",4.80268746450538,5.81327159442054,3.91536264339374,1.48473388645853,0.137614331445225,NA
"ONCDGDAG_01344",0,NA,NA,NA,NA,NA
"ONCDGDAG_01345",0,NA,NA,NA,NA,NA
"ONCDGDAG_01346",161.064659124131,1.60800430263219,1.82947926157653,0.878940984139122,0.379433275338276,0.996389052131759
"ONCDGDAG_01347",0,NA,NA,NA,NA,NA
"ONCDGDAG_01348",0,NA,NA,NA,NA,NA
"ONCDGDAG_01349",32.9202237826695,1.40075552732293,2.41439346899341,0.580168702952518,0.561800856859278,0.996389052131759
"ONCDGDAG_01350",0,NA,NA,NA,NA,NA
"ONCDGDAG_01351",2.71347782141977,-4.99083944271584,3.92194732755949,-1.27254117046531,0.203180905764979,NA
"ONCDGDAG_01352",3.42755093231972,-5.32746923094236,3.91879262575344,-1.35946699397447,0.173998654567541,NA
"ONCDGDAG_01353",13.0695305010331,-1.46559558589576,2.9772807725007,-0.492259782628685,0.622535707095002,0.996389052131759
"ONCDGDAG_01354",18.5658476999432,0.640431670833635,2.97390034744812,0.215350750196853,0.829493864755382,0.996389052131759
"ONCDGDAG_01355",0,NA,NA,NA,NA,NA
"ONCDGDAG_01356",0,NA,NA,NA,NA,NA
"ONCDGDAG_01357",2.00681704554465,4.55561043392155,3.92729731742971,1.15998613440936,0.246054451423157,NA
"ONCDGDAG_01358",0,NA,NA,NA,NA,NA
"ONCDGDAG_01359",0,NA,NA,NA,NA,NA
"ONCDGDAG_01362",0,NA,NA,NA,NA,NA
"ONCDGDAG_01363",0,NA,NA,NA,NA,NA
"ONCDGDAG_01364",0,NA,NA,NA,NA,NA
"ONCDGDAG_01365",0,NA,NA,NA,NA,NA
"ONCDGDAG_01366",0,NA,NA,NA,NA,NA
"ONCDGDAG_01367",0,NA,NA,NA,NA,NA
"ONCDGDAG_01368",10.7356591922226,-4.50041439342957,3.36752448515015,-1.33641623491534,NA,NA
"ONCDGDAG_01369",0,NA,NA,NA,NA,NA
"ONCDGDAG_01370",0,NA,NA,NA,NA,NA
"ONCDGDAG_01371",0,NA,NA,NA,NA,NA
"ONCDGDAG_01372",0.79683474661825,-0.699201333795308,3.94936803464117,-0.177041320956262,0.85947593276837,NA
"ONCDGDAG_01373",0,NA,NA,NA,NA,NA
"ONCDGDAG_01374",0,NA,NA,NA,NA,NA
"ONCDGDAG_01375",0.329886988739503,-1.93753654224051,4.03101985942491,-0.480656660053502,0.630760538626997,NA
"ONCDGDAG_01376",16.2443840711212,20.9138158798171,3.57923112838677,5.84310292619838,NA,NA
"ONCDGDAG_01377",0,NA,NA,NA,NA,NA
"ONCDGDAG_01378",0,NA,NA,NA,NA,NA
"ONCDGDAG_01379",0,NA,NA,NA,NA,NA
"ONCDGDAG_01380",0,NA,NA,NA,NA,NA
"ONCDGDAG_01381",13.4689044360066,0.852153018127822,2.63310876887163,0.323630010351982,0.746218164737722,0.996389052131759
"ONCDGDAG_01382",16.103991283748,-1.48893432944863,3.35377025096678,-0.443958356723874,NA,NA
"ONCDGDAG_01383",0,NA,NA,NA,NA,NA
"ONCDGDAG_01384",62.6752760454648,-0.233381892615395,1.99722508024804,-0.116853075261007,0.906976483828941,0.996389052131759
"ONCDGDAG_01385",0,NA,NA,NA,NA,NA
"ONCDGDAG_01386",0,NA,NA,NA,NA,NA
"ONCDGDAG_01387",0,NA,NA,NA,NA,NA
"ONCDGDAG_01388",4.53006395263494,5.72811632773913,3.91588509857303,1.46278968446405,0.143524936592449,NA
"ONCDGDAG_01389",0,NA,NA,NA,NA,NA
"ONCDGDAG_01390",0,NA,NA,NA,NA,NA
"ONCDGDAG_01391",0,NA,NA,NA,NA,NA
"ONCDGDAG_01392",0,NA,NA,NA,NA,NA
"ONCDGDAG_01393",0,NA,NA,NA,NA,NA
"ONCDGDAG_01394",0,NA,NA,NA,NA,NA
"ONCDGDAG_01395",0,NA,NA,NA,NA,NA
"ONCDGDAG_01396",0,NA,NA,NA,NA,NA
"ONCDGDAG_01397",111.346961839625,-0.747379465755741,2.32157399250246,-0.32192791105061,NA,NA
"ONCDGDAG_01398",0,NA,NA,NA,NA,NA
"ONCDGDAG_01399",0,NA,NA,NA,NA,NA
"ONCDGDAG_01400",0,NA,NA,NA,NA,NA
"ONCDGDAG_01401",7.99036492325269,0.844245358161841,3.46651539385671,0.243542942188572,0.807584823226668,0.996389052131759
"ONCDGDAG_01402",0.302004263508996,1.82616529591611,4.04090691195321,0.451919664497645,0.651326857494724,NA
"ONCDGDAG_01403",0,NA,NA,NA,NA,NA
"ONCDGDAG_01404",0,NA,NA,NA,NA,NA
"ONCDGDAG_01405",3.28473631013973,-5.26613607677788,3.91931413577604,-1.34363715036462,0.1790657500549,NA
"ONCDGDAG_01406",0,NA,NA,NA,NA,NA
"ONCDGDAG_01407",43.7272342217125,1.88155601805414,2.32145582399427,0.810506923546258,0.41764888744174,0.996389052131759
"ONCDGDAG_01408",0,NA,NA,NA,NA,NA
"ONCDGDAG_01409",0,NA,NA,NA,NA,NA
"ONCDGDAG_01410",0,NA,NA,NA,NA,NA
"ONCDGDAG_01411",0,NA,NA,NA,NA,NA
"ONCDGDAG_01412",0,NA,NA,NA,NA,NA
"ONCDGDAG_01413",0,NA,NA,NA,NA,NA
"ONCDGDAG_01414",18.4240198519663,-1.31387193989507,3.34356624909045,-0.392955258551398,NA,NA
"ONCDGDAG_01415",0,NA,NA,NA,NA,NA
"ONCDGDAG_01416",34.4021807497066,1.3091244895677,2.95719751174628,0.442690920835597,0.65798931040016,0.996389052131759
"ONCDGDAG_01417",0,NA,NA,NA,NA,NA
"ONCDGDAG_01418",145.177070455594,-0.527230763888837,1.8015643034974,-0.292651648828364,0.769788431122147,0.996389052131759
"ONCDGDAG_01419",0,NA,NA,NA,NA,NA
"ONCDGDAG_01420",0.453006395263494,2.40956022186386,3.99681559091717,0.602870001643215,0.546595173706482,NA
"ONCDGDAG_01421",79.2864550410172,-1.06336580084485,2.61200043068036,-0.407107819874236,0.683928800239298,0.996389052131759
"ONCDGDAG_01422",0,NA,NA,NA,NA,NA
"ONCDGDAG_01423",0,NA,NA,NA,NA,NA
"ONCDGDAG_01424",0,NA,NA,NA,NA,NA
"ONCDGDAG_01425",0,NA,NA,NA,NA,NA
"ONCDGDAG_01426",0,NA,NA,NA,NA,NA
"ONCDGDAG_01427",0,NA,NA,NA,NA,NA
"ONCDGDAG_01428",0,NA,NA,NA,NA,NA
"ONCDGDAG_01429",0,NA,NA,NA,NA,NA
"ONCDGDAG_01430",11.5540399008171,-7.07886807493101,3.20868025794923,-2.20616188147564,0.0273726671874219,0.286717090200453
"ONCDGDAG_01431",13.3146725564004,7.28262951609867,3.17546367992722,2.2934066486522,0.0218246042166587,0.258757162880414
"ONCDGDAG_01432",30.4725209702926,-1.00826307987847,3.34531592330153,-0.301395474446971,NA,NA
"ONCDGDAG_01433",0,NA,NA,NA,NA,NA
"ONCDGDAG_01434",0,NA,NA,NA,NA,NA
"ONCDGDAG_01435",3.5703655544997,-5.38630038011612,3.91831273479473,-1.37464790196189,0.169240630157625,NA
"ONCDGDAG_01436",9.57304264300233,6.80619235166405,3.69761641028821,1.84069724829395,0.0656659374131371,0.44171286377073
"ONCDGDAG_01437",0,NA,NA,NA,NA,NA
"ONCDGDAG_01438",0,NA,NA,NA,NA,NA
"ONCDGDAG_01439",0,NA,NA,NA,NA,NA
"ONCDGDAG_01440",0,NA,NA,NA,NA,NA
"ONCDGDAG_01441",0.453006395263494,2.40956022186386,3.99681559091717,0.602870001643215,0.546595173706482,NA
"ONCDGDAG_01442",0,NA,NA,NA,NA,NA
"ONCDGDAG_01443",49.1510627454604,2.57793839054399,2.4591756595774,1.04829371602799,0.294503303958698,0.978510977669224
"ONCDGDAG_01444",0,NA,NA,NA,NA,NA
"ONCDGDAG_01445",0.30775811654974,-1.84935741091458,4.03872019733712,-0.457906792387829,0.647019406755977,NA
"ONCDGDAG_01446",0,NA,NA,NA,NA,NA
"ONCDGDAG_01447",0,NA,NA,NA,NA,NA
"ONCDGDAG_01448",0,NA,NA,NA,NA,NA
"ONCDGDAG_01449",11.2411174731242,-5.2481271985594,2.97588562558395,-1.76355137893768,0.077807539786909,0.449393080264577
"ONCDGDAG_01450",0,NA,NA,NA,NA,NA
"ONCDGDAG_01451",0,NA,NA,NA,NA,NA
"ONCDGDAG_01452",0,NA,NA,NA,NA,NA
"ONCDGDAG_01453",0,NA,NA,NA,NA,NA
"ONCDGDAG_01454",0,NA,NA,NA,NA,NA
"ONCDGDAG_01455",6.1619643230497,-0.0582398673474049,3.54836671807902,-0.0164131477873105,0.986904790745139,0.996389052131759
"ONCDGDAG_01456",0,NA,NA,NA,NA,NA
"ONCDGDAG_01457",0,NA,NA,NA,NA,NA
"ONCDGDAG_01458",5.08519849182923,5.89566254465689,3.91488560454968,1.50596036262343,0.132077349270943,NA
"ONCDGDAG_01459",24.566707182642,8.16652584764165,3.09672544534128,2.63714881793198,0.00836061440723205,0.1781675759886
"ONCDGDAG_01460",0,NA,NA,NA,NA,NA
"ONCDGDAG_01461",0,NA,NA,NA,NA,NA
"ONCDGDAG_01462",0,NA,NA,NA,NA,NA
"ONCDGDAG_01463",0,NA,NA,NA,NA,NA
"ONCDGDAG_01464",0,NA,NA,NA,NA,NA
"ONCDGDAG_01465",0,NA,NA,NA,NA,NA
"ONCDGDAG_01466",0,NA,NA,NA,NA,NA
"ONCDGDAG_01467",0.565022054647692,2.73453092035627,3.97882617429915,0.687270767951541,0.491912116196154,NA
"ONCDGDAG_01468",0,NA,NA,NA,NA,NA
"ONCDGDAG_01469",0,NA,NA,NA,NA,NA
"ONCDGDAG_01470",0,NA,NA,NA,NA,NA
"ONCDGDAG_01471",0,NA,NA,NA,NA,NA
"ONCDGDAG_01472",0,NA,NA,NA,NA,NA
"ONCDGDAG_01473",0,NA,NA,NA,NA,NA
"ONCDGDAG_01474",0,NA,NA,NA,NA,NA
"ONCDGDAG_01475",0,NA,NA,NA,NA,NA
"ONCDGDAG_01476",0,NA,NA,NA,NA,NA
"ONCDGDAG_01477",50.7605851718757,-0.381036813535372,1.87356813700028,-0.203374943248896,0.838841982943652,0.996389052131759
"ONCDGDAG_01478",0,NA,NA,NA,NA,NA
"ONCDGDAG_01479",3.61586365253344,4.38317286444355,3.83863935239923,1.14185586663774,0.253513935943303,NA
"ONCDGDAG_01480",0,NA,NA,NA,NA,NA
"ONCDGDAG_01481",0,NA,NA,NA,NA,NA
"ONCDGDAG_01482",0,NA,NA,NA,NA,NA
"ONCDGDAG_01483",0,NA,NA,NA,NA,NA
"ONCDGDAG_01484",0,NA,NA,NA,NA,NA
"ONCDGDAG_01485",0,NA,NA,NA,NA,NA
"ONCDGDAG_01486",0,NA,NA,NA,NA,NA
"ONCDGDAG_01487",0,NA,NA,NA,NA,NA
"ONCDGDAG_01488",0,NA,NA,NA,NA,NA
"ONCDGDAG_01489",0,NA,NA,NA,NA,NA
"ONCDGDAG_01490",7.65843411440187,6.48407720758276,3.76913657815767,1.72030837119522,0.0853764025936575,0.455716824368424
"ONCDGDAG_01491",0,NA,NA,NA,NA,NA
"ONCDGDAG_01492",0,NA,NA,NA,NA,NA
"ONCDGDAG_01493",0,NA,NA,NA,NA,NA
"ONCDGDAG_01494",0,NA,NA,NA,NA,NA
"ONCDGDAG_01495",0,NA,NA,NA,NA,NA
"ONCDGDAG_01496",0,NA,NA,NA,NA,NA
"ONCDGDAG_01497",0,NA,NA,NA,NA,NA
"ONCDGDAG_01498",0,NA,NA,NA,NA,NA
"ONCDGDAG_01499",19.8230692731375,0.87337931625883,2.95929292062201,0.295131080188999,0.76789374803146,0.996389052131759
"ONCDGDAG_01500",46.6332216875523,-9.09202589717436,2.8456730977329,-3.19503526403571,0.00139813756031631,0.0983901336801634
"ONCDGDAG_01501",28.4383999007811,-3.24126138886791,3.29177680715576,-0.984654057292694,NA,NA
"ONCDGDAG_01502",0,NA,NA,NA,NA,NA
"ONCDGDAG_01503",0,NA,NA,NA,NA,NA
"ONCDGDAG_01504",0,NA,NA,NA,NA,NA
"ONCDGDAG_01505",0,NA,NA,NA,NA,NA
"ONCDGDAG_01506",86.9222878261029,-0.347031352084334,2.63058745567865,-0.131921617483272,0.895046289785677,0.996389052131759
"ONCDGDAG_01507",11.4576907161645,-0.611563072050149,3.40210910900909,-0.179759981956685,0.857341001543862,0.996389052131759
"ONCDGDAG_01508",34.7569297826563,-1.40768075297617,2.58548085423322,-0.544456073101981,0.586127668507492,0.996389052131759
"ONCDGDAG_01509",0,NA,NA,NA,NA,NA
"ONCDGDAG_01510",0,NA,NA,NA,NA,NA
"ONCDGDAG_01511",0,NA,NA,NA,NA,NA
"ONCDGDAG_01512",124.419119634205,0.343227611582478,1.79589016171296,0.191118376223577,0.848432850852519,0.996389052131759
"ONCDGDAG_01513",0,NA,NA,NA,NA,NA
"ONCDGDAG_01514",0,NA,NA,NA,NA,NA
"ONCDGDAG_01515",9.73166616781533,-6.83092965979165,3.69094551741854,-1.85072622382387,0.0642089494248425,0.44171286377073
"ONCDGDAG_01516",0,NA,NA,NA,NA,NA
"ONCDGDAG_01517",0,NA,NA,NA,NA,NA
"ONCDGDAG_01518",0,NA,NA,NA,NA,NA
"ONCDGDAG_01519",0,NA,NA,NA,NA,NA
"ONCDGDAG_01520",12.5931828713104,-0.257126849311837,3.38652921004135,-0.0759263639449597,0.939477682000706,0.996389052131759
"ONCDGDAG_01521",0,NA,NA,NA,NA,NA
"ONCDGDAG_01522",66.5809508003252,1.24038308604146,2.25273606582849,0.550611811501889,0.581899810207589,0.996389052131759
"ONCDGDAG_01523",0,NA,NA,NA,NA,NA
"ONCDGDAG_01524",0,NA,NA,NA,NA,NA
"ONCDGDAG_01525",0,NA,NA,NA,NA,NA
"ONCDGDAG_01526",0,NA,NA,NA,NA,NA
"ONCDGDAG_01527",0,NA,NA,NA,NA,NA
"ONCDGDAG_01528",91.3688584813164,-0.370253636580794,2.31425714258481,-0.159988114444039,0.872890436914942,0.996389052131759
"ONCDGDAG_01529",0,NA,NA,NA,NA,NA
"ONCDGDAG_01530",0.151002131754498,0.961181968425817,4.0804728567969,0.235556515668218,0.813776819420815,NA
"ONCDGDAG_01531",0,NA,NA,NA,NA,NA
"ONCDGDAG_01532",0,NA,NA,NA,NA,NA
"ONCDGDAG_01533",0,NA,NA,NA,NA,NA
"ONCDGDAG_01534",23.5729793527609,-1.48272635791333,2.67697864854951,-0.553880531963425,0.579660609370601,0.996389052131759
"ONCDGDAG_01535",0,NA,NA,NA,NA,NA
"ONCDGDAG_01536",0,NA,NA,NA,NA,NA
"ONCDGDAG_01537",0,NA,NA,NA,NA,NA
"ONCDGDAG_01538",0,NA,NA,NA,NA,NA
"ONCDGDAG_01539",53.1868320119372,0.499855358458964,3.04798255595362,0.163995478741372,NA,NA
"ONCDGDAG_01540",18.4775744761327,-7.75642601933731,3.11670440533265,-2.48866270605135,0.0128224550046533,0.220118810913215
"ONCDGDAG_01541",0,NA,NA,NA,NA,NA
"ONCDGDAG_01542",13.2881875943958,7.28040568213024,3.61536689398479,2.01373910189954,NA,NA
"ONCDGDAG_01543",0,NA,NA,NA,NA,NA
"ONCDGDAG_01544",0,NA,NA,NA,NA,NA
"ONCDGDAG_01545",0,NA,NA,NA,NA,NA
"ONCDGDAG_01546",0,NA,NA,NA,NA,NA
"ONCDGDAG_01547",0,NA,NA,NA,NA,NA
"ONCDGDAG_01548",0,NA,NA,NA,NA,NA
"ONCDGDAG_01549",9.26599967360191,-0.0508544548375601,3.15138622696163,-0.0161371698595607,0.987124960110865,0.996389052131759
"ONCDGDAG_01550",32.3894464929748,0.633079201110137,2.60383040175856,0.24313380805546,0.807901741812697,0.996389052131759
"ONCDGDAG_01551",0,NA,NA,NA,NA,NA
"ONCDGDAG_01552",0,NA,NA,NA,NA,NA
"ONCDGDAG_01553",0,NA,NA,NA,NA,NA
"ONCDGDAG_01554",0,NA,NA,NA,NA,NA
"ONCDGDAG_01555",0,NA,NA,NA,NA,NA
"ONCDGDAG_01556",5.39571494423768,5.97849489142618,3.91443264324722,1.52729538001878,0.126687577789889,0.503119655439879
"ONCDGDAG_01557",0.322737123383249,-1.90983344837309,4.03339015274236,-0.473505754724613,0.635852396306869,NA
"ONCDGDAG_01558",0,NA,NA,NA,NA,NA
"ONCDGDAG_01559",0,NA,NA,NA,NA,NA
"ONCDGDAG_01560",0,NA,NA,NA,NA,NA
"ONCDGDAG_01561",0,NA,NA,NA,NA,NA
"ONCDGDAG_01562",0,NA,NA,NA,NA,NA
"ONCDGDAG_01563",43.6146753486649,-0.482453597143008,2.2269077457829,-0.216647320957337,0.828483204645526,0.996389052131759
"ONCDGDAG_01564",12.579659686721,-2.43379757786172,2.95217865385004,-0.824407281276056,0.409708179005499,0.996389052131759
"ONCDGDAG_01565",0,NA,NA,NA,NA,NA
"ONCDGDAG_01566",466.101625881336,0.581319361531117,1.75743697713377,0.330776789776666,0.740813093993708,0.996389052131759
"ONCDGDAG_01567",0,NA,NA,NA,NA,NA
"ONCDGDAG_01568",0,NA,NA,NA,NA,NA
"ONCDGDAG_01569",0.302004263508996,1.82616529591611,4.04090691195321,0.451919664497645,0.651326857494724,NA
"ONCDGDAG_01570",0,NA,NA,NA,NA,NA
"ONCDGDAG_01571",0,NA,NA,NA,NA,NA
"ONCDGDAG_01572",0,NA,NA,NA,NA,NA
"ONCDGDAG_01573",0,NA,NA,NA,NA,NA
"ONCDGDAG_01574",0,NA,NA,NA,NA,NA
"ONCDGDAG_01575",0,NA,NA,NA,NA,NA
"ONCDGDAG_01576",0,NA,NA,NA,NA,NA
"ONCDGDAG_01577",0,NA,NA,NA,NA,NA
"ONCDGDAG_01578",0,NA,NA,NA,NA,NA
"ONCDGDAG_01579",0,NA,NA,NA,NA,NA
"ONCDGDAG_01580",3.71318017667969,-5.44282724458945,3.91786965977398,-1.38923132141753,0.164762420245026,NA
"ONCDGDAG_01581",0,NA,NA,NA,NA,NA
"ONCDGDAG_01582",0,NA,NA,NA,NA,NA
"ONCDGDAG_01583",28.0101559395937,3.03671509222237,2.3077241467779,1.31589171802111,0.188210388904702,0.713582946890219
"ONCDGDAG_01584",4.74234975341235,5.79215271047951,3.56843884253866,1.62316154656552,0.104554875628348,NA
"ONCDGDAG_01585",12.3079030630528,-7.17013670906,3.63231527341478,-1.9739852323775,NA,NA
"ONCDGDAG_01586",15.1143399618258,20.8139867099523,3.59026290341847,5.797343333864,NA,NA
"ONCDGDAG_01587",0,NA,NA,NA,NA,NA
"ONCDGDAG_01588",3.52912124372081,-1.22560926302566,3.43616717655608,-0.356679171894668,0.721331999723106,NA
"ONCDGDAG_01589",4.8556971541196,-5.82951061013138,3.91526162585411,-1.4889198135922,0.136508485385426,NA
"ONCDGDAG_01590",0,NA,NA,NA,NA,NA
"ONCDGDAG_01591",0,NA,NA,NA,NA,NA
"ONCDGDAG_01592",0,NA,NA,NA,NA,NA
"ONCDGDAG_01593",0,NA,NA,NA,NA,NA
"ONCDGDAG_01594",0,NA,NA,NA,NA,NA
"ONCDGDAG_01595",0,NA,NA,NA,NA,NA
"ONCDGDAG_01596",0,NA,NA,NA,NA,NA
"ONCDGDAG_01597",0,NA,NA,NA,NA,NA
"ONCDGDAG_01598",0,NA,NA,NA,NA,NA
"ONCDGDAG_01599",0,NA,NA,NA,NA,NA
"ONCDGDAG_01600",15.0015829474762,-1.51628485662541,2.65168659303935,-0.57181903042601,0.567444583271409,0.996389052131759
"ONCDGDAG_01601",0,NA,NA,NA,NA,NA
"ONCDGDAG_01602",0,NA,NA,NA,NA,NA
"ONCDGDAG_01603",0,NA,NA,NA,NA,NA
"ONCDGDAG_01604",0,NA,NA,NA,NA,NA
"ONCDGDAG_01605",81.2234757249566,-1.70733930619426,1.8165011617679,-0.939905430356344,0.347266071631191,0.996389052131759
"ONCDGDAG_01606",0,NA,NA,NA,NA,NA
"ONCDGDAG_01607",0,NA,NA,NA,NA,NA
"ONCDGDAG_01608",35.8652313487166,0.0944956125022088,2.34935827959043,0.040221882427691,0.967916232090031,0.996389052131759
"ONCDGDAG_01609",0,NA,NA,NA,NA,NA
"ONCDGDAG_01610",1.55381065028115,4.18782155818863,3.93323966973431,1.06472575022908,0.287000053799963,NA
"ONCDGDAG_01611",13.7994880765981,-4.44511484035195,3.32122621284534,-1.33839568746019,NA,NA
"ONCDGDAG_01612",0,NA,NA,NA,NA,NA
"ONCDGDAG_01613",16.221970363044,-3.44862553752941,2.90320690879735,-1.18786763942981,0.234885560785559,0.853878097443975
"ONCDGDAG_01614",0,NA,NA,NA,NA,NA
"ONCDGDAG_01615",0,NA,NA,NA,NA,NA
"ONCDGDAG_01616",0,NA,NA,NA,NA,NA
"ONCDGDAG_01617",5.85539950937951,-6.09943217978032,3.87393434148651,-1.57448000975666,0.115376519447072,0.488717815539409
"ONCDGDAG_01618",3.02004263508996,5.14336762709796,3.92043753379892,1.31193714547315,0.189541343026929,NA
"ONCDGDAG_01619",0,NA,NA,NA,NA,NA
"ONCDGDAG_01620",0.302004263508996,1.82616529591611,4.04090691195321,0.451919664497645,0.651326857494724,NA
"ONCDGDAG_01621",0,NA,NA,NA,NA,NA
"ONCDGDAG_01622",0,NA,NA,NA,NA,NA
"ONCDGDAG_01623",0,NA,NA,NA,NA,NA
"ONCDGDAG_01624",0,NA,NA,NA,NA,NA
"ONCDGDAG_01625",1.97757719126692,4.53494205307397,3.92759283243811,1.15463650295411,0.248239311917493,NA
"ONCDGDAG_01626",0.714073110899941,-3.06994952100684,3.96393966283225,-0.774469286147848,0.438653324339845,NA
"ONCDGDAG_01627",0,NA,NA,NA,NA,NA
"ONCDGDAG_01628",0,NA,NA,NA,NA,NA
"ONCDGDAG_01629",0,NA,NA,NA,NA,NA
"ONCDGDAG_01630",0,NA,NA,NA,NA,NA
"ONCDGDAG_01631",0,NA,NA,NA,NA,NA
"ONCDGDAG_01632",1.27717662111807,3.89951539741116,3.93907173163255,0.989957955346756,0.322194670064484,NA
"ONCDGDAG_01633",0,NA,NA,NA,NA,NA
"ONCDGDAG_01634",0,NA,NA,NA,NA,NA
"ONCDGDAG_01635",0,NA,NA,NA,NA,NA
"ONCDGDAG_01636",0,NA,NA,NA,NA,NA
"ONCDGDAG_01637",0,NA,NA,NA,NA,NA
"ONCDGDAG_01638",0,NA,NA,NA,NA,NA
"ONCDGDAG_01639",0,NA,NA,NA,NA,NA
"ONCDGDAG_01640",0,NA,NA,NA,NA,NA
"ONCDGDAG_01641",0,NA,NA,NA,NA,NA
"ONCDGDAG_01642",0.835791259316722,-0.500993163532593,3.93471818676889,-0.127326314046394,0.898682134203298,NA
"ONCDGDAG_01643",0,NA,NA,NA,NA,NA
"ONCDGDAG_01644",0,NA,NA,NA,NA,NA
"ONCDGDAG_01645",0,NA,NA,NA,NA,NA
"ONCDGDAG_01646",853.007811559563,-1.572215170922,1.77398911601492,-0.886259761533269,0.375477566795266,0.996389052131759
"ONCDGDAG_01647",0.142814622179988,-0.962371383216672,4.0804728567969,-0.235848005118729,0.813550616001249,NA
"ONCDGDAG_01648",26.2041839500252,-2.14440823548524,2.91845292988702,-0.73477567978739,0.462476120922459,0.996389052131759
"ONCDGDAG_01649",8.74200520159682,-6.67616308860508,3.722565182818,-1.79343080933003,0.0729040648941982,0.44171286377073
"ONCDGDAG_01650",0,NA,NA,NA,NA,NA
"ONCDGDAG_01651",0,NA,NA,NA,NA,NA
"ONCDGDAG_01652",34.8110641563721,21.9727835199539,3.5243053011118,6.23464247351731,NA,NA
"ONCDGDAG_01653",171.856497635656,-1.66574729267773,2.35622444508628,-0.70695612047974,0.479593746700349,0.996389052131759
"ONCDGDAG_01654",0,NA,NA,NA,NA,NA
"ONCDGDAG_01655",0,NA,NA,NA,NA,NA
"ONCDGDAG_01656",6.52484305084821,1.17352400498241,3.52741033653726,0.332687125403852,0.739370468931545,0.996389052131759
"ONCDGDAG_01657",0,NA,NA,NA,NA,NA
"ONCDGDAG_01658",0,NA,NA,NA,NA,NA
"ONCDGDAG_01659",0,NA,NA,NA,NA,NA
"ONCDGDAG_01660",0,NA,NA,NA,NA,NA
"ONCDGDAG_01661",10.1703969836585,6.89515744464713,3.67320898048253,1.87714815064547,NA,NA
"ONCDGDAG_01662",0.151002131754498,0.961181968425817,4.0804728567969,0.235556515668218,0.813776819420815,NA
"ONCDGDAG_01663",9.71139430823919,-6.82903771121931,3.68608735620487,-1.85265216238672,0.0639322307760126,0.44171286377073
"ONCDGDAG_01664",0,NA,NA,NA,NA,NA
"ONCDGDAG_01665",0,NA,NA,NA,NA,NA
"ONCDGDAG_01666",0,NA,NA,NA,NA,NA
"ONCDGDAG_01667",0,NA,NA,NA,NA,NA
"ONCDGDAG_01668",20.7194469600836,-1.26422866859468,2.81863532432123,-0.448525092155766,NA,NA
"ONCDGDAG_01669",43.3614870739485,-2.178401049386,2.23185313857469,-0.976050355525263,0.329039511074974,0.996389052131759
"ONCDGDAG_01670",0,NA,NA,NA,NA,NA
"ONCDGDAG_01671",0,NA,NA,NA,NA,NA
"ONCDGDAG_01672",0,NA,NA,NA,NA,NA
"ONCDGDAG_01673",0,NA,NA,NA,NA,NA
"ONCDGDAG_01674",0,NA,NA,NA,NA,NA
"ONCDGDAG_01675",0,NA,NA,NA,NA,NA
"ONCDGDAG_01676",0.282511027323846,1.74295067379676,4.04872495175106,0.430493721990906,0.666836532520529,NA
"ONCDGDAG_01677",0,NA,NA,NA,NA,NA
"ONCDGDAG_01678",0.571258488719953,-2.74963766044336,3.97802244280887,-0.691207176423532,0.489435354645991,NA
"ONCDGDAG_01679",0,NA,NA,NA,NA,NA
"ONCDGDAG_01680",0,NA,NA,NA,NA,NA
"ONCDGDAG_01681",0,NA,NA,NA,NA,NA
"ONCDGDAG_01682",0,NA,NA,NA,NA,NA
"ONCDGDAG_01683",0.444818885688984,0.864392290955024,4.04090621082732,0.213910505677896,0.830616847506156,NA
"ONCDGDAG_01684",0,NA,NA,NA,NA,NA
"ONCDGDAG_01685",0,NA,NA,NA,NA,NA
"ONCDGDAG_01686",3.10762130056231,5.1859279005571,3.92004062704245,1.32292708008736,0.185859628741098,NA
"ONCDGDAG_01687",99.8698882712203,-0.415854926458798,2.53864256466979,-0.163809955858394,0.869880753913655,0.996389052131759
"ONCDGDAG_01688",0,NA,NA,NA,NA,NA
"ONCDGDAG_01689",8.08251261721677,5.57450914987775,3.08682227904279,1.80590544124438,0.0709331110343532,0.44171286377073
"ONCDGDAG_01690",0,NA,NA,NA,NA,NA
"ONCDGDAG_01691",0,NA,NA,NA,NA,NA
"ONCDGDAG_01692",0,NA,NA,NA,NA,NA
"ONCDGDAG_01693",0,NA,NA,NA,NA,NA
"ONCDGDAG_01694",0,NA,NA,NA,NA,NA
"ONCDGDAG_01695",0,NA,NA,NA,NA,NA
"ONCDGDAG_01696",0,NA,NA,NA,NA,NA
"ONCDGDAG_01697",27.1318896590962,8.30966272798432,3.13183928801765,2.6532851668912,0.00797124950831592,0.17593686414783
"ONCDGDAG_01698",0,NA,NA,NA,NA,NA
"ONCDGDAG_01699",0,NA,NA,NA,NA,NA
"ONCDGDAG_01700",0,NA,NA,NA,NA,NA
"ONCDGDAG_01701",84.9279577590609,-3.91693822205892,2.03239182583193,-1.9272554496009,0.0539478026754359,0.44171286377073
"ONCDGDAG_01702",0,NA,NA,NA,NA,NA
"ONCDGDAG_01703",0,NA,NA,NA,NA,NA
"ONCDGDAG_01704",0,NA,NA,NA,NA,NA
"ONCDGDAG_01705",43.4596451238048,-8.02265401945921,2.50602542193338,-3.20134582404587,0.00136787254960634,0.0983901336801634
"ONCDGDAG_01706",49.476166145509,1.32638437758688,2.62394573663239,0.505492304611901,0.613213102059256,0.996389052131759
"ONCDGDAG_01707",1.69506616394308,4.3130412501851,3.93104543251079,1.09717410399664,0.272565291096939,NA
"ONCDGDAG_01708",0,NA,NA,NA,NA,NA
"ONCDGDAG_01709",0,NA,NA,NA,NA,NA
"ONCDGDAG_01710",16.960916590096,3.54088685649755,2.4184008418258,1.46414390669179,0.143154632784766,0.55993394342396
"ONCDGDAG_01711",0,NA,NA,NA,NA,NA
"ONCDGDAG_01712",0,NA,NA,NA,NA,NA
"ONCDGDAG_01713",0,NA,NA,NA,NA,NA
"ONCDGDAG_01714",0,NA,NA,NA,NA,NA
"ONCDGDAG_01715",77.605980335559,-0.325436647946418,2.41291169782335,-0.134873003533445,0.892712284549802,0.996389052131759
"ONCDGDAG_01716",177.367419454199,0.144685490051206,1.80851465642549,0.0800023873387763,0.93623535723714,0.996389052131759
"ONCDGDAG_01717",0,NA,NA,NA,NA,NA
"ONCDGDAG_01718",0,NA,NA,NA,NA,NA
"ONCDGDAG_01719",0,NA,NA,NA,NA,NA
"ONCDGDAG_01720",0,NA,NA,NA,NA,NA
"ONCDGDAG_01721",0,NA,NA,NA,NA,NA
"ONCDGDAG_01722",0,NA,NA,NA,NA,NA
"ONCDGDAG_01723",0,NA,NA,NA,NA,NA
"ONCDGDAG_01724",0,NA,NA,NA,NA,NA
"ONCDGDAG_01725",86.1609830212248,-0.508297722070393,2.24842088509098,-0.226068760275648,0.821147941327296,0.996389052131759
"ONCDGDAG_01726",0,NA,NA,NA,NA,NA
"ONCDGDAG_01727",0,NA,NA,NA,NA,NA
"ONCDGDAG_01728",0,NA,NA,NA,NA,NA
"ONCDGDAG_01729",0,NA,NA,NA,NA,NA
"ONCDGDAG_01730",0,NA,NA,NA,NA,NA
"ONCDGDAG_01731",0,NA,NA,NA,NA,NA
"ONCDGDAG_01732",0,NA,NA,NA,NA,NA
"ONCDGDAG_01733",0,NA,NA,NA,NA,NA
"ONCDGDAG_01734",0,NA,NA,NA,NA,NA
"ONCDGDAG_01735",76.1901960962703,-0.267605033691736,1.85878330591536,-0.14396784866752,0.885525858150221,0.996389052131759
"ONCDGDAG_01736",0,NA,NA,NA,NA,NA
"ONCDGDAG_01737",0,NA,NA,NA,NA,NA
"ONCDGDAG_01738",0,NA,NA,NA,NA,NA
"ONCDGDAG_01739",0,NA,NA,NA,NA,NA
"ONCDGDAG_01740",0.141255513661923,0.961181968425817,4.0804728567969,0.235556515668218,0.813776819420815,NA
"ONCDGDAG_01741",0,NA,NA,NA,NA,NA
"ONCDGDAG_01742",0,NA,NA,NA,NA,NA
"ONCDGDAG_01743",0,NA,NA,NA,NA,NA
"ONCDGDAG_01744",0,NA,NA,NA,NA,NA
"ONCDGDAG_01745",0,NA,NA,NA,NA,NA
"ONCDGDAG_01746",0,NA,NA,NA,NA,NA
"ONCDGDAG_01747",0,NA,NA,NA,NA,NA
"ONCDGDAG_01748",5.04853492162574,-0.713882612690388,3.63500330051993,-0.196391186931874,0.844303993757131,NA
"ONCDGDAG_01749",0,NA,NA,NA,NA,NA
"ONCDGDAG_01750",0,NA,NA,NA,NA,NA
"ONCDGDAG_01751",0,NA,NA,NA,NA,NA
"ONCDGDAG_01752",0,NA,NA,NA,NA,NA
"ONCDGDAG_01753",0,NA,NA,NA,NA,NA
"ONCDGDAG_01754",0,NA,NA,NA,NA,NA
"ONCDGDAG_01755",0,NA,NA,NA,NA,NA
"ONCDGDAG_01756",0,NA,NA,NA,NA,NA
"ONCDGDAG_01757",0,NA,NA,NA,NA,NA
"ONCDGDAG_01758",0,NA,NA,NA,NA,NA
"ONCDGDAG_01759",2.57066319923979,-4.91294368882536,3.92278785609238,-1.25241126185175,0.210420044753128,NA
"ONCDGDAG_01760",31.3021776811193,-3.72698295531301,2.18437733853788,-1.70619924019523,0.0879709901702937,0.455716824368424
"ONCDGDAG_01761",0,NA,NA,NA,NA,NA
"ONCDGDAG_01762",0,NA,NA,NA,NA,NA
"ONCDGDAG_01763",0,NA,NA,NA,NA,NA
"ONCDGDAG_01764",159.770224126756,-1.61049886231227,2.61864522145661,-0.615012239579531,NA,NA
"ONCDGDAG_01765",37.7500266636391,-0.79281915679211,2.63729899689846,-0.300617850962097,0.763705917669222,0.996389052131759
"ONCDGDAG_01766",0,NA,NA,NA,NA,NA
"ONCDGDAG_01767",0,NA,NA,NA,NA,NA
"ONCDGDAG_01768",0,NA,NA,NA,NA,NA
"ONCDGDAG_01769",273.959288357852,0.0840182206069495,1.77370399439975,0.0473687948339896,0.962219299206072,0.996389052131759
"ONCDGDAG_01770",77.9330598270188,-4.56698768030183,2.62013302704644,-1.74303656843332,0.081327227352079,0.454806434471881
"ONCDGDAG_01771",271.26295306565,0.474529250453747,1.85479016870543,0.255839856421575,0.79807449682708,0.996389052131759
"ONCDGDAG_01772",0,NA,NA,NA,NA,NA
"ONCDGDAG_01773",0.164943494369751,-0.962371383216672,4.0804728567969,-0.235848005118729,0.813550616001249,NA
"ONCDGDAG_01774",9.181608388025,6.74766130289689,3.70183052622637,1.8227904424829,0.0683351358340098,0.44171286377073
"ONCDGDAG_01775",89.7691570131995,-1.38947339421627,1.83502640653578,-0.757195312976101,0.448932857828741,0.996389052131759
"ONCDGDAG_01776",1.836321677605,4.42825457199723,3.92918702094271,1.1270154737849,0.259735938724452,NA
"ONCDGDAG_01777",0,NA,NA,NA,NA,NA
"ONCDGDAG_01778",0,NA,NA,NA,NA,NA
"ONCDGDAG_01779",5.71258488719953,-6.06382516445234,3.88560112167868,-1.56058869002812,0.11862082901442,0.488717815539409
"ONCDGDAG_01780",0,NA,NA,NA,NA,NA
"ONCDGDAG_01781",0,NA,NA,NA,NA,NA
"ONCDGDAG_01782",130.767841798399,1.38745715252168,2.63713136649628,0.526123639553485,0.598802304843162,0.996389052131759
"ONCDGDAG_01783",108.416475034439,-1.11930382805937,1.91207237276852,-0.585387793893341,0.558286994246455,0.996389052131759
"ONCDGDAG_01784",0,NA,NA,NA,NA,NA
"ONCDGDAG_01785",0,NA,NA,NA,NA,NA
"ONCDGDAG_01786",0,NA,NA,NA,NA,NA
"ONCDGDAG_01787",0,NA,NA,NA,NA,NA
"ONCDGDAG_01788",0,NA,NA,NA,NA,NA
"ONCDGDAG_01789",960.343042374713,0.218996440663525,1.77917919300572,0.123088467718395,0.902037043262825,0.996389052131759
"ONCDGDAG_01790",0,NA,NA,NA,NA,NA
"ONCDGDAG_01791",0,NA,NA,NA,NA,NA
"ONCDGDAG_01792",0,NA,NA,NA,NA,NA
"ONCDGDAG_01793",0,NA,NA,NA,NA,NA
"ONCDGDAG_01794",0,NA,NA,NA,NA,NA
"ONCDGDAG_01795",89.8825438999275,0.394898063774333,1.93752176409206,0.203816066014301,0.838497237503124,0.996389052131759
"ONCDGDAG_01796",7.68380010958251,-1.39766896810501,3.47050952664095,-0.40272731060842,0.687148840458627,0.996389052131759
"ONCDGDAG_01797",0.494830483109254,-2.52596572397947,3.98984462080017,-0.633098770516251,0.526669145126434,NA
"ONCDGDAG_01798",0,NA,NA,NA,NA,NA
"ONCDGDAG_01799",0,NA,NA,NA,NA,NA
"ONCDGDAG_01800",24532.0910257741,-1.14581538593056,1.75893623903222,-0.651425196948012,0.514772049760019,0.996389052131759
"ONCDGDAG_01801",0,NA,NA,NA,NA,NA
"ONCDGDAG_01802",0,NA,NA,NA,NA,NA
"ONCDGDAG_01803",0,NA,NA,NA,NA,NA
"ONCDGDAG_01804",0,NA,NA,NA,NA,NA
"ONCDGDAG_01805",0,NA,NA,NA,NA,NA
"ONCDGDAG_01806",71.9894572877181,0.46050685317307,1.82349912553973,0.252540210589225,0.800623537484556,0.996389052131759
"ONCDGDAG_01807",0,NA,NA,NA,NA,NA
"ONCDGDAG_01808",0,NA,NA,NA,NA,NA
"ONCDGDAG_01809",0,NA,NA,NA,NA,NA
"ONCDGDAG_01810",0,NA,NA,NA,NA,NA
"ONCDGDAG_01811",0,NA,NA,NA,NA,NA
"ONCDGDAG_01812",0,NA,NA,NA,NA,NA
"ONCDGDAG_01813",0,NA,NA,NA,NA,NA
"ONCDGDAG_01814",0,NA,NA,NA,NA,NA
"ONCDGDAG_01815",0,NA,NA,NA,NA,NA
"ONCDGDAG_01816",30.8939335935747,1.10721413064851,2.21674525813897,0.499477387662508,0.617443112884833,0.996389052131759
"ONCDGDAG_01817",0,NA,NA,NA,NA,NA
"ONCDGDAG_01818",0,NA,NA,NA,NA,NA
"ONCDGDAG_01819",0,NA,NA,NA,NA,NA
"ONCDGDAG_01820",3.48486349934128,-1.20009117654008,3.78334782471029,-0.317203501275217,0.751089193372616,NA
"ONCDGDAG_01821",0,NA,NA,NA,NA,NA
"ONCDGDAG_01822",1.85659008833985,-4.44423398034097,3.92892086814687,-1.13115894401741,0.257988198700517,NA
"ONCDGDAG_01823",0,NA,NA,NA,NA,NA
"ONCDGDAG_01824",0,NA,NA,NA,NA,NA
"ONCDGDAG_01835",0,NA,NA,NA,NA,NA
"ONCDGDAG_01836",0,NA,NA,NA,NA,NA
"ONCDGDAG_01837",0,NA,NA,NA,NA,NA
"ONCDGDAG_01838",0,NA,NA,NA,NA,NA
"ONCDGDAG_01839",3.99880942103967,-5.54963942993498,3.91707825275466,-1.41678033264519,0.156547161568836,NA
"ONCDGDAG_01840",197.965865723844,0.231903877926387,1.89438097968349,0.122416705199992,0.902569009175264,0.996389052131759
"ONCDGDAG_01841",0,NA,NA,NA,NA,NA
"ONCDGDAG_01842",0,NA,NA,NA,NA,NA
"ONCDGDAG_01843",0,NA,NA,NA,NA,NA
"ONCDGDAG_01844",0,NA,NA,NA,NA,NA
"ONCDGDAG_01845",0,NA,NA,NA,NA,NA
"ONCDGDAG_01846",0,NA,NA,NA,NA,NA
"ONCDGDAG_01847",0,NA,NA,NA,NA,NA
"ONCDGDAG_01848",0,NA,NA,NA,NA,NA
"ONCDGDAG_01849",9.55749639723337,-2.4122628774615,3.40545397244402,-0.708352806110684,0.478726192065522,0.996389052131759
"ONCDGDAG_01850",0,NA,NA,NA,NA,NA
"ONCDGDAG_01851",0,NA,NA,NA,NA,NA
"ONCDGDAG_01852",44.1174382094303,1.88542350799567,2.95045945889115,0.639027085193116,0.522805312029412,0.996389052131759
"ONCDGDAG_01853",0,NA,NA,NA,NA,NA
"ONCDGDAG_01854",0,NA,NA,NA,NA,NA
"ONCDGDAG_01855",0,NA,NA,NA,NA,NA
"ONCDGDAG_01856",26.1363419899544,-4.77610586041992,2.5554553348104,-1.86898428446775,NA,NA
"ONCDGDAG_01857",0,NA,NA,NA,NA,NA
"ONCDGDAG_01858",9.50502068499874,-3.24283224198853,2.98817993479432,-1.08521987054027,0.277824285498906,0.94770006363607
"ONCDGDAG_01859",0,NA,NA,NA,NA,NA
"ONCDGDAG_01860",0,NA,NA,NA,NA,NA
"ONCDGDAG_01861",0.329886988739503,-1.93753654224051,4.03101985942491,-0.480656660053502,0.630760538626997,NA
"ONCDGDAG_01862",0,NA,NA,NA,NA,NA
"ONCDGDAG_01863",0,NA,NA,NA,NA,NA
"ONCDGDAG_01864",0,NA,NA,NA,NA,NA
"ONCDGDAG_01865",0,NA,NA,NA,NA,NA
"ONCDGDAG_01866",0,NA,NA,NA,NA,NA
"ONCDGDAG_01867",0,NA,NA,NA,NA,NA
"ONCDGDAG_01868",0,NA,NA,NA,NA,NA
"ONCDGDAG_01869",0,NA,NA,NA,NA,NA
"ONCDGDAG_01870",0,NA,NA,NA,NA,NA
"ONCDGDAG_01871",0,NA,NA,NA,NA,NA
"ONCDGDAG_01872",0,NA,NA,NA,NA,NA
"ONCDGDAG_01873",9.22149592340485,-2.34970619831202,2.64985711995554,-0.886729394055574,0.375224608951704,0.996389052131759
"ONCDGDAG_01874",0.856887733079929,-3.33187218167947,3.95450601466972,-0.842550793782963,0.399479720695432,NA
"ONCDGDAG_01875",0,NA,NA,NA,NA,NA
"ONCDGDAG_01876",53.8879077390083,-0.0563587964562083,2.99683036422064,-0.0188061350182112,0.984995759652542,0.996389052131759
"ONCDGDAG_01877",6.34208953368891,6.21343492425998,3.838049070414,1.61890450337305,0.105467811788004,0.482808205073976
"ONCDGDAG_01878",0,NA,NA,NA,NA,NA
"ONCDGDAG_01879",0,NA,NA,NA,NA,NA
"ONCDGDAG_01880",0,NA,NA,NA,NA,NA
"ONCDGDAG_01881",31.2901923343893,-2.33461043510576,2.02399286778056,-1.15346771832542,0.248718460258396,0.883379358848787
"ONCDGDAG_01882",0,NA,NA,NA,NA,NA
"ONCDGDAG_01883",0,NA,NA,NA,NA,NA
"ONCDGDAG_01884",0,NA,NA,NA,NA,NA
"ONCDGDAG_01885",0,NA,NA,NA,NA,NA
"ONCDGDAG_01886",0,NA,NA,NA,NA,NA
"ONCDGDAG_01887",0,NA,NA,NA,NA,NA
"ONCDGDAG_01888",0,NA,NA,NA,NA,NA
"ONCDGDAG_01889",0,NA,NA,NA,NA,NA
"ONCDGDAG_01890",8.29537062840481,6.60081088912056,3.41539167919627,1.9326658577191,0.0532773737363747,0.44171286377073
"ONCDGDAG_01891",0,NA,NA,NA,NA,NA
"ONCDGDAG_01892",0,NA,NA,NA,NA,NA
"ONCDGDAG_01893",0,NA,NA,NA,NA,NA
"ONCDGDAG_01894",0,NA,NA,NA,NA,NA
"ONCDGDAG_01895",0,NA,NA,NA,NA,NA
"ONCDGDAG_01896",0,NA,NA,NA,NA,NA
"ONCDGDAG_01897",36.596194638315,-0.20667923667954,2.52452024637893,-0.08186871821527,0.934751110157471,0.996389052131759
"ONCDGDAG_01898",0,NA,NA,NA,NA,NA
"ONCDGDAG_01899",5.42695564283955,-5.98986003129041,3.91093302659415,-1.53156804030129,0.125629064212844,0.503119655439879
"ONCDGDAG_01900",10.8766745519681,6.99198076311218,3.65617546566046,1.91237560362797,NA,NA
"ONCDGDAG_01901",154.052844759512,0.917474719032764,1.77455889373577,0.517015649506743,0.60514523441633,0.996389052131759
"ONCDGDAG_01902",0,NA,NA,NA,NA,NA
"ONCDGDAG_01903",0,NA,NA,NA,NA,NA
"ONCDGDAG_01904",0,NA,NA,NA,NA,NA
"ONCDGDAG_01905",0,NA,NA,NA,NA,NA
"ONCDGDAG_01906",0,NA,NA,NA,NA,NA
"ONCDGDAG_01907",12.4078804515505,-1.54111201871967,3.37899623179207,-0.456085746476944,0.648328319407107,0.996389052131759
"ONCDGDAG_01908",0,NA,NA,NA,NA,NA
"ONCDGDAG_01909",0,NA,NA,NA,NA,NA
"ONCDGDAG_01910",0,NA,NA,NA,NA,NA
"ONCDGDAG_01911",0,NA,NA,NA,NA,NA
"ONCDGDAG_01912",0,NA,NA,NA,NA,NA
"ONCDGDAG_01913",0,NA,NA,NA,NA,NA
"ONCDGDAG_01914",0,NA,NA,NA,NA,NA
"ONCDGDAG_01915",0,NA,NA,NA,NA,NA
"ONCDGDAG_01916",712.640940612733,1.22873376224213,1.78070586032389,0.690026236011062,0.490177688633094,0.996389052131759
"ONCDGDAG_01917",66.9656770210751,-0.225438576144337,1.81907185642356,-0.123930550268403,0.901370263788078,0.996389052131759
"ONCDGDAG_01918",0,NA,NA,NA,NA,NA
"ONCDGDAG_01919",0,NA,NA,NA,NA,NA
"ONCDGDAG_01920",0,NA,NA,NA,NA,NA
"ONCDGDAG_01921",0,NA,NA,NA,NA,NA
"ONCDGDAG_01922",0,NA,NA,NA,NA,NA
"ONCDGDAG_01923",21.4818294040175,7.97274902232903,3.13708215392562,2.54145369204063,0.011039256861916,0.202159012918308
"ONCDGDAG_01924",8.05156427872962,6.55826773455782,3.74371358989268,1.75180808496245,0.0798068135283146,0.452482667527508
"ONCDGDAG_01925",0,NA,NA,NA,NA,NA
"ONCDGDAG_01926",16.1670110665223,7.5633032280963,2.70831687465663,2.79262123973407,0.00522828708041907,0.15924746707265
"ONCDGDAG_01927",0,NA,NA,NA,NA,NA
"ONCDGDAG_01928",0,NA,NA,NA,NA,NA
"ONCDGDAG_01929",46.827323499793,-0.662323973144088,2.63985790353794,-0.250893797070078,0.801896220285334,0.996389052131759
"ONCDGDAG_01930",43.5040475196134,0.119581757105003,2.26192618118677,0.0528672235635303,0.957837699667027,0.996389052131759
"ONCDGDAG_01931",16.8564419136962,-0.796486746539277,2.65131139992196,-0.300412371991733,0.763862627780613,0.996389052131759
"ONCDGDAG_01932",22.4717864651187,-3.95537928244816,3.27902041061962,-1.20626857632177,NA,NA
"ONCDGDAG_01933",0,NA,NA,NA,NA,NA
"ONCDGDAG_01934",18.7812404044686,-7.78013769688714,3.11612544199699,-2.49673443566546,0.0125342786075422,0.220118810913215
"ONCDGDAG_01935",0,NA,NA,NA,NA,NA
"ONCDGDAG_01936",0,NA,NA,NA,NA,NA
"ONCDGDAG_01937",2.00126517197475,3.46648071915752,3.92918691514162,0.882238690605173,0.377647743121742,NA
"ONCDGDAG_01938",0,NA,NA,NA,NA,NA
"ONCDGDAG_01939",42.6444008664177,-5.93211183656309,2.8166305196082,-2.10610223643684,0.0351954726191326,0.356570525879081
"ONCDGDAG_01940",2.41603410807197,4.82159645961795,3.92384732918916,1.22879308370397,0.219149395327524,NA
"ONCDGDAG_01941",0,NA,NA,NA,NA,NA
"ONCDGDAG_01942",0,NA,NA,NA,NA,NA
"ONCDGDAG_01943",0,NA,NA,NA,NA,NA
"ONCDGDAG_01944",23.6570505495632,-2.3961348186918,3.3158142613812,-0.722638432013283,NA,NA
"ONCDGDAG_01945",0,NA,NA,NA,NA,NA
"ONCDGDAG_01946",0,NA,NA,NA,NA,NA
"ONCDGDAG_01947",75.5393844786281,-0.450360367592448,2.24474004123505,-0.200629186150509,0.840988534819167,0.996389052131759
"ONCDGDAG_01948",0.282511027323846,1.74295067379676,4.04872495175106,0.430493721990906,0.666836532520529,NA
"ONCDGDAG_01949",0,NA,NA,NA,NA,NA
"ONCDGDAG_01950",0,NA,NA,NA,NA,NA
"ONCDGDAG_01951",0,NA,NA,NA,NA,NA
"ONCDGDAG_01952",0,NA,NA,NA,NA,NA
"ONCDGDAG_01953",0,NA,NA,NA,NA,NA
"ONCDGDAG_01954",0,NA,NA,NA,NA,NA
"ONCDGDAG_01955",0,NA,NA,NA,NA,NA
"ONCDGDAG_01956",35.5412657427901,-0.0374859417288847,2.59578152170366,-0.0144411004606743,0.988478069377055,0.996389052131759
"ONCDGDAG_01957",0,NA,NA,NA,NA,NA
"ONCDGDAG_01958",0,NA,NA,NA,NA,NA
"ONCDGDAG_01959",0,NA,NA,NA,NA,NA
"ONCDGDAG_01960",0,NA,NA,NA,NA,NA
"ONCDGDAG_01961",0.714073110899941,-3.06994952100684,3.96393966283225,-0.774469286147848,0.438653324339845,NA
"ONCDGDAG_01962",0,NA,NA,NA,NA,NA
"ONCDGDAG_01963",0,NA,NA,NA,NA,NA
"ONCDGDAG_01964",21.1698467238525,-0.127145911754909,3.09369248633591,-0.0410984324772038,0.967217424251396,0.996389052131759
"ONCDGDAG_01965",0,NA,NA,NA,NA,NA
"ONCDGDAG_01966",18.5041927701898,-2.63313902718253,3.3179671523374,-0.793600088936254,NA,NA
"ONCDGDAG_01967",199.080786317122,2.16659029275602,1.9870100373678,1.09037712543522,0.275547053874938,0.94770006363607
"ONCDGDAG_01968",0,NA,NA,NA,NA,NA
"ONCDGDAG_01969",57.4976633240401,6.30066647813671,2.80743774434773,2.24427647267405,0.0248146183527052,0.273847038249497
"ONCDGDAG_01970",0,NA,NA,NA,NA,NA
"ONCDGDAG_01971",0,NA,NA,NA,NA,NA
"ONCDGDAG_01972",0,NA,NA,NA,NA,NA
"ONCDGDAG_01973",0,NA,NA,NA,NA,NA
"ONCDGDAG_01974",11.1458897814272,6.04658670499866,2.66398502002692,2.26975251720355,0.0232226030132748,0.26253572243994
"ONCDGDAG_01975",0,NA,NA,NA,NA,NA
"ONCDGDAG_01976",0,NA,NA,NA,NA,NA
"ONCDGDAG_01978",0,NA,NA,NA,NA,NA
"ONCDGDAG_01979",0,NA,NA,NA,NA,NA
"ONCDGDAG_01980",1.836321677605,4.42825457199723,3.92918702094271,1.1270154737849,0.259735938724452,NA
"ONCDGDAG_01981",0,NA,NA,NA,NA,NA
"ONCDGDAG_01982",1.81437843806727,-4.40597294708386,3.92951455215485,-1.12125121019535,0.262180947065815,NA
"ONCDGDAG_01983",15.8974058145048,0.667519308334321,3.09151858944688,0.215919551838681,0.829050456400271,0.996389052131759
"ONCDGDAG_01984",29.3109314728481,-2.69202987050683,2.89982279711571,-0.928342888118693,0.353229733625524,0.996389052131759
"ONCDGDAG_01985",0,NA,NA,NA,NA,NA
"ONCDGDAG_01986",0,NA,NA,NA,NA,NA
"ONCDGDAG_01987",3.33708788168539,3.39601324888396,3.15612570276938,1.07600696825988,0.281924139988693,NA
"ONCDGDAG_01988",0,NA,NA,NA,NA,NA
"ONCDGDAG_01989",0,NA,NA,NA,NA,NA
"ONCDGDAG_01990",0,NA,NA,NA,NA,NA
"ONCDGDAG_01991",86.052312824577,1.63970581839609,2.29059571713908,0.715842523465495,0.474088591960798,0.996389052131759
"ONCDGDAG_01992",55.0642747220548,-2.12468545021106,2.55501989618154,-0.831572956980253,0.40565003178824,0.996389052131759
"ONCDGDAG_01993",0,NA,NA,NA,NA,NA
"ONCDGDAG_01994",20.3169869380175,-2.35458520612453,3.31709226204082,-0.709834101712892,NA,NA
"ONCDGDAG_01995",0,NA,NA,NA,NA,NA
"ONCDGDAG_01996",0,NA,NA,NA,NA,NA
"ONCDGDAG_01997",0,NA,NA,NA,NA,NA
"ONCDGDAG_01998",11.1904248821714,-7.03329207333857,3.20361953969963,-2.19542051925367,0.0281334465361667,0.289774499322517
"ONCDGDAG_01999",0,NA,NA,NA,NA,NA
"ONCDGDAG_02000",0,NA,NA,NA,NA,NA
"ONCDGDAG_02001",0,NA,NA,NA,NA,NA
"ONCDGDAG_02002",0,NA,NA,NA,NA,NA
"ONCDGDAG_02003",35.9425465918615,-1.54270516498459,2.41805179156062,-0.637995087768126,0.523476877740381,0.996389052131759
"ONCDGDAG_02004",0,NA,NA,NA,NA,NA
"ONCDGDAG_02005",0,NA,NA,NA,NA,NA
"ONCDGDAG_02006",7.84351601212605,3.65828620694395,3.0570553244751,1.19666993843891,0.231435228593455,0.846313439471923
"ONCDGDAG_02007",0,NA,NA,NA,NA,NA
"ONCDGDAG_02008",95.8693220659688,-0.397515709021789,2.25907052698388,-0.175964275693738,0.8603220083405,0.996389052131759
"ONCDGDAG_02009",0,NA,NA,NA,NA,NA
"ONCDGDAG_02010",0,NA,NA,NA,NA,NA
"ONCDGDAG_02011",2.03605472239172,-1.80029264226406,3.83365017551552,-0.469602744079789,0.638638863805918,NA
"ONCDGDAG_02012",0,NA,NA,NA,NA,NA
"ONCDGDAG_02013",2.57066319923979,-4.91294368882536,3.92278785609238,-1.25241126185175,0.210420044753128,NA
"ONCDGDAG_02014",4.24546095244802,2.30049662314664,3.69740092725974,0.622192904801269,0.533815030927025,NA
"ONCDGDAG_02015",0,NA,NA,NA,NA,NA
"ONCDGDAG_02016",0,NA,NA,NA,NA,NA
"ONCDGDAG_02017",0,NA,NA,NA,NA,NA
"ONCDGDAG_02018",8.87682135987489,6.69719816191517,3.71988511992204,1.80037768533441,0.0718010218602902,0.44171286377073
"ONCDGDAG_02019",0,NA,NA,NA,NA,NA
"ONCDGDAG_02020",0,NA,NA,NA,NA,NA
"ONCDGDAG_02021",0,NA,NA,NA,NA,NA
"ONCDGDAG_02022",0,NA,NA,NA,NA,NA
"ONCDGDAG_02023",0,NA,NA,NA,NA,NA
"ONCDGDAG_02024",0,NA,NA,NA,NA,NA
"ONCDGDAG_02025",0,NA,NA,NA,NA,NA
"ONCDGDAG_02026",0,NA,NA,NA,NA,NA
"ONCDGDAG_02027",0,NA,NA,NA,NA,NA
"ONCDGDAG_02028",0,NA,NA,NA,NA,NA
"ONCDGDAG_02029",0,NA,NA,NA,NA,NA
"ONCDGDAG_02030",0,NA,NA,NA,NA,NA
"ONCDGDAG_02031",0,NA,NA,NA,NA,NA
"ONCDGDAG_02032",83.6508889417131,-0.86237901082343,2.33523749481233,-0.369289638736609,0.711911847707415,0.996389052131759
"ONCDGDAG_02033",0.453006395263494,2.40956022186386,3.99681559091717,0.602870001643215,0.546595173706482,NA
"ONCDGDAG_02034",53.7352793818954,1.92692820144853,2.35613689797726,0.817833718873804,0.413452141462729,0.996389052131759
"ONCDGDAG_02035",0,NA,NA,NA,NA,NA
"ONCDGDAG_02036",4.94394297816731,5.85505528956838,3.91511732191546,1.49549931921422,0.134784177448437,NA
"ONCDGDAG_02037",0,NA,NA,NA,NA,NA
"ONCDGDAG_02038",0,NA,NA,NA,NA,NA
"ONCDGDAG_02039",0,NA,NA,NA,NA,NA
"ONCDGDAG_02040",0,NA,NA,NA,NA,NA
"ONCDGDAG_02041",11.5152323797187,-2.56790656648375,3.3644630670825,-0.763244094312651,0.445317836250085,0.996389052131759
"ONCDGDAG_02042",0,NA,NA,NA,NA,NA
"ONCDGDAG_02043",0,NA,NA,NA,NA,NA
"ONCDGDAG_02044",0,NA,NA,NA,NA,NA
"ONCDGDAG_02045",0,NA,NA,NA,NA,NA
"ONCDGDAG_02046",0.824717471848757,-3.26589865293602,3.95672539119462,-0.825404426651397,0.409142022601448,NA
"ONCDGDAG_02047",10.7213271340338,-6.97069193973836,3.6655255148385,-1.90168965173483,0.0572117395295365,0.44171286377073
"ONCDGDAG_02048",0,NA,NA,NA,NA,NA
"ONCDGDAG_02049",0,NA,NA,NA,NA,NA
"ONCDGDAG_02050",0,NA,NA,NA,NA,NA
"ONCDGDAG_02051",12.9390775791068,-7.24229043124911,3.62214252449975,-1.99944932654171,NA,NA
"ONCDGDAG_02052",0,NA,NA,NA,NA,NA
"ONCDGDAG_02053",78.1118970706671,-0.55903159268157,2.66406747138712,-0.209841379276514,0.833791475994454,0.996389052131759
"ONCDGDAG_02054",9.96614069579686,6.86541766906999,3.68114789612192,1.86502087468495,0.0621784782743563,0.44171286377073
"ONCDGDAG_02055",0,NA,NA,NA,NA,NA
"ONCDGDAG_02056",0,NA,NA,NA,NA,NA
"ONCDGDAG_02057",0.476059584290856,2.47408803984314,3.99292128089492,0.619618536353571,0.535508960060906,NA
"ONCDGDAG_02059",0,NA,NA,NA,NA,NA
"ONCDGDAG_02060",0,NA,NA,NA,NA,NA
"ONCDGDAG_02061",0,NA,NA,NA,NA,NA
"ONCDGDAG_02062",56.4329403557461,0.975038380883568,2.20065031675046,0.443068293704805,0.657716337858268,0.996389052131759
"ONCDGDAG_02063",4.30900119412317,-3.08691895273875,3.6973905317857,-0.834891236454777,0.403778949435607,NA
"ONCDGDAG_02064",1.4659655526363,1.26756453496587,3.8644709209031,0.328004676684085,0.742908126591418,NA
"ONCDGDAG_02065",326.495934129766,0.587339019433935,1.78046771979884,0.329879060935905,0.74149134566248,0.996389052131759
"ONCDGDAG_02066",0,NA,NA,NA,NA,NA
"ONCDGDAG_02067",0,NA,NA,NA,NA,NA
"ONCDGDAG_02068",86.4091944918318,-0.115683213828519,2.27690268794267,-0.0508072718439479,0.959479096269521,0.996389052131759
"ONCDGDAG_02069",1.10455540309449,-3.69126350582343,3.94402976272129,-0.935911676101688,0.349318664985948,NA
"ONCDGDAG_02070",778.563926042487,0.528556934680763,1.8022316369081,0.293279134522104,0.769308801040323,0.996389052131759
"ONCDGDAG_02071",8.28324808643931,-6.59964381742722,3.73451602966171,-1.76720189845458,0.0771944218844669,0.449393080264577
"ONCDGDAG_02072",0,NA,NA,NA,NA,NA
"ONCDGDAG_02073",7.73182906018536,3.07379994514831,3.09216956186083,0.994059311320083,0.320193992878727,0.996389052131759
"ONCDGDAG_02074",0,NA,NA,NA,NA,NA
"ONCDGDAG_02075",0.151002131754498,0.961181968425817,4.0804728567969,0.235556515668218,0.813776819420815,NA
"ONCDGDAG_02076",20.8669704469551,7.931760886075,3.1199963287173,2.54223404465861,0.011014639066994,0.202159012918308
"ONCDGDAG_02077",0.302004263508996,1.82616529591611,4.04090691195321,0.451919664497645,0.651326857494724,NA
"ONCDGDAG_02078",0,NA,NA,NA,NA,NA
"ONCDGDAG_02079",10.2997662204199,1.92411197547755,3.11903048807266,0.616894250580576,0.537304479326207,0.996389052131759
"ONCDGDAG_02080",0.142814622179988,-0.962371383216672,4.0804728567969,-0.235848005118729,0.813550616001249,NA
"ONCDGDAG_02081",0,NA,NA,NA,NA,NA
"ONCDGDAG_02082",0,NA,NA,NA,NA,NA
"ONCDGDAG_02083",0,NA,NA,NA,NA,NA
"ONCDGDAG_02084",0,NA,NA,NA,NA,NA
"ONCDGDAG_02085",0,NA,NA,NA,NA,NA
"ONCDGDAG_02086",0,NA,NA,NA,NA,NA
"ONCDGDAG_02087",0.151002131754498,0.961181968425817,4.0804728567969,0.235556515668218,0.813776819420815,NA
"ONCDGDAG_02088",0,NA,NA,NA,NA,NA
"ONCDGDAG_02089",0,NA,NA,NA,NA,NA
"ONCDGDAG_02090",20.1632914375976,0.269762376873458,3.35126980027815,0.0804955712163396,NA,NA
"ONCDGDAG_02091",35.3932648835777,5.73250157880741,2.42957599549034,2.35946584484198,0.0183012654916556,0.245873523344416
"ONCDGDAG_02092",18.7472750122859,-1.91558704288278,2.5662539602257,-0.746452639751333,0.455394030780477,0.996389052131759
"ONCDGDAG_02093",0,NA,NA,NA,NA,NA
"ONCDGDAG_02094",0,NA,NA,NA,NA,NA
"ONCDGDAG_02095",11.2874332041761,-0.862334876672854,3.04988421483306,-0.282743480057014,0.777373483334988,0.996389052131759
"ONCDGDAG_02096",21.406703224205,0.777316477765834,2.9687554728523,0.26183243614167,0.793450630758476,0.996389052131759
"ONCDGDAG_02097",0,NA,NA,NA,NA,NA
"ONCDGDAG_02098",0.142814622179988,-0.962371383216672,4.0804728567969,-0.235848005118729,0.813550616001249,NA
"ONCDGDAG_02099",0,NA,NA,NA,NA,NA
"ONCDGDAG_02100",0,NA,NA,NA,NA,NA
"ONCDGDAG_02101",0,NA,NA,NA,NA,NA
"ONCDGDAG_02102",0,NA,NA,NA,NA,NA
"ONCDGDAG_02103",0,NA,NA,NA,NA,NA
"ONCDGDAG_02104",0,NA,NA,NA,NA,NA
"ONCDGDAG_02105",0,NA,NA,NA,NA,NA
"ONCDGDAG_02106",0,NA,NA,NA,NA,NA
"ONCDGDAG_02107",0,NA,NA,NA,NA,NA
"ONCDGDAG_02108",3.84196282219709,-1.01319192468902,3.76108725485628,-0.269388040221825,0.787631088625057,NA
"ONCDGDAG_02109",0,NA,NA,NA,NA,NA
"ONCDGDAG_02110",0,NA,NA,NA,NA,NA
"ONCDGDAG_02111",17.2982457896022,0.492766666259627,2.48473635474295,0.198317485603258,0.842796671847352,0.996389052131759
"ONCDGDAG_02112",0,NA,NA,NA,NA,NA
"ONCDGDAG_02113",41.3378829593574,0.0660218259618488,3.36223992056141,0.0196362625873601,NA,NA
"ONCDGDAG_02114",0,NA,NA,NA,NA,NA
"ONCDGDAG_02115",1.35901918579048,3.99211120491716,3.93707120410523,1.01397993532719,0.310592326584799,NA
"ONCDGDAG_02116",0,NA,NA,NA,NA,NA
"ONCDGDAG_02117",5.68140271683822,-0.0154994211602317,3.5759245126744,-0.00433438152995009,0.996541674725141,0.997378113066712
"ONCDGDAG_02118",0,NA,NA,NA,NA,NA
"ONCDGDAG_02119",0,NA,NA,NA,NA,NA
"ONCDGDAG_02120",7.5740941926479,-6.46964841897563,3.76943857961601,-1.7163427078933,0.0860993359246485,0.455716824368424
"ONCDGDAG_02121",0,NA,NA,NA,NA,NA
"ONCDGDAG_02122",0,NA,NA,NA,NA,NA
"ONCDGDAG_02123",0,NA,NA,NA,NA,NA
"ONCDGDAG_02124",0,NA,NA,NA,NA,NA
"ONCDGDAG_02125",0,NA,NA,NA,NA,NA
"ONCDGDAG_02126",4.71991165939891,5.78833297590538,3.54727982149217,1.63176666831728,0.102728649519437,NA
"ONCDGDAG_02127",0,NA,NA,NA,NA,NA
"ONCDGDAG_02128",0,NA,NA,NA,NA,NA
"ONCDGDAG_02129",0,NA,NA,NA,NA,NA
"ONCDGDAG_02130",0,NA,NA,NA,NA,NA
"ONCDGDAG_02131",0,NA,NA,NA,NA,NA
"ONCDGDAG_02132",27.3833185001827,2.00791618846511,2.20197845417351,0.911869135076871,0.361837611070514,0.996389052131759
"ONCDGDAG_02133",0,NA,NA,NA,NA,NA
"ONCDGDAG_02134",0,NA,NA,NA,NA,NA
"ONCDGDAG_02135",0,NA,NA,NA,NA,NA
"ONCDGDAG_02136",20.936059499892,-0.389707562853594,3.35440285941601,-0.116177924711596,NA,NA
"ONCDGDAG_02137",0,NA,NA,NA,NA,NA
"ONCDGDAG_02138",15.0899631365928,-1.4329156855409,2.96108258343592,-0.483916150652644,0.628445377828576,0.996389052131759
"ONCDGDAG_02139",0,NA,NA,NA,NA,NA
"ONCDGDAG_02140",906.44978001283,0.48129678038775,1.76404349222918,0.272837252884024,0.784978321891747,0.996389052131759
"ONCDGDAG_02141",50.2346203065491,0.314599496214328,3.00560401020603,0.104670973004446,0.916636895594988,0.996389052131759
"ONCDGDAG_02142",0,NA,NA,NA,NA,NA
"ONCDGDAG_02143",0,NA,NA,NA,NA,NA
"ONCDGDAG_02144",187.687795121243,-0.785865330031388,1.84207402158255,-0.426619843081138,0.669656242361311,0.996389052131759
"ONCDGDAG_02145",271.72420072004,-0.903055669926109,1.78307943911907,-0.506458461756625,0.612534842821858,0.996389052131759
"ONCDGDAG_02146",0,NA,NA,NA,NA,NA
"ONCDGDAG_02147",0,NA,NA,NA,NA,NA
"ONCDGDAG_02148",0,NA,NA,NA,NA,NA
"ONCDGDAG_02149",67.1781457014547,-0.66765728893041,2.0233695606962,-0.329972982642223,0.741420376561788,0.996389052131759
"ONCDGDAG_02150",39.8586684590461,22.1621839918866,3.52076345519307,6.29470973382143,NA,NA
"ONCDGDAG_02151",0,NA,NA,NA,NA,NA
"ONCDGDAG_02152",550.304389598757,1.29849722674613,1.87233315161242,0.693518258557721,0.4879843715319,0.996389052131759
"ONCDGDAG_02153",0,NA,NA,NA,NA,NA
"ONCDGDAG_02154",11.1522560587021,0.756260521234322,3.02476584591836,0.250022831438283,0.802569692306054,0.996389052131759
"ONCDGDAG_02155",0,NA,NA,NA,NA,NA
"ONCDGDAG_02156",0.174055320781861,0.961181968425817,4.0804728567969,0.235556515668218,0.813776819420815,NA
"ONCDGDAG_02157",0,NA,NA,NA,NA,NA
"ONCDGDAG_02158",0,NA,NA,NA,NA,NA
"ONCDGDAG_02159",0.659773977479006,-2.94283498986689,3.96916335511087,-0.741424508537186,0.458436088789332,NA
"ONCDGDAG_02160",0,NA,NA,NA,NA,NA
"ONCDGDAG_02161",0,NA,NA,NA,NA,NA
"ONCDGDAG_02162",791.49786886174,0.322823920677548,1.79643426320387,0.179702607153464,0.857386046554073,0.996389052131759
"ONCDGDAG_02163",0,NA,NA,NA,NA,NA
"ONCDGDAG_02164",0,NA,NA,NA,NA,NA
"ONCDGDAG_02165",0,NA,NA,NA,NA,NA
"ONCDGDAG_02166",0,NA,NA,NA,NA,NA
"ONCDGDAG_02167",0.285629244359976,-1.75700108771425,4.0472885345462,-0.434118070089918,0.664202704139799,NA
"ONCDGDAG_02168",113.487967791263,-1.43314918505544,2.2700572165628,-0.631327340385469,0.527826513864097,0.996389052131759
"ONCDGDAG_02169",0,NA,NA,NA,NA,NA
"ONCDGDAG_02170",12.0126079344813,-7.13537093798048,3.18951904669058,-2.23713068758253,0.0252777998124591,0.274064566387714
"ONCDGDAG_02171",16.2808669285186,-21.680451122186,3.57927509683942,-6.05721844105538,NA,NA
"ONCDGDAG_02172",47.1059040012379,-2.1608546451354,2.92782525698721,-0.738040851303728,0.460489625145493,0.996389052131759
"ONCDGDAG_02173",0,NA,NA,NA,NA,NA
"ONCDGDAG_02174",0,NA,NA,NA,NA,NA
"ONCDGDAG_02175",26.6824475749886,-5.09650135881331,2.53389863846432,-2.01132803082529,0.0442908195989543,0.412720272163037
"ONCDGDAG_02176",0,NA,NA,NA,NA,NA
"ONCDGDAG_02177",0,NA,NA,NA,NA,NA
"ONCDGDAG_02178",92.3738923486536,2.00277403249643,2.25761775247914,0.887118304370672,0.375015210175641,0.996389052131759
"ONCDGDAG_02179",0,NA,NA,NA,NA,NA
"ONCDGDAG_02180",0.30775811654974,-1.84935741091458,4.03872019733712,-0.457906792387829,0.647019406755977,NA
"ONCDGDAG_02181",0,NA,NA,NA,NA,NA
"ONCDGDAG_02182",173.060065780661,-1.12703669476558,2.23013522170607,-0.505366976762686,0.613301108691982,0.996389052131759
"ONCDGDAG_02183",0,NA,NA,NA,NA,NA
"ONCDGDAG_02184",0,NA,NA,NA,NA,NA
"ONCDGDAG_02185",0,NA,NA,NA,NA,NA
"ONCDGDAG_02186",0,NA,NA,NA,NA,NA
"ONCDGDAG_02187",0,NA,NA,NA,NA,NA
"ONCDGDAG_02188",0,NA,NA,NA,NA,NA
"ONCDGDAG_02189",0,NA,NA,NA,NA,NA
"ONCDGDAG_02190",0,NA,NA,NA,NA,NA
"ONCDGDAG_02191",0,NA,NA,NA,NA,NA
"ONCDGDAG_02192",21.7533491039362,21.3216046935106,3.54478402482999,6.01492348875422,NA,NA
"ONCDGDAG_02193",0,NA,NA,NA,NA,NA
"ONCDGDAG_02194",0,NA,NA,NA,NA,NA
"ONCDGDAG_02195",9.49701586036931,-3.52982948533617,3.3947904608188,-1.03977830916987,0.298442908766996,0.981051689457467
"ONCDGDAG_02196",0,NA,NA,NA,NA,NA
"ONCDGDAG_02197",0,NA,NA,NA,NA,NA
"ONCDGDAG_02198",0,NA,NA,NA,NA,NA
"ONCDGDAG_02199",0,NA,NA,NA,NA,NA
"ONCDGDAG_02200",0,NA,NA,NA,NA,NA
"ONCDGDAG_02201",23.5736271637693,0.181305946846222,2.60659896850097,0.0695565175300019,0.944546647056158,0.996389052131759
"ONCDGDAG_02202",230.82272549309,0.67126767304952,1.8099944695602,0.370867250888688,0.710736408421684,0.996389052131759
"ONCDGDAG_02203",0,NA,NA,NA,NA,NA
"ONCDGDAG_02204",19.0565041833105,2.98210877660472,3.30925607825737,0.901141738833061,NA,NA
"ONCDGDAG_02205",0,NA,NA,NA,NA,NA
"ONCDGDAG_02206",0,NA,NA,NA,NA,NA
"ONCDGDAG_02207",0,NA,NA,NA,NA,NA
"ONCDGDAG_02208",0,NA,NA,NA,NA,NA
"ONCDGDAG_02209",0,NA,NA,NA,NA,NA
"ONCDGDAG_02210",15.5381065028115,20.8489917912398,3.58590184104767,5.81415574530853,NA,NA
"ONCDGDAG_02211",0,NA,NA,NA,NA,NA
"ONCDGDAG_02212",0,NA,NA,NA,NA,NA
"ONCDGDAG_02213",0,NA,NA,NA,NA,NA
"ONCDGDAG_02214",0,NA,NA,NA,NA,NA
"ONCDGDAG_02215",0,NA,NA,NA,NA,NA
"ONCDGDAG_02216",25.0714111442022,-22.2694178238997,3.53886853611398,-6.29280731867867,NA,NA
"ONCDGDAG_02217",81.710998856957,-0.582088946105482,1.83246997073599,-0.31765265210414,0.750748430413479,0.996389052131759
"ONCDGDAG_02218",0,NA,NA,NA,NA,NA
"ONCDGDAG_02219",0,NA,NA,NA,NA,NA
"ONCDGDAG_02220",1.77927554275594,1.07331004703084,3.83465727059429,0.27989725581512,0.779556332653739,NA
"ONCDGDAG_02221",0,NA,NA,NA,NA,NA
"ONCDGDAG_02222",0,NA,NA,NA,NA,NA
"ONCDGDAG_02223",22.5532358175923,0.692557073018921,2.68528643560175,0.257908081550237,0.79647784763764,0.996389052131759
"ONCDGDAG_02224",0,NA,NA,NA,NA,NA
"ONCDGDAG_02225",0,NA,NA,NA,NA,NA
"ONCDGDAG_02226",0,NA,NA,NA,NA,NA
"ONCDGDAG_02227",0.151002131754498,0.961181968425817,4.0804728567969,0.235556515668218,0.813776819420815,NA
"ONCDGDAG_02228",6.09193622736512,6.15371110172291,3.86159469159857,1.59356731950952,0.111032979055573,0.488717815539409
"ONCDGDAG_02229",2.67327786243529,-3.92873089411978,3.27766262309956,-1.19863797647499,0.230668744748849,NA
"ONCDGDAG_02230",706.158813308767,0.864569131612811,1.80521729743473,0.478928012068901,0.631989842189666,0.996389052131759
"ONCDGDAG_02231",0,NA,NA,NA,NA,NA
"ONCDGDAG_02232",5.93273157380077,6.1179125943183,3.86749965369584,1.58187799408642,0.113677425492925,0.488717815539409
"ONCDGDAG_02233",0,NA,NA,NA,NA,NA
"ONCDGDAG_02234",0,NA,NA,NA,NA,NA
"ONCDGDAG_02235",0,NA,NA,NA,NA,NA
"ONCDGDAG_02236",0,NA,NA,NA,NA,NA
"ONCDGDAG_02237",0,NA,NA,NA,NA,NA
"ONCDGDAG_02238",0,NA,NA,NA,NA,NA
"ONCDGDAG_02239",0,NA,NA,NA,NA,NA
"ONCDGDAG_02240",0,NA,NA,NA,NA,NA
"ONCDGDAG_02241",0,NA,NA,NA,NA,NA
"ONCDGDAG_02242",0,NA,NA,NA,NA,NA
"ONCDGDAG_02243",0,NA,NA,NA,NA,NA
"ONCDGDAG_02244",0.141255513661923,0.961181968425817,4.0804728567969,0.235556515668218,0.813776819420815,NA
"ONCDGDAG_02245",0,NA,NA,NA,NA,NA
"ONCDGDAG_02246",0,NA,NA,NA,NA,NA
"ONCDGDAG_02247",0.302004263508996,1.82616529591611,4.04090691195321,0.451919664497645,0.651326857494724,NA
"ONCDGDAG_02248",0,NA,NA,NA,NA,NA
"ONCDGDAG_02249",3.71318017667969,-5.44282724458945,3.91786965977398,-1.38923132141753,0.164762420245026,NA
"ONCDGDAG_02250",16.7191492292757,-7.61213456250348,3.17681352886922,-2.39615403715968,0.016568125929049,0.241369485948827
"ONCDGDAG_02251",0,NA,NA,NA,NA,NA
"ONCDGDAG_02252",0,NA,NA,NA,NA,NA
"ONCDGDAG_02253",0,NA,NA,NA,NA,NA
"ONCDGDAG_02254",0,NA,NA,NA,NA,NA
"ONCDGDAG_02255",0,NA,NA,NA,NA,NA
"ONCDGDAG_02256",0,NA,NA,NA,NA,NA
"ONCDGDAG_02257",0.285629244359976,-1.75700108771425,4.0472885345462,-0.434118070089918,0.664202704139799,NA
"ONCDGDAG_02258",0,NA,NA,NA,NA,NA
"ONCDGDAG_02259",2.17496937099786,-1.37938600933584,3.82290884338099,-0.36082105690909,0.718233220595969,NA
"ONCDGDAG_02260",0,NA,NA,NA,NA,NA
"ONCDGDAG_02261",0,NA,NA,NA,NA,NA
"ONCDGDAG_02262",0,NA,NA,NA,NA,NA
"ONCDGDAG_02263",0,NA,NA,NA,NA,NA
"ONCDGDAG_02264",0,NA,NA,NA,NA,NA
"ONCDGDAG_02265",27.8687721393711,-0.551258854243487,3.34695729570402,-0.164704477989921,NA,NA
"ONCDGDAG_02266",20.1231063131097,-21.9670687256188,3.55828167953653,-6.17350471491622,NA,NA
"ONCDGDAG_02267",11.0995365729144,-0.536691176742014,3.40241617914206,-0.157738250844241,0.87466305797907,0.996389052131759
"ONCDGDAG_02268",0,NA,NA,NA,NA,NA
"ONCDGDAG_02269",0,NA,NA,NA,NA,NA
"ONCDGDAG_02270",32.5124278005173,-1.86859683320336,2.35933025698932,-0.792003081242144,0.428358879611072,0.996389052131759
"ONCDGDAG_02271",0,NA,NA,NA,NA,NA
"ONCDGDAG_02272",0,NA,NA,NA,NA,NA
"ONCDGDAG_02273",0,NA,NA,NA,NA,NA
"ONCDGDAG_02274",0,NA,NA,NA,NA,NA
"ONCDGDAG_02275",0,NA,NA,NA,NA,NA
"ONCDGDAG_02276",0,NA,NA,NA,NA,NA
"ONCDGDAG_02277",0,NA,NA,NA,NA,NA
"ONCDGDAG_02278",431.977125751447,0.0604103512297531,1.77077732686585,0.0341151596608,0.972785319860593,0.996389052131759
"ONCDGDAG_02279",0,NA,NA,NA,NA,NA
"ONCDGDAG_02280",32.0993261106218,8.55293016873694,3.07679830254282,2.77981503099126,0.00543898690780558,0.15924746707265
"ONCDGDAG_02281",18.5732622058032,21.0311506785804,3.56402941808206,5.90094755443911,NA,NA
"ONCDGDAG_02282",0,NA,NA,NA,NA,NA
"ONCDGDAG_02283",0,NA,NA,NA,NA,NA
"ONCDGDAG_02284",1.71875414465091,3.22604773331035,3.93323954437198,0.820201184523951,0.412101426823961,NA
"ONCDGDAG_02285",57.532756793513,-1.50112564046145,2.27059574904835,-0.661115322307196,0.508538359740644,0.996389052131759
"ONCDGDAG_02286",0,NA,NA,NA,NA,NA
"ONCDGDAG_02287",0,NA,NA,NA,NA,NA
"ONCDGDAG_02288",4.27352490577319,-1.72751960643047,3.69619217507989,-0.46737818939112,0.640229324284334,NA
"ONCDGDAG_02289",0,NA,NA,NA,NA,NA
"ONCDGDAG_02290",0,NA,NA,NA,NA,NA
"ONCDGDAG_02291",0,NA,NA,NA,NA,NA
"ONCDGDAG_02292",0,NA,NA,NA,NA,NA
"ONCDGDAG_02293",11.4870428915818,-1.03080304522702,3.39237090145299,-0.303859181431345,0.76123517674885,0.996389052131759
"ONCDGDAG_02294",0,NA,NA,NA,NA,NA
"ONCDGDAG_02295",0,NA,NA,NA,NA,NA
"ONCDGDAG_02296",0,NA,NA,NA,NA,NA
"ONCDGDAG_02297",3.39352679162164,-4.28410702817287,3.4573977141379,-1.23911316614065,0.215303591813537,NA
"ONCDGDAG_02298",0,NA,NA,NA,NA,NA
"ONCDGDAG_02299",0,NA,NA,NA,NA,NA
"ONCDGDAG_02300",0,NA,NA,NA,NA,NA
"ONCDGDAG_02301",0,NA,NA,NA,NA,NA
"ONCDGDAG_02302",0,NA,NA,NA,NA,NA
"ONCDGDAG_02304",201.146596361327,1.61208627071385,1.81652822057674,0.887454569905891,0.374834214857043,0.996389052131759
"ONCDGDAG_02305",0,NA,NA,NA,NA,NA
"ONCDGDAG_02306",0,NA,NA,NA,NA,NA
"ONCDGDAG_02307",0,NA,NA,NA,NA,NA
"ONCDGDAG_02308",0,NA,NA,NA,NA,NA
"ONCDGDAG_02309",115.598607371076,1.48858314086176,1.86313087837236,0.79896863829673,0.4243085971927,0.996389052131759
"ONCDGDAG_02310",0,NA,NA,NA,NA,NA
"ONCDGDAG_02311",15.4047786696821,1.3747312143639,2.95914616544298,0.464570229892009,0.642239255440464,0.996389052131759
"ONCDGDAG_02312",44.1910930440641,-1.95788277781195,2.93952998860858,-0.666053003507105,0.505377222223951,0.996389052131759
"ONCDGDAG_02313",0,NA,NA,NA,NA,NA
"ONCDGDAG_02314",0.571258488719953,-2.74963766044336,3.97802244280887,-0.691207176423532,0.489435354645991,NA
"ONCDGDAG_02315",0,NA,NA,NA,NA,NA
"ONCDGDAG_02316",0,NA,NA,NA,NA,NA
"ONCDGDAG_02317",0,NA,NA,NA,NA,NA
"ONCDGDAG_02318",0.151002131754498,0.961181968425817,4.0804728567969,0.235556515668218,0.813776819420815,NA
"ONCDGDAG_02319",0,NA,NA,NA,NA,NA
"ONCDGDAG_02320",8.90694869596657,-6.7031378229805,3.71677839527621,-1.80348062491424,0.0713127655951711,0.44171286377073
"ONCDGDAG_02321",0,NA,NA,NA,NA,NA
"ONCDGDAG_02322",0,NA,NA,NA,NA,NA
"ONCDGDAG_02323",0.571258488719953,-2.74963766044336,3.97802244280887,-0.691207176423532,0.489435354645991,NA
"ONCDGDAG_02324",0,NA,NA,NA,NA,NA
"ONCDGDAG_02325",0,NA,NA,NA,NA,NA
"ONCDGDAG_02326",0,NA,NA,NA,NA,NA
"ONCDGDAG_02327",0,NA,NA,NA,NA,NA
"ONCDGDAG_02328",0,NA,NA,NA,NA,NA
"ONCDGDAG_02329",0,NA,NA,NA,NA,NA
"ONCDGDAG_02330",182.572220871989,0.046656009764531,1.84391226405078,0.025302727615703,0.979813498306228,0.996389052131759
"ONCDGDAG_02331",0,NA,NA,NA,NA,NA
"ONCDGDAG_02332",0,NA,NA,NA,NA,NA
"ONCDGDAG_02333",72.1779548446408,-0.128042048718382,2.08764269719408,-0.0613333157491359,0.95109375860587,0.996389052131759
"ONCDGDAG_02334",45.0751967032703,1.31342151743509,2.47880334236122,0.529861120884229,0.596208224146492,0.996389052131759
"ONCDGDAG_02335",0,NA,NA,NA,NA,NA
"ONCDGDAG_02336",5.14132639847957,-5.91191095747292,3.91479041221857,-1.51014750087797,0.131005791174608,NA
"ONCDGDAG_02337",5.80720804268032,1.61290564209364,3.55879613253838,0.453216644625048,0.650392748165159,0.996389052131759
"ONCDGDAG_02338",17.4861874807425,0.0556913845918995,3.36286820877553,0.0165606800904569,0.986787092995635,0.996389052131759
"ONCDGDAG_02339",0,NA,NA,NA,NA,NA
"ONCDGDAG_02340",1.42014266112148,-4.05404016304578,3.93577582608905,-1.03004854498389,0.302987217794637,NA
"ONCDGDAG_02341",0,NA,NA,NA,NA,NA
"ONCDGDAG_02342",0,NA,NA,NA,NA,NA
"ONCDGDAG_02343",1.66102344929948,4.28137618313721,3.93158256281756,1.08897018305752,0.276167034624638,NA
"ONCDGDAG_02344",31.1188903515163,-2.25176480760991,2.40846573459667,-0.934937448045945,0.349820536684502,0.996389052131759
"ONCDGDAG_02345",21.0390340349049,-1.70195178297059,3.01666691122077,-0.564182865744979,NA,NA
"ONCDGDAG_02346",0,NA,NA,NA,NA,NA
"ONCDGDAG_02347",0,NA,NA,NA,NA,NA
"ONCDGDAG_02348",0,NA,NA,NA,NA,NA
"ONCDGDAG_02349",0,NA,NA,NA,NA,NA
"ONCDGDAG_02350",182.867783950192,1.15824317686979,1.86028111728754,0.622617284079414,0.533536050347691,0.996389052131759
"ONCDGDAG_02351",31.1443400161668,-1.00303071631755,2.70296127628214,-0.371085862427597,0.710573580621355,0.996389052131759
"ONCDGDAG_02352",0,NA,NA,NA,NA,NA
"ONCDGDAG_02353",0,NA,NA,NA,NA,NA
"ONCDGDAG_02354",0,NA,NA,NA,NA,NA
"ONCDGDAG_02355",0.151002131754498,0.961181968425817,4.0804728567969,0.235556515668218,0.813776819420815,NA
"ONCDGDAG_02356",0,NA,NA,NA,NA,NA
"ONCDGDAG_02357",0,NA,NA,NA,NA,NA
"ONCDGDAG_02358",0,NA,NA,NA,NA,NA
"ONCDGDAG_02359",0,NA,NA,NA,NA,NA
"ONCDGDAG_02360",0,NA,NA,NA,NA,NA
"ONCDGDAG_02361",0,NA,NA,NA,NA,NA
"ONCDGDAG_02362",0,NA,NA,NA,NA,NA
"ONCDGDAG_02363",0,NA,NA,NA,NA,NA
"ONCDGDAG_02364",62.1713855233739,-1.66778091581503,2.2683393220262,-0.735243135636901,0.462191432840067,0.996389052131759
"ONCDGDAG_02365",44.9006526854656,1.88364682584723,2.60438475094165,0.723259812194098,0.469520278046587,0.996389052131759
"ONCDGDAG_02366",0,NA,NA,NA,NA,NA
"ONCDGDAG_02367",9.43982331879782,6.78778710548533,3.26719827465821,2.07755591637468,0.0377502800464114,0.370312270931465
"ONCDGDAG_02368",10.1703969836585,6.89515744464713,3.67320898048253,1.87714815064547,NA,NA
"ONCDGDAG_02369",0,NA,NA,NA,NA,NA
"ONCDGDAG_02370",0,NA,NA,NA,NA,NA
"ONCDGDAG_02371",0,NA,NA,NA,NA,NA
"ONCDGDAG_02372",0,NA,NA,NA,NA,NA
"ONCDGDAG_02373",4.84661769460238,5.82610921847641,3.51245614061801,1.65869949267219,0.0971763616866335,NA
"ONCDGDAG_02374",18.7087155055784,-21.488920622235,3.56101935811394,-6.03448576410335,NA,NA
"ONCDGDAG_02375",0,NA,NA,NA,NA,NA
"ONCDGDAG_02376",0.348110641563721,2.00515314761697,4.02549761313767,0.498113113040467,0.618404318544678,NA
"ONCDGDAG_02377",0,NA,NA,NA,NA,NA
"ONCDGDAG_02378",0,NA,NA,NA,NA,NA
"ONCDGDAG_02379",0,NA,NA,NA,NA,NA
"ONCDGDAG_02380",0,NA,NA,NA,NA,NA
"ONCDGDAG_02381",9.94427153573879,-2.31750314198352,3.39538580493984,-0.68254486385961,0.494894484387536,0.996389052131759
"ONCDGDAG_02382",0,NA,NA,NA,NA,NA
"ONCDGDAG_02383",0,NA,NA,NA,NA,NA
"ONCDGDAG_02384",7.3991044559704,6.43579292653741,3.77648067467829,1.70417737596014,0.0883479545286243,0.455716824368424
"ONCDGDAG_02385",0,NA,NA,NA,NA,NA
"ONCDGDAG_02386",19.2435496651415,7.81494458855506,3.26983679336235,2.39001059759897,NA,NA
"ONCDGDAG_02387",68.0001572166999,-1.2357443024094,2.61876661032937,-0.471880272772372,0.637012249659571,0.996389052131759
"ONCDGDAG_02388",0,NA,NA,NA,NA,NA
"ONCDGDAG_02389",0,NA,NA,NA,NA,NA
"ONCDGDAG_02390",20.9779761914669,-1.64209560459892,2.93273457727779,-0.559919611314822,0.575534271377295,0.996389052131759
"ONCDGDAG_02391",896.058976913988,-0.0864442034860355,1.7564473321227,-0.0492153689467966,0.960747663460192,0.996389052131759
"ONCDGDAG_02392",7.34085829820096,-2.57057941740129,3.46701911961869,-0.741437912140503,0.458427964387518,0.996389052131759
"ONCDGDAG_02393",0,NA,NA,NA,NA,NA
"ONCDGDAG_02394",3.77505329386245,5.4651682754147,3.91770690364512,1.39499161367324,0.163018368513946,NA
"ONCDGDAG_02395",0,NA,NA,NA,NA,NA
"ONCDGDAG_02396",0,NA,NA,NA,NA,NA
"ONCDGDAG_02397",0,NA,NA,NA,NA,NA
"ONCDGDAG_02398",0,NA,NA,NA,NA,NA
"ONCDGDAG_02399",1.96302771280847,4.52221425016979,3.92777691924011,1.1513419278009,0.249591594482763,NA
"ONCDGDAG_02400",183.753135583148,0.283883111334682,1.79441320926261,0.158203868467587,0.87429615554803,0.996389052131759
"ONCDGDAG_02401",37.5045962852538,1.072932668353,2.42013664619324,0.443335573650633,0.6575230286034,0.996389052131759
"ONCDGDAG_02402",0,NA,NA,NA,NA,NA
"ONCDGDAG_02403",0,NA,NA,NA,NA,NA
"ONCDGDAG_02404",0,NA,NA,NA,NA,NA
"ONCDGDAG_02405",0,NA,NA,NA,NA,NA
"ONCDGDAG_02406",0,NA,NA,NA,NA,NA
"ONCDGDAG_02407",104.753355023909,1.19829233560488,2.24822066042325,0.532995873892241,0.59403643652901,0.996389052131759
"ONCDGDAG_02408",0,NA,NA,NA,NA,NA
"ONCDGDAG_02409",0,NA,NA,NA,NA,NA
"ONCDGDAG_02410",0,NA,NA,NA,NA,NA
"ONCDGDAG_02411",0,NA,NA,NA,NA,NA
"ONCDGDAG_02412",27.7422178132371,-7.37364289429027,2.90433358245522,-2.53884159134946,0.0111220168919458,0.202159012918308
"ONCDGDAG_02413",350.329894478873,-0.0218304778732146,2.42281418830521,-0.00901038056429962,0.992810853738405,0.996389052131759
"ONCDGDAG_02414",0,NA,NA,NA,NA,NA
"ONCDGDAG_02415",0,NA,NA,NA,NA,NA
"ONCDGDAG_02416",0,NA,NA,NA,NA,NA
"ONCDGDAG_02417",0.164943494369751,-0.962371383216672,4.0804728567969,-0.235848005118729,0.813550616001249,NA
"ONCDGDAG_02418",0,NA,NA,NA,NA,NA
"ONCDGDAG_02419",0,NA,NA,NA,NA,NA
"ONCDGDAG_02420",0,NA,NA,NA,NA,NA
"ONCDGDAG_02421",0,NA,NA,NA,NA,NA
"ONCDGDAG_02422",7.42245724663881,-6.44002225240795,3.7785577725773,-1.70435987485651,0.0883138753363103,0.455716824368424
"ONCDGDAG_02423",0,NA,NA,NA,NA,NA
"ONCDGDAG_02424",0,NA,NA,NA,NA,NA
"ONCDGDAG_02425",0,NA,NA,NA,NA,NA
"ONCDGDAG_02426",1.97757719126692,4.53494205307397,3.92759283243811,1.15463650295411,0.248239311917493,NA
"ONCDGDAG_02427",75.1845236818311,0.99698229560711,2.64324629580017,0.377181005489805,0.706039095069644,0.996389052131759
"ONCDGDAG_02428",0,NA,NA,NA,NA,NA
"ONCDGDAG_02429",0,NA,NA,NA,NA,NA
"ONCDGDAG_02430",0,NA,NA,NA,NA,NA
"ONCDGDAG_02431",0,NA,NA,NA,NA,NA
"ONCDGDAG_02432",0,NA,NA,NA,NA,NA
"ONCDGDAG_02433",0,NA,NA,NA,NA,NA
"ONCDGDAG_02434",0,NA,NA,NA,NA,NA
"ONCDGDAG_02435",0,NA,NA,NA,NA,NA
"ONCDGDAG_02436",0,NA,NA,NA,NA,NA
"ONCDGDAG_02437",15.4178243545663,-1.26441927259649,3.35944377942788,-0.376377565934983,0.706636221737111,0.996389052131759
"ONCDGDAG_02438",0,NA,NA,NA,NA,NA
"ONCDGDAG_02439",11.8945511888116,-3.88061370563773,3.34099682072488,-1.16151373792561,NA,NA
"ONCDGDAG_02440",11.2161576171431,-7.03580330385682,3.65463224648105,-1.9251740884822,0.0542075825954303,0.44171286377073
"ONCDGDAG_02441",0,NA,NA,NA,NA,NA
"ONCDGDAG_02442",24.4614888769797,-8.16130703694548,2.78977429296166,-2.92543631846336,0.00343973568879026,0.15924746707265
"ONCDGDAG_02443",0,NA,NA,NA,NA,NA
"ONCDGDAG_02444",9.75326544685961,0.700598648785792,3.42330064780547,0.204655892328626,0.837840983736573,0.996389052131759
"ONCDGDAG_02445",0,NA,NA,NA,NA,NA
"ONCDGDAG_02446",0,NA,NA,NA,NA,NA
"ONCDGDAG_02447",0,NA,NA,NA,NA,NA
"ONCDGDAG_02448",0,NA,NA,NA,NA,NA
"ONCDGDAG_02449",45.4764883704278,-0.526710253438001,2.60120347464923,-0.202487140499083,0.839535910591824,0.996389052131759
"ONCDGDAG_02450",12.1641898433026,-3.91368256997815,2.9244159665172,-1.33827834849332,0.180805717108144,0.689740328227364
"ONCDGDAG_02452",57.9007680555208,-0.758354559097546,1.85157099443677,-0.409573579072094,0.682118781634835,0.996389052131759
"ONCDGDAG_02453",0,NA,NA,NA,NA,NA
"ONCDGDAG_02454",2.49841794619426,0.933194066511542,3.66399691707242,0.254692918043495,0.798960286491323,NA
"ONCDGDAG_02455",0,NA,NA,NA,NA,NA
"ONCDGDAG_02456",0,NA,NA,NA,NA,NA
"ONCDGDAG_02457",0,NA,NA,NA,NA,NA
"ONCDGDAG_02458",0,NA,NA,NA,NA,NA
"ONCDGDAG_02459",0,NA,NA,NA,NA,NA
"ONCDGDAG_02460",0,NA,NA,NA,NA,NA
"ONCDGDAG_02461",0,NA,NA,NA,NA,NA
"ONCDGDAG_02462",0,NA,NA,NA,NA,NA
"ONCDGDAG_02463",30.4596749365321,-1.43079043616585,2.58334737306024,-0.553851352352559,0.579680580648049,0.996389052131759
"ONCDGDAG_02464",36.7158708241187,0.949124454688818,2.29988173523178,0.412684026378063,0.679838129536095,0.996389052131759
"ONCDGDAG_02465",25.3094229732658,-1.36192313851229,2.70812221441563,-0.502903130169912,0.615032380291171,0.996389052131759
"ONCDGDAG_02466",32.3248680103437,0.956301823110295,2.48541345933051,0.38476568939475,0.70041102161519,0.996389052131759
"ONCDGDAG_02467",0,NA,NA,NA,NA,NA
"ONCDGDAG_02468",3.10762130056231,5.1859279005571,3.92004062704245,1.32292708008736,0.185859628741098,NA
"ONCDGDAG_02469",1643.46727786392,-0.566054496902661,1.82166254019093,-0.310735102915018,0.756002009092218,0.996389052131759
"ONCDGDAG_02470",0,NA,NA,NA,NA,NA
"ONCDGDAG_02471",0,NA,NA,NA,NA,NA
"ONCDGDAG_02472",0,NA,NA,NA,NA,NA
"ONCDGDAG_02473",0,NA,NA,NA,NA,NA
"ONCDGDAG_02474",0,NA,NA,NA,NA,NA
"ONCDGDAG_02475",0,NA,NA,NA,NA,NA
"ONCDGDAG_02476",0,NA,NA,NA,NA,NA
"ONCDGDAG_02477",0,NA,NA,NA,NA,NA
"ONCDGDAG_02478",0,NA,NA,NA,NA,NA
"ONCDGDAG_02479",0,NA,NA,NA,NA,NA
"ONCDGDAG_02480",41.0996000901954,0.384433584991312,1.99568332414447,0.192632558653119,0.847246744344825,0.996389052131759
"ONCDGDAG_02481",10.8862706284036,-6.99272367919399,3.66177404832705,-1.90965460645742,0.0561776992498606,0.44171286377073
"ONCDGDAG_02482",0,NA,NA,NA,NA,NA
"ONCDGDAG_02483",0,NA,NA,NA,NA,NA
"ONCDGDAG_02484",7.07979158256452,6.37073062726649,3.36707827347933,1.89206490310763,0.0584823338197097,0.44171286377073
"ONCDGDAG_02485",0,NA,NA,NA,NA,NA
"ONCDGDAG_02486",60.5350550588735,-6.62561245266931,2.36110571179828,-2.80614816166917,0.00501376329640144,0.15924746707265
"ONCDGDAG_02487",30.4216194265588,8.47487933943082,3.09945179934044,2.73431557839817,0.00625101015760279,0.160963511558272
"ONCDGDAG_02488",0,NA,NA,NA,NA,NA
"ONCDGDAG_02489",6.49309166544341,6.24737693186192,3.827701538433,1.63214839744781,0.102648228366517,0.480580341897786
"ONCDGDAG_02490",0,NA,NA,NA,NA,NA
"ONCDGDAG_02491",0,NA,NA,NA,NA,NA
"ONCDGDAG_02492",83.699034105221,5.82620251238308,2.14185156921543,2.72017099416335,0.00652481659736222,0.161293466286794
"ONCDGDAG_02493",11.6876690583298,-1.42477147999991,2.99578536337184,-0.475591975787042,0.634365093148204,0.996389052131759
"ONCDGDAG_02494",0,NA,NA,NA,NA,NA
"ONCDGDAG_02495",34.2827734109059,-2.40727525035207,2.91190192482755,-0.826702036159626,0.408405966996999,0.996389052131759
"ONCDGDAG_02496",1606.54546383843,0.850191939332547,1.75266882355208,0.485084191552793,0.627616625313747,0.996389052131759
"ONCDGDAG_02497",0,NA,NA,NA,NA,NA
"ONCDGDAG_02498",120.645114078711,-0.426384603053861,2.30200432554936,-0.185223198028573,0.853053974502071,0.996389052131759
"ONCDGDAG_02499",59.1645831400276,-0.922332400739167,2.21975240031605,-0.415511387940314,0.677767580343591,0.996389052131759
"ONCDGDAG_02500",0,NA,NA,NA,NA,NA
"ONCDGDAG_02501",0,NA,NA,NA,NA,NA
"ONCDGDAG_02502",121.940593464805,-0.966145085832201,2.23250825831776,-0.432762155406408,0.665187569526148,0.996389052131759
"ONCDGDAG_02511",0,NA,NA,NA,NA,NA
"ONCDGDAG_02512",7.25751375226906,-6.40759005693964,3.78703616600649,-1.69198015969744,0.0906497565925055,0.455716824368424
"ONCDGDAG_02513",3.92605542561695,5.52173196313344,3.91728658580877,1.40958080093939,0.158663499336111,NA
"ONCDGDAG_02514",28.4404821691823,-0.666641695981678,2.59255514971388,-0.25713693922972,0.797073062617621,0.996389052131759
"ONCDGDAG_02515",0,NA,NA,NA,NA,NA
"ONCDGDAG_02516",0,NA,NA,NA,NA,NA
"ONCDGDAG_02517",0,NA,NA,NA,NA,NA
"ONCDGDAG_02518",127.246490926683,0.330808749686584,1.83358246387751,0.180416619488723,0.856825507939574,0.996389052131759
"ONCDGDAG_02519",0,NA,NA,NA,NA,NA
"ONCDGDAG_02520",0,NA,NA,NA,NA,NA
"ONCDGDAG_02521",436.749794512349,-0.783681787648197,1.8465719072908,-0.424398196763416,0.671275435595358,0.996389052131759
"ONCDGDAG_02522",228.100231365531,0.371654863488724,1.79947781138742,0.20653484090597,0.836373152250489,0.996389052131759
"ONCDGDAG_02523",7.85211085123389,6.52151018857476,3.7549242657972,1.73678874111465,0.0824244670887551,0.454806434471881
"ONCDGDAG_02524",0,NA,NA,NA,NA,NA
"ONCDGDAG_02525",0,NA,NA,NA,NA,NA
"ONCDGDAG_02526",0,NA,NA,NA,NA,NA
"ONCDGDAG_02527",12.6714310076421,1.77882538940493,3.36680468249726,0.528342317762703,0.597261765143,0.996389052131759
"ONCDGDAG_02528",32.4622299989518,-0.341716785826768,3.05520632179727,-0.111847368012039,NA,NA
"ONCDGDAG_02529",72.4685736294034,0.0921351538284066,2.29807113588345,0.0400923854748242,0.968019472433303,0.996389052131759
"ONCDGDAG_02530",0,NA,NA,NA,NA,NA
"ONCDGDAG_02531",0,NA,NA,NA,NA,NA
"ONCDGDAG_02532",0,NA,NA,NA,NA,NA
"ONCDGDAG_02533",0,NA,NA,NA,NA,NA
"ONCDGDAG_02534",0,NA,NA,NA,NA,NA
"ONCDGDAG_02535",604.443478978368,1.61516984583919,1.76811914535107,0.913496044701492,0.360981712880287,0.996389052131759
"ONCDGDAG_02536",0,NA,NA,NA,NA,NA
"ONCDGDAG_02537",392.953216398746,0.171711810839086,1.77270876595192,0.0968640840148826,0.922834331445162,0.996389052131759
"ONCDGDAG_02538",155.60787637273,-0.516063703568037,2.24196677883461,-0.230183474813258,0.817949202305653,0.996389052131759
"ONCDGDAG_02539",23.0413935223447,0.0538717678688717,1.89235878384439,0.0284680517927099,0.977288848672846,0.996389052131759
"ONCDGDAG_02540",8.36306233771539,-6.61261784241747,3.7351047164625,-1.7703969083577,0.0766610444240716,0.449393080264577
"ONCDGDAG_02541",2.72556530456813,-4.99578519889907,3.91397670598878,-1.27639625224519,0.20181548039482,NA
"ONCDGDAG_02542",26.0255441768222,-1.37287699591773,3.33812976051848,-0.411271308909361,NA,NA
"ONCDGDAG_02543",0,NA,NA,NA,NA,NA
"ONCDGDAG_02544",0,NA,NA,NA,NA,NA
"ONCDGDAG_02545",5.13407247965293,5.90863727225916,3.91481292815291,1.50930258500167,0.131221474425527,NA
"ONCDGDAG_02546",0,NA,NA,NA,NA,NA
"ONCDGDAG_02547",768.510772409017,-0.208722005982571,1.78039966382251,-0.117233231517493,0.906675233534857,0.996389052131759
"ONCDGDAG_02548",0,NA,NA,NA,NA,NA
"ONCDGDAG_02549",0,NA,NA,NA,NA,NA
"ONCDGDAG_02550",0,NA,NA,NA,NA,NA
"ONCDGDAG_02551",0,NA,NA,NA,NA,NA
"ONCDGDAG_02552",0,NA,NA,NA,NA,NA
"ONCDGDAG_02553",0,NA,NA,NA,NA,NA
"ONCDGDAG_02554",0,NA,NA,NA,NA,NA
"ONCDGDAG_02555",245.905544792568,0.9260168094004,1.81016391994298,0.511565167771972,0.608955368652814,0.996389052131759
"ONCDGDAG_02556",19.0510746492449,0.139646169305375,2.34757861175668,0.0594851940659313,0.952565658017472,0.996389052131759
"ONCDGDAG_02557",0,NA,NA,NA,NA,NA
"ONCDGDAG_02558",1.836321677605,4.42825457199723,3.92918702094271,1.1270154737849,0.259735938724452,NA
"ONCDGDAG_02559",0,NA,NA,NA,NA,NA
"ONCDGDAG_02560",7.86978322673286,-6.52596425892526,3.42822633674736,-1.90359784270165,0.0569625800018214,0.44171286377073
"ONCDGDAG_02561",12.1005450321368,4.62138189812301,3.34659890043257,1.38091896747043,NA,NA
"ONCDGDAG_02562",0,NA,NA,NA,NA,NA
"ONCDGDAG_02563",0,NA,NA,NA,NA,NA
"ONCDGDAG_02564",11.0012864580203,-1.60753269310048,3.39033372941703,-0.474151756551972,0.635391693059106,0.996389052131759
"ONCDGDAG_02565",102.884635021468,-1.22680643615576,3.00789791661324,-0.407861726084473,0.683375193444446,0.996389052131759
"ONCDGDAG_02566",0,NA,NA,NA,NA,NA
"ONCDGDAG_02567",0,NA,NA,NA,NA,NA
"ONCDGDAG_02568",20.1562879569924,-2.76143366095645,3.04686957952019,-0.906318301090954,NA,NA
"ONCDGDAG_02569",0,NA,NA,NA,NA,NA
"ONCDGDAG_02570",0,NA,NA,NA,NA,NA
"ONCDGDAG_02571",0,NA,NA,NA,NA,NA
"ONCDGDAG_02572",0,NA,NA,NA,NA,NA
"ONCDGDAG_02573",0,NA,NA,NA,NA,NA
"ONCDGDAG_02574",0,NA,NA,NA,NA,NA
"ONCDGDAG_02575",0,NA,NA,NA,NA,NA
"ONCDGDAG_02576",4.22805968912594,5.6286116716336,3.91653587056778,1.43714033463394,0.150678122391793,NA
"ONCDGDAG_02577",0,NA,NA,NA,NA,NA
"ONCDGDAG_02578",0,NA,NA,NA,NA,NA
"ONCDGDAG_02579",48.6226609017253,1.43240828254395,2.56821951422886,0.55774371100597,NA,NA
"ONCDGDAG_02580",0,NA,NA,NA,NA,NA
"ONCDGDAG_02581",9.51313430053337,6.79831207694143,3.69404778796489,1.84034221189291,0.0657180117651541,0.44171286377073
"ONCDGDAG_02582",4.53006395263494,5.72811632773913,3.91588509857303,1.46278968446405,0.143524936592449,NA
"ONCDGDAG_02583",8.89909736070116,6.70259305573455,3.71125546765577,1.80601769782458,0.0709155751871208,0.44171286377073
"ONCDGDAG_02584",16.8242364257146,-21.7253926479924,3.58005681972554,-6.06844911742433,NA,NA
"ONCDGDAG_02585",5.28507461140743,5.95044638941437,3.91458312715027,1.52007153664563,0.128492997362165,NA
"ONCDGDAG_02586",5.7730223029413,-6.07732664052141,3.88585983446857,-1.56395930357909,0.117827125980827,0.488717815539409
"ONCDGDAG_02587",0,NA,NA,NA,NA,NA
"ONCDGDAG_02588",50.0555828286382,-1.38151912474767,2.4977617161191,-0.553102850376859,0.58019298497973,0.996389052131759
"ONCDGDAG_02589",0,NA,NA,NA,NA,NA
"ONCDGDAG_02590",0,NA,NA,NA,NA,NA
"ONCDGDAG_02591",14.6566182082395,0.0289212177040498,3.37582972951821,0.008567143493987,0.993164492092497,0.996389052131759
"ONCDGDAG_02592",256.756420156811,-0.822249397278748,1.8785614022225,-0.437701635041556,0.661602584093408,0.996389052131759
"ONCDGDAG_02593",0,NA,NA,NA,NA,NA
"ONCDGDAG_02594",0,NA,NA,NA,NA,NA
"ONCDGDAG_02595",0.604008527017992,2.8237408978063,3.97454385904098,0.710456595260127,0.477421037967235,NA
"ONCDGDAG_02596",0,NA,NA,NA,NA,NA
"ONCDGDAG_02597",44.8414212971118,9.03515336432683,3.10534140596878,2.90955234324972,0.00361946772595246,0.15924746707265
"ONCDGDAG_02598",0,NA,NA,NA,NA,NA
"ONCDGDAG_02599",0,NA,NA,NA,NA,NA
"ONCDGDAG_02600",0,NA,NA,NA,NA,NA
"ONCDGDAG_02601",0,NA,NA,NA,NA,NA
"ONCDGDAG_02602",0,NA,NA,NA,NA,NA
"ONCDGDAG_02603",0,NA,NA,NA,NA,NA
"ONCDGDAG_02604",0,NA,NA,NA,NA,NA
"ONCDGDAG_02605",0,NA,NA,NA,NA,NA
"ONCDGDAG_02606",0,NA,NA,NA,NA,NA
"ONCDGDAG_02607",0,NA,NA,NA,NA,NA
"ONCDGDAG_02608",0,NA,NA,NA,NA,NA
"ONCDGDAG_02609",0,NA,NA,NA,NA,NA
"ONCDGDAG_02610",1.96302771280847,4.52221425016979,3.92777691924011,1.1513419278009,0.249591594482763,NA
"ONCDGDAG_02611",0,NA,NA,NA,NA,NA
"ONCDGDAG_02612",5.36770951915308,5.97360206069868,3.91445868414774,1.5260352816827,0.127001078072202,0.503119655439879
"ONCDGDAG_02613",46.4117763418924,-8.11863557468544,2.7291579538491,-2.97477673039599,NA,NA
"ONCDGDAG_02614",210.266710881818,-0.397993900838066,1.89001884506354,-0.210576683866179,0.833217607923463,0.996389052131759
"ONCDGDAG_02615",0,NA,NA,NA,NA,NA
"ONCDGDAG_02616",43.153750657904,-0.748749247330257,2.3350522995168,-0.320656307135047,0.748470861952225,0.996389052131759
"ONCDGDAG_02617",0.453006395263494,2.40956022186386,3.99681559091717,0.602870001643215,0.546595173706482,NA
"ONCDGDAG_02618",29.4181809354676,-2.19009022420811,2.68616985822483,-0.81532082474317,0.414888691552675,0.996389052131759
"ONCDGDAG_02619",0,NA,NA,NA,NA,NA
"ONCDGDAG_02620",84.3387314815377,-1.77771683350016,1.98743971455292,-0.894475852768223,0.371067343925493,0.996389052131759
"ONCDGDAG_02621",0,NA,NA,NA,NA,NA
"ONCDGDAG_02622",0,NA,NA,NA,NA,NA
"ONCDGDAG_02623",554.859588150435,0.884089068848249,1.83762345867423,0.48110458357235,0.630442170592203,0.996389052131759
"ONCDGDAG_02624",19.6199641369002,0.61498033256747,2.62777433929352,0.234030876765776,0.814961007992697,0.996389052131759
"ONCDGDAG_02625",0,NA,NA,NA,NA,NA
"ONCDGDAG_02626",13.9652253084277,7.35220291407023,3.21071402025223,2.28989653631395,0.0220273150790459,0.258757162880414
"ONCDGDAG_02627",0,NA,NA,NA,NA,NA
"ONCDGDAG_02628",0,NA,NA,NA,NA,NA
"ONCDGDAG_02629",9.47643199209513,-1.2807561885242,3.10744469663163,-0.412157355499357,0.680224091590302,0.996389052131759
"ONCDGDAG_02630",0,NA,NA,NA,NA,NA
"ONCDGDAG_02631",39.0070488135197,-1.878964318608,3.0138346380676,-0.623446387825958,NA,NA
"ONCDGDAG_02632",0,NA,NA,NA,NA,NA
"ONCDGDAG_02633",0,NA,NA,NA,NA,NA
"ONCDGDAG_02634",0,NA,NA,NA,NA,NA
"ONCDGDAG_02635",0,NA,NA,NA,NA,NA
"ONCDGDAG_02636",0,NA,NA,NA,NA,NA
"ONCDGDAG_02637",0,NA,NA,NA,NA,NA
"ONCDGDAG_02638",0,NA,NA,NA,NA,NA
"ONCDGDAG_02639",0,NA,NA,NA,NA,NA
"ONCDGDAG_02640",0,NA,NA,NA,NA,NA
"ONCDGDAG_02641",0,NA,NA,NA,NA,NA
"ONCDGDAG_02642",0,NA,NA,NA,NA,NA
"ONCDGDAG_02643",0,NA,NA,NA,NA,NA
"ONCDGDAG_02644",0,NA,NA,NA,NA,NA
"ONCDGDAG_02645",0,NA,NA,NA,NA,NA
"ONCDGDAG_02646",6.19108740193442,6.17867496308803,3.84889401161227,1.60531179721933,0.108425204230854,0.488717815539409
"ONCDGDAG_02647",63.1657686179677,-1.44009875936832,2.60897208370086,-0.551979367033134,0.580962489662387,0.996389052131759
"ONCDGDAG_02648",0,NA,NA,NA,NA,NA
"ONCDGDAG_02649",87.175168662256,-1.97165297870437,2.63899034136796,-0.747123984425928,0.454988723731444,0.996389052131759
"ONCDGDAG_02650",0,NA,NA,NA,NA,NA
"ONCDGDAG_02651",0,NA,NA,NA,NA,NA
"ONCDGDAG_02652",56.5884797756283,-0.409160062069262,2.40928832920323,-0.169826108859529,0.865146893276407,0.996389052131759
"ONCDGDAG_02653",1.73840861639884,-1.40933915377443,3.84862643200231,-0.366192764788865,0.714221240673618,NA
"ONCDGDAG_02654",0,NA,NA,NA,NA,NA
"ONCDGDAG_02655",1.57096084397987,-4.20372571152123,3.93292645523355,-1.06885439109275,0.285135286110439,NA
"ONCDGDAG_02656",0,NA,NA,NA,NA,NA
"ONCDGDAG_02657",0.423766540985769,2.32245302680608,4.00234974603771,0.580272383518028,0.561730947789487,NA
"ONCDGDAG_02658",80.4717304593388,0.590379091775577,1.87562378891558,0.314764130879846,0.752940747785509,0.996389052131759
"ONCDGDAG_02659",0,NA,NA,NA,NA,NA
"ONCDGDAG_02660",72.5948618197814,1.46072149541213,2.335150786771,0.625536262449236,0.531619156280502,0.996389052131759
"ONCDGDAG_02661",0,NA,NA,NA,NA,NA
"ONCDGDAG_02662",0,NA,NA,NA,NA,NA
"ONCDGDAG_02663",45.7362921239562,-6.21846757646788,2.80928453361775,-2.21354138466702,0.0268603433418281,0.286201589400858
"ONCDGDAG_02664",0,NA,NA,NA,NA,NA
"ONCDGDAG_02665",0,NA,NA,NA,NA,NA
"ONCDGDAG_02666",52.7078262035982,-2.51350818865861,2.52735926386461,-0.994519546388184,0.319969994169456,0.996389052131759
"ONCDGDAG_02667",17.1249266973142,-0.987782663114475,3.36237965230251,-0.29377487531429,0.768929934964605,0.996389052131759
"ONCDGDAG_02668",0,NA,NA,NA,NA,NA
"ONCDGDAG_02669",0,NA,NA,NA,NA,NA
"ONCDGDAG_02670",76.2447879426853,-3.16851478986887,1.87296360520403,-1.69171188434476,0.0907009213548805,0.455716824368424
"ONCDGDAG_02671",48.5941497066993,-1.1215210928133,2.50774953446258,-0.447222131796208,NA,NA
"ONCDGDAG_02672",11.8015853473378,-2.69609913539598,2.65883953281144,-1.0140134829969,0.310576318700204,0.996389052131759
"ONCDGDAG_02673",11.0455540309449,-7.01400832477499,3.65659529842612,-1.91818009715048,NA,NA
"ONCDGDAG_02674",0,NA,NA,NA,NA,NA
"ONCDGDAG_02675",0,NA,NA,NA,NA,NA
"ONCDGDAG_02676",97.94116836164,1.97312890083772,2.60214773338252,0.758269361698716,0.44828974504004,0.996389052131759
"ONCDGDAG_02677",0,NA,NA,NA,NA,NA
"ONCDGDAG_02678",14.0108938395278,7.35616146208949,3.16676927004882,2.32292309126016,0.0201832844033287,0.258757162880414
"ONCDGDAG_02679",0,NA,NA,NA,NA,NA
"ONCDGDAG_02680",0,NA,NA,NA,NA,NA
"ONCDGDAG_02681",0,NA,NA,NA,NA,NA
"ONCDGDAG_02682",44.3024851660447,-0.151352289585712,2.97661157524059,-0.0508471749705799,0.959447299279671,0.996389052131759
"ONCDGDAG_02683",0,NA,NA,NA,NA,NA
"ONCDGDAG_02684",0,NA,NA,NA,NA,NA
"ONCDGDAG_02685",0,NA,NA,NA,NA,NA
"ONCDGDAG_02686",28.4799022106812,-0.907298202616804,2.77031067661004,-0.327507744989469,0.743283886031857,0.996389052131759
"ONCDGDAG_02687",0,NA,NA,NA,NA,NA
"ONCDGDAG_02688",0,NA,NA,NA,NA,NA
"ONCDGDAG_02689",0,NA,NA,NA,NA,NA
"ONCDGDAG_02690",0,NA,NA,NA,NA,NA
"ONCDGDAG_02691",4.65553621617222,1.09853615107057,3.66477521920563,0.299755397087815,0.764363739606665,NA
"ONCDGDAG_02692",0,NA,NA,NA,NA,NA
"ONCDGDAG_02693",0,NA,NA,NA,NA,NA
"ONCDGDAG_02694",0,NA,NA,NA,NA,NA
"ONCDGDAG_02695",54.4234593191527,-0.0620817522908259,2.59341768517355,-0.0239382004085745,0.980901903485397,0.996389052131759
"ONCDGDAG_02696",0,NA,NA,NA,NA,NA
"ONCDGDAG_02697",0,NA,NA,NA,NA,NA
"ONCDGDAG_02698",0,NA,NA,NA,NA,NA
"ONCDGDAG_02699",0,NA,NA,NA,NA,NA
"ONCDGDAG_02700",0,NA,NA,NA,NA,NA
"ONCDGDAG_02701",0,NA,NA,NA,NA,NA
"ONCDGDAG_02702",6.47578305554653,6.24185940176461,3.41743912659118,1.82647273895723,0.0677790839419877,0.44171286377073
"ONCDGDAG_02703",0,NA,NA,NA,NA,NA
"ONCDGDAG_02704",19.9360307775827,-0.318312955928078,2.98390061274729,-0.106676795657415,0.915045391924547,0.996389052131759
"ONCDGDAG_02705",0,NA,NA,NA,NA,NA
"ONCDGDAG_02706",0,NA,NA,NA,NA,NA
"ONCDGDAG_02707",0,NA,NA,NA,NA,NA
"ONCDGDAG_02708",0,NA,NA,NA,NA,NA
"ONCDGDAG_02709",1.40084327363624,0.882428038037482,3.85847029925231,0.228698932374438,0.819102924642915,NA
"ONCDGDAG_02710",0,NA,NA,NA,NA,NA
"ONCDGDAG_02711",0,NA,NA,NA,NA,NA
"ONCDGDAG_02712",0,NA,NA,NA,NA,NA
"ONCDGDAG_02713",14.2165987977893,-1.79952678594153,3.35712832710888,-0.536031575382541,NA,NA
"ONCDGDAG_02714",0,NA,NA,NA,NA,NA
"ONCDGDAG_02715",0,NA,NA,NA,NA,NA
"ONCDGDAG_02716",0,NA,NA,NA,NA,NA
"ONCDGDAG_02717",0,NA,NA,NA,NA,NA
"ONCDGDAG_02718",0,NA,NA,NA,NA,NA
"ONCDGDAG_02719",0,NA,NA,NA,NA,NA
"ONCDGDAG_02720",0,NA,NA,NA,NA,NA
"ONCDGDAG_02721",0,NA,NA,NA,NA,NA
"ONCDGDAG_02722",31.9053828983726,-3.00348782839933,2.88630725115014,-1.04059878836617,0.29806179379382,0.981051689457467
"ONCDGDAG_02723",0,NA,NA,NA,NA,NA
"ONCDGDAG_02724",35.3691122159002,1.84164479428555,2.92830863613766,0.628910754678722,0.52940748479667,0.996389052131759
"ONCDGDAG_02725",0,NA,NA,NA,NA,NA
"ONCDGDAG_02726",0,NA,NA,NA,NA,NA
"ONCDGDAG_02727",0,NA,NA,NA,NA,NA
"ONCDGDAG_02728",0,NA,NA,NA,NA,NA
"ONCDGDAG_02729",5.7730223029413,-6.07732664052141,3.88585983446857,-1.56395930357909,0.117827125980827,0.488717815539409
"ONCDGDAG_02730",0,NA,NA,NA,NA,NA
"ONCDGDAG_02731",0,NA,NA,NA,NA,NA
"ONCDGDAG_02732",0,NA,NA,NA,NA,NA
"ONCDGDAG_02733",0,NA,NA,NA,NA,NA
"ONCDGDAG_02734",46.4321146960118,0.16038528281807,2.60608974120186,0.0615425018879452,0.950927166922435,0.996389052131759
"ONCDGDAG_02735",18.6544515092243,-0.174944971757708,3.35705225613011,-0.0521126745758133,0.958438913838641,0.996389052131759
"ONCDGDAG_02736",0,NA,NA,NA,NA,NA
"ONCDGDAG_02737",24.4116371667232,-22.2329387278337,3.54084031800072,-6.27900066964533,NA,NA
"ONCDGDAG_02738",0,NA,NA,NA,NA,NA
"ONCDGDAG_02739",0,NA,NA,NA,NA,NA
"ONCDGDAG_02740",0,NA,NA,NA,NA,NA
"ONCDGDAG_02741",76.3703566960802,-0.976086190349522,2.27766093545159,-0.428547627593216,0.668252465983573,0.996389052131759
"ONCDGDAG_02742",0,NA,NA,NA,NA,NA
"ONCDGDAG_02743",0,NA,NA,NA,NA,NA
"ONCDGDAG_02744",47.1309052217362,0.570944222972969,1.86486520039017,0.306158441292977,0.759484013060135,0.996389052131759
"ONCDGDAG_02745",0,NA,NA,NA,NA,NA
"ONCDGDAG_02746",0,NA,NA,NA,NA,NA
"ONCDGDAG_02747",0,NA,NA,NA,NA,NA
"ONCDGDAG_02748",28.2374714571955,-1.746240023463,2.7349536181044,-0.638489812735223,0.523154883417435,0.996389052131759
"ONCDGDAG_02749",392.771862439712,0.370087651688097,1.87228642355861,0.197666151413243,0.84330627439802,0.996389052131759
"ONCDGDAG_02750",0,NA,NA,NA,NA,NA
"ONCDGDAG_02751",0,NA,NA,NA,NA,NA
"ONCDGDAG_02754",0,NA,NA,NA,NA,NA
"ONCDGDAG_02755",38.3398272355921,-0.732259079398764,2.64280824664045,-0.277076129276354,0.781721650603117,0.996389052131759
"ONCDGDAG_02756",12.6499462768641,-2.57870007577063,2.94745660292682,-0.874889921435986,0.3816338034366,0.996389052131759
"ONCDGDAG_02757",0,NA,NA,NA,NA,NA
"ONCDGDAG_02758",0,NA,NA,NA,NA,NA
"ONCDGDAG_02759",216.629861252571,-0.41777746719271,1.78441313884155,-0.234125975705342,0.814887180579812,0.996389052131759
"ONCDGDAG_02760",0,NA,NA,NA,NA,NA
"ONCDGDAG_02761",0.151002131754498,0.961181968425817,4.0804728567969,0.235556515668218,0.813776819420815,NA
"ONCDGDAG_02776",0,NA,NA,NA,NA,NA
"ONCDGDAG_02777",0,NA,NA,NA,NA,NA
"ONCDGDAG_02778",0,NA,NA,NA,NA,NA
"ONCDGDAG_02779",0,NA,NA,NA,NA,NA
"ONCDGDAG_02780",495.455090904309,-0.295477185680868,1.76595262387866,-0.167318863306703,0.867119162584047,0.996389052131759
"ONCDGDAG_02781",14.5438775692623,-4.18666458505948,2.98965368502654,-1.40038446794961,0.161398218626271,0.62340061944397
"ONCDGDAG_02782",0,NA,NA,NA,NA,NA
"ONCDGDAG_02783",0,NA,NA,NA,NA,NA
"ONCDGDAG_02784",0,NA,NA,NA,NA,NA
"ONCDGDAG_02785",0,NA,NA,NA,NA,NA
"ONCDGDAG_02787",33.5926769108991,21.9243749944941,3.52553546456017,6.21873619337687,NA,NA
"ONCDGDAG_02788",0,NA,NA,NA,NA,NA
"ONCDGDAG_02789",0,NA,NA,NA,NA,NA
"ONCDGDAG_02790",0,NA,NA,NA,NA,NA
"ONCDGDAG_02791",0,NA,NA,NA,NA,NA
"ONCDGDAG_02792",0,NA,NA,NA,NA,NA
"ONCDGDAG_02793",42.1027752321068,-3.05129574762524,2.89208190275167,-1.05505163761859,0.291401708865755,0.973778024106706
"ONCDGDAG_02794",9.2476756210827,2.46479148861512,3.04143187082626,0.810404964930385,0.417707465267949,0.996389052131759
"ONCDGDAG_02795",0,NA,NA,NA,NA,NA
"ONCDGDAG_02796",0,NA,NA,NA,NA,NA
"ONCDGDAG_02797",0,NA,NA,NA,NA,NA
"ONCDGDAG_02798",17.9126095666604,-0.411799982647491,2.99374044102352,-0.137553669317672,0.890593173875102,0.996389052131759
"ONCDGDAG_02799",977.924519644536,0.530214944704023,1.85217769297138,0.286265700486554,0.774674626373116,0.996389052131759
"ONCDGDAG_02800",0,NA,NA,NA,NA,NA
"ONCDGDAG_02801",0,NA,NA,NA,NA,NA
"ONCDGDAG_02802",6.99791648681942,-6.35647417856005,3.79582271239439,-1.67459722441842,0.0940132842257158,0.464801677211939
"ONCDGDAG_02803",0,NA,NA,NA,NA,NA
"ONCDGDAG_02804",0,NA,NA,NA,NA,NA
"ONCDGDAG_02805",0,NA,NA,NA,NA,NA
"ONCDGDAG_02806",0,NA,NA,NA,NA,NA
"ONCDGDAG_02807",0,NA,NA,NA,NA,NA
"ONCDGDAG_02808",25.5625679001867,-22.2955509628629,3.53584658097927,-6.30557645877498,NA,NA
"ONCDGDAG_02809",0,NA,NA,NA,NA,NA
"ONCDGDAG_02810",0,NA,NA,NA,NA,NA
"ONCDGDAG_02811",0,NA,NA,NA,NA,NA
"ONCDGDAG_02812",159.10857099025,-0.747655319920824,2.26823870204349,-0.329619329415043,0.741687615388119,0.996389052131759
"ONCDGDAG_02813",0,NA,NA,NA,NA,NA
"ONCDGDAG_02814",5.43607674316193,5.99107845252388,3.91211515491968,1.5314166928317,0.125666441100288,0.503119655439879
"ONCDGDAG_02815",0,NA,NA,NA,NA,NA
"ONCDGDAG_02816",0,NA,NA,NA,NA,NA
"ONCDGDAG_02817",0,NA,NA,NA,NA,NA
"ONCDGDAG_02818",0,NA,NA,NA,NA,NA
"ONCDGDAG_02819",0.308795760767996,-0.000590703787813917,4.0804728567969,-0.000144763562592991,0.999884495388844,NA
"ONCDGDAG_02820",14.908596724711,0.657968396535334,2.08958480489719,0.314879968017238,0.752852791722832,0.996389052131759
"ONCDGDAG_02821",0,NA,NA,NA,NA,NA
"ONCDGDAG_02822",0,NA,NA,NA,NA,NA
"ONCDGDAG_02823",0,NA,NA,NA,NA,NA
"ONCDGDAG_02824",299.173007196107,0.670127142824442,1.83255424534588,0.365679294092581,0.714604398510154,0.996389052131759
"ONCDGDAG_02825",0,NA,NA,NA,NA,NA
"ONCDGDAG_02826",0,NA,NA,NA,NA,NA
"ONCDGDAG_02827",0,NA,NA,NA,NA,NA
"ONCDGDAG_02828",0,NA,NA,NA,NA,NA
"ONCDGDAG_02829",9.36213216877887,6.77523152285214,3.69864451435313,1.83181473552267,0.0669790270968646,0.44171286377073
"ONCDGDAG_02830",0,NA,NA,NA,NA,NA
"ONCDGDAG_02831",0,NA,NA,NA,NA,NA
"ONCDGDAG_02832",0,NA,NA,NA,NA,NA
"ONCDGDAG_02833",0,NA,NA,NA,NA,NA
"ONCDGDAG_02834",0,NA,NA,NA,NA,NA
"ONCDGDAG_02835",0,NA,NA,NA,NA,NA
"ONCDGDAG_02836",31.690451957104,-1.07394875556055,2.66937379095865,-0.402322357100412,0.687446803002281,0.996389052131759
"ONCDGDAG_02837",430.858175700264,-0.18650758080673,1.88075178264416,-0.0991665048667498,0.921006068979848,0.996389052131759
"ONCDGDAG_02838",0,NA,NA,NA,NA,NA
"ONCDGDAG_02839",0,NA,NA,NA,NA,NA
"ONCDGDAG_02840",20.7948398130144,0.390446205520123,2.96503963196105,0.13168330072603,0.895234794572809,0.996389052131759
"ONCDGDAG_02841",745.789237883976,0.369432182088366,1.79848346338881,0.205413165930512,0.837249334672042,0.996389052131759
"ONCDGDAG_02842",0,NA,NA,NA,NA,NA
"ONCDGDAG_02843",0.906012790526988,3.40779095594574,3.95211450953853,0.862270298019186,0.388538793382585,NA
"ONCDGDAG_02844",0,NA,NA,NA,NA,NA
"ONCDGDAG_02845",3.02004263508996,5.14336762709796,3.92043753379892,1.31193714547315,0.189541343026929,NA
"ONCDGDAG_02846",0,NA,NA,NA,NA,NA
"ONCDGDAG_02847",10.5582417086002,-1.61052489884275,3.00993700580525,-0.535069304020827,0.592601935004645,0.996389052131759
"ONCDGDAG_02848",0,NA,NA,NA,NA,NA
"ONCDGDAG_02849",0,NA,NA,NA,NA,NA
"ONCDGDAG_02850",0,NA,NA,NA,NA,NA
"ONCDGDAG_02851",0,NA,NA,NA,NA,NA
"ONCDGDAG_02852",0,NA,NA,NA,NA,NA
"ONCDGDAG_02853",98.2399130830997,-1.21103888555733,2.23035830213742,-0.542979522347039,0.587143901715615,0.996389052131759
"ONCDGDAG_02854",30.965449477534,-2.43415453713578,2.68259800082711,-0.907386994393223,0.364202184548947,0.996389052131759
"ONCDGDAG_02855",18.4890173005506,6.78338092308479,2.93656101786252,2.30997445032568,0.0208895686756955,0.258757162880414
"ONCDGDAG_02856",15.4797676916169,7.50104091034964,3.15340484862517,2.37871166895046,0.0173732592576409,0.241991671259428
"ONCDGDAG_02857",44.2100514785926,22.3076116957227,3.51916208218216,6.3388986283605,NA,NA
"ONCDGDAG_02858",11.1932261376473,-1.06271992188695,3.39588592780762,-0.312943351007387,0.754323701172904,0.996389052131759
"ONCDGDAG_02859",0,NA,NA,NA,NA,NA
"ONCDGDAG_02860",0,NA,NA,NA,NA,NA
"ONCDGDAG_02861",83.7568167760371,0.325526988903975,2.26895741565001,0.143469853889134,0.885919118033894,0.996389052131759
"ONCDGDAG_02862",57.6316764114787,-0.635281131780794,1.83048136463223,-0.347056869332526,0.728548595212207,0.996389052131759
"ONCDGDAG_02863",0,NA,NA,NA,NA,NA
"ONCDGDAG_02864",0,NA,NA,NA,NA,NA
"ONCDGDAG_02865",0,NA,NA,NA,NA,NA
"ONCDGDAG_02866",0,NA,NA,NA,NA,NA
"ONCDGDAG_02867",0,NA,NA,NA,NA,NA
"ONCDGDAG_02868",0,NA,NA,NA,NA,NA
"ONCDGDAG_02869",0,NA,NA,NA,NA,NA
"ONCDGDAG_02870",0,NA,NA,NA,NA,NA
"ONCDGDAG_02871",0,NA,NA,NA,NA,NA
"ONCDGDAG_02872",0.946761774080987,-3.46871766361915,3.95021008831951,-0.878109666591128,0.37988420759281,NA
"ONCDGDAG_02873",1.81202558105398,4.40681493182109,3.9295217708375,1.12146342196798,0.262090652955367,NA
"ONCDGDAG_02874",0,NA,NA,NA,NA,NA
"ONCDGDAG_02875",33.4839666962149,-0.0796125350299253,2.68459076678371,-0.0296553709470236,0.976341905077182,0.996389052131759
"ONCDGDAG_02876",0,NA,NA,NA,NA,NA
"ONCDGDAG_02877",0,NA,NA,NA,NA,NA
"ONCDGDAG_02878",0,NA,NA,NA,NA,NA
"ONCDGDAG_02879",14.8444386733688,-0.919356041942421,2.98099068914455,-0.308406210489121,0.75777325685358,0.996389052131759
"ONCDGDAG_02880",0,NA,NA,NA,NA,NA
"ONCDGDAG_02881",0,NA,NA,NA,NA,NA
"ONCDGDAG_02882",0,NA,NA,NA,NA,NA
"ONCDGDAG_02883",0,NA,NA,NA,NA,NA
"ONCDGDAG_02884",0,NA,NA,NA,NA,NA
"ONCDGDAG_02885",0.151002131754498,0.961181968425817,4.0804728567969,0.235556515668218,0.813776819420815,NA
"ONCDGDAG_02886",0,NA,NA,NA,NA,NA
"ONCDGDAG_02887",6.85510186463943,-6.32673982570163,3.80408810583763,-1.66314229578248,0.0962839551630691,0.470332599381656
"ONCDGDAG_02888",0,NA,NA,NA,NA,NA
"ONCDGDAG_02889",0,NA,NA,NA,NA,NA
"ONCDGDAG_02890",0,NA,NA,NA,NA,NA
"ONCDGDAG_02891",0,NA,NA,NA,NA,NA
"ONCDGDAG_02892",0,NA,NA,NA,NA,NA
"ONCDGDAG_02893",44.0956152699977,-1.98118258199199,2.93947475956119,-0.673992037369201,0.500316376040649,0.996389052131759
"ONCDGDAG_02894",0,NA,NA,NA,NA,NA
"ONCDGDAG_02895",0,NA,NA,NA,NA,NA
"ONCDGDAG_02896",0,NA,NA,NA,NA,NA
"ONCDGDAG_02897",0,NA,NA,NA,NA,NA
"ONCDGDAG_02898",0,NA,NA,NA,NA,NA
"ONCDGDAG_02899",0,NA,NA,NA,NA,NA
"ONCDGDAG_02900",0,NA,NA,NA,NA,NA
"ONCDGDAG_02901",0,NA,NA,NA,NA,NA
"ONCDGDAG_02902",0,NA,NA,NA,NA,NA
"ONCDGDAG_02903",0,NA,NA,NA,NA,NA
"ONCDGDAG_02904",0,NA,NA,NA,NA,NA
"ONCDGDAG_02905",0,NA,NA,NA,NA,NA
"ONCDGDAG_02906",0,NA,NA,NA,NA,NA
"ONCDGDAG_02907",0,NA,NA,NA,NA,NA
"ONCDGDAG_02908",0,NA,NA,NA,NA,NA
"ONCDGDAG_02909",0,NA,NA,NA,NA,NA
"ONCDGDAG_02910",133.330737996276,1.70439067371456,2.30487363086274,0.739472503347868,0.459620130455791,0.996389052131759
"ONCDGDAG_02911",0,NA,NA,NA,NA,NA
"ONCDGDAG_02912",0,NA,NA,NA,NA,NA
"ONCDGDAG_02913",9.181608388025,6.74766130289689,3.70183052622637,1.8227904424829,0.0683351358340098,0.44171286377073
"ONCDGDAG_02914",0,NA,NA,NA,NA,NA
"ONCDGDAG_02915",0,NA,NA,NA,NA,NA
"ONCDGDAG_02916",0,NA,NA,NA,NA,NA
"ONCDGDAG_02917",0,NA,NA,NA,NA,NA
"ONCDGDAG_02918",0,NA,NA,NA,NA,NA
"ONCDGDAG_02919",0,NA,NA,NA,NA,NA
"ONCDGDAG_02920",0,NA,NA,NA,NA,NA
"ONCDGDAG_02923",0,NA,NA,NA,NA,NA
