"","baseMean","log2FoldChange","lfcSE","stat","pvalue","padj"
"ONCDGDAG_00001",0,NA,NA,NA,NA,NA
"ONCDGDAG_00002",2.34930680939852,-4.650659332077,3.9244262002576,-1.18505460282875,0.235995858651058,0.911149228183215
"ONCDGDAG_00003",0,NA,NA,NA,NA,NA
"ONCDGDAG_00004",0,NA,NA,NA,NA,NA
"ONCDGDAG_00005",0,NA,NA,NA,NA,NA
"ONCDGDAG_00006",0.919293968895075,-3.31122747651611,3.95105632424765,-0.83806131949957,0.401996265559226,0.998846388589019
"ONCDGDAG_00007",0,NA,NA,NA,NA,NA
"ONCDGDAG_00008",331.708012897141,-0.377214409589943,1.92084925244338,-0.196378976179476,0.844313550452598,0.998846388589019
"ONCDGDAG_00009",0,NA,NA,NA,NA,NA
"ONCDGDAG_00010",0,NA,NA,NA,NA,NA
"ONCDGDAG_00011",0,NA,NA,NA,NA,NA
"ONCDGDAG_00012",61.082881446327,1.31169484670549,2.73825447251006,0.479025912264139,0.631920194625599,0.998846388589019
"ONCDGDAG_00013",0,NA,NA,NA,NA,NA
"ONCDGDAG_00014",4.05396232329397,-0.181038755999544,3.54640961752285,-0.0510484618316592,0.959286903903887,0.998846388589019
"ONCDGDAG_00015",0,NA,NA,NA,NA,NA
"ONCDGDAG_00016",135.984749466831,1.90783834145126,2.24709405689318,0.849024692846646,0.395867552279446,0.998846388589019
"ONCDGDAG_00017",3.81788612507759,5.58436073380013,3.90262533071041,1.43092412429547,0.152451962202489,0.819854876032745
"ONCDGDAG_00018",72.5184105605461,2.45747588738538,3.07233803462737,0.799871583038042,NA,NA
"ONCDGDAG_00019",0,NA,NA,NA,NA,NA
"ONCDGDAG_00020",0,NA,NA,NA,NA,NA
"ONCDGDAG_00021",0,NA,NA,NA,NA,NA
"ONCDGDAG_00022",0,NA,NA,NA,NA,NA
"ONCDGDAG_00023",0,NA,NA,NA,NA,NA
"ONCDGDAG_00024",354.396605117446,0.373320625423217,1.92476566623327,0.193956403094928,0.846210018875825,0.998846388589019
"ONCDGDAG_00025",0.898448662293821,1.49980255776225,3.93144141774468,0.381489229622715,0.702840261593483,0.998846388589019
"ONCDGDAG_00026",7.09661634376804,6.47804661253867,3.29965166554794,1.96325166082733,0.0496169392458952,0.791044955028284
"ONCDGDAG_00027",7.35881484141955,-0.330611490584001,3.07674816298427,-0.107454842928492,0.914428147954163,0.998846388589019
"ONCDGDAG_00028",12.8359851640397,7.3344499628341,3.16413524741933,2.31799508848937,0.0204495879890124,0.534095121595384
"ONCDGDAG_00029",2.82927841077617,-3.8655977344927,3.7407763490011,-1.03336777552203,0.301431820818128,0.998846388589019
"ONCDGDAG_00030",0,NA,NA,NA,NA,NA
"ONCDGDAG_00031",56.1433856243811,1.10697744470193,2.70744833557288,0.408863737179197,NA,NA
"ONCDGDAG_00032",5.8180053111758,0.0403131279324284,3.10181662106159,0.0129966187100485,0.989630490512033,0.998846388589019
"ONCDGDAG_00033",0,NA,NA,NA,NA,NA
"ONCDGDAG_00034",0,NA,NA,NA,NA,NA
"ONCDGDAG_00035",0,NA,NA,NA,NA,NA
"ONCDGDAG_00036",8.58364879908115,6.75432784219402,3.65891552960747,1.84599173922953,0.0648934048973148,0.791044955028284
"ONCDGDAG_00037",0,NA,NA,NA,NA,NA
"ONCDGDAG_00038",41.5112972383799,-0.909082845290572,2.62355816376667,-0.34650760095419,0.728961272890578,0.998846388589019
"ONCDGDAG_00039",13.0744031131744,-7.1193430728839,3.60630592761744,-1.97413730719939,NA,NA
"ONCDGDAG_00040",41.4753090721775,-0.865890005273894,2.62306640744108,-0.330106017452531,0.741319856589547,0.998846388589019
"ONCDGDAG_00041",3.37773452455872,3.19500685193489,3.25099821160092,0.982777179185695,0.325717115864721,0.998846388589019
"ONCDGDAG_00042",117.827624475464,1.46236588363362,1.90651696515699,0.76703533740294,0.443060505651377,0.998846388589019
"ONCDGDAG_00043",0,NA,NA,NA,NA,NA
"ONCDGDAG_00044",5.37974863079115,6.07919203372029,3.77440275884528,1.61063681385717,0.107258905014118,0.791044955028284
"ONCDGDAG_00045",0,NA,NA,NA,NA,NA
"ONCDGDAG_00046",11.50635934984,-6.92923060622576,3.21073738450076,-2.15814306074216,0.0309167107272353,0.726347363110089
"ONCDGDAG_00047",0,NA,NA,NA,NA,NA
"ONCDGDAG_00048",0,NA,NA,NA,NA,NA
"ONCDGDAG_00049",10.3316895204826,-6.78074686514882,3.17467829814636,-2.13588471912508,0.0326888114281156,0.726347363110089
"ONCDGDAG_00050",0,NA,NA,NA,NA,NA
"ONCDGDAG_00051",0,NA,NA,NA,NA,NA
"ONCDGDAG_00052",0,NA,NA,NA,NA,NA
"ONCDGDAG_00053",0,NA,NA,NA,NA,NA
"ONCDGDAG_00054",1.6343003891468,-4.1312387527791,3.93201459831186,-1.05066719603553,0.293411467292414,0.998846388589019
"ONCDGDAG_00055",0,NA,NA,NA,NA,NA
"ONCDGDAG_00056",3.81788612507759,5.58436073380013,3.90262533071041,1.43092412429547,0.152451962202489,0.819854876032745
"ONCDGDAG_00057",2.74693856371345,-0.351345802365086,3.70988467433834,-0.0947053165278645,0.924548894983327,0.998846388589019
"ONCDGDAG_00058",29.5231225350245,-1.28700295943446,3.37299629948612,-0.381560738631862,NA,NA
"ONCDGDAG_00059",0,NA,NA,NA,NA,NA
"ONCDGDAG_00060",0,NA,NA,NA,NA,NA
"ONCDGDAG_00061",0,NA,NA,NA,NA,NA
"ONCDGDAG_00062",0,NA,NA,NA,NA,NA
"ONCDGDAG_00063",52.2850334416541,-9.11574613001475,3.16155975610779,-2.88330660598906,0.00393524202963217,0.436811865289171
"ONCDGDAG_00064",0.867701392063088,3.4459716299578,3.95894594257223,0.870426542808227,0.384067346566323,0.998846388589019
"ONCDGDAG_00065",12.35762537363,-5.12075649794313,2.92933685930664,-1.74809410589781,0.0804477334484114,0.791044955028284
"ONCDGDAG_00066",0,NA,NA,NA,NA,NA
"ONCDGDAG_00067",7.28869169332994,6.51736058527145,3.6950042788782,1.76383032153081,0.0777605508613349,0.791044955028284
"ONCDGDAG_00068",16.4985354849674,-1.33180140204722,2.73848039309797,-0.486328624226733,0.626734187551301,0.998846388589019
"ONCDGDAG_00069",0,NA,NA,NA,NA,NA
"ONCDGDAG_00070",0,NA,NA,NA,NA,NA
"ONCDGDAG_00071",0.520620835237853,2.70826855552889,3.99338947974067,0.678187932649325,0.497652542813393,0.998846388589019
"ONCDGDAG_00072",0,NA,NA,NA,NA,NA
"ONCDGDAG_00073",0,NA,NA,NA,NA,NA
"ONCDGDAG_00074",0,NA,NA,NA,NA,NA
"ONCDGDAG_00075",0,NA,NA,NA,NA,NA
"ONCDGDAG_00076",0,NA,NA,NA,NA,NA
"ONCDGDAG_00077",0,NA,NA,NA,NA,NA
"ONCDGDAG_00078",0,NA,NA,NA,NA,NA
"ONCDGDAG_00079",5.82219513633547,-5.9545389593858,3.74961653304704,-1.58803944534215,0.112277419788982,0.791044955028284
"ONCDGDAG_00080",0.18349620222098,1.2051316188578,4.0804728567969,0.295341167838036,0.767733270926973,0.998846388589019
"ONCDGDAG_00081",0,NA,NA,NA,NA,NA
"ONCDGDAG_00082",0,NA,NA,NA,NA,NA
"ONCDGDAG_00083",51.6813974338065,-1.04499905886915,3.00514128465229,-0.347737081183545,0.728037645795506,0.998846388589019
"ONCDGDAG_00084",72.5414078246793,0.357640946458708,2.64961756357637,0.134978327202804,0.892629009885453,0.998846388589019
"ONCDGDAG_00085",0,NA,NA,NA,NA,NA
"ONCDGDAG_00086",0,NA,NA,NA,NA,NA
"ONCDGDAG_00087",422.947851528594,0.0593140569444355,1.88414005728505,0.0314807047995699,0.974886179857243,0.998846388589019
"ONCDGDAG_00088",0,NA,NA,NA,NA,NA
"ONCDGDAG_00089",0,NA,NA,NA,NA,NA
"ONCDGDAG_00090",4.51204723872806,5.82540298151939,3.8337523623169,1.51950424309588,0.128635620812669,0.791044955028284
"ONCDGDAG_00091",0,NA,NA,NA,NA,NA
"ONCDGDAG_00092",63.5292718116617,-0.806483660136692,1.95004772105783,-0.413571243117683,0.679188137115214,0.998846388589019
"ONCDGDAG_00093",88.018495483399,7.35990483188415,3.04106744722883,2.42017152187494,NA,NA
"ONCDGDAG_00094",0,NA,NA,NA,NA,NA
"ONCDGDAG_00095",0,NA,NA,NA,NA,NA
"ONCDGDAG_00096",0,NA,NA,NA,NA,NA
"ONCDGDAG_00097",836.303337067743,0.606471010410032,1.84403268787674,0.328883004296598,0.742244120980566,0.998846388589019
"ONCDGDAG_00098",13.8182582611179,0.372515266692786,2.98244272213719,0.124902739599252,0.900600549471839,0.998846388589019
"ONCDGDAG_00099",234.29295188641,0.261174531576807,2.30191117218924,0.1134598653207,0.909665980395372,0.998846388589019
"ONCDGDAG_00101",0,NA,NA,NA,NA,NA
"ONCDGDAG_00102",88.2753758347319,1.17550051743505,2.39675224268648,0.490455582558442,0.623811553336823,0.998846388589019
"ONCDGDAG_00103",32.4253454905258,-1.8186798214766,2.36935620237733,-0.767583962112492,0.442734393543485,0.998846388589019
"ONCDGDAG_00104",0,NA,NA,NA,NA,NA
"ONCDGDAG_00105",23.1327083653826,1.13409257731647,2.67823852917372,0.423447189248808,0.671969021675267,0.998846388589019
"ONCDGDAG_00106",0,NA,NA,NA,NA,NA
"ONCDGDAG_00107",0,NA,NA,NA,NA,NA
"ONCDGDAG_00108",0,NA,NA,NA,NA,NA
"ONCDGDAG_00109",0,NA,NA,NA,NA,NA
"ONCDGDAG_00110",0,NA,NA,NA,NA,NA
"ONCDGDAG_00111",0,NA,NA,NA,NA,NA
"ONCDGDAG_00112",24.1102507152808,-0.717207527749631,2.29226685757314,-0.312881340747975,0.754370814288492,0.998846388589019
"ONCDGDAG_00113",0,NA,NA,NA,NA,NA
"ONCDGDAG_00114",88.5101200997878,-0.0269592520839923,1.90820415922655,-0.014128075318167,0.988727801824201,0.998846388589019
"ONCDGDAG_00115",0,NA,NA,NA,NA,NA
"ONCDGDAG_00116",0,NA,NA,NA,NA,NA
"ONCDGDAG_00117",0,NA,NA,NA,NA,NA
"ONCDGDAG_00118",20.9865660263312,1.04192209461987,3.03139164751183,0.343710815286795,0.731063776772737,0.998846388589019
"ONCDGDAG_00119",0,NA,NA,NA,NA,NA
"ONCDGDAG_00120",0,NA,NA,NA,NA,NA
"ONCDGDAG_00121",0,NA,NA,NA,NA,NA
"ONCDGDAG_00122",0,NA,NA,NA,NA,NA
"ONCDGDAG_00123",0,NA,NA,NA,NA,NA
"ONCDGDAG_00124",0,NA,NA,NA,NA,NA
"ONCDGDAG_00125",48.3637597792707,2.41111698803311,3.13591038894085,0.768873050880597,NA,NA
"ONCDGDAG_00126",0,NA,NA,NA,NA,NA
"ONCDGDAG_00127",0,NA,NA,NA,NA,NA
"ONCDGDAG_00128",38.2952632606886,-0.321414577977876,2.40348335195371,-0.133728647513455,0.893617151184364,0.998846388589019
"ONCDGDAG_00129",0,NA,NA,NA,NA,NA
"ONCDGDAG_00130",0.102143774321675,-0.714919814597662,4.07997607719371,-0.175226472182993,0.860901684325708,0.998846388589019
"ONCDGDAG_00131",0,NA,NA,NA,NA,NA
"ONCDGDAG_00132",0,NA,NA,NA,NA,NA
"ONCDGDAG_00133",0.688156598598195,-1.40767822132823,3.99075379875644,-0.352734919845689,0.724287177700095,0.998846388589019
"ONCDGDAG_00134",0,NA,NA,NA,NA,NA
"ONCDGDAG_00135",0,NA,NA,NA,NA,NA
"ONCDGDAG_00136",0,NA,NA,NA,NA,NA
"ONCDGDAG_00137",0,NA,NA,NA,NA,NA
"ONCDGDAG_00138",35.8746217338013,-0.90260951852062,2.29564301407975,-0.393183745462466,0.694183774205728,0.998846388589019
"ONCDGDAG_00139",0,NA,NA,NA,NA,NA
"ONCDGDAG_00140",0,NA,NA,NA,NA,NA
"ONCDGDAG_00141",0,NA,NA,NA,NA,NA
"ONCDGDAG_00142",0,NA,NA,NA,NA,NA
"ONCDGDAG_00143",0,NA,NA,NA,NA,NA
"ONCDGDAG_00144",36.4759340074255,-2.19923825847932,2.60632681789106,-0.843807554517994,0.3987769533351,0.998846388589019
"ONCDGDAG_00145",54.7864910254419,-0.450630374535383,1.89870117079293,-0.237336122959883,0.812396040453316,0.998846388589019
"ONCDGDAG_00146",0,NA,NA,NA,NA,NA
"ONCDGDAG_00147",0,NA,NA,NA,NA,NA
"ONCDGDAG_00148",0,NA,NA,NA,NA,NA
"ONCDGDAG_00149",0,NA,NA,NA,NA,NA
"ONCDGDAG_00150",0,NA,NA,NA,NA,NA
"ONCDGDAG_00151",0,NA,NA,NA,NA,NA
"ONCDGDAG_00152",0,NA,NA,NA,NA,NA
"ONCDGDAG_00153",0,NA,NA,NA,NA,NA
"ONCDGDAG_00154",0,NA,NA,NA,NA,NA
"ONCDGDAG_00155",0,NA,NA,NA,NA,NA
"ONCDGDAG_00156",0,NA,NA,NA,NA,NA
"ONCDGDAG_00157",0,NA,NA,NA,NA,NA
"ONCDGDAG_00158",1.97469739906214,-3.27199212364368,3.93029601398095,-0.832505264744554,0.405123807737201,0.998846388589019
"ONCDGDAG_00159",0,NA,NA,NA,NA,NA
"ONCDGDAG_00160",30.1816037020485,8.56722172434461,3.14511050757856,2.72398114587731,0.00645001885170458,0.440220198418589
"ONCDGDAG_00161",0,NA,NA,NA,NA,NA
"ONCDGDAG_00162",0,NA,NA,NA,NA,NA
"ONCDGDAG_00163",0,NA,NA,NA,NA,NA
"ONCDGDAG_00164",6.94161113650471,6.44696434310592,3.70591029419081,1.73964392856779,0.0819215606741192,0.791044955028284
"ONCDGDAG_00165",16.074833205552,21.0644541446548,3.58725145249139,5.87203167205503,NA,NA
"ONCDGDAG_00166",0,NA,NA,NA,NA,NA
"ONCDGDAG_00167",0,NA,NA,NA,NA,NA
"ONCDGDAG_00168",0,NA,NA,NA,NA,NA
"ONCDGDAG_00169",0,NA,NA,NA,NA,NA
"ONCDGDAG_00170",0,NA,NA,NA,NA,NA
"ONCDGDAG_00171",0,NA,NA,NA,NA,NA
"ONCDGDAG_00172",1.73644416346847,-4.21791129049041,3.93055418666076,-1.07310854657719,0.283222416800726,0.998846388589019
"ONCDGDAG_00173",0,NA,NA,NA,NA,NA
"ONCDGDAG_00174",0,NA,NA,NA,NA,NA
"ONCDGDAG_00175",0,NA,NA,NA,NA,NA
"ONCDGDAG_00176",0,NA,NA,NA,NA,NA
"ONCDGDAG_00177",0,NA,NA,NA,NA,NA
"ONCDGDAG_00178",0,NA,NA,NA,NA,NA
"ONCDGDAG_00179",0,NA,NA,NA,NA,NA
"ONCDGDAG_00180",18.7129634388559,0.490927442626447,3.02831185243155,0.162112578409738,0.871217201081862,0.998846388589019
"ONCDGDAG_00181",0,NA,NA,NA,NA,NA
"ONCDGDAG_00182",0,NA,NA,NA,NA,NA
"ONCDGDAG_00184",0,NA,NA,NA,NA,NA
"ONCDGDAG_00185",0,NA,NA,NA,NA,NA
"ONCDGDAG_00186",0,NA,NA,NA,NA,NA
"ONCDGDAG_00187",0,NA,NA,NA,NA,NA
"ONCDGDAG_00188",0,NA,NA,NA,NA,NA
"ONCDGDAG_00189",0,NA,NA,NA,NA,NA
"ONCDGDAG_00190",19.9764917505889,21.3977011130784,3.57638565337598,5.98305193761185,NA,NA
"ONCDGDAG_00191",0,NA,NA,NA,NA,NA
"ONCDGDAG_00192",0,NA,NA,NA,NA,NA
"ONCDGDAG_00194",0,NA,NA,NA,NA,NA
"ONCDGDAG_00195",0,NA,NA,NA,NA,NA
"ONCDGDAG_00196",0,NA,NA,NA,NA,NA
"ONCDGDAG_00197",0,NA,NA,NA,NA,NA
"ONCDGDAG_00198",2.46045656863576,-4.71628771536977,3.69819677484585,-1.2752938803713,0.202205242960956,0.87589393048453
"ONCDGDAG_00199",0,NA,NA,NA,NA,NA
"ONCDGDAG_00200",0,NA,NA,NA,NA,NA
"ONCDGDAG_00201",0,NA,NA,NA,NA,NA
"ONCDGDAG_00202",0,NA,NA,NA,NA,NA
"ONCDGDAG_00203",0,NA,NA,NA,NA,NA
"ONCDGDAG_00204",0,NA,NA,NA,NA,NA
"ONCDGDAG_00205",0,NA,NA,NA,NA,NA
"ONCDGDAG_00206",42.008666959768,1.80198978608858,2.98484466546585,0.603713086626349,0.546034412000824,0.998846388589019
"ONCDGDAG_00207",10.0329060824929,0.230845637298275,2.32960976413748,0.0990919770563994,0.921065242118086,0.998846388589019
"ONCDGDAG_00208",53.3969250646559,-0.872036044416962,2.63463601440014,-0.330989191543224,0.740652649752503,0.998846388589019
"ONCDGDAG_00209",29.1856442583761,2.19527559239491,2.94537316791231,0.745330206817536,0.456072124485954,0.998846388589019
"ONCDGDAG_00210",80.3539686984114,9.98006187916234,2.8008678635365,3.56320339459394,NA,NA
"ONCDGDAG_00211",0,NA,NA,NA,NA,NA
"ONCDGDAG_00212",0,NA,NA,NA,NA,NA
"ONCDGDAG_00213",0,NA,NA,NA,NA,NA
"ONCDGDAG_00214",0,NA,NA,NA,NA,NA
"ONCDGDAG_00215",0,NA,NA,NA,NA,NA
"ONCDGDAG_00216",0,NA,NA,NA,NA,NA
"ONCDGDAG_00217",0,NA,NA,NA,NA,NA
"ONCDGDAG_00218",0,NA,NA,NA,NA,NA
"ONCDGDAG_00219",0,NA,NA,NA,NA,NA
"ONCDGDAG_00221",117.409479800648,-1.09301156081195,2.34643046498501,-0.465818858526853,0.641345165164058,0.998846388589019
"ONCDGDAG_00222",0,NA,NA,NA,NA,NA
"ONCDGDAG_00223",2.0428754864335,-4.45045810061516,3.92703706745093,-1.13328650180121,0.257093958362159,0.978286395731672
"ONCDGDAG_00224",0,NA,NA,NA,NA,NA
"ONCDGDAG_00225",8.27364572005567,-6.46033332762488,3.66838986472853,-1.76108144604281,NA,NA
"ONCDGDAG_00226",0,NA,NA,NA,NA,NA
"ONCDGDAG_00227",0,NA,NA,NA,NA,NA
"ONCDGDAG_00228",0,NA,NA,NA,NA,NA
"ONCDGDAG_00229",0,NA,NA,NA,NA,NA
"ONCDGDAG_00230",0,NA,NA,NA,NA,NA
"ONCDGDAG_00231",0,NA,NA,NA,NA,NA
"ONCDGDAG_00232",0,NA,NA,NA,NA,NA
"ONCDGDAG_00233",0,NA,NA,NA,NA,NA
"ONCDGDAG_00234",0,NA,NA,NA,NA,NA
"ONCDGDAG_00235",0,NA,NA,NA,NA,NA
"ONCDGDAG_00236",0,NA,NA,NA,NA,NA
"ONCDGDAG_00237",0,NA,NA,NA,NA,NA
"ONCDGDAG_00238",32.0607426964014,-2.09101912690507,2.3216026927863,-0.900679144369664,0.367758940555694,0.998846388589019
"ONCDGDAG_00239",0,NA,NA,NA,NA,NA
"ONCDGDAG_00240",41.4586604355254,-0.894409197980063,2.45048450036022,-0.364992799525394,0.715116781169889,0.998846388589019
"ONCDGDAG_00241",25.3100911042913,-8.07159769161307,3.10002645347935,-2.60371897231839,0.0092218337780445,0.440220198418589
"ONCDGDAG_00242",0,NA,NA,NA,NA,NA
"ONCDGDAG_00243",0,NA,NA,NA,NA,NA
"ONCDGDAG_00244",0,NA,NA,NA,NA,NA
"ONCDGDAG_00245",1028.09506733836,-0.46785831561998,1.86472546986132,-0.250899300289374,0.801891965401945,0.998846388589019
"ONCDGDAG_00246",3.64434584666497,5.51723647643738,3.91924229340226,1.40773038853077,0.159210919872588,0.819854876032745
"ONCDGDAG_00247",3.06431322965025,-5.03172692331175,3.92034553236088,-1.28349067238509,0.199320225386403,0.86957518371987
"ONCDGDAG_00248",3.65797958653153,-5.28754455642301,3.47692661231929,-1.52075241901524,0.128321978827427,0.791044955028284
"ONCDGDAG_00249",0,NA,NA,NA,NA,NA
"ONCDGDAG_00250",0,NA,NA,NA,NA,NA
"ONCDGDAG_00251",0,NA,NA,NA,NA,NA
"ONCDGDAG_00252",0,NA,NA,NA,NA,NA
"ONCDGDAG_00253",0,NA,NA,NA,NA,NA
"ONCDGDAG_00254",139.930182228654,-0.0718400353957638,2.0618354537993,-0.034842758796967,0.972205124726288,0.998846388589019
"ONCDGDAG_00255",68.1667875002894,-1.82582348997424,2.66618613601536,-0.684807210310887,NA,NA
"ONCDGDAG_00256",0,NA,NA,NA,NA,NA
"ONCDGDAG_00257",0,NA,NA,NA,NA,NA
"ONCDGDAG_00258",0,NA,NA,NA,NA,NA
"ONCDGDAG_00259",20.1461205257917,-3.45691802854974,2.60083784316497,-1.32915554025583,0.183796659687395,0.841546869348807
"ONCDGDAG_00260",12.0461906159004,-0.510455165440782,3.01097676360095,-0.169531419707905,0.865378660675771,0.998846388589019
"ONCDGDAG_00261",0,NA,NA,NA,NA,NA
"ONCDGDAG_00262",0,NA,NA,NA,NA,NA
"ONCDGDAG_00263",0,NA,NA,NA,NA,NA
"ONCDGDAG_00264",3.4842910482128,-2.19432043231037,3.59718165193267,-0.610011015465795,0.541854510622567,0.998846388589019
"ONCDGDAG_00265",23.2026417778049,-6.97506279074236,2.9119653327222,-2.39531106787657,0.0166062700665352,0.526655993538687
"ONCDGDAG_00266",0,NA,NA,NA,NA,NA
"ONCDGDAG_00267",0,NA,NA,NA,NA,NA
"ONCDGDAG_00268",1.04124167047571,3.70919608411687,3.95029197131185,0.938967577853513,0.347747390924157,0.998846388589019
"ONCDGDAG_00269",0.20428754864335,-1.38061216037213,4.04110864860802,-0.341641930574593,0.732620377802943,0.998846388589019
"ONCDGDAG_00270",43.2308110659142,-0.373894870515194,2.62235225311722,-0.142579956628916,0.886621928024312,0.998846388589019
"ONCDGDAG_00271",0,NA,NA,NA,NA,NA
"ONCDGDAG_00272",106.97034226255,1.56589899400686,2.28381181156701,0.685651499863484,0.492932897578415,0.998846388589019
"ONCDGDAG_00273",0.359451934414463,-1.8029495725022,4.020932910921,-0.448390861634455,0.653871135795354,0.998846388589019
"ONCDGDAG_00274",0,NA,NA,NA,NA,NA
"ONCDGDAG_00275",0,NA,NA,NA,NA,NA
"ONCDGDAG_00276",0,NA,NA,NA,NA,NA
"ONCDGDAG_00277",2.75788190668522,-4.88055365674678,3.92183805902127,-1.24445568208004,0.213331900506912,0.890452659913182
"ONCDGDAG_00278",3.48642784219862,5.45209474289676,3.91981786390422,1.3909051216646,0.164254199524152,0.821483845895725
"ONCDGDAG_00279",0,NA,NA,NA,NA,NA
"ONCDGDAG_00280",0,NA,NA,NA,NA,NA
"ONCDGDAG_00281",0,NA,NA,NA,NA,NA
"ONCDGDAG_00282",0,NA,NA,NA,NA,NA
"ONCDGDAG_00283",0,NA,NA,NA,NA,NA
"ONCDGDAG_00284",0,NA,NA,NA,NA,NA
"ONCDGDAG_00285",0,NA,NA,NA,NA,NA
"ONCDGDAG_00286",0,NA,NA,NA,NA,NA
"ONCDGDAG_00287",42.0839732855102,-4.69798762445095,2.49152662940964,-1.88558595721857,0.0593507712069686,0.791044955028284
"ONCDGDAG_00288",0,NA,NA,NA,NA,NA
"ONCDGDAG_00289",0,NA,NA,NA,NA,NA
"ONCDGDAG_00290",0,NA,NA,NA,NA,NA
"ONCDGDAG_00291",0,NA,NA,NA,NA,NA
"ONCDGDAG_00292",0,NA,NA,NA,NA,NA
"ONCDGDAG_00293",0,NA,NA,NA,NA,NA
"ONCDGDAG_00295",0.20428754864335,-1.38061216037213,4.04110864860802,-0.341641930574593,0.732620377802943,0.998846388589019
"ONCDGDAG_00296",6.14589570936062,-1.15808741923219,3.04989703038048,-0.379713612524063,0.704158014362239,0.998846388589019
"ONCDGDAG_00297",4.29439369141153,5.75326289099753,3.41773889534478,1.68335354664861,0.0923066702678957,0.791044955028284
"ONCDGDAG_00298",0,NA,NA,NA,NA,NA
"ONCDGDAG_00299",0,NA,NA,NA,NA,NA
"ONCDGDAG_00300",0.867701392063088,3.4459716299578,3.95894594257223,0.870426542808227,0.384067346566323,0.998846388589019
"ONCDGDAG_00301",25.9082118267437,8.34758395698234,3.18174961434719,2.62358292410607,0.00870102613182515,0.440220198418589
"ONCDGDAG_00302",21.5353874949194,0.588847746030619,2.75385324880308,0.213826842910585,0.830682091421192,0.998846388589019
"ONCDGDAG_00303",77.2688462459433,-5.30367264665568,2.46169644394744,-2.15447873749657,0.0312026476641925,0.726347363110089
"ONCDGDAG_00304",0,NA,NA,NA,NA,NA
"ONCDGDAG_00305",0,NA,NA,NA,NA,NA
"ONCDGDAG_00306",0,NA,NA,NA,NA,NA
"ONCDGDAG_00307",9.14954403831583,-2.62313042882255,3.36068598684756,-0.780534223991317,NA,NA
"ONCDGDAG_00308",0,NA,NA,NA,NA,NA
"ONCDGDAG_00309",184.987664364838,0.196140012714344,1.89286121413085,0.103620915918236,0.917470188512919,0.998846388589019
"ONCDGDAG_00310",39.3443591542548,8.95018081433822,2.71571570738434,3.29569873238265,0.000981772365907777,0.217953465231527
"ONCDGDAG_00311",0,NA,NA,NA,NA,NA
"ONCDGDAG_00312",2.65573813236355,-4.82642366482805,3.92241125968284,-1.23047364115978,0.218519791711225,0.899519329412972
"ONCDGDAG_00313",0,NA,NA,NA,NA,NA
"ONCDGDAG_00314",9.71825559110659,6.93243346855763,3.64290223861219,1.90299739451658,0.0570408852107244,0.791044955028284
"ONCDGDAG_00315",0,NA,NA,NA,NA,NA
"ONCDGDAG_00316",5.74375064352034,-5.9361474912818,3.38814131054346,-1.75203657321177,0.079767519305261,0.791044955028284
"ONCDGDAG_00317",0,NA,NA,NA,NA,NA
"ONCDGDAG_00318",237.304063769949,0.359982794443308,2.39158067226704,0.150520866227804,0.880353689409037,0.998846388589019
"ONCDGDAG_00319",0,NA,NA,NA,NA,NA
"ONCDGDAG_00320",0,NA,NA,NA,NA,NA
"ONCDGDAG_00321",0,NA,NA,NA,NA,NA
"ONCDGDAG_00322",0,NA,NA,NA,NA,NA
"ONCDGDAG_00323",14.3331043820358,1.21902296498089,2.96528898178565,0.411097526233957,0.681001023828628,0.998846388589019
"ONCDGDAG_00324",31.6488536713041,0.838146553719529,2.99347568533838,0.279991101255525,0.779484332125657,0.998846388589019
"ONCDGDAG_00325",0,NA,NA,NA,NA,NA
"ONCDGDAG_00326",0,NA,NA,NA,NA,NA
"ONCDGDAG_00327",36.0723848950489,-0.947294846432223,2.82459030400231,-0.335374247050962,0.737342792076241,0.998846388589019
"ONCDGDAG_00328",3.61831958488688,1.22539601054395,2.86885565097092,0.427137562717468,0.669279135055459,0.998846388589019
"ONCDGDAG_00329",7.46223197174256,6.55131133732089,3.68997542138569,1.77543495258857,0.0758260970464535,0.791044955028284
"ONCDGDAG_00330",0,NA,NA,NA,NA,NA
"ONCDGDAG_00331",34.9390352974146,2.64339945038034,3.0921210161008,0.854882275504761,NA,NA
"ONCDGDAG_00332",0,NA,NA,NA,NA,NA
"ONCDGDAG_00333",115.435802125829,1.73640576544822,2.37681713775648,0.730559258373256,0.465048405015278,0.998846388589019
"ONCDGDAG_00334",159.789610800999,2.98420512361723,2.2503239735414,1.32612244223701,0.184799143607002,0.841546869348807
"ONCDGDAG_00335",0.156066341801476,1.2051316188578,4.0804728567969,0.295341167838036,0.767733270926973,0.998846388589019
"ONCDGDAG_00336",0,NA,NA,NA,NA,NA
"ONCDGDAG_00337",18.1036956489712,21.2586923782206,3.5806138296307,5.93716423767856,NA,NA
"ONCDGDAG_00338",28.2550507632122,-1.81843301225736,2.94369796422659,-0.617737632853622,0.536748300726196,0.998846388589019
"ONCDGDAG_00339",0,NA,NA,NA,NA,NA
"ONCDGDAG_00340",0,NA,NA,NA,NA,NA
"ONCDGDAG_00341",118.838771972522,1.48451598868409,1.84530673288116,0.804481966185779,0.421118680254655,0.998846388589019
"ONCDGDAG_00342",0,NA,NA,NA,NA,NA
"ONCDGDAG_00343",0,NA,NA,NA,NA,NA
"ONCDGDAG_00344",14.8959291159383,-7.30753359499756,3.14860871237622,-2.32087701665624,0.0202934823090507,0.534095121595384
"ONCDGDAG_00345",0,NA,NA,NA,NA,NA
"ONCDGDAG_00346",26.5893372601514,0.493109602570815,2.99698987368367,0.164534957859141,0.869310029335811,0.998846388589019
"ONCDGDAG_00347",4.20348454149748,-5.47735577415199,3.43837210764728,-1.59300843616367,0.111158298534017,0.791044955028284
"ONCDGDAG_00348",0,NA,NA,NA,NA,NA
"ONCDGDAG_00349",5.51576381337045,-5.87674063610935,3.76539603788804,-1.56072311570327,0.118589094760271,0.791044955028284
"ONCDGDAG_00350",5.41362003904877,-5.84984243497317,3.77107925293691,-1.55123826432906,0.120844595383039,0.791044955028284
"ONCDGDAG_00351",0,NA,NA,NA,NA,NA
"ONCDGDAG_00352",0,NA,NA,NA,NA,NA
"ONCDGDAG_00353",93.8469061019949,-1.91238972515521,1.90372243980886,-1.00455280936187,0.315112230272689,0.998846388589019
"ONCDGDAG_00354",0,NA,NA,NA,NA,NA
"ONCDGDAG_00355",90.4541641507135,0.289615915310211,2.46287061346347,0.117592825919073,0.906390289592796,0.998846388589019
"ONCDGDAG_00356",0,NA,NA,NA,NA,NA
"ONCDGDAG_00357",0,NA,NA,NA,NA,NA
"ONCDGDAG_00358",5.41362003904877,-5.84984243497317,3.77107925293691,-1.55123826432906,0.120844595383039,0.791044955028284
"ONCDGDAG_00359",54.5881401642213,-3.14158420105192,2.99333412429497,-1.04952673861354,0.293935755496436,0.998846388589019
"ONCDGDAG_00360",120.040695082817,1.55746508805587,1.86447005853186,0.835339286318317,0.403526703530989,0.998846388589019
"ONCDGDAG_00361",0,NA,NA,NA,NA,NA
"ONCDGDAG_00362",0,NA,NA,NA,NA,NA
"ONCDGDAG_00363",0,NA,NA,NA,NA,NA
"ONCDGDAG_00364",0,NA,NA,NA,NA,NA
"ONCDGDAG_00365",0,NA,NA,NA,NA,NA
"ONCDGDAG_00366",0,NA,NA,NA,NA,NA
"ONCDGDAG_00367",94.3179024716209,-0.526664198812647,2.29169557981135,-0.229814205452192,0.818236145785567,0.998846388589019
"ONCDGDAG_00368",0,NA,NA,NA,NA,NA
"ONCDGDAG_00369",0,NA,NA,NA,NA,NA
"ONCDGDAG_00370",5.36839432475374,-5.83665783638116,3.38947037239757,-1.72199700694022,0.0850700606866358,0.791044955028284
"ONCDGDAG_00371",18.0723236999884,1.90950788876929,2.94194526414976,0.649063023720514,0.516297640744915,0.998846388589019
"ONCDGDAG_00372",0,NA,NA,NA,NA,NA
"ONCDGDAG_00373",0,NA,NA,NA,NA,NA
"ONCDGDAG_00374",9.2684141732991,0.728509957138631,3.02367369563538,0.240935375464033,0.809605203954283,0.998846388589019
"ONCDGDAG_00375",7.00279026025316,-0.319284102205469,3.41468225125095,-0.0935033126694297,0.925503718096748,0.998846388589019
"ONCDGDAG_00376",0,NA,NA,NA,NA,NA
"ONCDGDAG_00377",85.4178863930931,0.813774735947213,2.09455150393357,0.388519802171941,NA,NA
"ONCDGDAG_00378",0,NA,NA,NA,NA,NA
"ONCDGDAG_00379",0,NA,NA,NA,NA,NA
"ONCDGDAG_00380",113.736931983075,1.43319748889354,1.88993709523107,0.758330789162224,0.448252979677425,0.998846388589019
"ONCDGDAG_00381",20.0336885723606,2.09485577950962,2.93466777420564,0.713830641383812,0.475331909868334,0.998846388589019
"ONCDGDAG_00382",40.4013161499002,1.58716898269979,2.46218089504844,0.644619160960783,0.519174014703073,0.998846388589019
"ONCDGDAG_00383",6.3987200138605,6.33077445459319,3.72156089312398,1.70110731394723,0.0889228377665689,0.791044955028284
"ONCDGDAG_00384",0,NA,NA,NA,NA,NA
"ONCDGDAG_00385",27.5130838344088,0.00834584456303328,2.64079565293454,0.0031603522801013,0.997478407906547,0.999198464782135
"ONCDGDAG_00386",0,NA,NA,NA,NA,NA
"ONCDGDAG_00387",0,NA,NA,NA,NA,NA
"ONCDGDAG_00388",0,NA,NA,NA,NA,NA
"ONCDGDAG_00389",0,NA,NA,NA,NA,NA
"ONCDGDAG_00390",0,NA,NA,NA,NA,NA
"ONCDGDAG_00391",223.862324845614,-0.201621776443283,1.8567345328521,-0.108589447158919,0.913528131202706,0.998846388589019
"ONCDGDAG_00392",91.8671004400887,1.158993104684,2.25883316211546,0.513093717642505,0.607885765883893,0.998846388589019
"ONCDGDAG_00393",0,NA,NA,NA,NA,NA
"ONCDGDAG_00394",0,NA,NA,NA,NA,NA
"ONCDGDAG_00395",0,NA,NA,NA,NA,NA
"ONCDGDAG_00396",5.88542821795614,-1.2826493251355,3.05474511575221,-0.419887511570554,0.674567631286313,0.998846388589019
"ONCDGDAG_00397",0,NA,NA,NA,NA,NA
"ONCDGDAG_00398",12.3112888280944,-7.03220867489384,3.61640445729708,-1.94453047437889,NA,NA
"ONCDGDAG_00399",0,NA,NA,NA,NA,NA
"ONCDGDAG_00400",3.82132956081094,-4.31980892405548,3.6134107354277,-1.19549346596608,0.231894287603232,0.907555787166315
"ONCDGDAG_00401",0,NA,NA,NA,NA,NA
"ONCDGDAG_00402",0,NA,NA,NA,NA,NA
"ONCDGDAG_00403",0,NA,NA,NA,NA,NA
"ONCDGDAG_00404",0,NA,NA,NA,NA,NA
"ONCDGDAG_00405",43.9361283298396,2.06491627403705,2.63130838530638,0.784748866977302,0.432600825318047,0.998846388589019
"ONCDGDAG_00406",0,NA,NA,NA,NA,NA
"ONCDGDAG_00407",0,NA,NA,NA,NA,NA
"ONCDGDAG_00408",0,NA,NA,NA,NA,NA
"ONCDGDAG_00409",11.9982486550988,0.0308443399009571,3.37105436234276,0.00914976045640551,0.992699649258867,0.998846388589019
"ONCDGDAG_00410",33.0001655272711,-2.07022892599128,2.5905952797645,-0.799132516824272,0.424213576641002,0.998846388589019
"ONCDGDAG_00411",0,NA,NA,NA,NA,NA
"ONCDGDAG_00412",1.54384896055673,-4.0074907521128,3.93425504420832,-1.01861488568523,0.308385834522754,0.998846388589019
"ONCDGDAG_00413",0,NA,NA,NA,NA,NA
"ONCDGDAG_00414",8.34537184092065,-1.28911920240051,3.10663144591767,-0.414957237394382,0.678173207848533,0.998846388589019
"ONCDGDAG_00415",0,NA,NA,NA,NA,NA
"ONCDGDAG_00416",0,NA,NA,NA,NA,NA
"ONCDGDAG_00417",220.952555165186,-0.0830411557900726,1.95817100224981,-0.0424075097091437,0.966173841854271,0.998846388589019
"ONCDGDAG_00418",197.207633646814,0.344190190607139,1.94784008534996,0.176703515445572,0.859741279405086,0.998846388589019
"ONCDGDAG_00419",0,NA,NA,NA,NA,NA
"ONCDGDAG_00420",0,NA,NA,NA,NA,NA
"ONCDGDAG_00421",0,NA,NA,NA,NA,NA
"ONCDGDAG_00422",0,NA,NA,NA,NA,NA
"ONCDGDAG_00423",3.77931964990197,-5.33290711549202,3.90564728053646,-1.36543490295916,0.172116400112154,0.823913415497188
"ONCDGDAG_00424",0,NA,NA,NA,NA,NA
"ONCDGDAG_00425",0,NA,NA,NA,NA,NA
"ONCDGDAG_00426",4.05417700220562,1.59067103893202,2.58870370089566,0.614466243619021,0.538907272998538,0.998846388589019
"ONCDGDAG_00427",31.4029500454673,0.0840891125642932,2.44406206306843,0.0344054735086074,0.97255381882873,0.998846388589019
"ONCDGDAG_00428",0,NA,NA,NA,NA,NA
"ONCDGDAG_00429",0,NA,NA,NA,NA,NA
"ONCDGDAG_00430",0,NA,NA,NA,NA,NA
"ONCDGDAG_00431",0,NA,NA,NA,NA,NA
"ONCDGDAG_00432",0,NA,NA,NA,NA,NA
"ONCDGDAG_00433",0,NA,NA,NA,NA,NA
"ONCDGDAG_00434",0,NA,NA,NA,NA,NA
"ONCDGDAG_00435",0,NA,NA,NA,NA,NA
"ONCDGDAG_00436",14.6957313608437,-1.33717288963535,3.08616687004946,-0.433279516610818,NA,NA
"ONCDGDAG_00437",55.5090817257896,4.61319734770438,2.50548642149788,1.84123821551043,0.0655866573837614,0.791044955028284
"ONCDGDAG_00438",1.66400628003523,3.33621294840576,3.93531376003248,0.847762885462587,0.396570036558193,0.998846388589019
"ONCDGDAG_00439",74.6052277916199,5.21152884152079,3.33801450073207,1.56126608808255,NA,NA
"ONCDGDAG_00440",0,NA,NA,NA,NA,NA
"ONCDGDAG_00441",10.1443122170959,6.99521292527569,3.63267332324167,1.92563776118283,0.0541496202489754,0.791044955028284
"ONCDGDAG_00442",0.36699240444196,2.19270647849596,4.03001201524402,0.54409427818125,0.586376597688921,0.998846388589019
"ONCDGDAG_00443",2.60414555553156,-1.01579876013026,3.7377502950251,-0.271767421564324,0.785800856527146,0.998846388589019
"ONCDGDAG_00444",0,NA,NA,NA,NA,NA
"ONCDGDAG_00445",19.04009369978,21.3315667001304,3.57831191049855,5.96134915951424,NA,NA
"ONCDGDAG_00446",0,NA,NA,NA,NA,NA
"ONCDGDAG_00447",0,NA,NA,NA,NA,NA
"ONCDGDAG_00448",0,NA,NA,NA,NA,NA
"ONCDGDAG_00449",0,NA,NA,NA,NA,NA
"ONCDGDAG_00450",0,NA,NA,NA,NA,NA
"ONCDGDAG_00451",0,NA,NA,NA,NA,NA
"ONCDGDAG_00452",342.266067851146,-0.13782212893008,1.89708304007,-0.072649497159067,0.942085037715715,0.998846388589019
"ONCDGDAG_00453",0.113993415074948,-0.724657721442987,4.07959710844188,-0.177629727196212,0.859013776867028,0.998846388589019
"ONCDGDAG_00454",7.28869169332994,6.51736058527145,3.6950042788782,1.76383032153081,0.0777605508613349,0.791044955028284
"ONCDGDAG_00455",0,NA,NA,NA,NA,NA
"ONCDGDAG_00456",0,NA,NA,NA,NA,NA
"ONCDGDAG_00457",0,NA,NA,NA,NA,NA
"ONCDGDAG_00458",0,NA,NA,NA,NA,NA
"ONCDGDAG_00459",65.1767128488202,0.303525696926032,2.29291500839482,0.132375467827967,0.894687317736962,0.998846388589019
"ONCDGDAG_00460",0,NA,NA,NA,NA,NA
"ONCDGDAG_00461",0,NA,NA,NA,NA,NA
"ONCDGDAG_00462",16.350413704514,0.827753665523512,2.6177226781004,0.316211366638802,0.751842080734924,0.998846388589019
"ONCDGDAG_00463",0,NA,NA,NA,NA,NA
"ONCDGDAG_00464",27.3090354895187,0.912895886498894,2.99101930171304,0.305212302032305,0.760204463486475,0.998846388589019
"ONCDGDAG_00465",4.47396704211821,-3.52372087963355,3.30256696325745,-1.06696424897255,0.285987980163479,0.998846388589019
"ONCDGDAG_00466",0,NA,NA,NA,NA,NA
"ONCDGDAG_00467",0,NA,NA,NA,NA,NA
"ONCDGDAG_00468",0,NA,NA,NA,NA,NA
"ONCDGDAG_00469",23.953209305457,0.863265985766418,2.70626740385404,0.318987689293758,0.749735848049393,0.998846388589019
"ONCDGDAG_00470",0,NA,NA,NA,NA,NA
"ONCDGDAG_00471",0,NA,NA,NA,NA,NA
"ONCDGDAG_00472",24.3941339672216,-1.01452834460195,2.62698017690549,-0.386195660523422,0.699351767332385,0.998846388589019
"ONCDGDAG_00473",0,NA,NA,NA,NA,NA
"ONCDGDAG_00474",0,NA,NA,NA,NA,NA
"ONCDGDAG_00475",0.306431322965025,-1.82002621723437,4.02022605093021,-0.452717383096716,0.650752260736176,0.998846388589019
"ONCDGDAG_00476",0,NA,NA,NA,NA,NA
"ONCDGDAG_00477",0,NA,NA,NA,NA,NA
"ONCDGDAG_00478",0,NA,NA,NA,NA,NA
"ONCDGDAG_00479",91.5633355838092,1.32078545072037,2.31995954149384,0.569314001859663,0.569143066330522,0.998846388589019
"ONCDGDAG_00480",0,NA,NA,NA,NA,NA
"ONCDGDAG_00481",0,NA,NA,NA,NA,NA
"ONCDGDAG_00482",0,NA,NA,NA,NA,NA
"ONCDGDAG_00483",0,NA,NA,NA,NA,NA
"ONCDGDAG_00484",0,NA,NA,NA,NA,NA
"ONCDGDAG_00485",0,NA,NA,NA,NA,NA
"ONCDGDAG_00486",10.8921531880288,0.843032728695886,2.99490325161224,0.281489135998653,0.778335259583451,0.998846388589019
"ONCDGDAG_00487",17.3825071509205,1.21955589450743,3.35363733811192,0.363651692640692,NA,NA
"ONCDGDAG_00488",0,NA,NA,NA,NA,NA
"ONCDGDAG_00489",0,NA,NA,NA,NA,NA
"ONCDGDAG_00490",0,NA,NA,NA,NA,NA
"ONCDGDAG_00491",1.54656157091238,-0.997595823288831,3.85659959186873,-0.258672387299985,0.795888026339122,0.998846388589019
"ONCDGDAG_00492",0,NA,NA,NA,NA,NA
"ONCDGDAG_00493",0,NA,NA,NA,NA,NA
"ONCDGDAG_00494",0,NA,NA,NA,NA,NA
"ONCDGDAG_00495",26.7740274222801,8.39464851829467,3.14204622877172,2.67171387913547,0.00754649637936468,0.440220198418589
"ONCDGDAG_00496",3.99142640349021,5.6485005762521,3.88395859143682,1.45431534432567,0.145858898218803,0.814995207477437
"ONCDGDAG_00497",0,NA,NA,NA,NA,NA
"ONCDGDAG_00498",0,NA,NA,NA,NA,NA
"ONCDGDAG_00499",0,NA,NA,NA,NA,NA
"ONCDGDAG_00500",1.05556072518873,-2.27028047696876,3.73933601196164,-0.607134654309332,0.543761553843185,0.998846388589019
"ONCDGDAG_00501",89.9169020884447,-4.94893909680359,2.50242723547538,-1.97765554444322,0.0479675785884575,0.791044955028284
"ONCDGDAG_00502",0,NA,NA,NA,NA,NA
"ONCDGDAG_00503",22.317486877611,21.5530648183431,3.57286183275627,6.03243725260881,NA,NA
"ONCDGDAG_00504",0,NA,NA,NA,NA,NA
"ONCDGDAG_00506",0,NA,NA,NA,NA,NA
"ONCDGDAG_00507",0,NA,NA,NA,NA,NA
"ONCDGDAG_00508",0,NA,NA,NA,NA,NA
"ONCDGDAG_00509",0,NA,NA,NA,NA,NA
"ONCDGDAG_00510",0,NA,NA,NA,NA,NA
"ONCDGDAG_00511",0,NA,NA,NA,NA,NA
"ONCDGDAG_00512",44.9070658782344,0.567215239889482,1.91642411619616,0.29597584120123,0.767248531184104,0.998846388589019
"ONCDGDAG_00513",0,NA,NA,NA,NA,NA
"ONCDGDAG_00514",0,NA,NA,NA,NA,NA
"ONCDGDAG_00515",22.7820292614542,-2.31453991194121,2.93833400289885,-0.787704838748004,0.430869374587866,0.998846388589019
"ONCDGDAG_00516",0,NA,NA,NA,NA,NA
"ONCDGDAG_00517",0,NA,NA,NA,NA,NA
"ONCDGDAG_00518",0,NA,NA,NA,NA,NA
"ONCDGDAG_00519",16.088783068638,-7.41327268799908,3.19177860842136,-2.32261494216407,0.0201998472901102,0.534095121595384
"ONCDGDAG_00520",0,NA,NA,NA,NA,NA
"ONCDGDAG_00521",0,NA,NA,NA,NA,NA
"ONCDGDAG_00522",48.1705090349248,2.51558180436557,2.68206113672407,0.93792858407328,0.348281112466376,0.998846388589019
"ONCDGDAG_00523",7.49511596083677,-0.349279031945432,3.1215720883512,-0.11189202813827,0.910909017534306,0.998846388589019
"ONCDGDAG_00524",0,NA,NA,NA,NA,NA
"ONCDGDAG_00525",0,NA,NA,NA,NA,NA
"ONCDGDAG_00526",0.520620835237853,2.70826855552889,3.99338947974067,0.678187932649325,0.497652542813393,0.998846388589019
"ONCDGDAG_00527",1.53215661482512,-4.03902193906003,3.93366612848942,-1.02678310947835,0.304522604471434,0.998846388589019
"ONCDGDAG_00528",58.2059801454924,-1.9216994760454,3.44367420642441,-0.558037538063368,NA,NA
"ONCDGDAG_00529",0,NA,NA,NA,NA,NA
"ONCDGDAG_00530",0,NA,NA,NA,NA,NA
"ONCDGDAG_00531",150.209460211182,-2.66304619077793,1.90428129856236,-1.39845210515296,0.161977345631465,0.821483845895725
"ONCDGDAG_00532",0,NA,NA,NA,NA,NA
"ONCDGDAG_00533",0,NA,NA,NA,NA,NA
"ONCDGDAG_00534",17.8821221307198,-0.473828426941636,2.96423108506321,-0.159848680262906,0.873000275773522,0.998846388589019
"ONCDGDAG_00535",0,NA,NA,NA,NA,NA
"ONCDGDAG_00536",0,NA,NA,NA,NA,NA
"ONCDGDAG_00537",0,NA,NA,NA,NA,NA
"ONCDGDAG_00538",0,NA,NA,NA,NA,NA
"ONCDGDAG_00539",0,NA,NA,NA,NA,NA
"ONCDGDAG_00540",0,NA,NA,NA,NA,NA
"ONCDGDAG_00541",0,NA,NA,NA,NA,NA
"ONCDGDAG_00542",0,NA,NA,NA,NA,NA
"ONCDGDAG_00543",0,NA,NA,NA,NA,NA
"ONCDGDAG_00544",0,NA,NA,NA,NA,NA
"ONCDGDAG_00545",0,NA,NA,NA,NA,NA
"ONCDGDAG_00546",0,NA,NA,NA,NA,NA
"ONCDGDAG_00547",112.241835096906,-0.74314163547275,3.07231307528209,-0.241883433511904,0.808870487172452,0.998846388589019
"ONCDGDAG_00548",0,NA,NA,NA,NA,NA
"ONCDGDAG_00549",0,NA,NA,NA,NA,NA
"ONCDGDAG_00550",66.1042386086704,-1.90559253954032,2.64455458661832,-0.720572208712494,0.471172757795188,0.998846388589019
"ONCDGDAG_00552",0,NA,NA,NA,NA,NA
"ONCDGDAG_00553",4.68558751714068,5.87985798601155,3.81971745695517,1.53934369551474,0.123720411833154,0.791044955028284
"ONCDGDAG_00554",0,NA,NA,NA,NA,NA
"ONCDGDAG_00555",0,NA,NA,NA,NA,NA
"ONCDGDAG_00556",0,NA,NA,NA,NA,NA
"ONCDGDAG_00557",0,NA,NA,NA,NA,NA
"ONCDGDAG_00558",0,NA,NA,NA,NA,NA
"ONCDGDAG_00559",0,NA,NA,NA,NA,NA
"ONCDGDAG_00560",56.481684733495,1.34505370933297,2.65387553152154,0.506826222012686,0.612276755841922,0.998846388589019
"ONCDGDAG_00561",0,NA,NA,NA,NA,NA
"ONCDGDAG_00562",0,NA,NA,NA,NA,NA
"ONCDGDAG_00563",6.59453057967947,6.37295621646986,3.71809695358427,1.71403712598895,0.0865219076635157,0.791044955028284
"ONCDGDAG_00564",0,NA,NA,NA,NA,NA
"ONCDGDAG_00565",0,NA,NA,NA,NA,NA
"ONCDGDAG_00566",0,NA,NA,NA,NA,NA
"ONCDGDAG_00567",0,NA,NA,NA,NA,NA
"ONCDGDAG_00568",0,NA,NA,NA,NA,NA
"ONCDGDAG_00569",0,NA,NA,NA,NA,NA
"ONCDGDAG_00570",9.62908788011511,-6.67179601891615,2.84950398545211,-2.34138855498305,0.0192121607957444,0.534095121595384
"ONCDGDAG_00571",210.066768688721,-2.01819332207211,2.2903395574629,-0.881176468133721,0.378222313832785,0.998846388589019
"ONCDGDAG_00572",0.867701392063088,3.4459716299578,3.95894594257223,0.870426542808227,0.384067346566323,0.998846388589019
"ONCDGDAG_00573",0,NA,NA,NA,NA,NA
"ONCDGDAG_00574",0,NA,NA,NA,NA,NA
"ONCDGDAG_00575",0,NA,NA,NA,NA,NA
"ONCDGDAG_00576",5.0157102632977,-5.73891647180967,3.79973211596245,-1.5103476499569,0.130954739044814,0.796491837478046
"ONCDGDAG_00577",0.306431322965025,-1.82002621723437,4.02022605093021,-0.452717383096716,0.650752260736176,0.998846388589019
"ONCDGDAG_00578",0,NA,NA,NA,NA,NA
"ONCDGDAG_00579",0,NA,NA,NA,NA,NA
"ONCDGDAG_00580",0.771924480278365,-2.98062683715691,3.96225725580861,-0.752254748928117,0.451897874864022,0.998846388589019
"ONCDGDAG_00581",0,NA,NA,NA,NA,NA
"ONCDGDAG_00582",0,NA,NA,NA,NA,NA
"ONCDGDAG_00583",0,NA,NA,NA,NA,NA
"ONCDGDAG_00584",0,NA,NA,NA,NA,NA
"ONCDGDAG_00585",19.9201782050637,-1.703720139373,2.93660911915079,-0.580165786540118,0.561802823380023,0.998846388589019
"ONCDGDAG_00586",0,NA,NA,NA,NA,NA
"ONCDGDAG_00587",0,NA,NA,NA,NA,NA
"ONCDGDAG_00588",10.4371487645746,0.889074206406883,3.37865405575365,0.263144492373477,0.792439212023955,0.998846388589019
"ONCDGDAG_00589",0,NA,NA,NA,NA,NA
"ONCDGDAG_00590",0,NA,NA,NA,NA,NA
"ONCDGDAG_00591",0,NA,NA,NA,NA,NA
"ONCDGDAG_00592",0,NA,NA,NA,NA,NA
"ONCDGDAG_00593",0,NA,NA,NA,NA,NA
"ONCDGDAG_00594",0,NA,NA,NA,NA,NA
"ONCDGDAG_00595",0.102143774321675,-0.714919814597662,4.07997607719371,-0.175226472182993,0.860901684325708,0.998846388589019
"ONCDGDAG_00596",0,NA,NA,NA,NA,NA
"ONCDGDAG_00597",71.2252581731888,0.0782675545134598,2.68705451019924,0.029127639285463,0.97676279218415,0.998846388589019
"ONCDGDAG_00598",0,NA,NA,NA,NA,NA
"ONCDGDAG_00599",0,NA,NA,NA,NA,NA
"ONCDGDAG_00600",0,NA,NA,NA,NA,NA
"ONCDGDAG_00601",17.6215206485179,0.071937252706501,3.00257361016555,0.02395853092925,0.980885686727855,0.998846388589019
"ONCDGDAG_00602",0,NA,NA,NA,NA,NA
"ONCDGDAG_00603",0,NA,NA,NA,NA,NA
"ONCDGDAG_00604",4.99888808789537,4.17442766158939,3.4975793018151,1.19351908888042,0.232666140760546,0.907555787166315
"ONCDGDAG_00605",0,NA,NA,NA,NA,NA
"ONCDGDAG_00606",0,NA,NA,NA,NA,NA
"ONCDGDAG_00607",0,NA,NA,NA,NA,NA
"ONCDGDAG_00609",0,NA,NA,NA,NA,NA
"ONCDGDAG_00610",12.3320664107035,-1.45744180093764,3.08765794627125,-0.4720217803587,0.636911242329392,0.998846388589019
"ONCDGDAG_00611",75.8998248931229,1.26451011658403,2.66610496007921,0.474291198402954,0.635292267092063,0.998846388589019
"ONCDGDAG_00612",8.2788803887625,-0.0434736261127535,3.02989458651426,-0.0143482305642744,0.988552161156986,0.998846388589019
"ONCDGDAG_00613",19.2468361145001,-3.18021568931195,3.00497363553439,-1.05831733486953,0.289910792501513,0.998846388589019
"ONCDGDAG_00614",0,NA,NA,NA,NA,NA
"ONCDGDAG_00615",0,NA,NA,NA,NA,NA
"ONCDGDAG_00616",0,NA,NA,NA,NA,NA
"ONCDGDAG_00617",0,NA,NA,NA,NA,NA
"ONCDGDAG_00618",0,NA,NA,NA,NA,NA
"ONCDGDAG_00619",0,NA,NA,NA,NA,NA
"ONCDGDAG_00620",0,NA,NA,NA,NA,NA
"ONCDGDAG_00621",0,NA,NA,NA,NA,NA
"ONCDGDAG_00622",0,NA,NA,NA,NA,NA
"ONCDGDAG_00623",0,NA,NA,NA,NA,NA
"ONCDGDAG_00624",83.9029036760632,-2.21094123442207,2.00106724924985,-1.10488102548822,0.269211145261138,0.988592250537435
"ONCDGDAG_00625",112.708056317835,-0.865375707040608,1.94988465830812,-0.443808664965587,0.657180923177618,0.998846388589019
"ONCDGDAG_00626",0,NA,NA,NA,NA,NA
"ONCDGDAG_00627",11.7413217527196,-6.96390434451055,3.62149723316021,-1.92293515531246,NA,NA
"ONCDGDAG_00628",0,NA,NA,NA,NA,NA
"ONCDGDAG_00629",0,NA,NA,NA,NA,NA
"ONCDGDAG_00630",0,NA,NA,NA,NA,NA
"ONCDGDAG_00631",0,NA,NA,NA,NA,NA
"ONCDGDAG_00632",28.3877532832052,0.0589525786613409,3.387457031294,0.0174031960012261,NA,NA
"ONCDGDAG_00633",11.1514053494575,-3.03656024601573,2.96563161261859,-1.02391687257964,0.305874540076607,0.998846388589019
"ONCDGDAG_00634",71.4797714871897,0.33115703565712,2.13481330140062,0.155122246727549,0.876724944117498,0.998846388589019
"ONCDGDAG_00635",38.7280037082262,-8.68223586243469,3.18246505186011,-2.72814806162916,0.00636910131249865,0.440220198418589
"ONCDGDAG_00636",43.279511983961,-0.0579710159149805,1.99362565740088,-0.0290781851145306,0.976802234196775,0.998846388589019
"ONCDGDAG_00637",61.3143842771402,0.763461596388955,2.34904862082426,0.325008852358733,0.745174371886862,0.998846388589019
"ONCDGDAG_00638",0.684259150020993,-1.51816370238556,3.9847113712801,-0.380997156614093,0.703205358402856,0.998846388589019
"ONCDGDAG_00639",0,NA,NA,NA,NA,NA
"ONCDGDAG_00640",0,NA,NA,NA,NA,NA
"ONCDGDAG_00641",60.9625667852327,-1.55651358806741,1.92618889462393,-0.808079411324455,0.419044869012938,0.998846388589019
"ONCDGDAG_00642",3.6771758755803,-5.29350692884686,3.91810071566532,-1.3510390143067,0.176682935423745,0.82640607974266
"ONCDGDAG_00643",0,NA,NA,NA,NA,NA
"ONCDGDAG_00644",0,NA,NA,NA,NA,NA
"ONCDGDAG_00645",17.1959623970284,1.32139858203252,3.36131888079838,0.393119078817854,0.6942315333313,0.998846388589019
"ONCDGDAG_00646",0,NA,NA,NA,NA,NA
"ONCDGDAG_00647",0,NA,NA,NA,NA,NA
"ONCDGDAG_00648",0.347080556825235,2.12243453900393,4.03606251504484,0.525867607623108,0.598980196574105,0.998846388589019
"ONCDGDAG_00649",0,NA,NA,NA,NA,NA
"ONCDGDAG_00650",0,NA,NA,NA,NA,NA
"ONCDGDAG_00651",0,NA,NA,NA,NA,NA
"ONCDGDAG_00652",1.32786906618177,-3.83473415751123,3.93771573509914,-0.973847381447582,0.330132323183658,0.998846388589019
"ONCDGDAG_00653",55.0480171207548,3.25803339696853,2.21157844365572,1.4731710766646,0.140704911939762,0.814995207477437
"ONCDGDAG_00654",0,NA,NA,NA,NA,NA
"ONCDGDAG_00655",0,NA,NA,NA,NA,NA
"ONCDGDAG_00656",0,NA,NA,NA,NA,NA
"ONCDGDAG_00657",15.736790638992,-0.409133895747927,2.68811717269594,-0.152200915906356,0.879028471591773,0.998846388589019
"ONCDGDAG_00658",0,NA,NA,NA,NA,NA
"ONCDGDAG_00659",0.522568512361648,-2.51031343057529,3.98312678198209,-0.630236888750526,0.528539607553082,0.998846388589019
"ONCDGDAG_00660",0,NA,NA,NA,NA,NA
"ONCDGDAG_00661",0,NA,NA,NA,NA,NA
"ONCDGDAG_00662",4.68558751714068,5.87985798601155,3.81971745695517,1.53934369551474,0.123720411833154,0.791044955028284
"ONCDGDAG_00663",20.1268962882854,-1.61867075567838,2.94007978732382,-0.550553343027385,0.581939900161285,0.998846388589019
"ONCDGDAG_00664",4.51204723872806,5.82540298151939,3.8337523623169,1.51950424309588,0.128635620812669,0.791044955028284
"ONCDGDAG_00665",0,NA,NA,NA,NA,NA
"ONCDGDAG_00666",0,NA,NA,NA,NA,NA
"ONCDGDAG_00667",0,NA,NA,NA,NA,NA
"ONCDGDAG_00668",0,NA,NA,NA,NA,NA
"ONCDGDAG_00669",0,NA,NA,NA,NA,NA
"ONCDGDAG_00670",22.8332665821745,-0.86471577461688,2.63676773039799,-0.327945372149393,0.742952967040454,0.998846388589019
"ONCDGDAG_00671",7.17905172286787,6.49667871479142,3.69426078153607,1.75858692685201,0.0786476950734276,0.791044955028284
"ONCDGDAG_00672",0,NA,NA,NA,NA,NA
"ONCDGDAG_00673",0,NA,NA,NA,NA,NA
"ONCDGDAG_00674",0,NA,NA,NA,NA,NA
"ONCDGDAG_00675",0,NA,NA,NA,NA,NA
"ONCDGDAG_00676",0,NA,NA,NA,NA,NA
"ONCDGDAG_00677",0,NA,NA,NA,NA,NA
"ONCDGDAG_00678",0,NA,NA,NA,NA,NA
"ONCDGDAG_00679",0,NA,NA,NA,NA,NA
"ONCDGDAG_00680",0,NA,NA,NA,NA,NA
"ONCDGDAG_00681",0,NA,NA,NA,NA,NA
"ONCDGDAG_00682",311.414083230568,0.30120607515532,1.83711597212641,0.163955939486326,0.869765829537409,0.998846388589019
"ONCDGDAG_00683",112.800905597483,-0.389255226160626,2.0711685488537,-0.187939907824528,0.850923758195676,0.998846388589019
"ONCDGDAG_00684",0,NA,NA,NA,NA,NA
"ONCDGDAG_00685",0,NA,NA,NA,NA,NA
"ONCDGDAG_00686",0,NA,NA,NA,NA,NA
"ONCDGDAG_00687",0,NA,NA,NA,NA,NA
"ONCDGDAG_00688",6.5372015565872,-6.12123544467642,3.71894685682979,-1.64595937514807,0.0997721232430082,0.791044955028284
"ONCDGDAG_00689",0,NA,NA,NA,NA,NA
"ONCDGDAG_00690",0,NA,NA,NA,NA,NA
"ONCDGDAG_00691",0,NA,NA,NA,NA,NA
"ONCDGDAG_00692",36.5218260703993,-2.58667620620287,2.35174727962299,-1.09989548137908,0.271377663728833,0.991101197144941
"ONCDGDAG_00693",0,NA,NA,NA,NA,NA
"ONCDGDAG_00694",98.3660290550573,-0.542549473997023,1.9268309318247,-0.281576066190318,0.77826859433888,0.998846388589019
"ONCDGDAG_00695",0,NA,NA,NA,NA,NA
"ONCDGDAG_00696",0,NA,NA,NA,NA,NA
"ONCDGDAG_00697",0,NA,NA,NA,NA,NA
"ONCDGDAG_00698",0,NA,NA,NA,NA,NA
"ONCDGDAG_00699",0,NA,NA,NA,NA,NA
"ONCDGDAG_00700",0,NA,NA,NA,NA,NA
"ONCDGDAG_00701",0,NA,NA,NA,NA,NA
"ONCDGDAG_00702",0,NA,NA,NA,NA,NA
"ONCDGDAG_00703",0,NA,NA,NA,NA,NA
"ONCDGDAG_00704",0.347080556825235,2.12243453900393,4.03606251504484,0.525867607623108,0.598980196574105,0.998846388589019
"ONCDGDAG_00705",5.3114762647271,-5.82243781448763,3.77699413046623,-1.54155331286388,0.123182178180783,0.791044955028284
"ONCDGDAG_00706",0,NA,NA,NA,NA,NA
"ONCDGDAG_00707",0,NA,NA,NA,NA,NA
"ONCDGDAG_00708",0,NA,NA,NA,NA,NA
"ONCDGDAG_00709",0,NA,NA,NA,NA,NA
"ONCDGDAG_00710",9.57544686629561,-6.67011240668379,3.64815346403162,-1.82835302090405,NA,NA
"ONCDGDAG_00711",18.0210305210432,1.10807382045635,3.36338100801231,0.329452362910025,NA,NA
"ONCDGDAG_00712",22.7376609352654,-2.0831501011602,2.6927828519357,-0.773604934264466,0.439164453270681,0.998846388589019
"ONCDGDAG_00713",8470.88501696226,-0.853520877273734,1.83221922351754,-0.465839931334811,0.641330080273436,0.998846388589019
"ONCDGDAG_00714",0,NA,NA,NA,NA,NA
"ONCDGDAG_00715",0,NA,NA,NA,NA,NA
"ONCDGDAG_00716",15.9597874123079,-7.40721802571018,3.14598553047645,-2.35449844061692,0.0185477215250854,0.534095121595384
"ONCDGDAG_00717",0,NA,NA,NA,NA,NA
"ONCDGDAG_00718",0,NA,NA,NA,NA,NA
"ONCDGDAG_00719",0,NA,NA,NA,NA,NA
"ONCDGDAG_00720",0,NA,NA,NA,NA,NA
"ONCDGDAG_00721",0,NA,NA,NA,NA,NA
"ONCDGDAG_00722",0,NA,NA,NA,NA,NA
"ONCDGDAG_00723",0,NA,NA,NA,NA,NA
"ONCDGDAG_00724",0,NA,NA,NA,NA,NA
"ONCDGDAG_00725",0,NA,NA,NA,NA,NA
"ONCDGDAG_00726",0,NA,NA,NA,NA,NA
"ONCDGDAG_00727",0,NA,NA,NA,NA,NA
"ONCDGDAG_00728",0,NA,NA,NA,NA,NA
"ONCDGDAG_00729",0,NA,NA,NA,NA,NA
"ONCDGDAG_00730",1.21478194888832,3.93172444189014,3.94409994024706,0.996862275666336,0.318831364997479,0.998846388589019
"ONCDGDAG_00731",0,NA,NA,NA,NA,NA
"ONCDGDAG_00732",0,NA,NA,NA,NA,NA
"ONCDGDAG_00733",14.2257233969306,-1.26953495366892,2.98642473166728,-0.42510194220102,0.670762362143395,0.998846388589019
"ONCDGDAG_00734",0,NA,NA,NA,NA,NA
"ONCDGDAG_00735",0,NA,NA,NA,NA,NA
"ONCDGDAG_00736",0,NA,NA,NA,NA,NA
"ONCDGDAG_00737",0,NA,NA,NA,NA,NA
"ONCDGDAG_00738",0,NA,NA,NA,NA,NA
"ONCDGDAG_00739",0,NA,NA,NA,NA,NA
"ONCDGDAG_00740",4.085750972867,-5.44502513690123,3.87270500621125,-1.40600049014015,0.1597239792271,0.819854876032745
"ONCDGDAG_00741",0,NA,NA,NA,NA,NA
"ONCDGDAG_00742",0,NA,NA,NA,NA,NA
"ONCDGDAG_00743",0,NA,NA,NA,NA,NA
"ONCDGDAG_00744",9.46145345122066,-6.65286020965096,3.64997830388808,-1.82271226175895,NA,NA
"ONCDGDAG_00745",0,NA,NA,NA,NA,NA
"ONCDGDAG_00746",0,NA,NA,NA,NA,NA
"ONCDGDAG_00747",0,NA,NA,NA,NA,NA
"ONCDGDAG_00748",158.568037890277,-0.233828401445191,2.31612431757746,-0.100956757662198,0.919584787114453,0.998846388589019
"ONCDGDAG_00749",0.520620835237853,2.70826855552889,3.99338947974067,0.678187932649325,0.497652542813393,0.998846388589019
"ONCDGDAG_00750",0,NA,NA,NA,NA,NA
"ONCDGDAG_00751",0,NA,NA,NA,NA,NA
"ONCDGDAG_00752",0,NA,NA,NA,NA,NA
"ONCDGDAG_00753",1.21478194888832,3.93172444189014,3.94409994024706,0.996862275666336,0.318831364997479,0.998846388589019
"ONCDGDAG_00754",0,NA,NA,NA,NA,NA
"ONCDGDAG_00755",73.1556652299481,-2.47704953795662,2.24163937365828,-1.10501696529097,0.269152237982029,0.988592250537435
"ONCDGDAG_00756",0,NA,NA,NA,NA,NA
"ONCDGDAG_00757",0,NA,NA,NA,NA,NA
"ONCDGDAG_00758",0,NA,NA,NA,NA,NA
"ONCDGDAG_00759",0,NA,NA,NA,NA,NA
"ONCDGDAG_00760",10.0224922901339,4.34912654852148,2.63928134138224,1.64784499489689,0.0993844831465986,0.791044955028284
"ONCDGDAG_00761",1.07596505410876,1.02404491848005,3.90209225055864,0.262434830528018,0.792986222529133,0.998846388589019
"ONCDGDAG_00762",25.5825844381807,8.32923301122687,3.13747795665661,2.65475427279264,0.00793661993217724,0.440220198418589
"ONCDGDAG_00763",5.92433891065715,-5.97956422612361,3.74474406311486,-1.59678849217531,0.110312861987277,0.791044955028284
"ONCDGDAG_00764",0,NA,NA,NA,NA,NA
"ONCDGDAG_00765",0,NA,NA,NA,NA,NA
"ONCDGDAG_00766",4.64824146852079,5.86989368042142,3.3932081827598,1.72989494433178,0.0836490467298373,0.791044955028284
"ONCDGDAG_00767",0,NA,NA,NA,NA,NA
"ONCDGDAG_00768",18.8527067645418,-0.897046833285451,2.66846387654535,-0.33616600215956,0.736745688869792,0.998846388589019
"ONCDGDAG_00769",1060.2443926421,-1.53671546592155,1.99111942611479,-0.771784678390737,0.440241967814913,0.998846388589019
"ONCDGDAG_00770",41.4523569879858,-4.00509052207587,2.52472924677098,-1.58634456633249,0.112661167845342,0.791044955028284
"ONCDGDAG_00771",0,NA,NA,NA,NA,NA
"ONCDGDAG_00772",0,NA,NA,NA,NA,NA
"ONCDGDAG_00773",0,NA,NA,NA,NA,NA
"ONCDGDAG_00774",0,NA,NA,NA,NA,NA
"ONCDGDAG_00775",0,NA,NA,NA,NA,NA
"ONCDGDAG_00776",0,NA,NA,NA,NA,NA
"ONCDGDAG_00777",42.4212786229323,-0.12606990828712,2.6781106235863,-0.0470741974498042,0.962454091985079,0.998846388589019
"ONCDGDAG_00778",0,NA,NA,NA,NA,NA
"ONCDGDAG_00779",0,NA,NA,NA,NA,NA
"ONCDGDAG_00780",0,NA,NA,NA,NA,NA
"ONCDGDAG_00781",108.59176001543,1.85396672911838,2.66119241770853,0.696667673025603,0.48601079406176,0.998846388589019
"ONCDGDAG_00782",0,NA,NA,NA,NA,NA
"ONCDGDAG_00783",125.941236027077,-1.57037860184337,1.95301363823032,-0.804079690537306,0.421350953013531,0.998846388589019
"ONCDGDAG_00784",0,NA,NA,NA,NA,NA
"ONCDGDAG_00785",35.8079151975977,-1.47292927764235,2.61154996613354,-0.56400578075979,0.572750197995103,0.998846388589019
"ONCDGDAG_00786",0,NA,NA,NA,NA,NA
"ONCDGDAG_00787",0,NA,NA,NA,NA,NA
"ONCDGDAG_00788",0,NA,NA,NA,NA,NA
"ONCDGDAG_00789",0.20428754864335,-1.38061216037213,4.04110864860802,-0.341641930574593,0.732620377802943,0.998846388589019
"ONCDGDAG_00790",0,NA,NA,NA,NA,NA
"ONCDGDAG_00791",12.0795471228192,0.343956869254013,3.36995552314946,0.102065699945073,0.918704526273649,0.998846388589019
"ONCDGDAG_00792",37.6684064768481,-2.14282652456508,2.74670033036159,-0.780145726448066,0.435305103993244,0.998846388589019
"ONCDGDAG_00793",0,NA,NA,NA,NA,NA
"ONCDGDAG_00794",94.2558377944999,-0.114078645447994,2.035276736546,-0.0560506801849427,0.95530143363844,0.998846388589019
"ONCDGDAG_00795",0,NA,NA,NA,NA,NA
"ONCDGDAG_00796",56.2385855269641,-0.963897408227179,2.75502591041024,-0.349868727036272,0.726437217736641,0.998846388589019
"ONCDGDAG_00797",0,NA,NA,NA,NA,NA
"ONCDGDAG_00798",0,NA,NA,NA,NA,NA
"ONCDGDAG_00799",0,NA,NA,NA,NA,NA
"ONCDGDAG_00800",38.8985993423598,0.338622286091149,2.31465303630664,0.146295051906124,0.883688471841575,0.998846388589019
"ONCDGDAG_00801",0,NA,NA,NA,NA,NA
"ONCDGDAG_00802",0,NA,NA,NA,NA,NA
"ONCDGDAG_00803",0,NA,NA,NA,NA,NA
"ONCDGDAG_00804",154.160763391816,0.370822637864052,1.93455593410862,0.191683595871274,0.847990056308864,0.998846388589019
"ONCDGDAG_00805",0,NA,NA,NA,NA,NA
"ONCDGDAG_00806",9.3972272375941,-6.64368600374497,3.64682415046168,-1.82177306325667,NA,NA
"ONCDGDAG_00807",0,NA,NA,NA,NA,NA
"ONCDGDAG_00808",0,NA,NA,NA,NA,NA
"ONCDGDAG_00809",0,NA,NA,NA,NA,NA
"ONCDGDAG_00810",0,NA,NA,NA,NA,NA
"ONCDGDAG_00811",0.530576759046215,2.73307388634675,3.99192897359077,0.684649928500189,0.493564852638137,0.998846388589019
"ONCDGDAG_00812",0,NA,NA,NA,NA,NA
"ONCDGDAG_00813",0,NA,NA,NA,NA,NA
"ONCDGDAG_00814",56.0316279601639,1.67135313120427,2.71869255242499,0.614763567036467,0.538710872998111,0.998846388589019
"ONCDGDAG_00815",11.406291334028,-3.07179406371663,2.55798201827046,-1.20086616785273,0.22980311981329,0.907555787166315
"ONCDGDAG_00816",0,NA,NA,NA,NA,NA
"ONCDGDAG_00817",0,NA,NA,NA,NA,NA
"ONCDGDAG_00818",8.13943527472482,-0.688088939246771,3.40069962242013,-0.202337464535338,0.839652913172552,0.998846388589019
"ONCDGDAG_00819",0,NA,NA,NA,NA,NA
"ONCDGDAG_00820",0.4085750972867,-2.16659497715509,4.00306186943557,-0.541234446986097,0.588345997244443,0.998846388589019
"ONCDGDAG_00821",342.984790453384,-1.48804916328073,1.88742729538107,-0.788400786044739,0.430462311184095,0.998846388589019
"ONCDGDAG_00822",0,NA,NA,NA,NA,NA
"ONCDGDAG_00823",0,NA,NA,NA,NA,NA
"ONCDGDAG_00824",0,NA,NA,NA,NA,NA
"ONCDGDAG_00825",0,NA,NA,NA,NA,NA
"ONCDGDAG_00826",0,NA,NA,NA,NA,NA
"ONCDGDAG_00827",0,NA,NA,NA,NA,NA
"ONCDGDAG_00828",2.42956389777665,4.93213696123956,3.92547019565772,1.25644488823158,0.208954715510917,0.883579939874735
"ONCDGDAG_00829",0,NA,NA,NA,NA,NA
"ONCDGDAG_00830",0,NA,NA,NA,NA,NA
"ONCDGDAG_00831",0,NA,NA,NA,NA,NA
"ONCDGDAG_00832",0,NA,NA,NA,NA,NA
"ONCDGDAG_00833",36.5204304306634,-1.27643565752992,2.46488714970091,-0.517847503762922,0.60456467151025,0.998846388589019
"ONCDGDAG_00834",0,NA,NA,NA,NA,NA
"ONCDGDAG_00835",0,NA,NA,NA,NA,NA
"ONCDGDAG_00836",144.56356085065,-0.304302309373892,2.33247119705081,-0.130463480002949,0.896199745886783,0.998846388589019
"ONCDGDAG_00837",0,NA,NA,NA,NA,NA
"ONCDGDAG_00838",0,NA,NA,NA,NA,NA
"ONCDGDAG_00839",0,NA,NA,NA,NA,NA
"ONCDGDAG_00840",1.38832222730094,4.12447233911094,3.93945005912288,1.04696652507616,0.295115017523231,0.998846388589019
"ONCDGDAG_00841",0,NA,NA,NA,NA,NA
"ONCDGDAG_00842",0.113993415074948,-0.724657721442987,4.07959710844188,-0.177629727196212,0.859013776867028,0.998846388589019
"ONCDGDAG_00843",0,NA,NA,NA,NA,NA
"ONCDGDAG_00844",0,NA,NA,NA,NA,NA
"ONCDGDAG_00845",0,NA,NA,NA,NA,NA
"ONCDGDAG_00846",0,NA,NA,NA,NA,NA
"ONCDGDAG_00847",0,NA,NA,NA,NA,NA
"ONCDGDAG_00848",0.227986830149895,-1.48506656702586,4.03560476957005,-0.367991082333882,0.712879883629256,0.998846388589019
"ONCDGDAG_00849",0,NA,NA,NA,NA,NA
"ONCDGDAG_00850",0,NA,NA,NA,NA,NA
"ONCDGDAG_00851",0,NA,NA,NA,NA,NA
"ONCDGDAG_00852",0,NA,NA,NA,NA,NA
"ONCDGDAG_00853",0,NA,NA,NA,NA,NA
"ONCDGDAG_00854",0,NA,NA,NA,NA,NA
"ONCDGDAG_00855",0,NA,NA,NA,NA,NA
"ONCDGDAG_00856",0,NA,NA,NA,NA,NA
"ONCDGDAG_00857",0,NA,NA,NA,NA,NA
"ONCDGDAG_00858",0,NA,NA,NA,NA,NA
"ONCDGDAG_00859",0,NA,NA,NA,NA,NA
"ONCDGDAG_00860",0,NA,NA,NA,NA,NA
"ONCDGDAG_00861",0,NA,NA,NA,NA,NA
"ONCDGDAG_00862",0.520620835237853,2.70826855552889,3.99338947974067,0.678187932649325,0.497652542813393,0.998846388589019
"ONCDGDAG_00863",0,NA,NA,NA,NA,NA
"ONCDGDAG_00864",0.8171501945734,-3.14405071120621,3.95640971502331,-0.794672679947072,0.426803928346164,0.998846388589019
"ONCDGDAG_00865",0,NA,NA,NA,NA,NA
"ONCDGDAG_00866",0,NA,NA,NA,NA,NA
"ONCDGDAG_00867",0,NA,NA,NA,NA,NA
"ONCDGDAG_00868",0,NA,NA,NA,NA,NA
"ONCDGDAG_00869",0,NA,NA,NA,NA,NA
"ONCDGDAG_00870",0,NA,NA,NA,NA,NA
"ONCDGDAG_00871",0,NA,NA,NA,NA,NA
"ONCDGDAG_00872",0,NA,NA,NA,NA,NA
"ONCDGDAG_00873",0,NA,NA,NA,NA,NA
"ONCDGDAG_00874",0,NA,NA,NA,NA,NA
"ONCDGDAG_00875",0.990690472986018,-2.18226895180764,3.95640948049946,-0.551578132284768,0.581237422107079,0.998846388589019
"ONCDGDAG_00876",0,NA,NA,NA,NA,NA
"ONCDGDAG_00877",0,NA,NA,NA,NA,NA
"ONCDGDAG_00878",0,NA,NA,NA,NA,NA
"ONCDGDAG_00879",0,NA,NA,NA,NA,NA
"ONCDGDAG_00880",0,NA,NA,NA,NA,NA
"ONCDGDAG_00881",0,NA,NA,NA,NA,NA
"ONCDGDAG_00882",120.780759861548,1.41343699645418,2.34048366029483,0.603908081236562,0.545904755720169,0.998846388589019
"ONCDGDAG_00883",1051.76317913615,0.848521586888195,1.84623469633265,0.459595732099333,0.645806423124516,0.998846388589019
"ONCDGDAG_00884",0,NA,NA,NA,NA,NA
"ONCDGDAG_00885",0,NA,NA,NA,NA,NA
"ONCDGDAG_00886",0,NA,NA,NA,NA,NA
"ONCDGDAG_00887",0,NA,NA,NA,NA,NA
"ONCDGDAG_00888",0,NA,NA,NA,NA,NA
"ONCDGDAG_00889",83.46778033549,-0.266510627425455,1.92324324774039,-0.138573541198482,0.889787152617276,0.998846388589019
"ONCDGDAG_00890",0,NA,NA,NA,NA,NA
"ONCDGDAG_00891",28.8917888288837,0.354832243567635,2.30000226578495,0.154274736527939,0.877393116154371,0.998846388589019
"ONCDGDAG_00892",0,NA,NA,NA,NA,NA
"ONCDGDAG_00893",0,NA,NA,NA,NA,NA
"ONCDGDAG_00894",0,NA,NA,NA,NA,NA
"ONCDGDAG_00895",15.1636642797284,0.0824604645175375,3.36675206199982,0.0244925860292061,NA,NA
"ONCDGDAG_00896",0,NA,NA,NA,NA,NA
"ONCDGDAG_00897",0,NA,NA,NA,NA,NA
"ONCDGDAG_00898",0,NA,NA,NA,NA,NA
"ONCDGDAG_00899",51.8930289967768,-2.31993370353577,2.62152836520554,-0.884954644903823,0.376181093798424,0.998846388589019
"ONCDGDAG_00900",0,NA,NA,NA,NA,NA
"ONCDGDAG_00901",0,NA,NA,NA,NA,NA
"ONCDGDAG_00902",0,NA,NA,NA,NA,NA
"ONCDGDAG_00903",0,NA,NA,NA,NA,NA
"ONCDGDAG_00904",0,NA,NA,NA,NA,NA
"ONCDGDAG_00905",0,NA,NA,NA,NA,NA
"ONCDGDAG_00906",0,NA,NA,NA,NA,NA
"ONCDGDAG_00907",5.68838226885038,6.15886072217898,3.75976369398285,1.63809782301895,0.101401289058562,0.791044955028284
"ONCDGDAG_00908",0,NA,NA,NA,NA,NA
"ONCDGDAG_00909",0,NA,NA,NA,NA,NA
"ONCDGDAG_00910",0,NA,NA,NA,NA,NA
"ONCDGDAG_00911",0.520620835237853,2.70826855552889,3.99338947974067,0.678187932649325,0.497652542813393,0.998846388589019
"ONCDGDAG_00912",4.16496668190282,5.709909895635,3.86643793512325,1.47678819405464,0.139732422212358,0.814995207477437
"ONCDGDAG_00913",6.67585040272114,-2.73591557630794,3.05131510993484,-0.896634886183998,0.369913776179352,0.998846388589019
"ONCDGDAG_00914",23.0851410008025,8.18109545246739,3.13025024156886,2.61355956269077,0.00896044636679496,0.440220198418589
"ONCDGDAG_00915",0,NA,NA,NA,NA,NA
"ONCDGDAG_00916",0,NA,NA,NA,NA,NA
"ONCDGDAG_00917",0,NA,NA,NA,NA,NA
"ONCDGDAG_00918",2.60310417618927,5.03170018539053,3.92422533727964,1.28221489668038,0.199767271935646,0.86957518371987
"ONCDGDAG_00919",0,NA,NA,NA,NA,NA
"ONCDGDAG_00920",0,NA,NA,NA,NA,NA
"ONCDGDAG_00921",0,NA,NA,NA,NA,NA
"ONCDGDAG_00922",0,NA,NA,NA,NA,NA
"ONCDGDAG_00923",0,NA,NA,NA,NA,NA
"ONCDGDAG_00924",2.0817686174804,0.452524449438607,2.85058335075321,0.158748015320806,0.873867407054669,0.998846388589019
"ONCDGDAG_00925",0,NA,NA,NA,NA,NA
"ONCDGDAG_00926",52.040264876738,-1.03879265427061,2.03376321491566,-0.510773646928062,0.609509564290061,0.998846388589019
"ONCDGDAG_00927",90.7501936767406,1.42871935002582,2.32549133743407,0.614373112050489,0.538968799382213,0.998846388589019
"ONCDGDAG_00928",0,NA,NA,NA,NA,NA
"ONCDGDAG_00929",0,NA,NA,NA,NA,NA
"ONCDGDAG_00930",0,NA,NA,NA,NA,NA
"ONCDGDAG_00931",0,NA,NA,NA,NA,NA
"ONCDGDAG_00932",0.4085750972867,-2.16659497715509,4.00306186943557,-0.541234446986097,0.588345997244443,0.998846388589019
"ONCDGDAG_00933",0,NA,NA,NA,NA,NA
"ONCDGDAG_00934",0,NA,NA,NA,NA,NA
"ONCDGDAG_00935",0,NA,NA,NA,NA,NA
"ONCDGDAG_00936",0,NA,NA,NA,NA,NA
"ONCDGDAG_00937",32.3428862431502,1.36272070706425,2.32857127119249,0.585217521113872,0.558401465162491,0.998846388589019
"ONCDGDAG_00938",0,NA,NA,NA,NA,NA
"ONCDGDAG_00939",80.370441071928,0.156016263786805,2.26314704589856,0.0689377493475506,0.94503917034573,0.998846388589019
"ONCDGDAG_00940",88.3161225569005,1.88768947195092,2.24176535736627,0.842054885783705,0.399757232100471,0.998846388589019
"ONCDGDAG_00941",0,NA,NA,NA,NA,NA
"ONCDGDAG_00942",37.4545914628534,1.33220564123811,2.72191728882986,0.489436489016469,0.624532708184607,0.998846388589019
"ONCDGDAG_00943",0,NA,NA,NA,NA,NA
"ONCDGDAG_00944",0,NA,NA,NA,NA,NA
"ONCDGDAG_00945",0,NA,NA,NA,NA,NA
"ONCDGDAG_00946",59.2265878016576,1.4565997268138,2.26017985612638,0.644461865663291,0.519275978449667,0.998846388589019
"ONCDGDAG_00947",10.057142701109,0.0946615971861635,2.74412270721547,0.0344961240024937,0.97248153310841,0.998846388589019
"ONCDGDAG_00948",9.75999186742083,0.625523463588167,3.41252241620835,0.183302374987235,0.854560771000744,0.998846388589019
"ONCDGDAG_00949",8.70286191927993,1.25275493848325,3.00994100149258,0.416205811961772,0.677259407212362,0.998846388589019
"ONCDGDAG_00950",0,NA,NA,NA,NA,NA
"ONCDGDAG_00951",0,NA,NA,NA,NA,NA
"ONCDGDAG_00952",0,NA,NA,NA,NA,NA
"ONCDGDAG_00953",1.73540278412618,4.44654491527951,3.93293177647433,1.13059294388921,0.258226458757964,0.978286395731672
"ONCDGDAG_00954",0,NA,NA,NA,NA,NA
"ONCDGDAG_00955",0,NA,NA,NA,NA,NA
"ONCDGDAG_00956",0,NA,NA,NA,NA,NA
"ONCDGDAG_00957",0.102143774321675,-0.714919814597662,4.07997607719371,-0.175226472182993,0.860901684325708,0.998846388589019
"ONCDGDAG_00958",0,NA,NA,NA,NA,NA
"ONCDGDAG_00959",0,NA,NA,NA,NA,NA
"ONCDGDAG_00960",0,NA,NA,NA,NA,NA
"ONCDGDAG_00961",0,NA,NA,NA,NA,NA
"ONCDGDAG_00962",0,NA,NA,NA,NA,NA
"ONCDGDAG_00963",0,NA,NA,NA,NA,NA
"ONCDGDAG_00964",0,NA,NA,NA,NA,NA
"ONCDGDAG_00965",3.74397332354837,-1.61578789452478,3.21895230218191,-0.501960806759873,0.615695090773542,0.998846388589019
"ONCDGDAG_00966",0,NA,NA,NA,NA,NA
"ONCDGDAG_00967",0,NA,NA,NA,NA,NA
"ONCDGDAG_00968",0,NA,NA,NA,NA,NA
"ONCDGDAG_00969",38.2799944880057,0.69221017413256,2.3527722726825,0.294210443641169,0.768597100762254,0.998846388589019
"ONCDGDAG_00970",116.615746566884,0.718306795859246,1.86943397601661,0.384237584784788,0.700802363777213,0.998846388589019
"ONCDGDAG_00971",15.4900421464254,1.76043867740634,2.68701951043802,0.655164084431738,0.512362115491558,0.998846388589019
"ONCDGDAG_00972",0,NA,NA,NA,NA,NA
"ONCDGDAG_00973",0,NA,NA,NA,NA,NA
"ONCDGDAG_00974",0,NA,NA,NA,NA,NA
"ONCDGDAG_00975",0,NA,NA,NA,NA,NA
"ONCDGDAG_00976",0,NA,NA,NA,NA,NA
"ONCDGDAG_00977",0,NA,NA,NA,NA,NA
"ONCDGDAG_00978",0,NA,NA,NA,NA,NA
"ONCDGDAG_00979",5.77445464665459,6.18277666604684,3.74926561071925,1.64906339214008,0.0991346484018097,0.791044955028284
"ONCDGDAG_00980",9.37713558555943,2.27288206490973,2.45648673697847,0.92525721010219,0.354832130952995,0.998846388589019
"ONCDGDAG_00981",0,NA,NA,NA,NA,NA
"ONCDGDAG_00982",0,NA,NA,NA,NA,NA
"ONCDGDAG_00983",0,NA,NA,NA,NA,NA
"ONCDGDAG_00984",0,NA,NA,NA,NA,NA
"ONCDGDAG_00985",0,NA,NA,NA,NA,NA
"ONCDGDAG_00986",29.0043018553199,-2.15403075804166,2.65545345135637,-0.811172478636899,0.417266627999655,0.998846388589019
"ONCDGDAG_00987",0,NA,NA,NA,NA,NA
"ONCDGDAG_00988",0,NA,NA,NA,NA,NA
"ONCDGDAG_00989",0,NA,NA,NA,NA,NA
"ONCDGDAG_00990",12.5516995192519,-1.70597511058959,3.35254581552351,-0.508859596396955,NA,NA
"ONCDGDAG_00991",0,NA,NA,NA,NA,NA
"ONCDGDAG_00992",7.06107272921686,-0.384270409759956,3.08271579064393,-0.124653207060547,0.900798103715055,0.998846388589019
"ONCDGDAG_00993",52.3983411911199,-9.11885052272784,2.85788379629905,-3.19077022464549,0.001418940792009,0.252003884660799
"ONCDGDAG_00994",0.867701392063088,3.4459716299578,3.95894594257223,0.870426542808227,0.384067346566323,0.998846388589019
"ONCDGDAG_00995",0,NA,NA,NA,NA,NA
"ONCDGDAG_00996",0,NA,NA,NA,NA,NA
"ONCDGDAG_00997",0,NA,NA,NA,NA,NA
"ONCDGDAG_00998",153.655768447474,2.1801352832758,2.2358715230407,0.975071805696108,0.329524642893114,0.998846388589019
"ONCDGDAG_00999",0,NA,NA,NA,NA,NA
"ONCDGDAG_01000",43.8594913222115,-0.4177276266904,2.6161358588255,-0.159673522031053,0.873138259615171,0.998846388589019
"ONCDGDAG_01001",0,NA,NA,NA,NA,NA
"ONCDGDAG_01002",0,NA,NA,NA,NA,NA
"ONCDGDAG_01003",1.09246439261033,3.78512407386559,3.94807219596535,0.958727167586681,0.337696208449966,0.998846388589019
"ONCDGDAG_01004",10.2143774321675,-6.76376477213415,3.63462595584099,-1.86092457774493,NA,NA
"ONCDGDAG_01005",115.535134629182,-0.151666100796562,2.34191793143911,-0.0647614926042104,0.948363901507888,0.998846388589019
"ONCDGDAG_01006",200.169794153659,1.83924295784569,1.89578440500805,0.970175170228743,0.331959185015326,0.998846388589019
"ONCDGDAG_01007",7.81109908843411,-5.38311556262366,3.42915230172099,-1.56980941322496,0.116459456982006,0.791044955028284
"ONCDGDAG_01008",0,NA,NA,NA,NA,NA
"ONCDGDAG_01009",0,NA,NA,NA,NA,NA
"ONCDGDAG_01010",0.468199025404427,2.56947480835823,4.00203017853561,0.64204283669306,0.520845369877215,0.998846388589019
"ONCDGDAG_01011",0,NA,NA,NA,NA,NA
"ONCDGDAG_01012",0,NA,NA,NA,NA,NA
"ONCDGDAG_01013",37.0589427339604,0.397752782908254,2.41675208684383,0.164581541099527,0.869273361140499,0.998846388589019
"ONCDGDAG_01014",0,NA,NA,NA,NA,NA
"ONCDGDAG_01015",0,NA,NA,NA,NA,NA
"ONCDGDAG_01016",0,NA,NA,NA,NA,NA
"ONCDGDAG_01017",0,NA,NA,NA,NA,NA
"ONCDGDAG_01018",0,NA,NA,NA,NA,NA
"ONCDGDAG_01019",0,NA,NA,NA,NA,NA
"ONCDGDAG_01020",0,NA,NA,NA,NA,NA
"ONCDGDAG_01021",0,NA,NA,NA,NA,NA
"ONCDGDAG_01022",11.8459532072487,-0.226998110322371,3.37142756545057,-0.0673299680671129,0.946319019945277,0.998846388589019
"ONCDGDAG_01023",0.20428754864335,-1.38061216037213,4.04110864860802,-0.341641930574593,0.732620377802943,0.998846388589019
"ONCDGDAG_01024",0,NA,NA,NA,NA,NA
"ONCDGDAG_01025",0,NA,NA,NA,NA,NA
"ONCDGDAG_01026",0,NA,NA,NA,NA,NA
"ONCDGDAG_01027",4.00687201940111,1.7153395301898,3.1455609754183,0.545320705462303,0.585532965968133,0.998846388589019
"ONCDGDAG_01028",0,NA,NA,NA,NA,NA
"ONCDGDAG_01029",4.95621041775663,2.10479142206361,3.47515833947206,0.6056677758123,0.544735386349862,0.998846388589019
"ONCDGDAG_01030",0.173540278412618,1.2051316188578,4.0804728567969,0.295341167838036,0.767733270926973,0.998846388589019
"ONCDGDAG_01031",6.62439835110456,6.37937097407761,3.340303224184,1.90981792547772,0.0561566604611527,0.791044955028284
"ONCDGDAG_01032",5.20620835237853,6.0318810520801,3.78475156450632,1.59373236242176,0.110995992508438,0.791044955028284
"ONCDGDAG_01033",25.8151048644043,0.421816379448166,2.6156257039697,0.161267867496477,0.871882429992961,0.998846388589019
"ONCDGDAG_01034",6.59453057967947,6.37295621646986,3.71809695358427,1.71403712598895,0.0865219076635157,0.791044955028284
"ONCDGDAG_01035",0,NA,NA,NA,NA,NA
"ONCDGDAG_01036",91.7299345964902,1.78344442303494,3.05081957753489,0.584578791931047,0.558830971398229,0.998846388589019
"ONCDGDAG_01037",55.6514181099282,-3.69346014656696,2.96959492173904,-1.24375891119992,0.213588306938635,0.890452659913182
"ONCDGDAG_01038",2.21289986484481,0.492663088661363,3.44212508686571,0.143127595955546,0.88618941089039,0.998846388589019
"ONCDGDAG_01039",124.954850224007,0.167491838076448,1.94085481770577,0.0862979737322319,0.931229549196118,0.998846388589019
"ONCDGDAG_01040",0,NA,NA,NA,NA,NA
"ONCDGDAG_01041",0,NA,NA,NA,NA,NA
"ONCDGDAG_01042",0,NA,NA,NA,NA,NA
"ONCDGDAG_01043",472.305099712271,0.0959481861795554,1.82893932327241,0.0524611095396436,0.958161282731955,0.998846388589019
"ONCDGDAG_01044",3.41125870491468,4.40498235286538,3.656240627138,1.20478458670634,0.228286471705138,0.907555787166315
"ONCDGDAG_01045",47.4320247385811,1.45287440265453,2.61421338404404,0.555759683399298,0.578375149949474,0.998846388589019
"ONCDGDAG_01046",0,NA,NA,NA,NA,NA
"ONCDGDAG_01047",0,NA,NA,NA,NA,NA
"ONCDGDAG_01048",0,NA,NA,NA,NA,NA
"ONCDGDAG_01049",0,NA,NA,NA,NA,NA
"ONCDGDAG_01050",0,NA,NA,NA,NA,NA
"ONCDGDAG_01051",0,NA,NA,NA,NA,NA
"ONCDGDAG_01052",0,NA,NA,NA,NA,NA
"ONCDGDAG_01053",0,NA,NA,NA,NA,NA
"ONCDGDAG_01054",0,NA,NA,NA,NA,NA
"ONCDGDAG_01055",37.695824703132,0.650371670370092,2.68957376512512,0.241812170687885,0.808925707893087,0.998846388589019
"ONCDGDAG_01056",5.3114762647271,-5.82243781448763,3.77699413046623,-1.54155331286388,0.123182178180783,0.791044955028284
"ONCDGDAG_01057",0,NA,NA,NA,NA,NA
"ONCDGDAG_01058",0,NA,NA,NA,NA,NA
"ONCDGDAG_01059",0,NA,NA,NA,NA,NA
"ONCDGDAG_01060",0,NA,NA,NA,NA,NA
"ONCDGDAG_01061",0,NA,NA,NA,NA,NA
"ONCDGDAG_01062",2.9139482484867,-3.91977055948251,3.72646768060621,-1.05187295193309,0.292857843035717,0.998846388589019
"ONCDGDAG_01063",0,NA,NA,NA,NA,NA
"ONCDGDAG_01064",0,NA,NA,NA,NA,NA
"ONCDGDAG_01065",0,NA,NA,NA,NA,NA
"ONCDGDAG_01066",8.74000421970191,0.552407416217656,3.39362093569085,0.162778173133,0.870693094354888,0.998846388589019
"ONCDGDAG_01067",0,NA,NA,NA,NA,NA
"ONCDGDAG_01068",0,NA,NA,NA,NA,NA
"ONCDGDAG_01069",0,NA,NA,NA,NA,NA
"ONCDGDAG_01071",19.5565139320263,6.45770463449642,3.3251980664993,1.94205112157273,NA,NA
"ONCDGDAG_01072",0,NA,NA,NA,NA,NA
"ONCDGDAG_01073",36.515744241975,22.2323977242793,3.57601929885821,6.2170799054071,NA,NA
"ONCDGDAG_01074",0,NA,NA,NA,NA,NA
"ONCDGDAG_01075",0,NA,NA,NA,NA,NA
"ONCDGDAG_01076",0,NA,NA,NA,NA,NA
"ONCDGDAG_01077",0,NA,NA,NA,NA,NA
"ONCDGDAG_01078",0,NA,NA,NA,NA,NA
"ONCDGDAG_01079",0,NA,NA,NA,NA,NA
"ONCDGDAG_01080",98.2335528252949,2.45586947753906,2.64645533826828,0.927984478720155,0.353415620937284,0.998846388589019
"ONCDGDAG_01081",18.4199120711464,0.0947563586200043,2.7347456653521,0.0346490570660817,0.972359583081278,0.998846388589019
"ONCDGDAG_01082",104.420407432257,0.310404329824102,2.70995249927847,0.114542350800151,0.908807876211336,0.998846388589019
"ONCDGDAG_01083",0,NA,NA,NA,NA,NA
"ONCDGDAG_01084",0,NA,NA,NA,NA,NA
"ONCDGDAG_01085",0.173540278412618,1.2051316188578,4.0804728567969,0.295341167838036,0.767733270926973,0.998846388589019
"ONCDGDAG_01086",6.20002296339144,-5.04318813453469,3.46833670239882,-1.45406532504375,0.14592819593346,0.814995207477437
"ONCDGDAG_01087",1.53215661482512,-4.03902193906003,3.93366612848942,-1.02678310947835,0.304522604471434,0.998846388589019
"ONCDGDAG_01088",0.173540278412618,1.2051316188578,4.0804728567969,0.295341167838036,0.767733270926973,0.998846388589019
"ONCDGDAG_01089",27.2048682946297,-0.245440533471079,1.92241633211654,-0.127672933989722,0.898407810315406,0.998846388589019
"ONCDGDAG_01090",20.1439636985228,-0.102817618562657,3.37248656867794,-0.0304871840017328,NA,NA
"ONCDGDAG_01091",0,NA,NA,NA,NA,NA
"ONCDGDAG_01092",44.6797289091932,-0.375036990844493,1.9153117426504,-0.195809894803609,0.844758965064285,0.998846388589019
"ONCDGDAG_01093",93.4364516957299,-0.54974395755789,1.88609395174554,-0.291472202139831,0.770690200861545,0.998846388589019
"ONCDGDAG_01094",28.1477000921791,0.172814493150754,3.38858870996061,0.0509989579563826,NA,NA
"ONCDGDAG_01095",0,NA,NA,NA,NA,NA
"ONCDGDAG_01096",0,NA,NA,NA,NA,NA
"ONCDGDAG_01097",0,NA,NA,NA,NA,NA
"ONCDGDAG_01098",945.688994176875,0.0588991340471236,1.84093210047352,0.0319941914381164,0.974476683088613,0.998846388589019
"ONCDGDAG_01099",48.3402715330025,-2.05460626069971,2.66041509803854,-0.772287851701986,0.43994395892686,0.998846388589019
"ONCDGDAG_01100",0,NA,NA,NA,NA,NA
"ONCDGDAG_01101",0,NA,NA,NA,NA,NA
"ONCDGDAG_01102",0,NA,NA,NA,NA,NA
"ONCDGDAG_01103",0,NA,NA,NA,NA,NA
"ONCDGDAG_01104",0,NA,NA,NA,NA,NA
"ONCDGDAG_01105",15.9759850243791,7.6500544500838,3.14202441705698,2.43475334200277,0.0149019440209634,0.526655993538687
"ONCDGDAG_01106",93.1524732763654,0.301308877950758,1.98786577697629,0.151574055673454,0.879522897510284,0.998846388589019
"ONCDGDAG_01107",0,NA,NA,NA,NA,NA
"ONCDGDAG_01108",0,NA,NA,NA,NA,NA
"ONCDGDAG_01109",13.73332317826,0.349132487087845,3.36881573439723,0.103636563888916,0.917457770098199,0.998846388589019
"ONCDGDAG_01110",0,NA,NA,NA,NA,NA
"ONCDGDAG_01111",608.67875283013,-0.143247260599631,1.85348245231765,-0.0772854689940604,0.938396450393301,0.998846388589019
"ONCDGDAG_01112",150.345958361767,-0.835226818072505,2.31953174888996,-0.360084236170603,0.718784140924134,0.998846388589019
"ONCDGDAG_01113",84.7752454260927,22.5170856426956,3.6011245220082,6.25279284431374,NA,NA
"ONCDGDAG_01114",22.2167287565477,-1.13950598967048,3.36906074795997,-0.338226608220252,NA,NA
"ONCDGDAG_01115",0,NA,NA,NA,NA,NA
"ONCDGDAG_01116",0,NA,NA,NA,NA,NA
"ONCDGDAG_01117",15.6364474132595,-2.44552782849574,2.9616874846833,-0.825721093512755,0.408962323818451,0.998846388589019
"ONCDGDAG_01118",121.542208905792,0.244309621349503,2.278112530768,0.107242121734496,0.914596899781283,0.998846388589019
"ONCDGDAG_01119",2.96112807598628,0.481409568629468,3.67150995137378,0.131120322430105,0.89568012497922,0.998846388589019
"ONCDGDAG_01120",32.1262321613806,1.08553316555076,2.99825438877077,0.36205505764166,0.71731088729531,0.998846388589019
"ONCDGDAG_01121",0,NA,NA,NA,NA,NA
"ONCDGDAG_01122",0,NA,NA,NA,NA,NA
"ONCDGDAG_01123",192.976188301395,-0.840657419432418,1.88629761675949,-0.445665313873746,0.655839023556532,0.998846388589019
"ONCDGDAG_01124",0,NA,NA,NA,NA,NA
"ONCDGDAG_01125",31.7742686015351,-1.03679263302468,2.63514970274908,-0.393447336955112,0.693989113004903,0.998846388589019
"ONCDGDAG_01126",0,NA,NA,NA,NA,NA
"ONCDGDAG_01127",0,NA,NA,NA,NA,NA
"ONCDGDAG_01128",8.07719871521412,4.52741995866795,2.97533270312942,1.52165166399914,0.128096384952174,0.791044955028284
"ONCDGDAG_01129",0,NA,NA,NA,NA,NA
"ONCDGDAG_01130",47.9577452431339,-0.619847362192711,2.69945578762805,-0.22961937922212,0.818387546759973,0.998846388589019
"ONCDGDAG_01131",0,NA,NA,NA,NA,NA
"ONCDGDAG_01132",0,NA,NA,NA,NA,NA
"ONCDGDAG_01133",0,NA,NA,NA,NA,NA
"ONCDGDAG_01134",0,NA,NA,NA,NA,NA
"ONCDGDAG_01135",0,NA,NA,NA,NA,NA
"ONCDGDAG_01136",0,NA,NA,NA,NA,NA
"ONCDGDAG_01137",0,NA,NA,NA,NA,NA
"ONCDGDAG_01138",0,NA,NA,NA,NA,NA
"ONCDGDAG_01139",0,NA,NA,NA,NA,NA
"ONCDGDAG_01140",0,NA,NA,NA,NA,NA
"ONCDGDAG_01141",0,NA,NA,NA,NA,NA
"ONCDGDAG_01142",10.8280137550713,-5.8637060577041,2.96792705110464,-1.97569076218422,0.0481898118251191,0.791044955028284
"ONCDGDAG_01143",1.25392756582442,-3.74912809611946,3.93958710245895,-0.951655084305505,0.341271935487769,0.998846388589019
"ONCDGDAG_01144",151.190526922239,-0.822034405774096,2.46117322060509,-0.334001036128613,0.73837877680731,0.998846388589019
"ONCDGDAG_01145",0,NA,NA,NA,NA,NA
"ONCDGDAG_01146",16.82771255322,-1.52523973036948,2.59009365036606,-0.588874356011769,0.555945561445159,0.998846388589019
"ONCDGDAG_01147",23.532691566639,0.801437390222943,2.62188188435043,0.305672576253944,0.75985395548204,0.998846388589019
"ONCDGDAG_01148",0,NA,NA,NA,NA,NA
"ONCDGDAG_01149",0,NA,NA,NA,NA,NA
"ONCDGDAG_01150",0,NA,NA,NA,NA,NA
"ONCDGDAG_01151",0,NA,NA,NA,NA,NA
"ONCDGDAG_01152",100.96468913637,-1.01969250728421,1.85107326005825,-0.550865559611681,0.581725838240624,0.998846388589019
"ONCDGDAG_01153",0,NA,NA,NA,NA,NA
"ONCDGDAG_01154",0,NA,NA,NA,NA,NA
"ONCDGDAG_01155",0,NA,NA,NA,NA,NA
"ONCDGDAG_01156",0,NA,NA,NA,NA,NA
"ONCDGDAG_01157",0,NA,NA,NA,NA,NA
"ONCDGDAG_01158",3.47080556825235,5.44683311209159,3.91986549427571,1.3895459219317,0.164666806947566,0.821483845895725
"ONCDGDAG_01159",2.93593923553568,5.20388908823931,3.92226433285022,1.32675634445518,0.184589295778789,0.841546869348807
"ONCDGDAG_01160",0,NA,NA,NA,NA,NA
"ONCDGDAG_01161",0,NA,NA,NA,NA,NA
"ONCDGDAG_01162",63.3204846880003,-1.38618758821786,2.67965866208493,-0.517300060575373,0.604946711778566,0.998846388589019
"ONCDGDAG_01163",0,NA,NA,NA,NA,NA
"ONCDGDAG_01164",316.090408256913,-0.393323462250455,1.87573049344716,-0.209690818390236,0.833908992089193,0.998846388589019
"ONCDGDAG_01165",3.6771758755803,-5.29350692884686,3.91810071566532,-1.3510390143067,0.176682935423745,0.82640607974266
"ONCDGDAG_01166",0,NA,NA,NA,NA,NA
"ONCDGDAG_01167",111.52642606424,-0.589248834485674,2.6918582020103,-0.218900399005274,0.826727635644536,0.998846388589019
"ONCDGDAG_01168",109.470890659424,0.153479231224399,1.93003973737522,0.0795212804442695,0.936618005862955,0.998846388589019
"ONCDGDAG_01169",0.102143774321675,-0.714919814597662,4.07997607719371,-0.175226472182993,0.860901684325708,0.998846388589019
"ONCDGDAG_01170",0,NA,NA,NA,NA,NA
"ONCDGDAG_01171",8.27364572005567,-6.46033332762488,3.66838986472853,-1.76108144604281,NA,NA
"ONCDGDAG_01172",0,NA,NA,NA,NA,NA
"ONCDGDAG_01173",0.20428754864335,-1.38061216037213,4.04110864860802,-0.341641930574593,0.732620377802943,0.998846388589019
"ONCDGDAG_01174",0,NA,NA,NA,NA,NA
"ONCDGDAG_01175",18.6925571365576,-2.18090719907515,2.59171020923505,-0.841493463005207,0.40007154563356,0.998846388589019
"ONCDGDAG_01176",0,NA,NA,NA,NA,NA
"ONCDGDAG_01177",0,NA,NA,NA,NA,NA
"ONCDGDAG_01178",0,NA,NA,NA,NA,NA
"ONCDGDAG_01179",9.40169054175179,1.60304628758638,2.64249542863899,0.606641082596696,0.544089129932272,0.998846388589019
"ONCDGDAG_01180",41.4115533806902,-1.5119572698594,2.65043757152566,-0.570455718747256,0.568368647630155,0.998846388589019
"ONCDGDAG_01181",0.257308160092789,-0.724657721442988,4.07959710844188,-0.177629727196212,0.859013776867028,0.998846388589019
"ONCDGDAG_01182",0,NA,NA,NA,NA,NA
"ONCDGDAG_01183",3.64778928239833,-5.2805992555428,3.91820219062821,-1.34770973998566,0.177751758142847,0.82640607974266
"ONCDGDAG_01184",0,NA,NA,NA,NA,NA
"ONCDGDAG_01185",7.55618668642199,0.460314856881395,3.03783205577909,0.151527421012529,0.879559681728319,0.998846388589019
"ONCDGDAG_01186",0,NA,NA,NA,NA,NA
"ONCDGDAG_01187",8.54932977278997,-5.51680222603717,3.41118224986079,-1.61726985600441,NA,NA
"ONCDGDAG_01188",0,NA,NA,NA,NA,NA
"ONCDGDAG_01189",30.2074357902906,-0.618369818512493,2.99844699609485,-0.206230031518934,0.836611230264367,0.998846388589019
"ONCDGDAG_01190",0,NA,NA,NA,NA,NA
"ONCDGDAG_01191",0,NA,NA,NA,NA,NA
"ONCDGDAG_01192",7.78183479699234,-3.81030220661021,2.96858499996508,-1.28354155486706,0.199302410747329,0.86957518371987
"ONCDGDAG_01193",0,NA,NA,NA,NA,NA
"ONCDGDAG_01194",57.0489004209417,-1.57143434861129,2.31034953198071,-0.680171691278275,0.496395754771488,0.998846388589019
"ONCDGDAG_01195",0,NA,NA,NA,NA,NA
"ONCDGDAG_01196",0,NA,NA,NA,NA,NA
"ONCDGDAG_01197",0,NA,NA,NA,NA,NA
"ONCDGDAG_01198",21.103173965132,-2.18101413888249,2.93264952341679,-0.743700916685544,0.4570574347538,0.998846388589019
"ONCDGDAG_01199",0,NA,NA,NA,NA,NA
"ONCDGDAG_01200",0,NA,NA,NA,NA,NA
"ONCDGDAG_01201",15.6295684001074,3.53104768411487,3.30753249306432,1.06757762516899,NA,NA
"ONCDGDAG_01202",0,NA,NA,NA,NA,NA
"ONCDGDAG_01203",94.0976164277941,-0.172840834008426,1.93817909260967,-0.0891769159348962,0.928941310688343,0.998846388589019
"ONCDGDAG_01204",14.3581034457357,20.0484068744456,3.59528140911871,5.57631089004516,NA,NA
"ONCDGDAG_01205",0,NA,NA,NA,NA,NA
"ONCDGDAG_01206",0,NA,NA,NA,NA,NA
"ONCDGDAG_01207",31.4363448554708,-1.35368450188664,2.66193143371464,-0.508534699557464,0.611078410790397,0.998846388589019
"ONCDGDAG_01208",0,NA,NA,NA,NA,NA
"ONCDGDAG_01209",0,NA,NA,NA,NA,NA
"ONCDGDAG_01210",0,NA,NA,NA,NA,NA
"ONCDGDAG_01211",10.6125112425003,7.06027727014031,3.62658968773216,1.94680895222954,0.0515576432991734,0.791044955028284
"ONCDGDAG_01212",0,NA,NA,NA,NA,NA
"ONCDGDAG_01213",24.388470123994,-8.01715147119578,2.75942851626172,-2.90536660904586,0.00366823167009326,0.436811865289171
"ONCDGDAG_01214",12.3213597672959,7.27484854160262,3.61323980733334,2.0133865808845,NA,NA
"ONCDGDAG_01215",0,NA,NA,NA,NA,NA
"ONCDGDAG_01216",1.21118014751278,2.62080414050901,3.95315098576901,0.662965859372353,0.507352419872732,0.998846388589019
"ONCDGDAG_01217",0,NA,NA,NA,NA,NA
"ONCDGDAG_01218",0,NA,NA,NA,NA,NA
"ONCDGDAG_01219",0,NA,NA,NA,NA,NA
"ONCDGDAG_01220",0,NA,NA,NA,NA,NA
"ONCDGDAG_01221",17.1672975981623,21.1870705322399,3.58336203486094,5.91262348769683,NA,NA
"ONCDGDAG_01222",20.4556345048906,0.617950366194363,2.00300619834154,0.308511459777816,0.757693181594196,0.998846388589019
"ONCDGDAG_01223",149.089537978718,0.593201057953628,1.96707618106477,0.30156486244093,0.762983797311672,0.998846388589019
"ONCDGDAG_01224",0,NA,NA,NA,NA,NA
"ONCDGDAG_01225",0,NA,NA,NA,NA,NA
"ONCDGDAG_01226",0,NA,NA,NA,NA,NA
"ONCDGDAG_01227",1.06208697707696,-1.07577509144769,3.9174971490689,-0.274607753499802,0.783617608843514,0.998846388589019
"ONCDGDAG_01228",0,NA,NA,NA,NA,NA
"ONCDGDAG_01229",0,NA,NA,NA,NA,NA
"ONCDGDAG_01230",54.9584272699093,0.42660079144439,2.75660422950137,0.154755908330575,0.87701375239582,0.998846388589019
"ONCDGDAG_01231",0,NA,NA,NA,NA,NA
"ONCDGDAG_01232",0,NA,NA,NA,NA,NA
"ONCDGDAG_01233",8.50347364221827,6.73977306876871,3.66463970300335,1.83913661778132,0.0658950943133087,0.791044955028284
"ONCDGDAG_01234",0,NA,NA,NA,NA,NA
"ONCDGDAG_01235",0,NA,NA,NA,NA,NA
"ONCDGDAG_01236",0,NA,NA,NA,NA,NA
"ONCDGDAG_01237",1.25392756582442,-3.74912809611946,3.93958710245895,-0.951655084305505,0.341271935487769,0.998846388589019
"ONCDGDAG_01238",0,NA,NA,NA,NA,NA
"ONCDGDAG_01239",0,NA,NA,NA,NA,NA
"ONCDGDAG_01240",0,NA,NA,NA,NA,NA
"ONCDGDAG_01241",0,NA,NA,NA,NA,NA
"ONCDGDAG_01242",322.493188598316,-0.778592761183318,1.82964508490536,-0.42554305619529,0.670440841304592,0.998846388589019
"ONCDGDAG_01243",0,NA,NA,NA,NA,NA
"ONCDGDAG_01244",0,NA,NA,NA,NA,NA
"ONCDGDAG_01245",0,NA,NA,NA,NA,NA
"ONCDGDAG_01246",34.4840496279062,-1.72975921404384,2.99683832731942,-0.577194704924593,0.563807933648806,0.998846388589019
"ONCDGDAG_01247",0,NA,NA,NA,NA,NA
"ONCDGDAG_01248",0,NA,NA,NA,NA,NA
"ONCDGDAG_01249",0,NA,NA,NA,NA,NA
"ONCDGDAG_01250",0,NA,NA,NA,NA,NA
"ONCDGDAG_01251",0,NA,NA,NA,NA,NA
"ONCDGDAG_01252",0,NA,NA,NA,NA,NA
"ONCDGDAG_01253",10.3680423686392,0.681901476448869,2.50391000481791,0.272334658648588,0.785364709194539,0.998846388589019
"ONCDGDAG_01254",4.21086090847315,1.14291002845274,2.79493257682886,0.40892221799121,0.682596743455201,0.998846388589019
"ONCDGDAG_01255",0,NA,NA,NA,NA,NA
"ONCDGDAG_01256",0,NA,NA,NA,NA,NA
"ONCDGDAG_01257",0,NA,NA,NA,NA,NA
"ONCDGDAG_01258",0,NA,NA,NA,NA,NA
"ONCDGDAG_01259",0.4085750972867,-2.16659497715509,4.00306186943557,-0.541234446986097,0.588345997244443,0.998846388589019
"ONCDGDAG_01260",0,NA,NA,NA,NA,NA
"ONCDGDAG_01261",152.883589220681,-0.691059552988707,1.967376712381,-0.351259394624203,0.725393754822283,0.998846388589019
"ONCDGDAG_01262",20.4231920829959,-2.6668010905701,2.94446750953257,-0.905698936033922,0.365095225823501,0.998846388589019
"ONCDGDAG_01263",0,NA,NA,NA,NA,NA
"ONCDGDAG_01264",0,NA,NA,NA,NA,NA
"ONCDGDAG_01265",0,NA,NA,NA,NA,NA
"ONCDGDAG_01266",3.72811372834514,4.47900458850802,3.6503101752885,1.22702027318926,0.219814971264206,0.899519329412972
"ONCDGDAG_01267",0,NA,NA,NA,NA,NA
"ONCDGDAG_01268",0,NA,NA,NA,NA,NA
"ONCDGDAG_01269",0,NA,NA,NA,NA,NA
"ONCDGDAG_01270",5.72995332564328,-3.33079402831123,3.44357496993431,-0.967248878677605,0.333419632772047,0.998846388589019
"ONCDGDAG_01271",0,NA,NA,NA,NA,NA
"ONCDGDAG_01272",11.456785567072,0.334808709767314,3.09370304314626,0.108222639696801,0.913819086544479,0.998846388589019
"ONCDGDAG_01273",130.913043821214,1.28434212568605,2.26669359649997,0.566614794195926,0.570975921467306,0.998846388589019
"ONCDGDAG_01274",0,NA,NA,NA,NA,NA
"ONCDGDAG_01275",68.0276939250132,0.0775578455976088,2.32755417598473,0.0333216070318948,0.973418123406052,0.998846388589019
"ONCDGDAG_01276",0,NA,NA,NA,NA,NA
"ONCDGDAG_01277",0,NA,NA,NA,NA,NA
"ONCDGDAG_01278",0,NA,NA,NA,NA,NA
"ONCDGDAG_01279",0,NA,NA,NA,NA,NA
"ONCDGDAG_01280",0,NA,NA,NA,NA,NA
"ONCDGDAG_01281",0,NA,NA,NA,NA,NA
"ONCDGDAG_01282",59.1609519189358,1.79017259646367,2.08554740472761,0.858370609272955,0.390687851330836,0.998846388589019
"ONCDGDAG_01283",0,NA,NA,NA,NA,NA
"ONCDGDAG_01284",0,NA,NA,NA,NA,NA
"ONCDGDAG_01285",0.18349620222098,1.2051316188578,4.0804728567969,0.295341167838036,0.767733270926973,0.998846388589019
"ONCDGDAG_01286",0,NA,NA,NA,NA,NA
"ONCDGDAG_01287",0,NA,NA,NA,NA,NA
"ONCDGDAG_01288",0,NA,NA,NA,NA,NA
"ONCDGDAG_01289",11.8901460288365,-1.48754360562407,2.9825463136909,-0.498749541221117,0.617955838889938,0.998846388589019
"ONCDGDAG_01290",0,NA,NA,NA,NA,NA
"ONCDGDAG_01291",86.4483451203606,-0.460465460119012,2.27272440070726,-0.202605058482109,0.839443735908428,0.998846388589019
"ONCDGDAG_01292",0,NA,NA,NA,NA,NA
"ONCDGDAG_01293",9.65344258874312,0.434822383480107,2.34759465310372,0.185220384151597,0.853056181467208,0.998846388589019
"ONCDGDAG_01294",0,NA,NA,NA,NA,NA
"ONCDGDAG_01295",0,NA,NA,NA,NA,NA
"ONCDGDAG_01296",127.582519573096,3.08565920679938,1.91401646080655,1.61213828093156,0.106931852143368,0.791044955028284
"ONCDGDAG_01297",0,NA,NA,NA,NA,NA
"ONCDGDAG_01298",2.60999890597052,-4.8004918954995,3.72870384179806,-1.28744252672655,0.197940089717827,0.86957518371987
"ONCDGDAG_01299",0,NA,NA,NA,NA,NA
"ONCDGDAG_01300",245.949131448916,-0.0858075938404022,1.88424175771717,-0.0455395882661902,0.963677220741573,0.998846388589019
"ONCDGDAG_01301",0,NA,NA,NA,NA,NA
"ONCDGDAG_01302",0,NA,NA,NA,NA,NA
"ONCDGDAG_01303",0,NA,NA,NA,NA,NA
"ONCDGDAG_01304",0,NA,NA,NA,NA,NA
"ONCDGDAG_01305",0,NA,NA,NA,NA,NA
"ONCDGDAG_01306",73.4552224162963,-1.03783786811316,2.39004772646925,-0.434233114518732,0.664119168545863,0.998846388589019
"ONCDGDAG_01307",0,NA,NA,NA,NA,NA
"ONCDGDAG_01308",0,NA,NA,NA,NA,NA
"ONCDGDAG_01309",0,NA,NA,NA,NA,NA
"ONCDGDAG_01310",138.608982761638,-0.021187627218014,1.90993260192265,-0.0110933899953774,0.99114893693627,0.998846388589019
"ONCDGDAG_01311",7.15635188661821,6.49024641454919,3.70115085932237,1.75357521517982,0.0795033209761219,0.791044955028284
"ONCDGDAG_01312",0,NA,NA,NA,NA,NA
"ONCDGDAG_01313",19.8613687205037,7.96405813827982,3.12743507200049,2.54651430163362,0.0108804753011356,0.440220198418589
"ONCDGDAG_01314",0,NA,NA,NA,NA,NA
"ONCDGDAG_01315",524.161425552624,2.55175038816323,2.30448189168559,1.10729895399472,0.268164696443439,0.988592250537435
"ONCDGDAG_01316",0,NA,NA,NA,NA,NA
"ONCDGDAG_01317",0,NA,NA,NA,NA,NA
"ONCDGDAG_01318",0,NA,NA,NA,NA,NA
"ONCDGDAG_01319",0,NA,NA,NA,NA,NA
"ONCDGDAG_01320",0,NA,NA,NA,NA,NA
"ONCDGDAG_01321",0,NA,NA,NA,NA,NA
"ONCDGDAG_01322",18.123651278305,0.409326745923311,2.77616887872534,0.147443028073729,0.882782345131451,0.998846388589019
"ONCDGDAG_01323",0,NA,NA,NA,NA,NA
"ONCDGDAG_01324",0,NA,NA,NA,NA,NA
"ONCDGDAG_01325",0,NA,NA,NA,NA,NA
"ONCDGDAG_01326",0,NA,NA,NA,NA,NA
"ONCDGDAG_01327",52.4087194112375,0.064657504984484,2.26958425737972,0.0284886999785293,0.977272380483524,0.998846388589019
"ONCDGDAG_01328",10.7890012779468,-2.22058166350825,2.59051688368148,-0.857196367835479,0.391336369492185,0.998846388589019
"ONCDGDAG_01329",0,NA,NA,NA,NA,NA
"ONCDGDAG_01330",0,NA,NA,NA,NA,NA
"ONCDGDAG_01331",0,NA,NA,NA,NA,NA
"ONCDGDAG_01332",3.38950710053193,2.1407974667459,3.60706802146371,0.593500719700092,0.552846101472909,0.998846388589019
"ONCDGDAG_01333",41.3205784628964,2.79468882766942,2.65211210373448,1.0537596897711,0.291992953178736,0.998846388589019
"ONCDGDAG_01334",0,NA,NA,NA,NA,NA
"ONCDGDAG_01335",5.5328876628022,1.59060912233615,3.45452513900884,0.460442190556043,0.645198856994515,0.998846388589019
"ONCDGDAG_01336",0,NA,NA,NA,NA,NA
"ONCDGDAG_01337",0,NA,NA,NA,NA,NA
"ONCDGDAG_01338",0,NA,NA,NA,NA,NA
"ONCDGDAG_01339",76.1484049273044,-0.91693549751648,1.95535421382478,-0.46893575140174,0.639115560719615,0.998846388589019
"ONCDGDAG_01340",5.76956118016119,-0.291872993594477,3.45272459439432,-0.0845341079529912,0.932631785657555,0.998846388589019
"ONCDGDAG_01341",9.19293968895075,-6.61203775672521,3.65028510233123,-1.81137570665439,NA,NA
"ONCDGDAG_01342",34.4951389256818,-0.564323521350103,2.26223151633626,-0.249454362771871,0.803009338433144,0.998846388589019
"ONCDGDAG_01343",5.30625562125017,6.06087393901607,3.77466193565571,1.60567331388399,0.108345707681039,0.791044955028284
"ONCDGDAG_01344",0,NA,NA,NA,NA,NA
"ONCDGDAG_01345",0,NA,NA,NA,NA,NA
"ONCDGDAG_01346",215.813198979803,0.659352435886845,1.85002885119742,0.35640116393865,0.721540157832224,0.998846388589019
"ONCDGDAG_01347",0,NA,NA,NA,NA,NA
"ONCDGDAG_01348",0,NA,NA,NA,NA,NA
"ONCDGDAG_01349",57.6283115654795,-0.226022120774355,2.3175056417795,-0.0975281857785696,0.922306951904081,0.998846388589019
"ONCDGDAG_01350",0,NA,NA,NA,NA,NA
"ONCDGDAG_01351",3.34500608120625,-5.13770575164665,3.91938784409921,-1.31084392665596,0.189910498459196,0.856043262090185
"ONCDGDAG_01352",0,NA,NA,NA,NA,NA
"ONCDGDAG_01353",18.3806646228755,-1.85293110457378,2.93430705724356,-0.631471440590951,0.527732317179966,0.998846388589019
"ONCDGDAG_01354",35.7902123181625,-0.957086324793989,2.71955277605199,-0.351927836525903,0.724892382451484,0.998846388589019
"ONCDGDAG_01355",0,NA,NA,NA,NA,NA
"ONCDGDAG_01356",0,NA,NA,NA,NA,NA
"ONCDGDAG_01357",4.28923206640314,0.115338377541891,3.17060684638512,0.0363773823529685,0.970981448508235,0.998846388589019
"ONCDGDAG_01358",0,NA,NA,NA,NA,NA
"ONCDGDAG_01359",0,NA,NA,NA,NA,NA
"ONCDGDAG_01362",0,NA,NA,NA,NA,NA
"ONCDGDAG_01363",0,NA,NA,NA,NA,NA
"ONCDGDAG_01364",0,NA,NA,NA,NA,NA
"ONCDGDAG_01365",0,NA,NA,NA,NA,NA
"ONCDGDAG_01366",0,NA,NA,NA,NA,NA
"ONCDGDAG_01367",0,NA,NA,NA,NA,NA
"ONCDGDAG_01368",0.622764609559528,1.75000155027662,3.99288078788477,0.43828044042449,0.661183002983432,0.998846388589019
"ONCDGDAG_01369",0,NA,NA,NA,NA,NA
"ONCDGDAG_01370",0,NA,NA,NA,NA,NA
"ONCDGDAG_01371",0,NA,NA,NA,NA,NA
"ONCDGDAG_01372",6.8058376205973,-4.22805176657372,3.10650085274976,-1.36103351229767,0.173503099161511,0.823913415497188
"ONCDGDAG_01373",0,NA,NA,NA,NA,NA
"ONCDGDAG_01374",0,NA,NA,NA,NA,NA
"ONCDGDAG_01375",0,NA,NA,NA,NA,NA
"ONCDGDAG_01376",39.0468984347783,-0.230537573320649,3.43216591166141,-0.0671697054438292,NA,NA
"ONCDGDAG_01377",0,NA,NA,NA,NA,NA
"ONCDGDAG_01378",0,NA,NA,NA,NA,NA
"ONCDGDAG_01379",0,NA,NA,NA,NA,NA
"ONCDGDAG_01380",0,NA,NA,NA,NA,NA
"ONCDGDAG_01381",15.113504275793,0.877252592567751,2.97138892168133,0.295233177375975,0.767815759048273,0.998846388589019
"ONCDGDAG_01382",15.0735052277208,-1.07496856581791,3.35939543966487,-0.319988695919985,NA,NA
"ONCDGDAG_01383",0,NA,NA,NA,NA,NA
"ONCDGDAG_01384",62.4791717547088,0.0415958071724927,2.69678415778621,0.0154242255734098,NA,NA
"ONCDGDAG_01385",0,NA,NA,NA,NA,NA
"ONCDGDAG_01386",0,NA,NA,NA,NA,NA
"ONCDGDAG_01387",0,NA,NA,NA,NA,NA
"ONCDGDAG_01388",5.20620835237853,6.0318810520801,3.78475156450632,1.59373236242176,0.110995992508438,0.791044955028284
"ONCDGDAG_01389",0,NA,NA,NA,NA,NA
"ONCDGDAG_01390",0,NA,NA,NA,NA,NA
"ONCDGDAG_01391",0,NA,NA,NA,NA,NA
"ONCDGDAG_01392",0,NA,NA,NA,NA,NA
"ONCDGDAG_01393",0,NA,NA,NA,NA,NA
"ONCDGDAG_01394",0,NA,NA,NA,NA,NA
"ONCDGDAG_01395",0,NA,NA,NA,NA,NA
"ONCDGDAG_01396",0,NA,NA,NA,NA,NA
"ONCDGDAG_01397",125.363678076729,-0.887892970349382,2.3462919754482,-0.378423904458767,NA,NA
"ONCDGDAG_01398",0,NA,NA,NA,NA,NA
"ONCDGDAG_01399",0,NA,NA,NA,NA,NA
"ONCDGDAG_01400",0,NA,NA,NA,NA,NA
"ONCDGDAG_01401",6.7175196606024,2.81905883956788,3.39798825754786,0.829625833257657,0.406750366250733,0.998846388589019
"ONCDGDAG_01402",0.347080556825235,2.12243453900393,4.03606251504484,0.525867607623108,0.598980196574105,0.998846388589019
"ONCDGDAG_01403",0,NA,NA,NA,NA,NA
"ONCDGDAG_01404",0,NA,NA,NA,NA,NA
"ONCDGDAG_01405",0,NA,NA,NA,NA,NA
"ONCDGDAG_01406",0,NA,NA,NA,NA,NA
"ONCDGDAG_01407",146.405657431108,-1.52567960433331,2.0481182817834,-0.744917721746433,0.45632146108749,0.998846388589019
"ONCDGDAG_01408",0,NA,NA,NA,NA,NA
"ONCDGDAG_01409",0,NA,NA,NA,NA,NA
"ONCDGDAG_01410",0,NA,NA,NA,NA,NA
"ONCDGDAG_01411",0,NA,NA,NA,NA,NA
"ONCDGDAG_01412",0,NA,NA,NA,NA,NA
"ONCDGDAG_01413",0,NA,NA,NA,NA,NA
"ONCDGDAG_01414",6.07390974444162,6.25429898857369,3.73925847071604,1.6726040838188,0.094405262429311,0.791044955028284
"ONCDGDAG_01415",0,NA,NA,NA,NA,NA
"ONCDGDAG_01416",98.8730025965495,-1.38810058320588,2.33034745630589,-0.595662496358513,0.551400717100551,0.998846388589019
"ONCDGDAG_01417",0,NA,NA,NA,NA,NA
"ONCDGDAG_01418",97.4312042205193,1.05058273296468,2.25041330581573,0.466839904585376,0.640614423500657,0.998846388589019
"ONCDGDAG_01419",0,NA,NA,NA,NA,NA
"ONCDGDAG_01420",0.520620835237853,2.70826855552889,3.99338947974067,0.678187932649325,0.497652542813393,0.998846388589019
"ONCDGDAG_01421",65.1055832866479,-0.318227247344468,2.65072419994348,-0.120052945286142,0.904441206931789,0.998846388589019
"ONCDGDAG_01422",0,NA,NA,NA,NA,NA
"ONCDGDAG_01423",0,NA,NA,NA,NA,NA
"ONCDGDAG_01424",0,NA,NA,NA,NA,NA
"ONCDGDAG_01425",0,NA,NA,NA,NA,NA
"ONCDGDAG_01426",0,NA,NA,NA,NA,NA
"ONCDGDAG_01427",0,NA,NA,NA,NA,NA
"ONCDGDAG_01428",0,NA,NA,NA,NA,NA
"ONCDGDAG_01429",0,NA,NA,NA,NA,NA
"ONCDGDAG_01430",0,NA,NA,NA,NA,NA
"ONCDGDAG_01431",14.7819991305078,6.54485562494263,2.99006127231525,2.18887006950023,0.0286062850614759,0.725782318131161
"ONCDGDAG_01432",14.9979432062607,1.77755129078711,3.34670337479616,0.531134998151839,0.595325233154967,0.998846388589019
"ONCDGDAG_01433",0,NA,NA,NA,NA,NA
"ONCDGDAG_01434",0,NA,NA,NA,NA,NA
"ONCDGDAG_01435",1.53215661482512,-4.03902193906003,3.93366612848942,-1.02678310947835,0.304522604471434,0.998846388589019
"ONCDGDAG_01436",10.0922911221539,6.98642408135004,3.63958029970091,1.91956860573296,0.0549124127359921,0.791044955028284
"ONCDGDAG_01437",5.41362003904877,-5.84984243497317,3.77107925293691,-1.55123826432906,0.120844595383039,0.791044955028284
"ONCDGDAG_01438",0,NA,NA,NA,NA,NA
"ONCDGDAG_01439",0,NA,NA,NA,NA,NA
"ONCDGDAG_01440",0,NA,NA,NA,NA,NA
"ONCDGDAG_01441",0.520620835237853,2.70826855552889,3.99338947974067,0.678187932649325,0.497652542813393,0.998846388589019
"ONCDGDAG_01442",0,NA,NA,NA,NA,NA
"ONCDGDAG_01443",53.5809291701158,2.41583135960973,2.76926705650027,0.872372115191662,0.383005407619365,0.998846388589019
"ONCDGDAG_01444",0,NA,NA,NA,NA,NA
"ONCDGDAG_01445",8.43551271554613,-6.48752571043147,3.66907498874765,-1.76816383702363,NA,NA
"ONCDGDAG_01446",0,NA,NA,NA,NA,NA
"ONCDGDAG_01447",0,NA,NA,NA,NA,NA
"ONCDGDAG_01448",0,NA,NA,NA,NA,NA
"ONCDGDAG_01449",0.312132683602951,1.98977823712522,4.0482912373669,0.491510644975093,0.623065325018572,0.998846388589019
"ONCDGDAG_01450",0,NA,NA,NA,NA,NA
"ONCDGDAG_01451",0,NA,NA,NA,NA,NA
"ONCDGDAG_01452",0,NA,NA,NA,NA,NA
"ONCDGDAG_01453",0,NA,NA,NA,NA,NA
"ONCDGDAG_01454",0,NA,NA,NA,NA,NA
"ONCDGDAG_01455",6.43463436020099,0.220055455756223,3.43620357364498,0.0640402848783482,0.948938149929134,0.998846388589019
"ONCDGDAG_01456",0,NA,NA,NA,NA,NA
"ONCDGDAG_01457",0,NA,NA,NA,NA,NA
"ONCDGDAG_01458",7.45697624264327,1.59765464994816,3.39259462594376,0.470924123303923,0.637694920526466,0.998846388589019
"ONCDGDAG_01459",52.6034833370366,-0.00557807997781289,2.30992055969525,-0.00241483628274594,0.998073241285758,0.999198464782135
"ONCDGDAG_01460",0,NA,NA,NA,NA,NA
"ONCDGDAG_01461",0,NA,NA,NA,NA,NA
"ONCDGDAG_01462",0,NA,NA,NA,NA,NA
"ONCDGDAG_01463",0,NA,NA,NA,NA,NA
"ONCDGDAG_01464",0,NA,NA,NA,NA,NA
"ONCDGDAG_01465",0,NA,NA,NA,NA,NA
"ONCDGDAG_01466",0,NA,NA,NA,NA,NA
"ONCDGDAG_01467",0.624265367205902,2.98166495620327,3.97857357603873,0.749430643726328,0.453597686932112,0.998846388589019
"ONCDGDAG_01468",9.19293968895075,-6.61203775672521,3.65028510233123,-1.81137570665439,NA,NA
"ONCDGDAG_01469",0,NA,NA,NA,NA,NA
"ONCDGDAG_01470",0,NA,NA,NA,NA,NA
"ONCDGDAG_01471",0,NA,NA,NA,NA,NA
"ONCDGDAG_01472",0,NA,NA,NA,NA,NA
"ONCDGDAG_01473",0,NA,NA,NA,NA,NA
"ONCDGDAG_01474",0,NA,NA,NA,NA,NA
"ONCDGDAG_01475",0,NA,NA,NA,NA,NA
"ONCDGDAG_01476",0,NA,NA,NA,NA,NA
"ONCDGDAG_01477",35.5288430258953,1.12724708294931,2.64509293168247,0.426165398367421,0.669987328828369,0.998846388589019
"ONCDGDAG_01478",0,NA,NA,NA,NA,NA
"ONCDGDAG_01479",3.99142640349021,5.6485005762521,3.88395859143682,1.45431534432567,0.145858898218803,0.814995207477437
"ONCDGDAG_01480",0,NA,NA,NA,NA,NA
"ONCDGDAG_01481",0,NA,NA,NA,NA,NA
"ONCDGDAG_01482",0,NA,NA,NA,NA,NA
"ONCDGDAG_01483",0,NA,NA,NA,NA,NA
"ONCDGDAG_01484",0,NA,NA,NA,NA,NA
"ONCDGDAG_01485",5.91808768213413,-5.96578734070934,3.77976043154099,-1.5783506517838,0.114485075466891,0.791044955028284
"ONCDGDAG_01486",0,NA,NA,NA,NA,NA
"ONCDGDAG_01487",0,NA,NA,NA,NA,NA
"ONCDGDAG_01488",0,NA,NA,NA,NA,NA
"ONCDGDAG_01489",0,NA,NA,NA,NA,NA
"ONCDGDAG_01490",8.07383289772311,6.66435966622983,3.67631695771176,1.81278158082917,0.0698655159396559,0.791044955028284
"ONCDGDAG_01491",0,NA,NA,NA,NA,NA
"ONCDGDAG_01492",0,NA,NA,NA,NA,NA
"ONCDGDAG_01493",0,NA,NA,NA,NA,NA
"ONCDGDAG_01494",0,NA,NA,NA,NA,NA
"ONCDGDAG_01495",0,NA,NA,NA,NA,NA
"ONCDGDAG_01496",0,NA,NA,NA,NA,NA
"ONCDGDAG_01497",0,NA,NA,NA,NA,NA
"ONCDGDAG_01498",0,NA,NA,NA,NA,NA
"ONCDGDAG_01499",14.344226772221,7.49474679059015,3.15744335677707,2.37367576982928,0.0176120082178908,0.534095121595384
"ONCDGDAG_01500",24.3009780192303,-8.01282051160899,3.11570454439763,-2.57175235887398,0.0101185240689981,0.440220198418589
"ONCDGDAG_01501",3.12372501142712,5.29479857060984,3.92131926502553,1.35025949502109,0.176932760103996,0.82640607974266
"ONCDGDAG_01502",0,NA,NA,NA,NA,NA
"ONCDGDAG_01503",0,NA,NA,NA,NA,NA
"ONCDGDAG_01504",0,NA,NA,NA,NA,NA
"ONCDGDAG_01505",0,NA,NA,NA,NA,NA
"ONCDGDAG_01506",70.8139647912718,0.671272319803891,2.65866979677163,0.252484276392279,0.800666766130496,0.998846388589019
"ONCDGDAG_01507",11.0300628253341,-0.167759003924725,2.98152721782523,-0.0562661319748377,0.955129798843559,0.998846388589019
"ONCDGDAG_01508",10.9330375399949,7.10237049163087,3.62685165231337,1.95827433060315,0.0501978311846164,0.791044955028284
"ONCDGDAG_01509",0,NA,NA,NA,NA,NA
"ONCDGDAG_01510",0,NA,NA,NA,NA,NA
"ONCDGDAG_01511",0,NA,NA,NA,NA,NA
"ONCDGDAG_01512",107.206196784896,1.2984043891748,2.05603892038237,0.631507690006826,0.527708622693579,0.998846388589019
"ONCDGDAG_01513",0,NA,NA,NA,NA,NA
"ONCDGDAG_01514",0,NA,NA,NA,NA,NA
"ONCDGDAG_01515",0,NA,NA,NA,NA,NA
"ONCDGDAG_01516",0,NA,NA,NA,NA,NA
"ONCDGDAG_01517",0,NA,NA,NA,NA,NA
"ONCDGDAG_01518",0,NA,NA,NA,NA,NA
"ONCDGDAG_01519",0,NA,NA,NA,NA,NA
"ONCDGDAG_01520",11.7017192957632,0.362846493646962,3.37109931587158,0.107634471621359,0.914285651427898,0.998846388589019
"ONCDGDAG_01521",0,NA,NA,NA,NA,NA
"ONCDGDAG_01522",54.5819893378787,3.50298612644983,2.56348373285699,1.36649438479009,0.171783842134914,0.823913415497188
"ONCDGDAG_01523",0,NA,NA,NA,NA,NA
"ONCDGDAG_01524",0,NA,NA,NA,NA,NA
"ONCDGDAG_01525",0,NA,NA,NA,NA,NA
"ONCDGDAG_01526",0,NA,NA,NA,NA,NA
"ONCDGDAG_01527",0,NA,NA,NA,NA,NA
"ONCDGDAG_01528",51.529339344138,2.18025095323704,2.68801085091479,0.811101991085733,0.417307102532408,0.998846388589019
"ONCDGDAG_01529",0,NA,NA,NA,NA,NA
"ONCDGDAG_01530",0.173540278412618,1.2051316188578,4.0804728567969,0.295341167838036,0.767733270926973,0.998846388589019
"ONCDGDAG_01531",0,NA,NA,NA,NA,NA
"ONCDGDAG_01532",0,NA,NA,NA,NA,NA
"ONCDGDAG_01533",0,NA,NA,NA,NA,NA
"ONCDGDAG_01534",11.3246169658532,0.464595529335939,2.7145439714771,0.171150489444138,0.864105436673325,0.998846388589019
"ONCDGDAG_01535",0,NA,NA,NA,NA,NA
"ONCDGDAG_01536",0,NA,NA,NA,NA,NA
"ONCDGDAG_01537",0,NA,NA,NA,NA,NA
"ONCDGDAG_01538",0,NA,NA,NA,NA,NA
"ONCDGDAG_01539",52.0035855610397,0.775874438369364,3.03043641972873,0.256027294721734,NA,NA
"ONCDGDAG_01540",0,NA,NA,NA,NA,NA
"ONCDGDAG_01541",0,NA,NA,NA,NA,NA
"ONCDGDAG_01542",38.4336986470531,-0.599912678382005,2.65035670902246,-0.226351674225494,0.820927910887331,0.998846388589019
"ONCDGDAG_01543",0,NA,NA,NA,NA,NA
"ONCDGDAG_01544",0,NA,NA,NA,NA,NA
"ONCDGDAG_01545",0,NA,NA,NA,NA,NA
"ONCDGDAG_01546",0,NA,NA,NA,NA,NA
"ONCDGDAG_01547",0,NA,NA,NA,NA,NA
"ONCDGDAG_01548",0,NA,NA,NA,NA,NA
"ONCDGDAG_01549",11.8555096070958,-0.353595800549663,3.0966300378696,-0.11418729271028,0.909089324968333,0.998846388589019
"ONCDGDAG_01550",42.6204970874271,0.0591230512782439,2.25630111616123,0.0262035287997522,0.979095001275015,0.998846388589019
"ONCDGDAG_01551",0,NA,NA,NA,NA,NA
"ONCDGDAG_01552",0,NA,NA,NA,NA,NA
"ONCDGDAG_01553",0,NA,NA,NA,NA,NA
"ONCDGDAG_01554",0,NA,NA,NA,NA,NA
"ONCDGDAG_01555",0,NA,NA,NA,NA,NA
"ONCDGDAG_01556",5.68838226885038,6.15886072217898,3.75976369398285,1.63809782301895,0.101401289058562,0.791044955028284
"ONCDGDAG_01557",10.238076713674,-6.76779106142664,3.29159525598571,-2.05608239625438,NA,NA
"ONCDGDAG_01558",0,NA,NA,NA,NA,NA
"ONCDGDAG_01559",0,NA,NA,NA,NA,NA
"ONCDGDAG_01560",0,NA,NA,NA,NA,NA
"ONCDGDAG_01561",0,NA,NA,NA,NA,NA
"ONCDGDAG_01562",0,NA,NA,NA,NA,NA
"ONCDGDAG_01563",32.9270007729976,0.694078642413416,2.99720629962809,0.231575198043438,0.816867972988746,0.998846388589019
"ONCDGDAG_01564",2.46031116800738,3.20029517282367,3.79240896379569,0.843868686994299,0.398742787693335,0.998846388589019
"ONCDGDAG_01565",0,NA,NA,NA,NA,NA
"ONCDGDAG_01566",583.97792644213,0.14756552101733,1.84665612865714,0.0799095829089944,0.936309168146249,0.998846388589019
"ONCDGDAG_01567",0,NA,NA,NA,NA,NA
"ONCDGDAG_01568",0,NA,NA,NA,NA,NA
"ONCDGDAG_01569",0.44922433114691,1.16416529617359,4.03555924368913,0.288476819661149,0.772981771900616,0.998846388589019
"ONCDGDAG_01570",0,NA,NA,NA,NA,NA
"ONCDGDAG_01571",0,NA,NA,NA,NA,NA
"ONCDGDAG_01572",0,NA,NA,NA,NA,NA
"ONCDGDAG_01573",0,NA,NA,NA,NA,NA
"ONCDGDAG_01574",0,NA,NA,NA,NA,NA
"ONCDGDAG_01575",0,NA,NA,NA,NA,NA
"ONCDGDAG_01576",0,NA,NA,NA,NA,NA
"ONCDGDAG_01577",0,NA,NA,NA,NA,NA
"ONCDGDAG_01578",0,NA,NA,NA,NA,NA
"ONCDGDAG_01579",0,NA,NA,NA,NA,NA
"ONCDGDAG_01580",0,NA,NA,NA,NA,NA
"ONCDGDAG_01581",0,NA,NA,NA,NA,NA
"ONCDGDAG_01582",0,NA,NA,NA,NA,NA
"ONCDGDAG_01583",31.849957777201,2.79065623414455,2.69857578316211,1.03412186960136,0.301079193549178,0.998846388589019
"ONCDGDAG_01584",16.3265562729002,-1.17325152622354,2.64062161929214,-0.444308839120255,0.656819311508617,0.998846388589019
"ONCDGDAG_01585",0,NA,NA,NA,NA,NA
"ONCDGDAG_01586",16.6990985727579,19.8597482066902,3.58493065399074,5.53978587691295,NA,NA
"ONCDGDAG_01587",0,NA,NA,NA,NA,NA
"ONCDGDAG_01588",8.11121288162924,-2.50739083799694,2.61844888997898,-0.957586320509417,0.338271399810019,0.998846388589019
"ONCDGDAG_01589",0,NA,NA,NA,NA,NA
"ONCDGDAG_01590",0,NA,NA,NA,NA,NA
"ONCDGDAG_01591",0,NA,NA,NA,NA,NA
"ONCDGDAG_01592",0,NA,NA,NA,NA,NA
"ONCDGDAG_01593",0,NA,NA,NA,NA,NA
"ONCDGDAG_01594",0,NA,NA,NA,NA,NA
"ONCDGDAG_01595",0,NA,NA,NA,NA,NA
"ONCDGDAG_01596",0,NA,NA,NA,NA,NA
"ONCDGDAG_01597",0,NA,NA,NA,NA,NA
"ONCDGDAG_01598",0,NA,NA,NA,NA,NA
"ONCDGDAG_01599",0,NA,NA,NA,NA,NA
"ONCDGDAG_01600",10.0414668503406,-0.401661818926841,2.64279451774181,-0.151983749107384,0.879199753078402,0.998846388589019
"ONCDGDAG_01601",0,NA,NA,NA,NA,NA
"ONCDGDAG_01602",0,NA,NA,NA,NA,NA
"ONCDGDAG_01603",0,NA,NA,NA,NA,NA
"ONCDGDAG_01604",0,NA,NA,NA,NA,NA
"ONCDGDAG_01605",66.9285550132446,-1.141328102023,1.92144025974488,-0.593996142338842,0.552514693138093,0.998846388589019
"ONCDGDAG_01606",0,NA,NA,NA,NA,NA
"ONCDGDAG_01607",0,NA,NA,NA,NA,NA
"ONCDGDAG_01608",79.237849011386,-1.49342506930695,2.24795910393305,-0.664347081178672,0.506468194124845,0.998846388589019
"ONCDGDAG_01609",0,NA,NA,NA,NA,NA
"ONCDGDAG_01610",9.27536905962018,-2.13781200179245,3.36068237783044,-0.636124382326353,NA,NA
"ONCDGDAG_01611",5.29063095812584,-2.73518099298972,3.45874600515247,-0.790801345029424,0.429059924925455,0.998846388589019
"ONCDGDAG_01612",0,NA,NA,NA,NA,NA
"ONCDGDAG_01613",9.12050180551751,-2.27960786706657,3.3640141983353,-0.677645138416669,NA,NA
"ONCDGDAG_01614",0,NA,NA,NA,NA,NA
"ONCDGDAG_01615",0,NA,NA,NA,NA,NA
"ONCDGDAG_01616",0,NA,NA,NA,NA,NA
"ONCDGDAG_01617",0,NA,NA,NA,NA,NA
"ONCDGDAG_01618",6.84155012086763,0.0334810097572747,3.42249982454441,0.00978261839990938,0.992194724308341,0.998846388589019
"ONCDGDAG_01619",0,NA,NA,NA,NA,NA
"ONCDGDAG_01620",4.12640020672721,-3.45550526155269,3.56133537488829,-0.970283586858506,0.331905156195095,0.998846388589019
"ONCDGDAG_01621",0,NA,NA,NA,NA,NA
"ONCDGDAG_01622",0,NA,NA,NA,NA,NA
"ONCDGDAG_01623",0,NA,NA,NA,NA,NA
"ONCDGDAG_01624",0,NA,NA,NA,NA,NA
"ONCDGDAG_01625",2.18492878522066,4.78235767504614,3.9275115726989,1.21765590922494,0.2233547586522,0.903615536425396
"ONCDGDAG_01626",0,NA,NA,NA,NA,NA
"ONCDGDAG_01627",0,NA,NA,NA,NA,NA
"ONCDGDAG_01628",0,NA,NA,NA,NA,NA
"ONCDGDAG_01629",0,NA,NA,NA,NA,NA
"ONCDGDAG_01630",0,NA,NA,NA,NA,NA
"ONCDGDAG_01631",0,NA,NA,NA,NA,NA
"ONCDGDAG_01632",1.41818999872603,4.15405815912426,3.93878927647075,1.0546535667545,0.291583795335337,0.998846388589019
"ONCDGDAG_01633",7.06759173464676,-6.23269682141774,3.70475031280366,-1.68235273504869,0.0925004608159669,0.791044955028284
"ONCDGDAG_01634",0,NA,NA,NA,NA,NA
"ONCDGDAG_01635",0,NA,NA,NA,NA,NA
"ONCDGDAG_01636",0,NA,NA,NA,NA,NA
"ONCDGDAG_01637",0,NA,NA,NA,NA,NA
"ONCDGDAG_01638",0,NA,NA,NA,NA,NA
"ONCDGDAG_01639",0,NA,NA,NA,NA,NA
"ONCDGDAG_01640",0,NA,NA,NA,NA,NA
"ONCDGDAG_01641",0,NA,NA,NA,NA,NA
"ONCDGDAG_01642",0.469136178763635,1.23443870833236,4.02950788238716,0.306349744029053,0.759338368367988,0.998846388589019
"ONCDGDAG_01643",0,NA,NA,NA,NA,NA
"ONCDGDAG_01644",0.306431322965025,-1.82002621723437,4.02022605093021,-0.452717383096716,0.650752260736176,0.998846388589019
"ONCDGDAG_01645",0,NA,NA,NA,NA,NA
"ONCDGDAG_01646",482.942014751297,-0.0738078324097662,1.83579887293768,-0.0402047487324455,0.967929891751878,0.998846388589019
"ONCDGDAG_01647",0.102143774321675,-0.714919814597662,4.07997607719371,-0.175226472182993,0.860901684325708,0.998846388589019
"ONCDGDAG_01648",14.7997894902455,-0.739541967165557,2.96036464916265,-0.249814483960528,0.802730818235531,0.998846388589019
"ONCDGDAG_01649",0,NA,NA,NA,NA,NA
"ONCDGDAG_01650",0,NA,NA,NA,NA,NA
"ONCDGDAG_01651",0,NA,NA,NA,NA,NA
"ONCDGDAG_01652",36.699240444196,22.2441078441975,3.5760755475225,6.22025668881859,NA,NA
"ONCDGDAG_01653",162.02822178309,-1.29905190926289,2.33106919143612,-0.557277284619156,0.577337993160032,0.998846388589019
"ONCDGDAG_01654",0,NA,NA,NA,NA,NA
"ONCDGDAG_01655",0,NA,NA,NA,NA,NA
"ONCDGDAG_01656",9.36737110222085,0.0461018694717723,3.38736454124664,0.013609952194518,0.989141164503559,0.998846388589019
"ONCDGDAG_01657",0,NA,NA,NA,NA,NA
"ONCDGDAG_01658",0,NA,NA,NA,NA,NA
"ONCDGDAG_01659",0,NA,NA,NA,NA,NA
"ONCDGDAG_01660",0,NA,NA,NA,NA,NA
"ONCDGDAG_01661",11.2367766097062,7.14270203076646,3.61944848300212,1.97342276435497,NA,NA
"ONCDGDAG_01662",0.173540278412618,1.2051316188578,4.0804728567969,0.295341167838036,0.767733270926973,0.998846388589019
"ONCDGDAG_01663",0,NA,NA,NA,NA,NA
"ONCDGDAG_01664",0,NA,NA,NA,NA,NA
"ONCDGDAG_01665",0,NA,NA,NA,NA,NA
"ONCDGDAG_01666",0,NA,NA,NA,NA,NA
"ONCDGDAG_01667",0,NA,NA,NA,NA,NA
"ONCDGDAG_01668",25.4149500232657,-1.47422719731329,2.72535523388727,-0.540930290107741,0.588555632091858,0.998846388589019
"ONCDGDAG_01669",17.6640475832669,-0.0440003159237463,2.71580019271485,-0.016201602769518,0.987073556806923,0.998846388589019
"ONCDGDAG_01670",0,NA,NA,NA,NA,NA
"ONCDGDAG_01671",0,NA,NA,NA,NA,NA
"ONCDGDAG_01672",0,NA,NA,NA,NA,NA
"ONCDGDAG_01673",5.7200513620138,-5.92907033624215,3.75467586028748,-1.5791164289181,0.114309354017368,0.791044955028284
"ONCDGDAG_01674",0,NA,NA,NA,NA,NA
"ONCDGDAG_01675",0,NA,NA,NA,NA,NA
"ONCDGDAG_01676",0.312132683602951,1.98977823712522,4.0482912373669,0.491510644975093,0.623065325018572,0.998846388589019
"ONCDGDAG_01677",0,NA,NA,NA,NA,NA
"ONCDGDAG_01678",0,NA,NA,NA,NA,NA
"ONCDGDAG_01679",0,NA,NA,NA,NA,NA
"ONCDGDAG_01680",0,NA,NA,NA,NA,NA
"ONCDGDAG_01681",0,NA,NA,NA,NA,NA
"ONCDGDAG_01682",4.18789474718867,-5.48053877045462,3.8627092651871,-1.41883284352988,0.155947754943254,0.819854876032745
"ONCDGDAG_01683",0.347080556825235,2.12243453900393,4.03606251504484,0.525867607623108,0.598980196574105,0.998846388589019
"ONCDGDAG_01684",0,NA,NA,NA,NA,NA
"ONCDGDAG_01685",0,NA,NA,NA,NA,NA
"ONCDGDAG_01686",4.04632216556251,2.44829093132594,3.53292882277836,0.692991864297044,0.48831465716279,0.998846388589019
"ONCDGDAG_01687",49.0115732467763,3.5304382721659,3.09868777723581,1.13933333267776,NA,NA
"ONCDGDAG_01688",0,NA,NA,NA,NA,NA
"ONCDGDAG_01689",8.83289862669986,5.12422005078176,2.98008059230269,1.719490427211,0.0855251092454688,0.791044955028284
"ONCDGDAG_01690",0,NA,NA,NA,NA,NA
"ONCDGDAG_01691",0,NA,NA,NA,NA,NA
"ONCDGDAG_01692",0,NA,NA,NA,NA,NA
"ONCDGDAG_01693",0,NA,NA,NA,NA,NA
"ONCDGDAG_01694",6.69626339093551,-6.15530534862669,3.33823070723228,-1.84388254990621,0.0652002587256214,0.791044955028284
"ONCDGDAG_01695",0,NA,NA,NA,NA,NA
"ONCDGDAG_01696",0,NA,NA,NA,NA,NA
"ONCDGDAG_01697",44.6360067289961,0.867131110746774,2.71571275868331,0.319301482814845,0.749497908367596,0.998846388589019
"ONCDGDAG_01698",0,NA,NA,NA,NA,NA
"ONCDGDAG_01699",0,NA,NA,NA,NA,NA
"ONCDGDAG_01700",0,NA,NA,NA,NA,NA
"ONCDGDAG_01701",53.6108408502603,-2.98557775242301,2.45462895538862,-1.21630511441202,0.223868713979265,0.903615536425396
"ONCDGDAG_01702",0,NA,NA,NA,NA,NA
"ONCDGDAG_01703",0.257308160092789,-0.724657721442988,4.07959710844188,-0.177629727196212,0.859013776867028,0.998846388589019
"ONCDGDAG_01704",0,NA,NA,NA,NA,NA
"ONCDGDAG_01705",7.90274100500463,-5.3878516110043,3.4585136709491,-1.55785176050085,0.119268392735168,0.791044955028284
"ONCDGDAG_01706",50.8260860682933,1.53506547089893,2.66282753818782,0.576479493652681,0.564291126618873,0.998846388589019
"ONCDGDAG_01707",2.64472058189607,1.3380728586607,3.75770179847385,0.356088090652681,0.721774595754755,0.998846388589019
"ONCDGDAG_01708",0,NA,NA,NA,NA,NA
"ONCDGDAG_01709",0,NA,NA,NA,NA,NA
"ONCDGDAG_01710",30.2087441087223,0.347359783512685,3.00671000392665,0.115528196287319,0.908026472692457,0.998846388589019
"ONCDGDAG_01711",0,NA,NA,NA,NA,NA
"ONCDGDAG_01712",0,NA,NA,NA,NA,NA
"ONCDGDAG_01713",0,NA,NA,NA,NA,NA
"ONCDGDAG_01714",0.102143774321675,-0.714919814597662,4.07997607719371,-0.175226472182993,0.860901684325708,0.998846388589019
"ONCDGDAG_01715",76.6197407840776,0.0494736453733495,2.10221418656124,0.0235340650299185,0.98122426603934,0.998846388589019
"ONCDGDAG_01716",176.058400408791,0.497015127193155,1.93329338932206,0.257082101422506,0.797115394302758,0.998846388589019
"ONCDGDAG_01717",0,NA,NA,NA,NA,NA
"ONCDGDAG_01718",0,NA,NA,NA,NA,NA
"ONCDGDAG_01719",0,NA,NA,NA,NA,NA
"ONCDGDAG_01720",0,NA,NA,NA,NA,NA
"ONCDGDAG_01721",0,NA,NA,NA,NA,NA
"ONCDGDAG_01722",0,NA,NA,NA,NA,NA
"ONCDGDAG_01723",0,NA,NA,NA,NA,NA
"ONCDGDAG_01724",0,NA,NA,NA,NA,NA
"ONCDGDAG_01725",53.1535318874235,1.50750249604194,2.22783492293131,0.67666705487246,0.498617223857531,0.998846388589019
"ONCDGDAG_01726",0,NA,NA,NA,NA,NA
"ONCDGDAG_01727",0,NA,NA,NA,NA,NA
"ONCDGDAG_01728",0,NA,NA,NA,NA,NA
"ONCDGDAG_01729",0,NA,NA,NA,NA,NA
"ONCDGDAG_01730",0,NA,NA,NA,NA,NA
"ONCDGDAG_01731",0,NA,NA,NA,NA,NA
"ONCDGDAG_01732",0,NA,NA,NA,NA,NA
"ONCDGDAG_01733",0,NA,NA,NA,NA,NA
"ONCDGDAG_01734",0,NA,NA,NA,NA,NA
"ONCDGDAG_01735",49.0635704008014,1.90383072428965,2.24634080252748,0.847525327478159,0.396702375995899,0.998846388589019
"ONCDGDAG_01736",5.41362003904877,-5.84984243497317,3.77107925293691,-1.55123826432906,0.120844595383039,0.791044955028284
"ONCDGDAG_01737",0,NA,NA,NA,NA,NA
"ONCDGDAG_01738",4.69861361879705,-5.64605916277125,3.81724154194437,-1.47909402659789,0.139115186471254,0.814995207477437
"ONCDGDAG_01739",0,NA,NA,NA,NA,NA
"ONCDGDAG_01740",0.156066341801476,1.2051316188578,4.0804728567969,0.295341167838036,0.767733270926973,0.998846388589019
"ONCDGDAG_01741",0,NA,NA,NA,NA,NA
"ONCDGDAG_01742",0,NA,NA,NA,NA,NA
"ONCDGDAG_01743",0,NA,NA,NA,NA,NA
"ONCDGDAG_01744",0,NA,NA,NA,NA,NA
"ONCDGDAG_01745",0,NA,NA,NA,NA,NA
"ONCDGDAG_01746",0,NA,NA,NA,NA,NA
"ONCDGDAG_01747",5.61790758769212,-5.90314305724649,3.759932101891,-1.57001320696126,0.116412038774721,0.791044955028284
"ONCDGDAG_01748",17.9715641501837,-2.98232690765696,3.35550348069949,-0.888786712578604,0.374117718292811,0.998846388589019
"ONCDGDAG_01749",0,NA,NA,NA,NA,NA
"ONCDGDAG_01750",0,NA,NA,NA,NA,NA
"ONCDGDAG_01751",0,NA,NA,NA,NA,NA
"ONCDGDAG_01752",9.57544686629561,-6.67011240668379,3.64815346403162,-1.82835302090405,NA,NA
"ONCDGDAG_01753",0,NA,NA,NA,NA,NA
"ONCDGDAG_01754",0,NA,NA,NA,NA,NA
"ONCDGDAG_01755",0,NA,NA,NA,NA,NA
"ONCDGDAG_01756",0,NA,NA,NA,NA,NA
"ONCDGDAG_01757",0,NA,NA,NA,NA,NA
"ONCDGDAG_01758",0,NA,NA,NA,NA,NA
"ONCDGDAG_01759",0.455973660299791,-2.31055806714241,3.99416013996175,-0.578484083305818,0.562937340356233,0.998846388589019
"ONCDGDAG_01760",7.13738496653535,-0.968830983236314,2.52853097061303,-0.383159626872763,0.70160141096619,0.998846388589019
"ONCDGDAG_01761",0,NA,NA,NA,NA,NA
"ONCDGDAG_01762",0,NA,NA,NA,NA,NA
"ONCDGDAG_01763",0,NA,NA,NA,NA,NA
"ONCDGDAG_01764",84.781707792431,0.197087551108538,3.06307173222762,0.064343106638644,0.948697030410326,0.998846388589019
"ONCDGDAG_01765",50.2687056680052,-1.1206764916587,2.34623878413842,-0.477648097557227,0.63290069146142,0.998846388589019
"ONCDGDAG_01766",0,NA,NA,NA,NA,NA
"ONCDGDAG_01767",0,NA,NA,NA,NA,NA
"ONCDGDAG_01768",0,NA,NA,NA,NA,NA
"ONCDGDAG_01769",259.154866012509,0.595175125745135,1.84802476038302,0.322060146868258,0.747407129220218,0.998846388589019
"ONCDGDAG_01770",16.2752259893304,-1.81410479136386,3.047535974877,-0.59526936066344,NA,NA
"ONCDGDAG_01771",256.228662774073,1.0041378373994,1.8568996190036,0.540760430517087,0.588672719876911,0.998846388589019
"ONCDGDAG_01772",0,NA,NA,NA,NA,NA
"ONCDGDAG_01773",0,NA,NA,NA,NA,NA
"ONCDGDAG_01774",20.5242967983094,-0.0331147158071931,3.02586515422707,-0.0109438835240006,0.991268218600176,0.998846388589019
"ONCDGDAG_01775",81.9598043854261,-1.01697952034922,2.37260886761986,-0.428633448280678,0.668189999895882,0.998846388589019
"ONCDGDAG_01776",2.02886244341918,4.67566167250462,3.92909982399835,1.19000836882443,0.234043102771493,0.907555787166315
"ONCDGDAG_01777",0,NA,NA,NA,NA,NA
"ONCDGDAG_01778",0,NA,NA,NA,NA,NA
"ONCDGDAG_01779",0,NA,NA,NA,NA,NA
"ONCDGDAG_01780",0,NA,NA,NA,NA,NA
"ONCDGDAG_01781",0,NA,NA,NA,NA,NA
"ONCDGDAG_01782",206.36149997372,0.075132791889529,2.32366549542222,0.0323337382413887,0.974205904037401,0.998846388589019
"ONCDGDAG_01783",56.2049340291094,1.00235901611559,2.70614888913236,0.370400542313459,NA,NA
"ONCDGDAG_01784",0,NA,NA,NA,NA,NA
"ONCDGDAG_01785",0,NA,NA,NA,NA,NA
"ONCDGDAG_01786",0,NA,NA,NA,NA,NA
"ONCDGDAG_01787",0,NA,NA,NA,NA,NA
"ONCDGDAG_01788",0,NA,NA,NA,NA,NA
"ONCDGDAG_01789",1133.45750050903,-0.0131656347899678,1.85825552797916,-0.00708494315864367,0.994347080532311,0.998846388589019
"ONCDGDAG_01790",0,NA,NA,NA,NA,NA
"ONCDGDAG_01791",0,NA,NA,NA,NA,NA
"ONCDGDAG_01792",0,NA,NA,NA,NA,NA
"ONCDGDAG_01793",0,NA,NA,NA,NA,NA
"ONCDGDAG_01794",0,NA,NA,NA,NA,NA
"ONCDGDAG_01795",64.0025657620942,2.619412890363,2.37176750472742,1.10441385386298,0.269413653862679,0.988592250537435
"ONCDGDAG_01796",2.42956389777665,4.93213696123956,3.92547019565772,1.25644488823158,0.208954715510917,0.883579939874735
"ONCDGDAG_01797",0,NA,NA,NA,NA,NA
"ONCDGDAG_01798",0,NA,NA,NA,NA,NA
"ONCDGDAG_01799",0.510718871608375,-2.47994530459879,3.9847117447512,-0.622365045066425,0.533701859612902,0.998846388589019
"ONCDGDAG_01800",14696.2409728177,0.427849494460876,1.82007047289295,0.235073037463665,0.814152045360932,0.998846388589019
"ONCDGDAG_01801",0,NA,NA,NA,NA,NA
"ONCDGDAG_01802",0,NA,NA,NA,NA,NA
"ONCDGDAG_01803",0,NA,NA,NA,NA,NA
"ONCDGDAG_01804",0,NA,NA,NA,NA,NA
"ONCDGDAG_01805",0,NA,NA,NA,NA,NA
"ONCDGDAG_01806",85.3067978191463,0.208914685428527,1.92299553390955,0.108640234334706,0.91348784722022,0.998846388589019
"ONCDGDAG_01807",0,NA,NA,NA,NA,NA
"ONCDGDAG_01808",0,NA,NA,NA,NA,NA
"ONCDGDAG_01809",0,NA,NA,NA,NA,NA
"ONCDGDAG_01810",0,NA,NA,NA,NA,NA
"ONCDGDAG_01811",0,NA,NA,NA,NA,NA
"ONCDGDAG_01812",0,NA,NA,NA,NA,NA
"ONCDGDAG_01813",0,NA,NA,NA,NA,NA
"ONCDGDAG_01814",0,NA,NA,NA,NA,NA
"ONCDGDAG_01815",0,NA,NA,NA,NA,NA
"ONCDGDAG_01816",58.7507137777282,-0.635770070998331,1.88178083412962,-0.337855535282032,0.735472056891107,0.998846388589019
"ONCDGDAG_01817",0,NA,NA,NA,NA,NA
"ONCDGDAG_01818",0,NA,NA,NA,NA,NA
"ONCDGDAG_01819",0,NA,NA,NA,NA,NA
"ONCDGDAG_01820",1.21478194888832,3.93172444189014,3.94409994024706,0.996862275666336,0.318831364997479,0.998846388589019
"ONCDGDAG_01821",0,NA,NA,NA,NA,NA
"ONCDGDAG_01822",0,NA,NA,NA,NA,NA
"ONCDGDAG_01823",0,NA,NA,NA,NA,NA
"ONCDGDAG_01824",0,NA,NA,NA,NA,NA
"ONCDGDAG_01835",0,NA,NA,NA,NA,NA
"ONCDGDAG_01836",0,NA,NA,NA,NA,NA
"ONCDGDAG_01837",0,NA,NA,NA,NA,NA
"ONCDGDAG_01838",0,NA,NA,NA,NA,NA
"ONCDGDAG_01839",0,NA,NA,NA,NA,NA
"ONCDGDAG_01840",188.227471882514,0.694046544364828,2.36744156104586,0.293163115738418,0.769397475458475,0.998846388589019
"ONCDGDAG_01841",0,NA,NA,NA,NA,NA
"ONCDGDAG_01842",0,NA,NA,NA,NA,NA
"ONCDGDAG_01843",0,NA,NA,NA,NA,NA
"ONCDGDAG_01844",0,NA,NA,NA,NA,NA
"ONCDGDAG_01845",0,NA,NA,NA,NA,NA
"ONCDGDAG_01846",0,NA,NA,NA,NA,NA
"ONCDGDAG_01847",0,NA,NA,NA,NA,NA
"ONCDGDAG_01848",0,NA,NA,NA,NA,NA
"ONCDGDAG_01849",17.2026169534724,-3.15769445721223,2.5278306659213,-1.24917167110217,0.211602291035329,0.890452659913182
"ONCDGDAG_01850",0,NA,NA,NA,NA,NA
"ONCDGDAG_01851",0,NA,NA,NA,NA,NA
"ONCDGDAG_01852",109.203549166109,-0.813793187554786,2.72300333440013,-0.298858681983239,0.765047874059883,0.998846388589019
"ONCDGDAG_01853",0,NA,NA,NA,NA,NA
"ONCDGDAG_01854",0,NA,NA,NA,NA,NA
"ONCDGDAG_01855",0,NA,NA,NA,NA,NA
"ONCDGDAG_01856",1.03372365767293,3.69908883802336,3.95059626775288,0.936336843179226,0.349099784348451,0.998846388589019
"ONCDGDAG_01857",0,NA,NA,NA,NA,NA
"ONCDGDAG_01858",5.109455690914,-1.97442053099515,3.11651828027993,-0.633534076629196,0.526384935158711,0.998846388589019
"ONCDGDAG_01859",0,NA,NA,NA,NA,NA
"ONCDGDAG_01860",0,NA,NA,NA,NA,NA
"ONCDGDAG_01861",0,NA,NA,NA,NA,NA
"ONCDGDAG_01862",0,NA,NA,NA,NA,NA
"ONCDGDAG_01863",0,NA,NA,NA,NA,NA
"ONCDGDAG_01864",0,NA,NA,NA,NA,NA
"ONCDGDAG_01865",0,NA,NA,NA,NA,NA
"ONCDGDAG_01866",0,NA,NA,NA,NA,NA
"ONCDGDAG_01867",0,NA,NA,NA,NA,NA
"ONCDGDAG_01868",0,NA,NA,NA,NA,NA
"ONCDGDAG_01869",0,NA,NA,NA,NA,NA
"ONCDGDAG_01870",0,NA,NA,NA,NA,NA
"ONCDGDAG_01871",3.16645700397192,-5.07879081047465,3.91991161793748,-1.29563911268666,0.195099847335907,0.86957518371987
"ONCDGDAG_01872",0,NA,NA,NA,NA,NA
"ONCDGDAG_01873",7.32772919543094,-1.69005884998246,2.77131895428057,-0.609839169674788,0.541968351521254,0.998846388589019
"ONCDGDAG_01874",0,NA,NA,NA,NA,NA
"ONCDGDAG_01875",0,NA,NA,NA,NA,NA
"ONCDGDAG_01876",29.1844059168759,21.9144920658128,3.56897247987823,6.14028048391131,NA,NA
"ONCDGDAG_01877",7.28869169332994,6.51736058527145,3.6950042788782,1.76383032153081,0.0777605508613349,0.791044955028284
"ONCDGDAG_01878",0,NA,NA,NA,NA,NA
"ONCDGDAG_01879",0,NA,NA,NA,NA,NA
"ONCDGDAG_01880",0,NA,NA,NA,NA,NA
"ONCDGDAG_01881",5.97995920194234,5.24816213644517,2.82816713280284,1.85567609338703,0.0634997403501772,0.791044955028284
"ONCDGDAG_01882",0,NA,NA,NA,NA,NA
"ONCDGDAG_01883",0,NA,NA,NA,NA,NA
"ONCDGDAG_01884",0,NA,NA,NA,NA,NA
"ONCDGDAG_01885",0,NA,NA,NA,NA,NA
"ONCDGDAG_01886",0,NA,NA,NA,NA,NA
"ONCDGDAG_01887",0,NA,NA,NA,NA,NA
"ONCDGDAG_01888",0,NA,NA,NA,NA,NA
"ONCDGDAG_01889",0,NA,NA,NA,NA,NA
"ONCDGDAG_01890",56.927020189941,-2.31463691024967,2.37714243743664,-0.973705602911044,0.330202734539678,0.998846388589019
"ONCDGDAG_01891",0,NA,NA,NA,NA,NA
"ONCDGDAG_01892",0,NA,NA,NA,NA,NA
"ONCDGDAG_01893",0,NA,NA,NA,NA,NA
"ONCDGDAG_01894",0,NA,NA,NA,NA,NA
"ONCDGDAG_01895",0,NA,NA,NA,NA,NA
"ONCDGDAG_01896",0,NA,NA,NA,NA,NA
"ONCDGDAG_01897",52.3599785921982,-0.831070882312124,2.48216970700013,-0.334816302031391,0.737763662346955,0.998846388589019
"ONCDGDAG_01898",0,NA,NA,NA,NA,NA
"ONCDGDAG_01899",0.257308160092789,-0.724657721442988,4.07959710844188,-0.177629727196212,0.859013776867028,0.998846388589019
"ONCDGDAG_01900",40.4507608564216,-1.24284690484353,2.9770922265613,-0.417470071553372,0.676334610831756,0.998846388589019
"ONCDGDAG_01901",250.951257465531,-0.343191522558672,1.90097303866156,-0.180534660712656,0.856732846090313,0.998846388589019
"ONCDGDAG_01902",0,NA,NA,NA,NA,NA
"ONCDGDAG_01903",0,NA,NA,NA,NA,NA
"ONCDGDAG_01904",0,NA,NA,NA,NA,NA
"ONCDGDAG_01905",0,NA,NA,NA,NA,NA
"ONCDGDAG_01906",0,NA,NA,NA,NA,NA
"ONCDGDAG_01907",14.0262775859984,-1.51416627907526,2.94218044894905,-0.514640860867701,0.606804006333946,0.998846388589019
"ONCDGDAG_01908",0,NA,NA,NA,NA,NA
"ONCDGDAG_01909",0,NA,NA,NA,NA,NA
"ONCDGDAG_01910",0,NA,NA,NA,NA,NA
"ONCDGDAG_01911",0,NA,NA,NA,NA,NA
"ONCDGDAG_01912",0,NA,NA,NA,NA,NA
"ONCDGDAG_01913",0,NA,NA,NA,NA,NA
"ONCDGDAG_01914",0,NA,NA,NA,NA,NA
"ONCDGDAG_01915",0,NA,NA,NA,NA,NA
"ONCDGDAG_01916",876.912634881014,0.694731783801956,1.84217992396666,0.377124826279743,0.706080842305706,0.998846388589019
"ONCDGDAG_01917",75.0961422604665,-0.307843856202431,1.88695891453544,-0.163142850557623,0.870405961857549,0.998846388589019
"ONCDGDAG_01918",0.102143774321675,-0.714919814597662,4.07997607719371,-0.175226472182993,0.860901684325708,0.998846388589019
"ONCDGDAG_01919",0,NA,NA,NA,NA,NA
"ONCDGDAG_01920",0,NA,NA,NA,NA,NA
"ONCDGDAG_01921",0,NA,NA,NA,NA,NA
"ONCDGDAG_01922",0,NA,NA,NA,NA,NA
"ONCDGDAG_01923",26.2557386610308,2.70270568475995,2.9555297002144,0.914457291552135,0.360476609455141,0.998846388589019
"ONCDGDAG_01924",9.00977489775905,5.83844773818715,3.40053752015802,1.71691907634527,0.085993958861613,0.791044955028284
"ONCDGDAG_01925",0,NA,NA,NA,NA,NA
"ONCDGDAG_01926",30.2271930761762,0.527973472066355,2.63258146483902,0.200553517191401,NA,NA
"ONCDGDAG_01927",0,NA,NA,NA,NA,NA
"ONCDGDAG_01928",0,NA,NA,NA,NA,NA
"ONCDGDAG_01929",48.0335235771496,-0.45637365200866,2.62878862901898,-0.173606065915984,0.862175064505558,0.998846388589019
"ONCDGDAG_01930",37.3322588507304,1.01801122535736,2.29073056310386,0.444404611242444,0.656750080155485,0.998846388589019
"ONCDGDAG_01931",14.1263839219582,-0.166688087650787,3.00319582736049,-0.0555035692751641,0.955737286465206,0.998846388589019
"ONCDGDAG_01932",1.56186250571356,4.29447759651408,3.9358300090242,1.09112374941691,0.275218433870816,0.997526405213408
"ONCDGDAG_01933",0,NA,NA,NA,NA,NA
"ONCDGDAG_01934",18.2768639726867,-7.60241601069199,3.1149185251261,-2.44064682570926,0.0146609848476967,0.526655993538687
"ONCDGDAG_01935",0,NA,NA,NA,NA,NA
"ONCDGDAG_01936",22.7095732006388,-7.91518530615785,3.12284485715393,-2.5346072790089,0.0112573451673213,0.440220198418589
"ONCDGDAG_01937",15.1032655565936,-2.68634056167399,3.32415712439758,-0.808126830695714,NA,NA
"ONCDGDAG_01938",0,NA,NA,NA,NA,NA
"ONCDGDAG_01939",18.609240479297,-4.62244949042387,2.50612006624787,-1.84446449820121,0.0651154751117567,0.791044955028284
"ONCDGDAG_01940",2.77664445460188,5.12483345803315,3.92313579250641,1.30631049473793,0.191446989619859,0.858610741325427
"ONCDGDAG_01941",0,NA,NA,NA,NA,NA
"ONCDGDAG_01942",0,NA,NA,NA,NA,NA
"ONCDGDAG_01943",0,NA,NA,NA,NA,NA
"ONCDGDAG_01944",4.33850696031544,5.76881170542895,3.84892988172932,1.49880924898456,0.133923124508081,0.803538747048484
"ONCDGDAG_01945",0,NA,NA,NA,NA,NA
"ONCDGDAG_01946",0,NA,NA,NA,NA,NA
"ONCDGDAG_01947",42.5142425902503,2.20270390880499,2.57177726966019,0.85649093130683,NA,NA
"ONCDGDAG_01948",0.312132683602951,1.98977823712522,4.0482912373669,0.491510644975093,0.623065325018572,0.998846388589019
"ONCDGDAG_01949",0,NA,NA,NA,NA,NA
"ONCDGDAG_01950",0,NA,NA,NA,NA,NA
"ONCDGDAG_01951",0,NA,NA,NA,NA,NA
"ONCDGDAG_01952",0,NA,NA,NA,NA,NA
"ONCDGDAG_01953",0,NA,NA,NA,NA,NA
"ONCDGDAG_01954",0,NA,NA,NA,NA,NA
"ONCDGDAG_01955",0,NA,NA,NA,NA,NA
"ONCDGDAG_01956",23.4695697388353,2.23665340211192,2.94061259083576,0.760607979807443,0.446891252070245,0.998846388589019
"ONCDGDAG_01957",0,NA,NA,NA,NA,NA
"ONCDGDAG_01958",0,NA,NA,NA,NA,NA
"ONCDGDAG_01959",0,NA,NA,NA,NA,NA
"ONCDGDAG_01960",0,NA,NA,NA,NA,NA
"ONCDGDAG_01961",0,NA,NA,NA,NA,NA
"ONCDGDAG_01962",0,NA,NA,NA,NA,NA
"ONCDGDAG_01963",0,NA,NA,NA,NA,NA
"ONCDGDAG_01964",47.3844479665491,-1.62185153425173,2.64705403209628,-0.612700577542554,0.540074340583585,0.998846388589019
"ONCDGDAG_01965",1.13993415074948,-3.61294216273939,3.9427973765104,-0.916339800838827,0.35948869879661,0.998846388589019
"ONCDGDAG_01966",15.7880700485259,-2.12487466474108,2.92179299605142,-0.727250242441093,0.467072673128506,0.998846388589019
"ONCDGDAG_01967",287.995144253952,0.604823816405639,2.00732425990676,0.301308477402516,0.763179277098658,0.998846388589019
"ONCDGDAG_01968",0,NA,NA,NA,NA,NA
"ONCDGDAG_01969",196.573530075027,-1.13220887318624,2.82792683160144,-0.400367103043141,0.688886150457964,0.998846388589019
"ONCDGDAG_01970",3.77931964990197,-5.33290711549202,3.90564728053646,-1.36543490295916,0.172116400112154,0.823913415497188
"ONCDGDAG_01971",0,NA,NA,NA,NA,NA
"ONCDGDAG_01972",0,NA,NA,NA,NA,NA
"ONCDGDAG_01973",0,NA,NA,NA,NA,NA
"ONCDGDAG_01974",12.0363278557563,7.24163595670515,2.8023657746528,2.58411518660599,0.00976291826753292,0.440220198418589
"ONCDGDAG_01975",0,NA,NA,NA,NA,NA
"ONCDGDAG_01976",0,NA,NA,NA,NA,NA
"ONCDGDAG_01978",0,NA,NA,NA,NA,NA
"ONCDGDAG_01979",0,NA,NA,NA,NA,NA
"ONCDGDAG_01980",2.02886244341918,4.67566167250462,3.92909982399835,1.19000836882443,0.234043102771493,0.907555787166315
"ONCDGDAG_01981",0,NA,NA,NA,NA,NA
"ONCDGDAG_01982",0,NA,NA,NA,NA,NA
"ONCDGDAG_01983",26.3536164691452,-0.530948355257646,2.74244706792553,-0.193603866221298,0.846486070666338,0.998846388589019
"ONCDGDAG_01984",35.4601922545651,-2.7793688900565,2.94178986020417,-0.944788384668512,0.344766923021915,0.998846388589019
"ONCDGDAG_01985",0.113993415074948,-0.724657721442987,4.07959710844188,-0.177629727196212,0.859013776867028,0.998846388589019
"ONCDGDAG_01986",0,NA,NA,NA,NA,NA
"ONCDGDAG_01987",3.36720077189228,5.40546725876557,3.20896655781233,1.68448849851857,0.092087300385811,0.791044955028284
"ONCDGDAG_01988",0,NA,NA,NA,NA,NA
"ONCDGDAG_01989",0,NA,NA,NA,NA,NA
"ONCDGDAG_01990",0,NA,NA,NA,NA,NA
"ONCDGDAG_01991",74.0560358785744,3.96004789123772,2.58142401511746,1.5340555708968,0.125015982180402,0.791044955028284
"ONCDGDAG_01992",11.800738932058,7.21256049944543,3.617862219304,1.99359734070608,0.0461960762258906,0.791044955028284
"ONCDGDAG_01993",0,NA,NA,NA,NA,NA
"ONCDGDAG_01994",36.4529423873475,-3.09709620650261,2.90918323804333,-1.0645930328492,0.287060134024298,0.998846388589019
"ONCDGDAG_01995",0,NA,NA,NA,NA,NA
"ONCDGDAG_01996",0,NA,NA,NA,NA,NA
"ONCDGDAG_01997",0,NA,NA,NA,NA,NA
"ONCDGDAG_01998",16.7712502952059,-7.47858264623757,3.12207462256648,-2.39538882004359,0.0166027485758365,0.526655993538687
"ONCDGDAG_01999",0,NA,NA,NA,NA,NA
"ONCDGDAG_02000",0,NA,NA,NA,NA,NA
"ONCDGDAG_02001",0,NA,NA,NA,NA,NA
"ONCDGDAG_02002",0,NA,NA,NA,NA,NA
"ONCDGDAG_02003",33.9891607240288,-1.15670429417473,2.69545161742414,-0.429131907505767,0.66782723307757,0.998846388589019
"ONCDGDAG_02004",0,NA,NA,NA,NA,NA
"ONCDGDAG_02005",0,NA,NA,NA,NA,NA
"ONCDGDAG_02006",8.2859885367966,5.03225993479388,3.01163171900579,1.67094133822417,0.0947332652943337,0.791044955028284
"ONCDGDAG_02007",0,NA,NA,NA,NA,NA
"ONCDGDAG_02008",79.6679836963533,0.484740703832245,2.29575648916268,0.21114639384469,0.832773039150924,0.998846388589019
"ONCDGDAG_02009",0,NA,NA,NA,NA,NA
"ONCDGDAG_02010",0,NA,NA,NA,NA,NA
"ONCDGDAG_02011",0.520620835237853,2.70826855552889,3.99338947974067,0.678187932649325,0.497652542813393,0.998846388589019
"ONCDGDAG_02012",0,NA,NA,NA,NA,NA
"ONCDGDAG_02013",0,NA,NA,NA,NA,NA
"ONCDGDAG_02014",3.90165854503689,5.61762163917289,3.8896978898655,1.44423083700394,0.148674053387244,0.815177433479366
"ONCDGDAG_02015",0,NA,NA,NA,NA,NA
"ONCDGDAG_02016",0,NA,NA,NA,NA,NA
"ONCDGDAG_02017",0,NA,NA,NA,NA,NA
"ONCDGDAG_02018",99.6734705058387,-3.27067773702148,3.457364219148,-0.946003235328059,NA,NA
"ONCDGDAG_02019",0,NA,NA,NA,NA,NA
"ONCDGDAG_02020",0,NA,NA,NA,NA,NA
"ONCDGDAG_02021",0,NA,NA,NA,NA,NA
"ONCDGDAG_02022",4.18789474718867,-5.48053877045462,3.8627092651871,-1.41883284352988,0.155947754943254,0.819854876032745
"ONCDGDAG_02023",0,NA,NA,NA,NA,NA
"ONCDGDAG_02024",0,NA,NA,NA,NA,NA
"ONCDGDAG_02025",0,NA,NA,NA,NA,NA
"ONCDGDAG_02026",0,NA,NA,NA,NA,NA
"ONCDGDAG_02027",0,NA,NA,NA,NA,NA
"ONCDGDAG_02028",0,NA,NA,NA,NA,NA
"ONCDGDAG_02029",0,NA,NA,NA,NA,NA
"ONCDGDAG_02030",0,NA,NA,NA,NA,NA
"ONCDGDAG_02031",0,NA,NA,NA,NA,NA
"ONCDGDAG_02032",100.549349496547,-0.992927214753391,1.9807948378928,-0.501277161954683,0.616176075887799,0.998846388589019
"ONCDGDAG_02033",10.3738217331317,-4.24937050629141,2.99752018573479,-1.4176286540168,0.15629920987864,0.819854876032745
"ONCDGDAG_02034",103.314046757469,-0.299077735887741,2.33765555798718,-0.127939180289358,0.898197104426603,0.998846388589019
"ONCDGDAG_02035",0,NA,NA,NA,NA,NA
"ONCDGDAG_02036",5.46232196305164,6.1026634264049,3.76568235732991,1.62059962772114,0.105103532137368,0.791044955028284
"ONCDGDAG_02037",3.77931964990197,-5.33290711549202,3.90564728053646,-1.36543490295916,0.172116400112154,0.823913415497188
"ONCDGDAG_02038",0,NA,NA,NA,NA,NA
"ONCDGDAG_02039",0,NA,NA,NA,NA,NA
"ONCDGDAG_02040",0,NA,NA,NA,NA,NA
"ONCDGDAG_02041",20.017068408842,-3.24870003986013,2.88413686626071,-1.12640286869329,0.259995033099859,0.978286395731672
"ONCDGDAG_02042",0,NA,NA,NA,NA,NA
"ONCDGDAG_02043",0,NA,NA,NA,NA,NA
"ONCDGDAG_02044",0,NA,NA,NA,NA,NA
"ONCDGDAG_02045",0,NA,NA,NA,NA,NA
"ONCDGDAG_02046",0,NA,NA,NA,NA,NA
"ONCDGDAG_02047",0,NA,NA,NA,NA,NA
"ONCDGDAG_02048",0,NA,NA,NA,NA,NA
"ONCDGDAG_02049",0,NA,NA,NA,NA,NA
"ONCDGDAG_02050",0,NA,NA,NA,NA,NA
"ONCDGDAG_02051",2.58396948072426,-4.7784442250385,3.35379585221812,-1.42478684916918,0.154218824897678,0.819854876032745
"ONCDGDAG_02052",0,NA,NA,NA,NA,NA
"ONCDGDAG_02053",33.5741386563014,8.7209155036512,3.16173411347647,2.75826973130962,0.00581082283774251,0.440220198418589
"ONCDGDAG_02054",16.1522719940298,1.2791482099654,3.35578996708234,0.381176480802683,0.703072299708514,0.998846388589019
"ONCDGDAG_02055",0,NA,NA,NA,NA,NA
"ONCDGDAG_02056",0,NA,NA,NA,NA,NA
"ONCDGDAG_02057",0.63272053336789,1.77480656758022,3.99142011741317,0.444655414707502,0.656568794353265,0.998846388589019
"ONCDGDAG_02059",0,NA,NA,NA,NA,NA
"ONCDGDAG_02060",0,NA,NA,NA,NA,NA
"ONCDGDAG_02061",0,NA,NA,NA,NA,NA
"ONCDGDAG_02062",61.3675427222916,1.05064271494624,2.42905886806065,0.432530775091947,0.665355689844421,0.998846388589019
"ONCDGDAG_02063",4.08830628820098,-2.78894855448426,3.13906576915383,-0.888464517656811,0.374290933988556,0.998846388589019
"ONCDGDAG_02064",1.17983407566604,3.89121707940863,3.9451578796896,0.986327340520724,0.323972507488894,0.998846388589019
"ONCDGDAG_02065",318.213313344879,1.05121445004532,1.85157485958987,0.567740723309545,0.570211035195036,0.998846388589019
"ONCDGDAG_02066",0,NA,NA,NA,NA,NA
"ONCDGDAG_02067",0.8171501945734,-3.14405071120621,3.95640971502331,-0.794672679947072,0.426803928346164,0.998846388589019
"ONCDGDAG_02068",70.3098971637803,0.950800121104113,2.30310921841328,0.412833274906157,0.679728770466467,0.998846388589019
"ONCDGDAG_02069",0,NA,NA,NA,NA,NA
"ONCDGDAG_02070",770.126610260202,0.868427929175736,1.86712694929848,0.465114559833236,0.641849419890181,0.998846388589019
"ONCDGDAG_02071",1.02143774321675,-3.4609923142894,3.94674652098722,-0.87692287707995,0.380528529386318,0.998846388589019
"ONCDGDAG_02072",0,NA,NA,NA,NA,NA
"ONCDGDAG_02073",10.7729827415427,1.45561727675895,3.02172958680346,0.481716591423645,0.630007288183453,0.998846388589019
"ONCDGDAG_02074",0,NA,NA,NA,NA,NA
"ONCDGDAG_02075",0.173540278412618,1.2051316188578,4.0804728567969,0.295341167838036,0.767733270926973,0.998846388589019
"ONCDGDAG_02076",23.222534318294,8.18969160323892,3.14128327326163,2.60711654786086,0.00913082754860377,0.440220198418589
"ONCDGDAG_02077",1.1331848215966,-1.2047749167869,3.91269173163604,-0.307914601870038,0.758147314578618,0.998846388589019
"ONCDGDAG_02078",0,NA,NA,NA,NA,NA
"ONCDGDAG_02079",8.61436558057769,6.7577650243564,3.35265998362494,2.01564282013764,0.0438373387620226,0.791044955028284
"ONCDGDAG_02080",0,NA,NA,NA,NA,NA
"ONCDGDAG_02081",0,NA,NA,NA,NA,NA
"ONCDGDAG_02082",0,NA,NA,NA,NA,NA
"ONCDGDAG_02083",0,NA,NA,NA,NA,NA
"ONCDGDAG_02084",0,NA,NA,NA,NA,NA
"ONCDGDAG_02085",0,NA,NA,NA,NA,NA
"ONCDGDAG_02086",0,NA,NA,NA,NA,NA
"ONCDGDAG_02087",0.544841853580354,-0.911811096249174,4.01805827072388,-0.226928290934145,0.820479502876667,0.998846388589019
"ONCDGDAG_02088",0,NA,NA,NA,NA,NA
"ONCDGDAG_02089",0,NA,NA,NA,NA,NA
"ONCDGDAG_02090",31.55034527704,-0.57776213469221,3.02201985176429,-0.191184096409858,0.848381363027247,0.998846388589019
"ONCDGDAG_02091",59.9077301906256,0.889842848505447,2.29440790543965,0.387831146500054,0.698140994501486,0.998846388589019
"ONCDGDAG_02092",29.6261207089329,-2.47849867278733,2.63044499666845,-0.942235506131636,0.346072079294209,0.998846388589019
"ONCDGDAG_02093",0,NA,NA,NA,NA,NA
"ONCDGDAG_02094",0,NA,NA,NA,NA,NA
"ONCDGDAG_02095",5.51421391897359,2.04272702085693,2.7544587726798,0.741607404372065,0.45832523606945,0.998846388589019
"ONCDGDAG_02096",29.0379536552812,0.170270015465489,2.61727976371315,0.0650561005461356,0.948129333037511,0.998846388589019
"ONCDGDAG_02097",0,NA,NA,NA,NA,NA
"ONCDGDAG_02098",0,NA,NA,NA,NA,NA
"ONCDGDAG_02099",0,NA,NA,NA,NA,NA
"ONCDGDAG_02100",0,NA,NA,NA,NA,NA
"ONCDGDAG_02101",0,NA,NA,NA,NA,NA
"ONCDGDAG_02102",0,NA,NA,NA,NA,NA
"ONCDGDAG_02103",0,NA,NA,NA,NA,NA
"ONCDGDAG_02104",0,NA,NA,NA,NA,NA
"ONCDGDAG_02105",0,NA,NA,NA,NA,NA
"ONCDGDAG_02106",0,NA,NA,NA,NA,NA
"ONCDGDAG_02107",0,NA,NA,NA,NA,NA
"ONCDGDAG_02108",4.36676653154185,-1.08048005901006,3.51575120543134,-0.307325517613666,0.758595614648469,0.998846388589019
"ONCDGDAG_02109",0,NA,NA,NA,NA,NA
"ONCDGDAG_02110",0,NA,NA,NA,NA,NA
"ONCDGDAG_02111",26.230284546934,-0.462675133941875,2.40074343821284,-0.192721607222761,0.847177000556179,0.998846388589019
"ONCDGDAG_02112",0,NA,NA,NA,NA,NA
"ONCDGDAG_02113",43.204561885432,0.359823050477085,3.01384993743533,0.119389836238257,0.904966513208502,0.998846388589019
"ONCDGDAG_02114",0,NA,NA,NA,NA,NA
"ONCDGDAG_02115",3.29830666918203,-0.167981245520336,3.62405335486208,-0.0463517583964293,0.963029886375411,0.998846388589019
"ONCDGDAG_02116",0,NA,NA,NA,NA,NA
"ONCDGDAG_02117",9.35209706965168,-0.999411200494187,3.37619037863692,-0.296017430420403,0.767216770072932,0.998846388589019
"ONCDGDAG_02118",0,NA,NA,NA,NA,NA
"ONCDGDAG_02119",0,NA,NA,NA,NA,NA
"ONCDGDAG_02120",3.37074455261527,-5.16854605401068,3.91912200234481,-1.31880203038291,0.187235305306923,0.848290566900752
"ONCDGDAG_02121",8.66349954569603,-6.52593958495614,3.66437042675171,-1.78091699936054,NA,NA
"ONCDGDAG_02122",0,NA,NA,NA,NA,NA
"ONCDGDAG_02123",2.65573813236355,-4.82642366482805,3.92241125968284,-1.23047364115978,0.218519791711225,0.899519329412972
"ONCDGDAG_02124",0,NA,NA,NA,NA,NA
"ONCDGDAG_02125",0,NA,NA,NA,NA,NA
"ONCDGDAG_02126",9.01681559658882,0.476240610296085,3.02919355776686,0.157216962605444,0.875073860316599,0.998846388589019
"ONCDGDAG_02127",0,NA,NA,NA,NA,NA
"ONCDGDAG_02128",0,NA,NA,NA,NA,NA
"ONCDGDAG_02129",0,NA,NA,NA,NA,NA
"ONCDGDAG_02130",0,NA,NA,NA,NA,NA
"ONCDGDAG_02131",0,NA,NA,NA,NA,NA
"ONCDGDAG_02132",45.3116169524934,0.185826658110195,2.26862465252497,0.0819115925163602,0.934717015924369,0.998846388589019
"ONCDGDAG_02133",0,NA,NA,NA,NA,NA
"ONCDGDAG_02134",0,NA,NA,NA,NA,NA
"ONCDGDAG_02135",0,NA,NA,NA,NA,NA
"ONCDGDAG_02136",10.4124167047571,7.03197635126581,3.63316625938039,1.93549533636401,0.0529295404047581,0.791044955028284
"ONCDGDAG_02137",0,NA,NA,NA,NA,NA
"ONCDGDAG_02138",4.68558751714068,5.87985798601155,3.81971745695517,1.53934369551474,0.123720411833154,0.791044955028284
"ONCDGDAG_02139",7.12432573110822,-6.23973630212777,3.2798243546935,-1.90246050621539,0.0571109773055128,0.791044955028284
"ONCDGDAG_02140",960.159236961544,0.586382585429853,1.83111407301784,0.320232690071265,0.748791943841699,0.998846388589019
"ONCDGDAG_02141",41.4123577253144,1.28183846075983,3.40098951119446,0.376901621290104,NA,NA
"ONCDGDAG_02142",0,NA,NA,NA,NA,NA
"ONCDGDAG_02143",0,NA,NA,NA,NA,NA
"ONCDGDAG_02144",166.114687865913,-0.205868619825268,1.8668057273098,-0.110278545224917,0.912188471902772,0.998846388589019
"ONCDGDAG_02145",260.447294691363,-0.55537478048866,1.84702097674346,-0.300686774802016,0.763653354542224,0.998846388589019
"ONCDGDAG_02146",0,NA,NA,NA,NA,NA
"ONCDGDAG_02147",0,NA,NA,NA,NA,NA
"ONCDGDAG_02148",0,NA,NA,NA,NA,NA
"ONCDGDAG_02149",40.3767111677615,1.22698796764867,2.41827229644778,0.507382055135398,0.611886774286465,0.998846388589019
"ONCDGDAG_02150",42.0206303086044,22.4293732765337,3.57812425329839,6.26847244219029,NA,NA
"ONCDGDAG_02151",0,NA,NA,NA,NA,NA
"ONCDGDAG_02152",713.925035146451,0.511636480073205,1.96192884227385,0.260782383666996,0.794260330298894,0.998846388589019
"ONCDGDAG_02153",0,NA,NA,NA,NA,NA
"ONCDGDAG_02154",19.8559970454447,-0.700653674782601,2.63596420350966,-0.265805458909387,0.790389038812959,0.998846388589019
"ONCDGDAG_02155",0,NA,NA,NA,NA,NA
"ONCDGDAG_02156",2.63494678594118,-3.75069008014739,3.77775852634947,-0.992834786550469,0.320790474381561,0.998846388589019
"ONCDGDAG_02157",0,NA,NA,NA,NA,NA
"ONCDGDAG_02158",0.113993415074948,-0.724657721442987,4.07959710844188,-0.177629727196212,0.859013776867028,0.998846388589019
"ONCDGDAG_02159",1.12358151753842,-3.59663935863656,3.94320190701638,-0.912111386494523,0.361710084896255,0.998846388589019
"ONCDGDAG_02160",0,NA,NA,NA,NA,NA
"ONCDGDAG_02161",0,NA,NA,NA,NA,NA
"ONCDGDAG_02162",802.843887491296,0.623297806671447,1.86101452439909,0.334923665828297,0.737682669346843,0.998846388589019
"ONCDGDAG_02163",0,NA,NA,NA,NA,NA
"ONCDGDAG_02164",0,NA,NA,NA,NA,NA
"ONCDGDAG_02165",0,NA,NA,NA,NA,NA
"ONCDGDAG_02166",0,NA,NA,NA,NA,NA
"ONCDGDAG_02167",0,NA,NA,NA,NA,NA
"ONCDGDAG_02168",117.405138589706,-1.3219654060113,1.85976786999488,-0.710822800705197,0.477194049603371,0.998846388589019
"ONCDGDAG_02169",0,NA,NA,NA,NA,NA
"ONCDGDAG_02170",2.30408109510349,-4.6134706333516,3.75624018739928,-1.22821502438209,0.219366260111817,0.899519329412972
"ONCDGDAG_02171",6.43505778226552,-6.0985683735107,3.7228758628074,-1.63813368972013,0.101393808508304,0.791044955028284
"ONCDGDAG_02172",21.7172494267294,-0.260482578303994,2.97611238637708,-0.0875244427919901,0.930254657442386,0.998846388589019
"ONCDGDAG_02173",0,NA,NA,NA,NA,NA
"ONCDGDAG_02174",0,NA,NA,NA,NA,NA
"ONCDGDAG_02175",6.04764728928654,-2.58570853285967,3.01664169757239,-0.857148044774588,0.391363071678582,0.998846388589019
"ONCDGDAG_02176",0,NA,NA,NA,NA,NA
"ONCDGDAG_02177",0,NA,NA,NA,NA,NA
"ONCDGDAG_02178",84.4190933249654,3.94711136597118,2.56445587386681,1.53916135044255,0.123764910551052,0.791044955028284
"ONCDGDAG_02179",0,NA,NA,NA,NA,NA
"ONCDGDAG_02180",0,NA,NA,NA,NA,NA
"ONCDGDAG_02181",0,NA,NA,NA,NA,NA
"ONCDGDAG_02182",189.462248609226,-1.05485566336981,2.42604971969125,-0.434803810823819,0.663704838572978,0.998846388589019
"ONCDGDAG_02183",0,NA,NA,NA,NA,NA
"ONCDGDAG_02184",0,NA,NA,NA,NA,NA
"ONCDGDAG_02185",0,NA,NA,NA,NA,NA
"ONCDGDAG_02186",0,NA,NA,NA,NA,NA
"ONCDGDAG_02187",0,NA,NA,NA,NA,NA
"ONCDGDAG_02188",0,NA,NA,NA,NA,NA
"ONCDGDAG_02189",0,NA,NA,NA,NA,NA
"ONCDGDAG_02190",0,NA,NA,NA,NA,NA
"ONCDGDAG_02191",0,NA,NA,NA,NA,NA
"ONCDGDAG_02192",32.1277491077485,1.56775329856748,3.37621952490968,0.46435170669461,NA,NA
"ONCDGDAG_02193",0,NA,NA,NA,NA,NA
"ONCDGDAG_02194",0,NA,NA,NA,NA,NA
"ONCDGDAG_02195",0.867701392063088,3.4459716299578,3.95894594257223,0.870426542808227,0.384067346566323,0.998846388589019
"ONCDGDAG_02196",0,NA,NA,NA,NA,NA
"ONCDGDAG_02197",0,NA,NA,NA,NA,NA
"ONCDGDAG_02198",0,NA,NA,NA,NA,NA
"ONCDGDAG_02199",0,NA,NA,NA,NA,NA
"ONCDGDAG_02200",0,NA,NA,NA,NA,NA
"ONCDGDAG_02201",21.8340816537856,0.824578610841681,2.98885901395334,0.275884077165292,0.782637104068358,0.998846388589019
"ONCDGDAG_02202",445.345324477814,-0.851494202381553,1.92242203085035,-0.442927821631813,0.657817942955899,0.998846388589019
"ONCDGDAG_02203",0,NA,NA,NA,NA,NA
"ONCDGDAG_02204",26.8930067076955,1.37821998375617,3.36952078218645,0.409025518121856,NA,NA
"ONCDGDAG_02205",0,NA,NA,NA,NA,NA
"ONCDGDAG_02206",0,NA,NA,NA,NA,NA
"ONCDGDAG_02207",0,NA,NA,NA,NA,NA
"ONCDGDAG_02208",0,NA,NA,NA,NA,NA
"ONCDGDAG_02209",0,NA,NA,NA,NA,NA
"ONCDGDAG_02210",17.1672975981623,21.1870705322399,3.58336203486094,5.91262348769683,NA,NA
"ONCDGDAG_02211",0,NA,NA,NA,NA,NA
"ONCDGDAG_02212",0,NA,NA,NA,NA,NA
"ONCDGDAG_02213",0,NA,NA,NA,NA,NA
"ONCDGDAG_02214",0,NA,NA,NA,NA,NA
"ONCDGDAG_02215",0,NA,NA,NA,NA,NA
"ONCDGDAG_02216",9.75271646019228,-6.69790145937206,3.18657178282426,-2.1019145074572,0.035560765480993,0.770194140173703
"ONCDGDAG_02217",48.587950647354,1.50061796011057,2.04698903799083,0.733085489106214,0.463506289949515,0.998846388589019
"ONCDGDAG_02218",0,NA,NA,NA,NA,NA
"ONCDGDAG_02219",0,NA,NA,NA,NA,NA
"ONCDGDAG_02220",1.38832222730094,4.12447233911094,3.93945005912288,1.04696652507616,0.295115017523231,0.998846388589019
"ONCDGDAG_02221",0,NA,NA,NA,NA,NA
"ONCDGDAG_02222",0,NA,NA,NA,NA,NA
"ONCDGDAG_02223",34.7857184132445,-0.399982746012538,2.72549700025311,-0.146755892952879,0.883324699962902,0.998846388589019
"ONCDGDAG_02224",0,NA,NA,NA,NA,NA
"ONCDGDAG_02225",0,NA,NA,NA,NA,NA
"ONCDGDAG_02226",0,NA,NA,NA,NA,NA
"ONCDGDAG_02227",0.582115375699318,-1.20481346882895,4.00306140427404,-0.300973017186941,0.763435070255075,0.998846388589019
"ONCDGDAG_02228",6.42236707773429,6.33404580545069,3.72680537413313,1.6995912503008,0.0892078372980423,0.791044955028284
"ONCDGDAG_02229",0.156066341801476,1.2051316188578,4.0804728567969,0.295341167838036,0.767733270926973,0.998846388589019
"ONCDGDAG_02230",802.862255212715,0.673191620016525,1.86480089919405,0.360999193161839,0.718100050222843,0.998846388589019
"ONCDGDAG_02231",0,NA,NA,NA,NA,NA
"ONCDGDAG_02232",6.55478635566197,6.36551704831948,3.71552658205485,1.71322069906954,0.0866719449860303,0.791044955028284
"ONCDGDAG_02233",0.4085750972867,-2.16659497715509,4.00306186943557,-0.541234446986097,0.588345997244443,0.998846388589019
"ONCDGDAG_02234",0,NA,NA,NA,NA,NA
"ONCDGDAG_02235",0,NA,NA,NA,NA,NA
"ONCDGDAG_02236",0,NA,NA,NA,NA,NA
"ONCDGDAG_02237",0,NA,NA,NA,NA,NA
"ONCDGDAG_02238",0,NA,NA,NA,NA,NA
"ONCDGDAG_02239",0,NA,NA,NA,NA,NA
"ONCDGDAG_02240",0,NA,NA,NA,NA,NA
"ONCDGDAG_02241",0,NA,NA,NA,NA,NA
"ONCDGDAG_02242",0,NA,NA,NA,NA,NA
"ONCDGDAG_02243",0,NA,NA,NA,NA,NA
"ONCDGDAG_02244",0.156066341801476,1.2051316188578,4.0804728567969,0.295341167838036,0.767733270926973,0.998846388589019
"ONCDGDAG_02245",0,NA,NA,NA,NA,NA
"ONCDGDAG_02246",0,NA,NA,NA,NA,NA
"ONCDGDAG_02247",0.347080556825235,2.12243453900393,4.03606251504484,0.525867607623108,0.598980196574105,0.998846388589019
"ONCDGDAG_02248",0,NA,NA,NA,NA,NA
"ONCDGDAG_02249",0,NA,NA,NA,NA,NA
"ONCDGDAG_02250",0,NA,NA,NA,NA,NA
"ONCDGDAG_02251",0,NA,NA,NA,NA,NA
"ONCDGDAG_02252",0,NA,NA,NA,NA,NA
"ONCDGDAG_02253",0,NA,NA,NA,NA,NA
"ONCDGDAG_02254",0,NA,NA,NA,NA,NA
"ONCDGDAG_02255",0,NA,NA,NA,NA,NA
"ONCDGDAG_02256",0,NA,NA,NA,NA,NA
"ONCDGDAG_02257",0,NA,NA,NA,NA,NA
"ONCDGDAG_02258",0,NA,NA,NA,NA,NA
"ONCDGDAG_02259",0.694161113650471,3.12376317848752,3.97189442827269,0.786466819523698,0.431594050511825,0.998846388589019
"ONCDGDAG_02260",0,NA,NA,NA,NA,NA
"ONCDGDAG_02261",0,NA,NA,NA,NA,NA
"ONCDGDAG_02262",0,NA,NA,NA,NA,NA
"ONCDGDAG_02263",0,NA,NA,NA,NA,NA
"ONCDGDAG_02264",0,NA,NA,NA,NA,NA
"ONCDGDAG_02265",45.3843743762001,-1.39794389144206,2.98437536693825,-0.468420932208755,0.639483601851053,0.998846388589019
"ONCDGDAG_02266",0.510718871608375,-2.47994530459879,3.9847117447512,-0.622365045066425,0.533701859612902,0.998846388589019
"ONCDGDAG_02267",20.1552233430053,-1.5243312240515,2.94104003363448,-0.5182966592154,0.604251303469897,0.998846388589019
"ONCDGDAG_02268",0,NA,NA,NA,NA,NA
"ONCDGDAG_02269",0,NA,NA,NA,NA,NA
"ONCDGDAG_02270",65.142142422111,-2.9519680615109,2.66689510549693,-1.10689320154602,0.268340105555292,0.988592250537435
"ONCDGDAG_02271",0,NA,NA,NA,NA,NA
"ONCDGDAG_02272",0,NA,NA,NA,NA,NA
"ONCDGDAG_02273",0,NA,NA,NA,NA,NA
"ONCDGDAG_02274",0,NA,NA,NA,NA,NA
"ONCDGDAG_02275",0,NA,NA,NA,NA,NA
"ONCDGDAG_02276",0,NA,NA,NA,NA,NA
"ONCDGDAG_02277",0,NA,NA,NA,NA,NA
"ONCDGDAG_02278",573.521241367764,-0.472765598556226,1.84659358751959,-0.256020383560013,0.797935097921013,0.998846388589019
"ONCDGDAG_02279",0.61286264593005,-2.73694748875925,3.97225451630907,-0.689016143734505,0.490813108417323,0.998846388589019
"ONCDGDAG_02280",61.6503628092008,0.467967345263174,2.69846307657534,0.173419954983071,0.862321340933403,0.998846388589019
"ONCDGDAG_02281",77.6813189170999,-1.39947190834391,2.83283958116791,-0.494017351934537,0.621293925020266,0.998846388589019
"ONCDGDAG_02282",0,NA,NA,NA,NA,NA
"ONCDGDAG_02283",0,NA,NA,NA,NA,NA
"ONCDGDAG_02284",1.71672975981623,4.43520373125567,3.93313761574448,1.12765027938545,0.259467643554264,0.978286395731672
"ONCDGDAG_02285",17.0028137862144,4.44564953407418,2.49656104321403,1.78070932659869,0.0749599487245669,0.791044955028284
"ONCDGDAG_02286",5.41362003904877,-5.84984243497317,3.77107925293691,-1.55123826432906,0.120844595383039,0.791044955028284
"ONCDGDAG_02287",0,NA,NA,NA,NA,NA
"ONCDGDAG_02288",22.0679620682159,-4.25518962014664,2.85469235483129,-1.49059481416453,0.136067906659567,0.81092819539393
"ONCDGDAG_02289",0,NA,NA,NA,NA,NA
"ONCDGDAG_02290",0,NA,NA,NA,NA,NA
"ONCDGDAG_02291",0,NA,NA,NA,NA,NA
"ONCDGDAG_02292",0,NA,NA,NA,NA,NA
"ONCDGDAG_02293",9.75212699936422,-0.325044146225296,3.38166553515142,-0.0961195431205591,0.923425630005817,0.998846388589019
"ONCDGDAG_02294",0,NA,NA,NA,NA,NA
"ONCDGDAG_02295",0,NA,NA,NA,NA,NA
"ONCDGDAG_02296",0,NA,NA,NA,NA,NA
"ONCDGDAG_02297",2.93142218509784,-3.91978906536708,3.72314391735428,-1.05281696125046,0.292424889794721,0.998846388589019
"ONCDGDAG_02298",0,NA,NA,NA,NA,NA
"ONCDGDAG_02299",0,NA,NA,NA,NA,NA
"ONCDGDAG_02300",0,NA,NA,NA,NA,NA
"ONCDGDAG_02301",0,NA,NA,NA,NA,NA
"ONCDGDAG_02302",0,NA,NA,NA,NA,NA
"ONCDGDAG_02304",252.648631129702,0.952666885209201,2.30654906708286,0.413026932227398,0.679586881727419,0.998846388589019
"ONCDGDAG_02305",0,NA,NA,NA,NA,NA
"ONCDGDAG_02306",0,NA,NA,NA,NA,NA
"ONCDGDAG_02307",0,NA,NA,NA,NA,NA
"ONCDGDAG_02308",0,NA,NA,NA,NA,NA
"ONCDGDAG_02309",197.704126231954,-0.21276740582343,1.89686253382756,-0.112168068075076,0.9106901473404,0.998846388589019
"ONCDGDAG_02310",9.8058023348808,-6.7049754106851,3.64041720389877,-1.84181510940677,NA,NA
"ONCDGDAG_02311",14.701119769069,2.45421799221814,2.92845985002799,0.838057585865375,0.401998362372908,0.998846388589019
"ONCDGDAG_02312",17.6698845750889,0.375280282073281,2.98219317697719,0.125840366402311,0.899858287974446,0.998846388589019
"ONCDGDAG_02313",0,NA,NA,NA,NA,NA
"ONCDGDAG_02314",0,NA,NA,NA,NA,NA
"ONCDGDAG_02315",0,NA,NA,NA,NA,NA
"ONCDGDAG_02316",0,NA,NA,NA,NA,NA
"ONCDGDAG_02317",0,NA,NA,NA,NA,NA
"ONCDGDAG_02318",0.173540278412618,1.2051316188578,4.0804728567969,0.295341167838036,0.767733270926973,0.998846388589019
"ONCDGDAG_02319",0,NA,NA,NA,NA,NA
"ONCDGDAG_02320",0,NA,NA,NA,NA,NA
"ONCDGDAG_02321",0,NA,NA,NA,NA,NA
"ONCDGDAG_02322",0,NA,NA,NA,NA,NA
"ONCDGDAG_02323",0.715006420251725,-2.95485809463007,3.96323915528219,-0.745566436658725,0.455929364145908,0.998846388589019
"ONCDGDAG_02324",0,NA,NA,NA,NA,NA
"ONCDGDAG_02325",0,NA,NA,NA,NA,NA
"ONCDGDAG_02326",0,NA,NA,NA,NA,NA
"ONCDGDAG_02327",0,NA,NA,NA,NA,NA
"ONCDGDAG_02328",0,NA,NA,NA,NA,NA
"ONCDGDAG_02329",0,NA,NA,NA,NA,NA
"ONCDGDAG_02330",170.370018219638,0.547156630635392,1.94378374073127,0.281490486400275,0.778334223971575,0.998846388589019
"ONCDGDAG_02331",0,NA,NA,NA,NA,NA
"ONCDGDAG_02332",0,NA,NA,NA,NA,NA
"ONCDGDAG_02333",62.6612220675544,0.732518403449379,2.31534563711176,0.316375400591657,0.751717586260836,0.998846388589019
"ONCDGDAG_02334",48.2309451418682,1.3682365905343,2.62683898160615,0.520868085221468,0.60245866930849,0.998846388589019
"ONCDGDAG_02335",0,NA,NA,NA,NA,NA
"ONCDGDAG_02336",0,NA,NA,NA,NA,NA
"ONCDGDAG_02337",5.9875109651208,2.36637015765015,3.09038559266845,0.765720032886533,0.443842904563809,0.998846388589019
"ONCDGDAG_02338",11.0368303318691,3.65430737167504,3.32901739466726,1.09771351075812,0.272329608224511,0.991101197144941
"ONCDGDAG_02339",0,NA,NA,NA,NA,NA
"ONCDGDAG_02340",5.10718871608375,-5.76601011358094,3.78957348202961,-1.52154593146794,0.128122894098347,0.791044955028284
"ONCDGDAG_02341",0,NA,NA,NA,NA,NA
"ONCDGDAG_02342",0,NA,NA,NA,NA,NA
"ONCDGDAG_02343",5.79040648676244,-1.03168806932281,3.44791215810406,-0.299221100194768,0.764771350772446,0.998846388589019
"ONCDGDAG_02344",28.3039423781376,-1.84225353912787,2.32762789489379,-0.791472530110716,0.428668299928566,0.998846388589019
"ONCDGDAG_02345",5.65693344117181,6.15184934693939,3.36244767699896,1.82957474372658,0.0673135532313437,0.791044955028284
"ONCDGDAG_02346",0,NA,NA,NA,NA,NA
"ONCDGDAG_02347",0,NA,NA,NA,NA,NA
"ONCDGDAG_02348",0.455973660299791,-2.31055806714241,3.99416013996175,-0.578484083305818,0.562937340356233,0.998846388589019
"ONCDGDAG_02349",0,NA,NA,NA,NA,NA
"ONCDGDAG_02350",261.962350395721,0.147108126105933,1.87793882273169,0.0783348873377817,0.937561666633401,0.998846388589019
"ONCDGDAG_02351",34.574679569928,-0.99070347818063,2.3517517406762,-0.421261930434788,0.673563826032469,0.998846388589019
"ONCDGDAG_02352",0,NA,NA,NA,NA,NA
"ONCDGDAG_02353",0,NA,NA,NA,NA,NA
"ONCDGDAG_02354",0,NA,NA,NA,NA,NA
"ONCDGDAG_02355",0.173540278412618,1.2051316188578,4.0804728567969,0.295341167838036,0.767733270926973,0.998846388589019
"ONCDGDAG_02356",0,NA,NA,NA,NA,NA
"ONCDGDAG_02357",0,NA,NA,NA,NA,NA
"ONCDGDAG_02358",0,NA,NA,NA,NA,NA
"ONCDGDAG_02359",0,NA,NA,NA,NA,NA
"ONCDGDAG_02360",0,NA,NA,NA,NA,NA
"ONCDGDAG_02361",0,NA,NA,NA,NA,NA
"ONCDGDAG_02362",0,NA,NA,NA,NA,NA
"ONCDGDAG_02363",0,NA,NA,NA,NA,NA
"ONCDGDAG_02364",43.8639080506779,-0.746514934982584,2.32060638696244,-0.321689597674397,0.747687859159883,0.998846388589019
"ONCDGDAG_02365",57.231772712277,1.19214338077915,2.30074573571423,0.518155206059338,0.60434998503953,0.998846388589019
"ONCDGDAG_02366",0,NA,NA,NA,NA,NA
"ONCDGDAG_02367",16.3322609345666,0.846533260243336,2.9889009836583,0.283225595251139,0.777003909113002,0.998846388589019
"ONCDGDAG_02368",15.5385074769482,1.38611701801477,3.01605052151438,0.459580172191146,0.645817593840643,0.998846388589019
"ONCDGDAG_02369",1.6343003891468,-4.1312387527791,3.93201459831186,-1.05066719603553,0.293411467292414,0.998846388589019
"ONCDGDAG_02370",0,NA,NA,NA,NA,NA
"ONCDGDAG_02371",0,NA,NA,NA,NA,NA
"ONCDGDAG_02372",0.102143774321675,-0.714919814597662,4.07997607719371,-0.175226472182993,0.860901684325708,0.998846388589019
"ONCDGDAG_02373",18.86800652106,-1.29031175629809,2.59885701642547,-0.49649201481381,0.619547319798928,0.998846388589019
"ONCDGDAG_02374",0,NA,NA,NA,NA,NA
"ONCDGDAG_02375",0,NA,NA,NA,NA,NA
"ONCDGDAG_02376",1.18414259901536,-1.19469433190879,3.90434275498506,-0.305991150593376,0.759611383637714,0.998846388589019
"ONCDGDAG_02377",0,NA,NA,NA,NA,NA
"ONCDGDAG_02378",0,NA,NA,NA,NA,NA
"ONCDGDAG_02379",0,NA,NA,NA,NA,NA
"ONCDGDAG_02380",0,NA,NA,NA,NA,NA
"ONCDGDAG_02381",1.90894306253879,4.58410114802253,3.93055903976779,1.1662720497625,0.243504470040496,0.936069131584244
"ONCDGDAG_02382",2.96216945532857,-4.98307168213162,3.92080910837336,-1.27092942920625,0.20375375569413,0.878317160467899
"ONCDGDAG_02383",0,NA,NA,NA,NA,NA
"ONCDGDAG_02384",8.91204873950497,4.31697618549178,3.35697693167652,1.28597135856273,0.198453057664867,0.86957518371987
"ONCDGDAG_02385",0,NA,NA,NA,NA,NA
"ONCDGDAG_02386",21.2524523454202,8.06187375098116,3.28459670324483,2.4544485912127,NA,NA
"ONCDGDAG_02387",52.233334408607,-0.356570123204938,2.63722973224485,-0.135206318526305,0.892448751508207,0.998846388589019
"ONCDGDAG_02388",0,NA,NA,NA,NA,NA
"ONCDGDAG_02389",4.39218229583202,-5.54904446920086,3.84259988192281,-1.44408594173593,0.148714802053668,0.815177433479366
"ONCDGDAG_02390",12.7999734545748,-0.35592601749212,3.36865222756425,-0.105658285108724,0.915853478680512,0.998846388589019
"ONCDGDAG_02391",683.766597977204,1.24867389000919,1.82632398452147,0.683708860307366,0.494159027413847,0.998846388589019
"ONCDGDAG_02392",6.83268953658045,-2.21555583643522,3.40419071193482,-0.650831878680491,0.515155019284323,0.998846388589019
"ONCDGDAG_02393",0,NA,NA,NA,NA,NA
"ONCDGDAG_02394",4.33850696031544,5.76881170542895,3.84892988172932,1.49880924898456,0.133923124508081,0.803538747048484
"ONCDGDAG_02395",0,NA,NA,NA,NA,NA
"ONCDGDAG_02396",0,NA,NA,NA,NA,NA
"ONCDGDAG_02397",0,NA,NA,NA,NA,NA
"ONCDGDAG_02398",0,NA,NA,NA,NA,NA
"ONCDGDAG_02399",6.92975363743689,-1.05613476339972,3.41930894827301,-0.308873745945988,0.757417568651419,0.998846388589019
"ONCDGDAG_02400",237.199359480187,-0.179739854062407,1.89022235283967,-0.0950892649176347,0.924243924792972,0.998846388589019
"ONCDGDAG_02401",29.3074219821503,3.5008519817483,2.66233683935346,1.31495456547808,NA,NA
"ONCDGDAG_02402",0,NA,NA,NA,NA,NA
"ONCDGDAG_02403",0,NA,NA,NA,NA,NA
"ONCDGDAG_02404",0,NA,NA,NA,NA,NA
"ONCDGDAG_02405",0,NA,NA,NA,NA,NA
"ONCDGDAG_02406",0,NA,NA,NA,NA,NA
"ONCDGDAG_02407",94.8015299387613,2.30472165012282,2.24807210759312,1.02519916613811,0.30526922162897,0.998846388589019
"ONCDGDAG_02408",0,NA,NA,NA,NA,NA
"ONCDGDAG_02409",0,NA,NA,NA,NA,NA
"ONCDGDAG_02410",0,NA,NA,NA,NA,NA
"ONCDGDAG_02411",0,NA,NA,NA,NA,NA
"ONCDGDAG_02412",0.156066341801476,1.2051316188578,4.0804728567969,0.295341167838036,0.767733270926973,0.998846388589019
"ONCDGDAG_02413",393.487354109433,0.00102281814132983,2.39277194545629,0.000427461607142334,0.999658934993712,0.999658934993712
"ONCDGDAG_02414",0,NA,NA,NA,NA,NA
"ONCDGDAG_02415",0,NA,NA,NA,NA,NA
"ONCDGDAG_02416",0,NA,NA,NA,NA,NA
"ONCDGDAG_02417",0,NA,NA,NA,NA,NA
"ONCDGDAG_02418",0,NA,NA,NA,NA,NA
"ONCDGDAG_02419",0,NA,NA,NA,NA,NA
"ONCDGDAG_02420",0,NA,NA,NA,NA,NA
"ONCDGDAG_02421",0,NA,NA,NA,NA,NA
"ONCDGDAG_02422",0,NA,NA,NA,NA,NA
"ONCDGDAG_02423",3.57503210125862,-5.25304491045952,3.9184218493039,-1.34060218947399,0.180049646022994,0.832729612856347
"ONCDGDAG_02424",0,NA,NA,NA,NA,NA
"ONCDGDAG_02425",7.34131779118968,-6.28880732411831,3.23977692099585,-1.94112356420677,0.052243291480701,0.791044955028284
"ONCDGDAG_02426",2.18492878522066,4.78235767504614,3.9275115726989,1.21765590922494,0.2233547586522,0.903615536425396
"ONCDGDAG_02427",125.88018653196,-0.310893478571077,2.31677164818018,-0.134192542806402,0.893250322557204,0.998846388589019
"ONCDGDAG_02428",0,NA,NA,NA,NA,NA
"ONCDGDAG_02429",0,NA,NA,NA,NA,NA
"ONCDGDAG_02430",0,NA,NA,NA,NA,NA
"ONCDGDAG_02431",0,NA,NA,NA,NA,NA
"ONCDGDAG_02432",0,NA,NA,NA,NA,NA
"ONCDGDAG_02433",0,NA,NA,NA,NA,NA
"ONCDGDAG_02434",0,NA,NA,NA,NA,NA
"ONCDGDAG_02435",0,NA,NA,NA,NA,NA
"ONCDGDAG_02436",0,NA,NA,NA,NA,NA
"ONCDGDAG_02437",5.20620835237853,6.0318810520801,3.78475156450632,1.59373236242176,0.110995992508438,0.791044955028284
"ONCDGDAG_02438",0,NA,NA,NA,NA,NA
"ONCDGDAG_02439",0.867701392063088,3.4459716299578,3.95894594257223,0.870426542808227,0.384067346566323,0.998846388589019
"ONCDGDAG_02440",12.2785331569227,-7.02410148201441,2.77618449563333,-2.53012776818783,0.0114020997338148,0.440220198418589
"ONCDGDAG_02441",0,NA,NA,NA,NA,NA
"ONCDGDAG_02442",43.6298598606437,-8.85507240715889,2.66277882630128,-3.32550053338789,0.000882599313408685,0.217953465231527
"ONCDGDAG_02443",1.53215661482512,-4.03902193906003,3.93366612848942,-1.02678310947835,0.304522604471434,0.998846388589019
"ONCDGDAG_02444",26.7902086213318,-1.51774518248262,2.98576046977474,-0.508327844060821,0.611223446202296,0.998846388589019
"ONCDGDAG_02445",0,NA,NA,NA,NA,NA
"ONCDGDAG_02446",0,NA,NA,NA,NA,NA
"ONCDGDAG_02447",0,NA,NA,NA,NA,NA
"ONCDGDAG_02448",0,NA,NA,NA,NA,NA
"ONCDGDAG_02449",71.5093343504681,-1.34594985406764,2.73631956443476,-0.491883284233899,0.622801855809492,0.998846388589019
"ONCDGDAG_02450",2.80843310417491,-1.17515426268667,3.69884926928914,-0.317708070032418,0.750706389158488,0.998846388589019
"ONCDGDAG_02452",80.9595506668045,-1.27850551844518,1.93697648669795,-0.660052162339205,0.509220355905746,0.998846388589019
"ONCDGDAG_02453",0,NA,NA,NA,NA,NA
"ONCDGDAG_02454",2.60085125032151,1.32337729035892,3.06466353532773,0.431818134390207,0.665873598361783,0.998846388589019
"ONCDGDAG_02455",0,NA,NA,NA,NA,NA
"ONCDGDAG_02456",0,NA,NA,NA,NA,NA
"ONCDGDAG_02457",0,NA,NA,NA,NA,NA
"ONCDGDAG_02458",0,NA,NA,NA,NA,NA
"ONCDGDAG_02459",0,NA,NA,NA,NA,NA
"ONCDGDAG_02460",0,NA,NA,NA,NA,NA
"ONCDGDAG_02461",0,NA,NA,NA,NA,NA
"ONCDGDAG_02462",0,NA,NA,NA,NA,NA
"ONCDGDAG_02463",9.22778627829581,6.85850895356707,3.21163030192164,2.13552255671002,0.0327183496896436,0.726347363110089
"ONCDGDAG_02464",45.4071418724634,0.543137167353681,2.70083722120489,0.201099556496551,0.840620728774977,0.998846388589019
"ONCDGDAG_02465",18.9858305333306,-0.418114131436489,2.73078829269042,-0.153111148365352,0.878310624416991,0.998846388589019
"ONCDGDAG_02466",48.8759048289496,-0.0453870680669749,2.28595135641438,-0.019854782972358,0.984159215987367,0.998846388589019
"ONCDGDAG_02467",0,NA,NA,NA,NA,NA
"ONCDGDAG_02468",3.43345951963246,5.43339134515856,3.91998796341855,1.38607347672063,0.165724468352844,0.822141496633103
"ONCDGDAG_02469",2098.94706901103,-0.861020753226568,1.87422777666789,-0.459400273512828,0.645946751885449,0.998846388589019
"ONCDGDAG_02470",0,NA,NA,NA,NA,NA
"ONCDGDAG_02471",0,NA,NA,NA,NA,NA
"ONCDGDAG_02472",0,NA,NA,NA,NA,NA
"ONCDGDAG_02473",0,NA,NA,NA,NA,NA
"ONCDGDAG_02474",0,NA,NA,NA,NA,NA
"ONCDGDAG_02475",0,NA,NA,NA,NA,NA
"ONCDGDAG_02476",0,NA,NA,NA,NA,NA
"ONCDGDAG_02477",0,NA,NA,NA,NA,NA
"ONCDGDAG_02478",0,NA,NA,NA,NA,NA
"ONCDGDAG_02479",0,NA,NA,NA,NA,NA
"ONCDGDAG_02480",42.6479532106018,0.705310619362373,2.06889245049949,0.340912172206965,0.73316970106662,0.998846388589019
"ONCDGDAG_02481",0,NA,NA,NA,NA,NA
"ONCDGDAG_02482",0,NA,NA,NA,NA,NA
"ONCDGDAG_02483",0,NA,NA,NA,NA,NA
"ONCDGDAG_02484",8.73086277273596,2.72708676034457,2.97644640737983,0.916222362876418,0.359550278563157,0.998846388589019
"ONCDGDAG_02485",0,NA,NA,NA,NA,NA
"ONCDGDAG_02486",9.64323635664269,-3.69468933719429,2.9303308854256,-1.26084373460019,0.207365153227927,0.883579939874735
"ONCDGDAG_02487",32.4097709824754,7.70684931686551,2.95058660841434,2.61197190243035,0.00900216523701892,0.440220198418589
"ONCDGDAG_02488",0,NA,NA,NA,NA,NA
"ONCDGDAG_02489",7.46223197174256,6.55131133732089,3.68997542138569,1.77543495258857,0.0758260970464535,0.791044955028284
"ONCDGDAG_02490",0,NA,NA,NA,NA,NA
"ONCDGDAG_02491",0,NA,NA,NA,NA,NA
"ONCDGDAG_02492",104.168728337739,2.38825409866964,2.35471736083667,1.01424236232796,0.310467119269309,0.998846388589019
"ONCDGDAG_02493",3.64434584666497,5.51723647643738,3.91924229340226,1.40773038853077,0.159210919872588,0.819854876032745
"ONCDGDAG_02494",0,NA,NA,NA,NA,NA
"ONCDGDAG_02495",9.31176325250449,1.01811240447668,3.37944984623624,0.301265723949291,0.763211875774137,0.998846388589019
"ONCDGDAG_02496",2039.86620809301,0.3235330339629,1.8183684941851,0.177924900809443,0.858781954838281,0.998846388589019
"ONCDGDAG_02497",2.4514505837202,-4.71165764275507,3.92369926310493,-1.20082027872508,0.229820923839841,0.907555787166315
"ONCDGDAG_02498",54.7302711044264,9.42598992819748,3.15760341164301,2.98517220162643,0.00283418723069086,0.419459710142247
"ONCDGDAG_02499",43.8144752747074,0.119095043856159,2.44255502125268,0.048758387352552,0.961111844787836,0.998846388589019
"ONCDGDAG_02500",0,NA,NA,NA,NA,NA
"ONCDGDAG_02501",0,NA,NA,NA,NA,NA
"ONCDGDAG_02502",124.833516974174,-0.741711253721653,2.29863016042267,-0.322675333549642,0.746941134678049,0.998846388589019
"ONCDGDAG_02511",0,NA,NA,NA,NA,NA
"ONCDGDAG_02512",4.59646984447537,-5.61444249761409,3.82531172849087,-1.46770848916647,0.142183423816152,0.814995207477437
"ONCDGDAG_02513",4.51204723872806,5.82540298151939,3.8337523623169,1.51950424309588,0.128635620812669,0.791044955028284
"ONCDGDAG_02514",42.9475913739767,-1.31300925317936,2.6534375549246,-0.494833296808703,0.620717798538944,0.998846388589019
"ONCDGDAG_02515",6.61161807434697,-6.136657759628,3.72037168619828,-1.64947437440017,0.0990504888195306,0.791044955028284
"ONCDGDAG_02516",0,NA,NA,NA,NA,NA
"ONCDGDAG_02517",0,NA,NA,NA,NA,NA
"ONCDGDAG_02518",109.901110825452,1.31199533624792,2.25476367913426,0.581877093546083,0.56064947076422,0.998846388589019
"ONCDGDAG_02519",0,NA,NA,NA,NA,NA
"ONCDGDAG_02520",0,NA,NA,NA,NA,NA
"ONCDGDAG_02521",437.791824158568,-0.540343489841369,1.8811384739678,-0.287242803929073,0.773926413793901,0.998846388589019
"ONCDGDAG_02522",376.01837216003,-0.701926522022031,1.84468315340168,-0.380513325948494,0.703564406495807,0.998846388589019
"ONCDGDAG_02523",32.0261150062842,-1.35160103344523,2.96908936110399,-0.455224100409919,0.648948023757103,0.998846388589019
"ONCDGDAG_02524",0,NA,NA,NA,NA,NA
"ONCDGDAG_02525",0,NA,NA,NA,NA,NA
"ONCDGDAG_02526",0,NA,NA,NA,NA,NA
"ONCDGDAG_02527",20.4190517771585,0.304276640182226,2.65772345031826,0.11448769816355,0.908851197720561,0.998846388589019
"ONCDGDAG_02528",45.8669549754035,-0.842218156533418,2.71498317707122,-0.31021118791681,0.756400363190537,0.998846388589019
"ONCDGDAG_02529",65.0906546218125,0.678110059549947,2.31041500865149,0.293501408626036,0.769138922953678,0.998846388589019
"ONCDGDAG_02530",0,NA,NA,NA,NA,NA
"ONCDGDAG_02531",0,NA,NA,NA,NA,NA
"ONCDGDAG_02532",0,NA,NA,NA,NA,NA
"ONCDGDAG_02533",0,NA,NA,NA,NA,NA
"ONCDGDAG_02534",0,NA,NA,NA,NA,NA
"ONCDGDAG_02535",657.562448681116,1.62583349236891,1.83269249554955,0.887128362405057,0.375009795643374,0.998846388589019
"ONCDGDAG_02536",0,NA,NA,NA,NA,NA
"ONCDGDAG_02537",314.488117041588,1.48423182513083,1.87468602616909,0.79172288287861,0.428522276631675,0.998846388589019
"ONCDGDAG_02538",144.057222008089,-0.0187653991775529,2.35240254462236,-0.00797712076126211,0.993635246007943,0.998846388589019
"ONCDGDAG_02539",32.6227983921989,-0.582302356567798,2.28013001228408,-0.255381207839322,0.798428683666161,0.998846388589019
"ONCDGDAG_02540",0,NA,NA,NA,NA,NA
"ONCDGDAG_02541",0.20428754864335,-1.38061216037213,4.04110864860802,-0.341641930574593,0.732620377802943,0.998846388589019
"ONCDGDAG_02542",20.846694059761,-0.590309439341223,2.96655980400849,-0.198987877656666,0.842272227203747,0.998846388589019
"ONCDGDAG_02543",0,NA,NA,NA,NA,NA
"ONCDGDAG_02544",0,NA,NA,NA,NA,NA
"ONCDGDAG_02545",5.900369466029,6.21247412841946,3.74721567802527,1.65789072800137,0.0973395239757652,0.791044955028284
"ONCDGDAG_02546",0,NA,NA,NA,NA,NA
"ONCDGDAG_02547",1153.84775384974,-0.939185469745944,1.87033894756257,-0.502147202232993,0.615563979005491,0.998846388589019
"ONCDGDAG_02548",0,NA,NA,NA,NA,NA
"ONCDGDAG_02549",0,NA,NA,NA,NA,NA
"ONCDGDAG_02550",0,NA,NA,NA,NA,NA
"ONCDGDAG_02551",0,NA,NA,NA,NA,NA
"ONCDGDAG_02552",0,NA,NA,NA,NA,NA
"ONCDGDAG_02553",0,NA,NA,NA,NA,NA
"ONCDGDAG_02554",0,NA,NA,NA,NA,NA
"ONCDGDAG_02555",320.993132118623,0.244691855287565,1.86940862605695,0.13089265336476,0.89586022644702,0.998846388589019
"ONCDGDAG_02556",47.9604650638598,-1.71714063026339,2.35116948649704,-0.730334686684678,0.465185630745842,0.998846388589019
"ONCDGDAG_02557",0,NA,NA,NA,NA,NA
"ONCDGDAG_02558",2.02886244341918,4.67566167250462,3.92909982399835,1.19000836882443,0.234043102771493,0.907555787166315
"ONCDGDAG_02559",0,NA,NA,NA,NA,NA
"ONCDGDAG_02560",0,NA,NA,NA,NA,NA
"ONCDGDAG_02561",18.9805090254637,1.2447800397073,3.35843479454315,0.3706429083363,NA,NA
"ONCDGDAG_02562",0,NA,NA,NA,NA,NA
"ONCDGDAG_02563",0,NA,NA,NA,NA,NA
"ONCDGDAG_02564",18.4576158178341,-2.29820728098922,2.91482141516737,-0.78845560452878,0.43043025703683,0.998846388589019
"ONCDGDAG_02565",46.8707370544209,1.40475201263021,3.05407769769973,0.459959487503622,0.645545299854875,0.998846388589019
"ONCDGDAG_02566",0,NA,NA,NA,NA,NA
"ONCDGDAG_02567",0,NA,NA,NA,NA,NA
"ONCDGDAG_02568",2.96014065682286,5.21702968183326,3.6619712739096,1.42465062984054,0.154258216915487,0.819854876032745
"ONCDGDAG_02569",0,NA,NA,NA,NA,NA
"ONCDGDAG_02570",0,NA,NA,NA,NA,NA
"ONCDGDAG_02571",0,NA,NA,NA,NA,NA
"ONCDGDAG_02572",0,NA,NA,NA,NA,NA
"ONCDGDAG_02573",0.455973660299791,-2.31055806714241,3.99416013996175,-0.578484083305818,0.562937340356233,0.998846388589019
"ONCDGDAG_02574",0,NA,NA,NA,NA,NA
"ONCDGDAG_02575",0,NA,NA,NA,NA,NA
"ONCDGDAG_02576",9.25131009138532,0.1389306666887,3.38630019529613,0.041027274215584,0.967274152483158,0.998846388589019
"ONCDGDAG_02577",0,NA,NA,NA,NA,NA
"ONCDGDAG_02578",0,NA,NA,NA,NA,NA
"ONCDGDAG_02579",39.1717529588758,8.94358724756237,2.65474567090547,3.36890548333089,0.000754673027159652,0.217953465231527
"ONCDGDAG_02580",0,NA,NA,NA,NA,NA
"ONCDGDAG_02581",25.038359398704,-0.369934707523775,2.98216617755689,-0.124048991738898,0.901276484799007,0.998846388589019
"ONCDGDAG_02582",5.20620835237853,6.0318810520801,3.78475156450632,1.59373236242176,0.110995992508438,0.791044955028284
"ONCDGDAG_02583",9.83217953349296,6.95014670018976,3.63712744915972,1.91088896315565,0.0560188517072296,0.791044955028284
"ONCDGDAG_02584",3.98360719854532,-5.40861349528529,3.88322615744173,-1.39281444757482,0.163675908356633,0.821483845895725
"ONCDGDAG_02585",6.07390974444162,6.25429898857369,3.73925847071604,1.6726040838188,0.094405262429311,0.791044955028284
"ONCDGDAG_02586",0.715006420251725,-2.95485809463007,3.96323915528219,-0.745566436658725,0.455929364145908,0.998846388589019
"ONCDGDAG_02587",0,NA,NA,NA,NA,NA
"ONCDGDAG_02588",42.3450286211698,-0.727340365897489,2.43561630097512,-0.29862682623954,0.765224794548115,0.998846388589019
"ONCDGDAG_02589",0,NA,NA,NA,NA,NA
"ONCDGDAG_02590",3.77931964990197,-5.33290711549202,3.90564728053646,-1.36543490295916,0.172116400112154,0.823913415497188
"ONCDGDAG_02591",11.7720744205119,1.37032311008438,3.35985927475812,0.40785134079255,0.683382818394243,0.998846388589019
"ONCDGDAG_02592",244.783561872009,-0.507174250216827,1.92857251566963,-0.26297909261697,0.792566693772209,0.998846388589019
"ONCDGDAG_02593",0,NA,NA,NA,NA,NA
"ONCDGDAG_02594",0,NA,NA,NA,NA,NA
"ONCDGDAG_02595",0.694161113650471,3.12376317848752,3.97189442827269,0.786466819523698,0.431594050511825,0.998846388589019
"ONCDGDAG_02596",0,NA,NA,NA,NA,NA
"ONCDGDAG_02597",76.1866571676575,0.909137651968977,3.12419458546259,0.290999048586586,0.771052047154576,0.998846388589019
"ONCDGDAG_02598",4.88885504176298,-5.68881981720631,3.83769547912945,-1.48235310699972,0.138246364373431,0.814995207477437
"ONCDGDAG_02599",0,NA,NA,NA,NA,NA
"ONCDGDAG_02600",0,NA,NA,NA,NA,NA
"ONCDGDAG_02601",0,NA,NA,NA,NA,NA
"ONCDGDAG_02602",0,NA,NA,NA,NA,NA
"ONCDGDAG_02603",0,NA,NA,NA,NA,NA
"ONCDGDAG_02604",0,NA,NA,NA,NA,NA
"ONCDGDAG_02605",0,NA,NA,NA,NA,NA
"ONCDGDAG_02606",0,NA,NA,NA,NA,NA
"ONCDGDAG_02607",0,NA,NA,NA,NA,NA
"ONCDGDAG_02608",0,NA,NA,NA,NA,NA
"ONCDGDAG_02609",0,NA,NA,NA,NA,NA
"ONCDGDAG_02610",2.46031116800738,3.20029517282367,3.79240896379569,0.843868686994299,0.398742787693335,0.998846388589019
"ONCDGDAG_02611",0,NA,NA,NA,NA,NA
"ONCDGDAG_02612",8.99483421810632,0.944546343224614,3.37957693987019,0.279486562972256,0.77987144853649,0.998846388589019
"ONCDGDAG_02613",10.0674402619377,-5.75162259736926,3.00895894021299,-1.9114991967827,0.055940459920413,0.791044955028284
"ONCDGDAG_02614",260.101280694389,-0.683111489575528,1.88659063474087,-0.362087819687155,0.7172864054587,0.998846388589019
"ONCDGDAG_02615",0,NA,NA,NA,NA,NA
"ONCDGDAG_02616",19.3105927840424,3.94755316591275,2.60154245167363,1.51738948690736,0.129168376665655,0.791044955028284
"ONCDGDAG_02617",4.8106593567482,-3.05162885712427,3.49086027465292,-0.874176740696872,0.382022010648413,0.998846388589019
"ONCDGDAG_02618",27.9872417293609,-1.85149482327803,2.97847262520133,-0.621625596828469,0.534188085754421,0.998846388589019
"ONCDGDAG_02619",0,NA,NA,NA,NA,NA
"ONCDGDAG_02620",40.8737230271475,0.110031799994751,2.39399894328568,0.0459615073362296,0.96334093016343,0.998846388589019
"ONCDGDAG_02621",0,NA,NA,NA,NA,NA
"ONCDGDAG_02622",0,NA,NA,NA,NA,NA
"ONCDGDAG_02623",590.812807636521,0.940975063150233,1.90611153150093,0.493662121864025,0.621544820256384,0.998846388589019
"ONCDGDAG_02624",18.1994558405264,1.29743723597427,2.61536127891394,0.496083369603548,0.619835592014997,0.998846388589019
"ONCDGDAG_02625",0,NA,NA,NA,NA,NA
"ONCDGDAG_02626",41.8449434086744,-0.690884695001372,2.32508123587688,-0.297144325256581,0.766356325081632,0.998846388589019
"ONCDGDAG_02627",0,NA,NA,NA,NA,NA
"ONCDGDAG_02628",0,NA,NA,NA,NA,NA
"ONCDGDAG_02629",17.55289382424,-2.19274900892802,3.07681433473549,-0.712668614473459,0.47605084217186,0.998846388589019
"ONCDGDAG_02630",0,NA,NA,NA,NA,NA
"ONCDGDAG_02631",9.20791416628706,6.85555740880715,3.6471436947044,1.87970586921522,0.0601481752481759,0.791044955028284
"ONCDGDAG_02632",0,NA,NA,NA,NA,NA
"ONCDGDAG_02633",0,NA,NA,NA,NA,NA
"ONCDGDAG_02634",0,NA,NA,NA,NA,NA
"ONCDGDAG_02635",0,NA,NA,NA,NA,NA
"ONCDGDAG_02636",0,NA,NA,NA,NA,NA
"ONCDGDAG_02637",0,NA,NA,NA,NA,NA
"ONCDGDAG_02638",0,NA,NA,NA,NA,NA
"ONCDGDAG_02639",0,NA,NA,NA,NA,NA
"ONCDGDAG_02640",0,NA,NA,NA,NA,NA
"ONCDGDAG_02641",0,NA,NA,NA,NA,NA
"ONCDGDAG_02642",0,NA,NA,NA,NA,NA
"ONCDGDAG_02643",0,NA,NA,NA,NA,NA
"ONCDGDAG_02644",3.77931964990197,-5.33290711549202,3.90564728053646,-1.36543490295916,0.172116400112154,0.823913415497188
"ONCDGDAG_02645",0,NA,NA,NA,NA,NA
"ONCDGDAG_02646",7.11515141491732,6.48259178041157,3.70030896129912,1.75190554308082,0.0797900512632949,0.791044955028284
"ONCDGDAG_02647",30.9164815919433,0.552118765644529,2.72117755575285,0.202897001144704,0.839215538272914,0.998846388589019
"ONCDGDAG_02648",0,NA,NA,NA,NA,NA
"ONCDGDAG_02649",47.4615606570111,-0.460412574933846,3.03221090690412,-0.151840551026817,0.87931269783804,0.998846388589019
"ONCDGDAG_02650",0,NA,NA,NA,NA,NA
"ONCDGDAG_02651",0,NA,NA,NA,NA,NA
"ONCDGDAG_02652",48.4002927226811,0.348192105080045,2.55252829726449,0.136410673861362,0.891496636032615,0.998846388589019
"ONCDGDAG_02653",52.2495169376967,-6.61222821203833,3.10901697364924,-2.12679064414279,NA,NA
"ONCDGDAG_02654",0.510718871608375,-2.47994530459879,3.9847117447512,-0.622365045066425,0.533701859612902,0.998846388589019
"ONCDGDAG_02655",0,NA,NA,NA,NA,NA
"ONCDGDAG_02656",0,NA,NA,NA,NA,NA
"ONCDGDAG_02657",0.468199025404427,2.56947480835823,4.00203017853561,0.64204283669306,0.520845369877215,0.998846388589019
"ONCDGDAG_02658",152.039549222762,-0.920113887512285,1.87828832372999,-0.489868289062821,0.624227103759933,0.998846388589019
"ONCDGDAG_02659",0,NA,NA,NA,NA,NA
"ONCDGDAG_02660",59.3635508077354,8.57457055311859,2.51650240005711,3.40733652903489,0.000656001904622311,0.217953465231527
"ONCDGDAG_02661",5.38701183846544,-5.84186867703185,3.44597057468921,-1.69527526437417,0.0900232149166029,0.791044955028284
"ONCDGDAG_02662",0,NA,NA,NA,NA,NA
"ONCDGDAG_02663",0.694161113650471,3.12376317848752,3.97189442827269,0.786466819523698,0.431594050511825,0.998846388589019
"ONCDGDAG_02664",0,NA,NA,NA,NA,NA
"ONCDGDAG_02665",0,NA,NA,NA,NA,NA
"ONCDGDAG_02666",47.4075024882597,-2.08852258777204,2.99488148680506,-0.697364018233683,0.48557501358694,0.998846388589019
"ONCDGDAG_02667",17.1127359355623,-0.871865699789727,3.36806135063853,-0.258862772682105,NA,NA
"ONCDGDAG_02668",0,NA,NA,NA,NA,NA
"ONCDGDAG_02669",0,NA,NA,NA,NA,NA
"ONCDGDAG_02670",69.1145367894167,-2.86834663994599,1.88962776637323,-1.51794268214592,0.129028848779143,0.791044955028284
"ONCDGDAG_02671",31.380893732451,0.225261979470017,2.69613163360514,0.0835500673121095,0.933414168562484,0.998846388589019
"ONCDGDAG_02672",4.50111251735001,-0.643434785707429,3.16890280477475,-0.203046551234684,0.839098647344731,0.998846388589019
"ONCDGDAG_02673",3.76178269747327,-5.32485717790282,3.91237384072388,-1.36102974681928,0.173504289074295,0.823913415497188
"ONCDGDAG_02674",0,NA,NA,NA,NA,NA
"ONCDGDAG_02675",0,NA,NA,NA,NA,NA
"ONCDGDAG_02676",93.4634138563277,3.27344768163235,2.24351031928363,1.4590740472625,0.144544728430641,0.814995207477437
"ONCDGDAG_02677",0,NA,NA,NA,NA,NA
"ONCDGDAG_02678",15.258675779299,7.58305055757504,3.1547767585426,2.40367263294984,0.0162313012618646,0.526655993538687
"ONCDGDAG_02679",0,NA,NA,NA,NA,NA
"ONCDGDAG_02680",0,NA,NA,NA,NA,NA
"ONCDGDAG_02681",0,NA,NA,NA,NA,NA
"ONCDGDAG_02682",24.1220986993539,21.6583039684853,3.57506278878642,6.05816044306102,NA,NA
"ONCDGDAG_02683",0,NA,NA,NA,NA,NA
"ONCDGDAG_02684",0,NA,NA,NA,NA,NA
"ONCDGDAG_02685",0,NA,NA,NA,NA,NA
"ONCDGDAG_02686",10.9421178627144,7.10453779184643,3.31800244154545,2.14120933212373,0.0322571608172574,0.726347363110089
"ONCDGDAG_02687",0,NA,NA,NA,NA,NA
"ONCDGDAG_02688",1.12358151753842,-3.59663935863656,3.94320190701638,-0.912111386494523,0.361710084896255,0.998846388589019
"ONCDGDAG_02689",0,NA,NA,NA,NA,NA
"ONCDGDAG_02690",0,NA,NA,NA,NA,NA
"ONCDGDAG_02691",8.03652814249699,-0.276149243388656,3.40029564500102,-0.081213303847458,0.935272319525767,0.998846388589019
"ONCDGDAG_02692",0,NA,NA,NA,NA,NA
"ONCDGDAG_02693",0,NA,NA,NA,NA,NA
"ONCDGDAG_02694",0,NA,NA,NA,NA,NA
"ONCDGDAG_02695",63.9401675553905,-0.173587355554199,2.29586077606243,-0.0756088336732309,0.939730308329708,0.998846388589019
"ONCDGDAG_02696",0,NA,NA,NA,NA,NA
"ONCDGDAG_02697",0,NA,NA,NA,NA,NA
"ONCDGDAG_02698",0,NA,NA,NA,NA,NA
"ONCDGDAG_02699",0,NA,NA,NA,NA,NA
"ONCDGDAG_02700",2.8600256810069,-4.93272465465333,3.92130538674914,-1.25792922717062,0.208417352510347,0.883579939874735
"ONCDGDAG_02701",0,NA,NA,NA,NA,NA
"ONCDGDAG_02702",6.91312014154706,6.44023359597123,3.30467679156311,1.94882404609529,0.0513164410910228,0.791044955028284
"ONCDGDAG_02703",0,NA,NA,NA,NA,NA
"ONCDGDAG_02704",36.7134221165068,-1.54909737859869,2.60317429144958,-0.595080161818929,0.551789888639803,0.998846388589019
"ONCDGDAG_02705",0,NA,NA,NA,NA,NA
"ONCDGDAG_02706",0,NA,NA,NA,NA,NA
"ONCDGDAG_02707",0,NA,NA,NA,NA,NA
"ONCDGDAG_02708",0,NA,NA,NA,NA,NA
"ONCDGDAG_02709",1.24552921911906,2.08523567961575,3.90961538910106,0.53336082250669,0.593783831876249,0.998846388589019
"ONCDGDAG_02710",0,NA,NA,NA,NA,NA
"ONCDGDAG_02711",9.23346662107076,-6.61772289393535,3.65379034351333,-1.81119393062166,NA,NA
"ONCDGDAG_02712",0,NA,NA,NA,NA,NA
"ONCDGDAG_02713",3.64434584666497,5.51723647643738,3.91924229340226,1.40773038853077,0.159210919872588,0.819854876032745
"ONCDGDAG_02714",0,NA,NA,NA,NA,NA
"ONCDGDAG_02715",0,NA,NA,NA,NA,NA
"ONCDGDAG_02716",0,NA,NA,NA,NA,NA
"ONCDGDAG_02717",0,NA,NA,NA,NA,NA
"ONCDGDAG_02718",0,NA,NA,NA,NA,NA
"ONCDGDAG_02719",0,NA,NA,NA,NA,NA
"ONCDGDAG_02720",0,NA,NA,NA,NA,NA
"ONCDGDAG_02721",0,NA,NA,NA,NA,NA
"ONCDGDAG_02722",16.6802956567819,-1.71168349751677,2.93088973602825,-0.584014975546755,0.559210236657643,0.998846388589019
"ONCDGDAG_02723",0,NA,NA,NA,NA,NA
"ONCDGDAG_02724",70.5180116789908,-0.357258141635602,2.6742517208063,-0.133591815181813,0.893725356710401,0.998846388589019
"ONCDGDAG_02725",0,NA,NA,NA,NA,NA
"ONCDGDAG_02726",0,NA,NA,NA,NA,NA
"ONCDGDAG_02727",0,NA,NA,NA,NA,NA
"ONCDGDAG_02728",0,NA,NA,NA,NA,NA
"ONCDGDAG_02729",0,NA,NA,NA,NA,NA
"ONCDGDAG_02730",0,NA,NA,NA,NA,NA
"ONCDGDAG_02731",0,NA,NA,NA,NA,NA
"ONCDGDAG_02732",0,NA,NA,NA,NA,NA
"ONCDGDAG_02733",0,NA,NA,NA,NA,NA
"ONCDGDAG_02734",63.2486744717899,-0.388080603750555,2.65021674456094,-0.146433533991895,0.883579156323053,0.998846388589019
"ONCDGDAG_02735",38.4939322433644,-1.57445784645471,2.98351928000255,-0.527718341559826,0.597694840978488,0.998846388589019
"ONCDGDAG_02736",0,NA,NA,NA,NA,NA
"ONCDGDAG_02737",3.27310377075138,-5.12765937097275,3.51837732587052,-1.45739325150524,0.145007858859003,0.814995207477437
"ONCDGDAG_02738",0,NA,NA,NA,NA,NA
"ONCDGDAG_02739",0,NA,NA,NA,NA,NA
"ONCDGDAG_02740",0,NA,NA,NA,NA,NA
"ONCDGDAG_02741",33.9296566159357,2.59329188853689,2.93835605938509,0.882565569361117,0.377471038203625,0.998846388589019
"ONCDGDAG_02742",0,NA,NA,NA,NA,NA
"ONCDGDAG_02743",0,NA,NA,NA,NA,NA
"ONCDGDAG_02744",36.3854436450945,2.44449336342205,2.56497419581737,0.953028442706446,0.340575659838725,0.998846388589019
"ONCDGDAG_02745",0,NA,NA,NA,NA,NA
"ONCDGDAG_02746",0,NA,NA,NA,NA,NA
"ONCDGDAG_02747",0,NA,NA,NA,NA,NA
"ONCDGDAG_02748",53.8506778450297,-2.64072484950951,2.35577879528396,-1.12095620131907,0.262306506262455,0.982819314603628
"ONCDGDAG_02749",323.113229196555,1.5152797815113,2.3162520153942,0.654194695326972,0.512986378743434,0.998846388589019
"ONCDGDAG_02750",0,NA,NA,NA,NA,NA
"ONCDGDAG_02751",0,NA,NA,NA,NA,NA
"ONCDGDAG_02754",0,NA,NA,NA,NA,NA
"ONCDGDAG_02755",31.6974181917419,-0.0985649116169709,2.66942183710158,-0.0369236927064293,0.97054584857788,0.998846388589019
"ONCDGDAG_02756",5.27263962642988,-0.626451678675768,3.13511164147871,-0.199817981084812,0.841622938046057,0.998846388589019
"ONCDGDAG_02757",0,NA,NA,NA,NA,NA
"ONCDGDAG_02758",0,NA,NA,NA,NA,NA
"ONCDGDAG_02759",224.520079913369,-0.222347681909147,1.85445985103943,-0.11989889227557,0.904563241982394,0.998846388589019
"ONCDGDAG_02760",0,NA,NA,NA,NA,NA
"ONCDGDAG_02761",0.275684052734293,0.246862587838067,4.07997583200214,0.0605058946432351,0.951752721207158,0.998846388589019
"ONCDGDAG_02776",0,NA,NA,NA,NA,NA
"ONCDGDAG_02777",0,NA,NA,NA,NA,NA
"ONCDGDAG_02778",0,NA,NA,NA,NA,NA
"ONCDGDAG_02779",0,NA,NA,NA,NA,NA
"ONCDGDAG_02780",367.872478675889,0.974962346739341,2.30482336476725,0.423009572726107,0.672288276790522,0.998846388589019
"ONCDGDAG_02781",5.76941824028584,-2.5040443671952,3.440668865649,-0.727778366641181,0.466749269361982,0.998846388589019
"ONCDGDAG_02782",0,NA,NA,NA,NA,NA
"ONCDGDAG_02783",0.306431322965025,-1.82002621723437,4.02022605093021,-0.452717383096716,0.650752260736176,0.998846388589019
"ONCDGDAG_02784",0,NA,NA,NA,NA,NA
"ONCDGDAG_02785",0,NA,NA,NA,NA,NA
"ONCDGDAG_02787",35.4147670286491,22.1908986761151,3.57570794996103,6.20601542034686,NA,NA
"ONCDGDAG_02788",0,NA,NA,NA,NA,NA
"ONCDGDAG_02789",0,NA,NA,NA,NA,NA
"ONCDGDAG_02790",0,NA,NA,NA,NA,NA
"ONCDGDAG_02791",0,NA,NA,NA,NA,NA
"ONCDGDAG_02792",0,NA,NA,NA,NA,NA
"ONCDGDAG_02793",73.3457539546813,-3.70983558629561,2.56359428155154,-1.4471227420785,0.147862549565401,0.815177433479366
"ONCDGDAG_02794",13.134235606671,0.961259452000462,3.01237077848437,0.319103962522205,0.749647678966591,0.998846388589019
"ONCDGDAG_02795",0,NA,NA,NA,NA,NA
"ONCDGDAG_02796",0,NA,NA,NA,NA,NA
"ONCDGDAG_02797",0,NA,NA,NA,NA,NA
"ONCDGDAG_02798",16.9157410362107,0.014791799273965,2.62091767609725,0.0056437481454935,0.995496964394698,0.998871530375697
"ONCDGDAG_02799",1077.71689579248,0.552800369643269,1.91693384346747,0.288377385337059,0.773057876668598,0.998846388589019
"ONCDGDAG_02800",0,NA,NA,NA,NA,NA
"ONCDGDAG_02801",0,NA,NA,NA,NA,NA
"ONCDGDAG_02802",2.14501926075517,-4.52032695556668,3.92608499745656,-1.15135738489999,0.249585238007514,0.955309014442552
"ONCDGDAG_02803",0,NA,NA,NA,NA,NA
"ONCDGDAG_02804",0,NA,NA,NA,NA,NA
"ONCDGDAG_02805",0,NA,NA,NA,NA,NA
"ONCDGDAG_02806",0,NA,NA,NA,NA,NA
"ONCDGDAG_02807",0,NA,NA,NA,NA,NA
"ONCDGDAG_02808",0,NA,NA,NA,NA,NA
"ONCDGDAG_02809",0,NA,NA,NA,NA,NA
"ONCDGDAG_02810",0,NA,NA,NA,NA,NA
"ONCDGDAG_02811",0,NA,NA,NA,NA,NA
"ONCDGDAG_02812",154.640655531802,-0.371501498572201,2.3235995016928,-0.15988189802139,0.872974108361543,0.998846388589019
"ONCDGDAG_02813",0,NA,NA,NA,NA,NA
"ONCDGDAG_02814",6.24745002285424,6.29494553772207,3.73177787675658,1.6868489351765,0.0916324031815006,0.791044955028284
"ONCDGDAG_02815",0,NA,NA,NA,NA,NA
"ONCDGDAG_02816",0,NA,NA,NA,NA,NA
"ONCDGDAG_02817",0,NA,NA,NA,NA,NA
"ONCDGDAG_02818",0,NA,NA,NA,NA,NA
"ONCDGDAG_02819",0.173540278412618,1.2051316188578,4.0804728567969,0.295341167838036,0.767733270926973,0.998846388589019
"ONCDGDAG_02820",18.0730620950218,0.327140846362866,2.06214925781568,0.158640721627196,0.873951943823184,0.998846388589019
"ONCDGDAG_02821",0,NA,NA,NA,NA,NA
"ONCDGDAG_02822",0,NA,NA,NA,NA,NA
"ONCDGDAG_02823",0,NA,NA,NA,NA,NA
"ONCDGDAG_02824",484.797719604693,-0.464918631993657,1.85488597653357,-0.250645397008447,0.802088280040363,0.998846388589019
"ONCDGDAG_02825",0,NA,NA,NA,NA,NA
"ONCDGDAG_02826",0,NA,NA,NA,NA,NA
"ONCDGDAG_02827",0,NA,NA,NA,NA,NA
"ONCDGDAG_02828",0,NA,NA,NA,NA,NA
"ONCDGDAG_02829",69.7370539406164,-2.45389117758744,2.79260527405896,-0.878710357092749,0.379558341545528,0.998846388589019
"ONCDGDAG_02830",0,NA,NA,NA,NA,NA
"ONCDGDAG_02831",0,NA,NA,NA,NA,NA
"ONCDGDAG_02832",0,NA,NA,NA,NA,NA
"ONCDGDAG_02833",0,NA,NA,NA,NA,NA
"ONCDGDAG_02834",0,NA,NA,NA,NA,NA
"ONCDGDAG_02835",0,NA,NA,NA,NA,NA
"ONCDGDAG_02836",20.2439609742073,0.330469941192024,2.68923859358144,0.122886062241103,0.902197322689825,0.998846388589019
"ONCDGDAG_02837",471.243128498008,-0.182154965441918,1.84365986731552,-0.098800743386114,0.921296478246273,0.998846388589019
"ONCDGDAG_02838",0,NA,NA,NA,NA,NA
"ONCDGDAG_02839",0,NA,NA,NA,NA,NA
"ONCDGDAG_02840",26.348737450139,0.0416051490142114,2.99896530098177,0.0138731678557905,0.988931168619621,0.998846388589019
"ONCDGDAG_02841",880.484794822395,0.127594702777893,1.83377452671422,0.0695803660259794,0.944527664700144,0.998846388589019
"ONCDGDAG_02842",0,NA,NA,NA,NA,NA
"ONCDGDAG_02843",1.24552921911906,2.08523567961575,3.90961538910106,0.53336082250669,0.593783831876249,0.998846388589019
"ONCDGDAG_02844",1.2257252918601,-3.7206035534097,3.94023519168885,-0.944259256720915,0.345037180814733,0.998846388589019
"ONCDGDAG_02845",3.47080556825235,5.44683311209159,3.91986549427571,1.3895459219317,0.164666806947566,0.821483845895725
"ONCDGDAG_02846",0,NA,NA,NA,NA,NA
"ONCDGDAG_02847",7.42617305138755,-0.770966519779026,3.41382899621166,-0.225836303058698,0.821328740625604,0.998846388589019
"ONCDGDAG_02848",0,NA,NA,NA,NA,NA
"ONCDGDAG_02849",0,NA,NA,NA,NA,NA
"ONCDGDAG_02850",0,NA,NA,NA,NA,NA
"ONCDGDAG_02851",0,NA,NA,NA,NA,NA
"ONCDGDAG_02852",0,NA,NA,NA,NA,NA
"ONCDGDAG_02853",88.6238443110696,-0.699241479559241,2.29492217908311,-0.304690714976056,0.760601721954035,0.998846388589019
"ONCDGDAG_02854",26.7738416146604,-1.9336643294651,2.73783761075404,-0.706274295403716,0.480017575351872,0.998846388589019
"ONCDGDAG_02855",39.6437052657223,-0.0357278467194473,2.63782950584563,-0.0135444109030821,0.989193454068334,0.998846388589019
"ONCDGDAG_02856",64.5433051850307,-1.45238405325287,2.70333863280187,-0.537255686590602,0.591091010409299,0.998846388589019
"ONCDGDAG_02857",48.1518843246856,4.95057470153953,3.34441804141664,1.48024996882344,NA,NA
"ONCDGDAG_02858",8.7614365263782,-0.148790761703561,3.39135370124501,-0.0438735604749624,0.965005190685288,0.998846388589019
"ONCDGDAG_02859",0,NA,NA,NA,NA,NA
"ONCDGDAG_02860",0,NA,NA,NA,NA,NA
"ONCDGDAG_02861",128.802037870923,-0.563369527020561,1.88002336222611,-0.299660918231081,0.76443581208299,0.998846388589019
"ONCDGDAG_02862",39.2599151505551,0.788509813547681,2.25712585456689,0.349342422334258,0.726832253750358,0.998846388589019
"ONCDGDAG_02863",0,NA,NA,NA,NA,NA
"ONCDGDAG_02864",0,NA,NA,NA,NA,NA
"ONCDGDAG_02865",0,NA,NA,NA,NA,NA
"ONCDGDAG_02866",0,NA,NA,NA,NA,NA
"ONCDGDAG_02867",0,NA,NA,NA,NA,NA
"ONCDGDAG_02868",0,NA,NA,NA,NA,NA
"ONCDGDAG_02869",0,NA,NA,NA,NA,NA
"ONCDGDAG_02870",0,NA,NA,NA,NA,NA
"ONCDGDAG_02871",0,NA,NA,NA,NA,NA
"ONCDGDAG_02872",0,NA,NA,NA,NA,NA
"ONCDGDAG_02873",2.08248334095141,4.70967575917873,3.92858076165448,1.19882370884372,0.23059650159319,0.907555787166315
"ONCDGDAG_02874",0,NA,NA,NA,NA,NA
"ONCDGDAG_02875",23.5715953125565,1.60555371555824,2.96708568263758,0.541121452930535,0.588423872407575,0.998846388589019
"ONCDGDAG_02876",0,NA,NA,NA,NA,NA
"ONCDGDAG_02877",0,NA,NA,NA,NA,NA
"ONCDGDAG_02878",0,NA,NA,NA,NA,NA
"ONCDGDAG_02879",21.2894805011469,-1.38472432759641,3.36339645621526,-0.411704164413195,NA,NA
"ONCDGDAG_02880",0,NA,NA,NA,NA,NA
"ONCDGDAG_02881",0,NA,NA,NA,NA,NA
"ONCDGDAG_02882",0,NA,NA,NA,NA,NA
"ONCDGDAG_02883",0,NA,NA,NA,NA,NA
"ONCDGDAG_02884",0,NA,NA,NA,NA,NA
"ONCDGDAG_02885",7.69085131249873,-5.35980303634746,3.07730505801498,-1.74171976300745,0.0815574926028547,0.791044955028284
"ONCDGDAG_02886",0,NA,NA,NA,NA,NA
"ONCDGDAG_02887",0,NA,NA,NA,NA,NA
"ONCDGDAG_02888",0,NA,NA,NA,NA,NA
"ONCDGDAG_02889",0,NA,NA,NA,NA,NA
"ONCDGDAG_02890",0,NA,NA,NA,NA,NA
"ONCDGDAG_02891",0,NA,NA,NA,NA,NA
"ONCDGDAG_02892",0,NA,NA,NA,NA,NA
"ONCDGDAG_02893",15.4482089167499,0.969141068756905,3.36028005643402,0.288410802814267,0.773032299448808,0.998846388589019
"ONCDGDAG_02894",0,NA,NA,NA,NA,NA
"ONCDGDAG_02895",0,NA,NA,NA,NA,NA
"ONCDGDAG_02896",0,NA,NA,NA,NA,NA
"ONCDGDAG_02897",1.32786906618177,-3.83473415751123,3.93771573509914,-0.973847381447582,0.330132323183658,0.998846388589019
"ONCDGDAG_02898",0,NA,NA,NA,NA,NA
"ONCDGDAG_02899",0,NA,NA,NA,NA,NA
"ONCDGDAG_02900",0,NA,NA,NA,NA,NA
"ONCDGDAG_02901",0,NA,NA,NA,NA,NA
"ONCDGDAG_02902",0,NA,NA,NA,NA,NA
"ONCDGDAG_02903",0,NA,NA,NA,NA,NA
"ONCDGDAG_02904",0,NA,NA,NA,NA,NA
"ONCDGDAG_02905",0,NA,NA,NA,NA,NA
"ONCDGDAG_02906",0,NA,NA,NA,NA,NA
"ONCDGDAG_02907",0,NA,NA,NA,NA,NA
"ONCDGDAG_02908",0,NA,NA,NA,NA,NA
"ONCDGDAG_02909",0,NA,NA,NA,NA,NA
"ONCDGDAG_02910",130.454577434623,2.37421777425371,2.70271656181742,0.878456071863187,0.37969626667562,0.998846388589019
"ONCDGDAG_02911",0,NA,NA,NA,NA,NA
"ONCDGDAG_02912",0,NA,NA,NA,NA,NA
"ONCDGDAG_02913",10.1443122170959,6.99521292527569,3.63267332324167,1.92563776118283,0.0541496202489754,0.791044955028284
"ONCDGDAG_02914",0,NA,NA,NA,NA,NA
"ONCDGDAG_02915",0,NA,NA,NA,NA,NA
"ONCDGDAG_02916",0,NA,NA,NA,NA,NA
"ONCDGDAG_02917",0,NA,NA,NA,NA,NA
"ONCDGDAG_02918",0,NA,NA,NA,NA,NA
"ONCDGDAG_02919",0,NA,NA,NA,NA,NA
"ONCDGDAG_02920",0,NA,NA,NA,NA,NA
"ONCDGDAG_02923",0,NA,NA,NA,NA,NA
