"","baseMean","log2FoldChange","lfcSE","stat","pvalue","padj"
"AENJPLPP_00001",92.4352886573451,0.425738091187887,0.201479225129898,2.1130619840006,0.0345954629596648,0.0483245850243254
"AENJPLPP_00003",881.689584099376,-0.747686520050297,0.0454143106774887,-16.4636765128952,6.69100931918538e-61,4.39215927640644e-60
"AENJPLPP_00004",198.689648168181,-0.762214813947146,0.136094214536574,-5.60064082475973,2.1356083006396e-08,4.45917381138401e-08
"AENJPLPP_00005",849.418612485896,0.198311247532476,0.106799623927982,1.85685342549711,0.0633320103417277,0.0852633365324511
"AENJPLPP_00006",607.449812293969,0.429392661769123,0.161285916633902,2.66230722886852,0.00776070078605226,0.0115814717525386
"AENJPLPP_00007",376.190179229517,0.424392991776556,0.0886053401698744,4.78969993188794,1.67030901378556e-06,3.1993903741487e-06
"AENJPLPP_00008",43.0705751969983,-0.365905335026477,0.303379205862118,-1.20609892819344,0.227779348078401,0.281616403676743
"AENJPLPP_00009",83.4556100799281,-0.00980409925387675,0.144307771269252,-0.0679388169302685,0.945834338679367,0.958559994093822
"AENJPLPP_00010",8172.17565856569,0.681697543852312,0.0722461640543108,9.43576109231002,3.88165855152664e-21,1.2389234338718e-20
"AENJPLPP_00011",988.827123309711,-0.21261965651822,0.0536297610002877,-3.96458333120447,7.35242596576512e-05,0.000128347968915703
"AENJPLPP_00012",570.853661987712,0.589406097496338,0.0566390940775212,10.4063475430879,2.31950822617654e-25,8.25109596867757e-25
"AENJPLPP_00013",624.0640867688,0.722174003591559,0.0581819747343361,12.4123322882915,2.24030348469362e-35,9.91194478617015e-35
"AENJPLPP_00014",987.93696979404,0.651796501367883,0.0846687099651121,7.69819809037432,1.37998329265655e-14,3.61241499632858e-14
"AENJPLPP_00015",4035.78426495015,0.761654197894487,0.103922058030068,7.32909078527023,2.31719382166442e-13,5.83754597380844e-13
"AENJPLPP_00016",16374.4909092688,0.0943363515291303,0.0545004395784488,1.73092826881407,0.0834645589719727,0.110443002276045
"AENJPLPP_00017",2.85541034413153,-0.651197917893451,0.865782840340982,-0.752149254467762,0.451961306527741,0.521347402973998
"AENJPLPP_00018",41.1621413773394,1.3265731435122,0.178617181824079,7.42690669489313,1.11166718405922e-13,2.82654280638855e-13
"AENJPLPP_00019",0,NA,NA,NA,NA,NA
"AENJPLPP_00020",2.51811720695873,-0.977915973181464,1.2834855986341,-0.76192204588986,0.44610653134064,0.515778579788698
"AENJPLPP_00021",157.945322693387,-0.216870767208311,0.140307846531966,-1.54567811115897,0.12218232615498,0.157524753403918
"AENJPLPP_00022",2670.69312012406,3.36731001137711,0.168172727555982,20.0229255974705,3.4769322687095e-89,3.10860442896787e-88
"AENJPLPP_00023",11.4128993289497,0.150779800391764,0.368143311893412,0.409568218464389,0.682122714671569,0.737701270389604
"AENJPLPP_00024",3353.35541733848,3.12628517508549,0.162061502109767,19.2907330512585,6.42557623290683e-83,5.36295323815742e-82
"AENJPLPP_00025",1295.87716161938,-0.871099533568151,0.0426077031576393,-20.4446489486953,6.70388695246645e-93,6.17700654060594e-92
"AENJPLPP_00026",446.799129051087,0.156251901306745,0.23607378897172,0.661877381590477,0.50804980854185,0.575255194714992
"AENJPLPP_00027",3.87575150128777,0.205053064739926,0.796670949820453,0.257387400389257,0.79687972836116,0.835168194275375
"AENJPLPP_00028",264.03908221707,1.2276885382915,0.407313415254147,3.01411270121186,0.00257732045362175,0.00400281779730018
"AENJPLPP_00029",299.941049124339,1.61715886794523,0.143381743349547,11.2786944151097,1.67209064351241e-29,6.55990769388398e-29
"AENJPLPP_00030",1.00473570049911,0.947023249415017,1.42469653571982,0.664719275769514,0.50623006256756,0.573841677395056
"AENJPLPP_00031",41.3651482898214,0.753169916770352,0.172128338671328,4.37562996647808,1.21082270904977e-05,2.20969643995575e-05
"AENJPLPP_00032",7203.30983484752,1.3959359734392,0.0663589486411195,21.036137582418,3.06337303693914e-98,2.91165393069326e-97
"AENJPLPP_00034",300.971944758757,-0.916489847690734,0.0979290269274352,-9.35871494332162,8.0712341660539e-21,2.56255306030774e-20
"AENJPLPP_00035",1717.41660027828,0.786761917543189,0.133530180445973,5.89201568451048,3.81512954533997e-09,8.27572737228894e-09
"AENJPLPP_00036",909.610970115881,0.108902912970321,0.169623772429882,0.642026240840379,0.520856145186058,0.586487700738592
"AENJPLPP_00037",246.663515281753,-0.0138111872879871,0.285043610005225,-0.0484528921302041,0.961355306947598,0.967456092128628
"AENJPLPP_00038",831.709408840645,-0.0787118784282356,0.0687904043144534,-1.14422758831929,0.252529264582025,0.309422803654185
"AENJPLPP_00039",861.047885457002,2.99193990876296,0.0928183273662579,32.2343657083678,5.82669701017438e-228,1.27216218055474e-226
"AENJPLPP_00040",381.594025053135,1.94521913235304,0.552791405160168,3.51890263523438,0.000433335710112289,0.000716990936061684
"AENJPLPP_00041",605.746296323724,2.2211913940015,0.117646308324953,18.8802472906019,1.65807937820583e-79,1.33935473633623e-78
"AENJPLPP_00042",101.273521146333,1.33565551543016,0.699333091979987,1.90989891762248,0.0561462294707181,0.0761677574944951
"AENJPLPP_00043",1027.38502108005,2.2584900821351,0.117983676350655,19.1423945412815,1.12002460776093e-81,9.19518840104547e-81
"AENJPLPP_00044",2562.31794952031,2.38758047987237,0.0345820190919214,69.0410954179978,0,0
"AENJPLPP_00045",734.944679379673,2.1081658187353,0.0869853490823519,24.2358723736274,9.31836067037305e-130,1.11857452987386e-128
"AENJPLPP_00046",521.626706599662,2.10900304467534,0.594380349920654,3.54823816930838,0.000387817367059746,0.00064415310195756
"AENJPLPP_00047",755.35072538384,2.38249209482573,0.297616277071184,8.00524795979451,1.19226186374726e-15,3.25093664748461e-15
"AENJPLPP_00048",127.715257274875,2.09969704141546,0.188229737884635,11.1549697992055,6.77158096395962e-29,2.62246445300904e-28
"AENJPLPP_00049",83.8976924227175,2.15309477341098,0.415605500570578,5.18062145581574,2.21147877379424e-07,4.40395607762198e-07
"AENJPLPP_00050",59.4521092460985,1.81335125182094,0.187232889460201,9.68500383158591,3.49195437344197e-22,1.14485946976939e-21
"AENJPLPP_00051",595.261841050625,1.51426995525634,0.197150762699223,7.68077147926911,1.58133348553417e-14,4.12873292193628e-14
"AENJPLPP_00052",179.595265019258,1.73515044592232,0.277257480657446,6.25826376914285,3.89287006918296e-10,8.78593072542941e-10
"AENJPLPP_00053",167.385843876487,1.5450250781421,0.261263330865655,5.91366983274272,3.34568211336892e-09,7.28362731761602e-09
"AENJPLPP_00054",0,NA,NA,NA,NA,NA
"AENJPLPP_00055",0,NA,NA,NA,NA,NA
"AENJPLPP_00056",836.575883234287,1.94712289336716,0.167216168647274,11.644345813678,2.45195885535489e-31,1.00240868808471e-30
"AENJPLPP_00057",24.2225809097638,1.81760002572456,1.01723879738703,1.7867977808096,0.0739701781718145,0.098528800544508
"AENJPLPP_00058",827.742597821352,1.1775615054956,0.172188329911501,6.83879973805903,7.98594286175773e-12,1.90662803823106e-11
"AENJPLPP_00059",899.304602989288,2.2443125514791,0.0814179522379511,27.56532791343,2.89909085676528e-167,4.57327788033182e-166
"AENJPLPP_00060",581.901298742518,0.487237689486946,0.189752983808962,2.56774718218652,0.0102361781057885,0.015081469258064
"AENJPLPP_00061",77.217469899536,-0.115540344939971,0.298437695027798,-0.387150641038188,0.698644688975999,0.75045149657208
"AENJPLPP_00062",69.5305359302393,0.151202262144127,0.399155152629545,0.378805737939346,0.704832126122669,0.756288887467094
"AENJPLPP_00063",78.2510162770094,0.0913818963034528,0.203205498040679,0.449701888898494,0.652925409171156,0.709947404486717
"AENJPLPP_00064",96.801519811562,0.297333194531488,0.176034774466996,1.68905942267238,0.0912080429380318,0.119899578260161
"AENJPLPP_00065",245.006496224511,0.431122075055709,0.10320056113399,4.17751677237455,2.94708938349203e-05,5.24178294714373e-05
"AENJPLPP_00066",168.378857052916,0.203225554878546,0.171509518440155,1.18492289364953,0.236047934734125,0.291003448180818
"AENJPLPP_00067",167.687719334521,0.212026847588808,0.139232078900616,1.52283043723101,0.127801132914024,0.164346911425503
"AENJPLPP_00068",644.500520271346,0.290849450147803,0.167730603913925,1.7340273233444,0.0829132352548231,0.109858213642384
"AENJPLPP_00069",10.2320406260562,0.544407565548392,0.37730407908659,1.44288809934507,0.149051996087499,0.190052333563959
"AENJPLPP_00070",58.898298770303,-0.0738833798638703,0.24472570231047,-0.301902820857527,0.762726145309014,0.806082699231787
"AENJPLPP_00071",10.0276997359889,0.180846590286845,0.34759819974632,0.520274818508347,0.602872044397023,0.663423473253554
"AENJPLPP_00072",109.322438601798,0.19655453321458,0.391097962090596,0.502571100508698,0.615265851938794,0.67410764068785
"AENJPLPP_00073",95.5079688886197,0.392980515276042,0.153773198343125,2.55558523533572,0.0106009394504574,0.0155960110176896
"AENJPLPP_00074",159.515827284948,0.575322881952605,0.107097132882417,5.37197277339123,7.78798700184339e-08,1.58548681328069e-07
"AENJPLPP_00075",267.542804257243,-0.152822850554686,0.145323723166229,-1.05160291262205,0.292981770924384,0.352960446139612
"AENJPLPP_00076",81.1422397431785,0.0531722156589837,0.249785478117992,0.212871525036641,0.831427173072394,0.863228832690256
"AENJPLPP_00077",378.221962351578,0.108620201927852,0.143851666222786,0.755084767385523,0.450198122308819,0.519711472228534
"AENJPLPP_00078",0,NA,NA,NA,NA,NA
"AENJPLPP_00079",0,NA,NA,NA,NA,NA
"AENJPLPP_00080",0,NA,NA,NA,NA,NA
"AENJPLPP_00081",12.4005496513463,0.200661462752028,0.350127614031823,0.573109502679187,0.566570553489433,0.629453199728489
"AENJPLPP_00082",23.9879545550526,0.615628084105879,0.584437949483575,1.05336774357289,0.292172481859471,0.352408201698394
"AENJPLPP_00083",16.6385345287018,0.0656356603455257,0.452601083010374,0.145018787646209,0.884696038198391,0.908207551308945
"AENJPLPP_00084",23.8483516505089,0.548563608558377,0.393809090838516,1.39296837305191,0.163629354773339,0.207149262996668
"AENJPLPP_00085",137.558659511854,-0.169797408902045,0.129596786538856,-1.31019767879149,0.190128970794357,0.238890153879649
"AENJPLPP_00086",5.95961461771224,-0.908246295011008,0.92336608096496,-0.983625361310487,0.325299750647159,0.387555614353456
"AENJPLPP_00087",0.120961219443509,-0.650733806613627,3.11653965008542,-0.208800105140902,0.834604289254131,0.865037056595355
"AENJPLPP_00088",30.5060654214426,-1.27539284515246,0.22584777849215,-5.64713478107905,1.63143927745477e-08,3.43502903072763e-08
"AENJPLPP_00089",3.22788101895505,0.462623320901734,1.0715157742688,0.431746626611659,0.665925575130837,0.722518458001157
"AENJPLPP_00090",28.8598632557755,-0.875325839008628,0.395768715746381,-2.21171053744824,0.0269866719444526,0.0380312640639081
"AENJPLPP_00091",0.685354798409951,-0.481401749562375,1.42589270975252,-0.337614286313258,0.73565387479823,0.782395031686221
"AENJPLPP_00092",6613.96864076823,-1.169050922319,0.300918312043467,-3.88494443684815,0.000102353294080168,0.000176930852015804
"AENJPLPP_00093",1018.14180907909,2.93517948772559,0.108619465057885,27.022592001916,8.0215471853395e-161,1.2084460834714e-159
"AENJPLPP_00094",777.730241988498,-2.77598785489345,0.143269760674192,-19.3759509461756,1.23165039518673e-83,1.03948533352875e-82
"AENJPLPP_00095",1075.81140317843,-2.72979032819626,0.161246555813908,-16.9292938656418,2.7364308758602e-64,1.8527789278577e-63
"AENJPLPP_00096",2836.60537821255,3.79335264216323,0.065995552125933,57.4789136535253,0,0
"AENJPLPP_00097",276.536249912905,0.73096958983194,0.0885285251452324,8.25688204601594,1.49527059809328e-16,4.24683993334252e-16
"AENJPLPP_00098",94.9805358203179,1.0206828528921,0.208820775653645,4.88784149803669,1.01947554928199e-06,1.96902553204271e-06
"AENJPLPP_00099",160.650730888661,0.6438610764975,0.160243410652924,4.01801904910809,5.86894536781701e-05,0.000103168800427262
"AENJPLPP_00100",438.168897789147,-0.776719855919496,0.165489871319552,-4.69345857680734,2.6862440352578e-06,5.09997055969234e-06
"AENJPLPP_00101",409.548524255961,-1.02753302239125,0.172831403927552,-5.94529118574989,2.75965841733918e-09,6.03399913747674e-09
"AENJPLPP_00102",522.574095697169,-1.76014466057679,0.14603094553543,-12.0532305952216,1.86494483109966e-33,8.03873930773002e-33
"AENJPLPP_00103",3546.10246740508,-1.84274579419503,0.12120764036412,-15.2032148192905,3.3668431574575e-52,1.99298593976806e-51
"AENJPLPP_00104",876.418982376943,-0.713683720524751,0.163188294320836,-4.37337569765645,1.2233991602302e-05,2.23129641027457e-05
"AENJPLPP_00105",222.044896898451,1.23391436750357,0.118449279615882,10.4172382601652,2.06873180798101e-25,7.36771742014987e-25
"AENJPLPP_00106",955.203796062462,1.48295727043395,0.0756416140987659,19.6050452928944,1.40027564227869e-85,1.20543728862448e-84
"AENJPLPP_00107",4319.8957869377,2.82703146806766,0.290592123522591,9.72852062815076,2.27882896346606e-22,7.52038517735295e-22
"AENJPLPP_00108",3595.28486302972,-0.0592988165444141,0.0547247853928617,-1.08358244109531,0.278549979625759,0.338038940631204
"AENJPLPP_00109",4847.16837944288,-0.166242965993551,0.0604476885375871,-2.75019558258509,0.00595597034162972,0.00897266931966517
"AENJPLPP_00110",1226.34896289298,-0.481887391377381,0.0488845055794383,-9.85767137593943,6.35050731936852e-23,2.11672419649076e-22
"AENJPLPP_00111",689.521089547159,-2.05946910641476,0.163749833398326,-12.5769233694732,2.82831916686163e-36,1.28532815230077e-35
"AENJPLPP_00112",326.85951051991,-1.79708461888305,0.137722965850046,-13.0485471888525,6.47707635481739e-39,3.10755271609312e-38
"AENJPLPP_00113",689.380361605772,-2.14320297903634,0.26510904006463,-8.08423197682682,6.25571594551124e-16,1.72605056262137e-15
"AENJPLPP_00114",2209.28277375048,-1.86614768336468,0.0401308289771105,-46.5015981710488,0,0
"AENJPLPP_00115",276.965501992708,-1.20775225396933,0.232790514431483,-5.18815062941413,2.12392778174909e-07,4.23800954066888e-07
"AENJPLPP_00116",4518.54774493145,-0.768835878885888,0.108107776881031,-7.11175366904424,1.14577630420495e-12,2.82044444817772e-12
"AENJPLPP_00117",1735.02623068193,-1.52110127311887,0.0852090880795019,-17.8513971619981,2.81894973382265e-71,2.08173910490383e-70
"AENJPLPP_00118",382.825675861414,-2.17344820077219,0.201540715152449,-10.7841643765537,4.08942990056947e-27,1.51683036594191e-26
"AENJPLPP_00119",46394.3125223011,3.05848623917608,0.0703218984959734,43.4926574024621,0,0
"AENJPLPP_00120",24.8671067269831,-0.402213055791098,0.233607907476019,-1.72174418296344,0.0851158697967587,0.112381295222451
"AENJPLPP_00121",0.724763751685084,0.246100437970211,1.27234464647524,0.193422779474084,0.846627876836433,0.87477525267788
"AENJPLPP_00122",42.4030275760997,-0.168226144626064,0.239479617092234,-0.70246539838617,0.482388973110061,0.551171018574371
"AENJPLPP_00123",1834.01982507642,-0.105570291348568,0.33249135070277,-0.3175128950736,0.750854456446271,0.79603253950479
"AENJPLPP_00124",20247.1338232049,-2.69579482397512,0.0733623879034494,-36.7462796811221,1.3330901597327e-295,4.14082541368517e-294
"AENJPLPP_00125",25219.6258063806,-2.19412007043312,0.0487491787681752,-45.0083493891695,0,0
"AENJPLPP_00126",3057.78934197771,-1.38556203474447,0.170299832307923,-8.13601526183068,4.08500341333676e-16,1.13858605775982e-15
"AENJPLPP_00127",2988.86846677489,-0.0141637162896724,0.0646058794056592,-0.219232621240843,0.826468845442093,0.858968827636091
"AENJPLPP_00128",1308.68172961044,-1.21033110059069,0.230934947596039,-5.24100450447131,1.59704816421707e-07,3.21007746416681e-07
"AENJPLPP_00129",562.070946319867,-0.903662267800258,0.0616807537978541,-14.6506359303232,1.33460705085227e-48,7.58711517776962e-48
"AENJPLPP_00130",3200.4178950417,-0.538969417375362,0.0568117265303298,-9.48693958610156,2.37916656669769e-21,7.68320349995728e-21
"AENJPLPP_00131",7615.90746980889,-0.486796615630237,0.110470004936518,-4.40659540035302,1.05008070481071e-05,1.92568056213917e-05
"AENJPLPP_00132",7108.94365291093,-0.449649318055789,0.0409076052277078,-10.991826961096,4.18370485586566e-28,1.58161891226138e-27
"AENJPLPP_00133",2232.31222257231,-1.84049753874882,0.159998248965218,-11.5032355082144,1.27061375354973e-30,5.14564413903941e-30
"AENJPLPP_00134",6786.26603806426,-1.66560214941594,0.0389760027071879,-42.7340423267359,0,0
"AENJPLPP_00135",1245.01411806449,-1.42269893524397,0.0790250341377859,-18.0031423050498,1.84072718224056e-72,1.37620620349648e-71
"AENJPLPP_00136",1962.99033810014,-1.53332388825637,0.146748521805987,-10.448649631262,1.48626289187592e-25,5.32474446280874e-25
"AENJPLPP_00137",11565.1953138533,-1.00221065817773,0.0690236637122817,-14.5198125436422,9.07580936540364e-48,5.08279063530877e-47
"AENJPLPP_00138",3516.85110314789,-0.376812207444839,0.328080024491397,-1.14853748876966,0.250746746112783,0.30799019406352
"AENJPLPP_00139",500.933667030024,2.53951353405716,0.096748475607885,26.2486154753449,7.41256239006177e-152,1.05349294722906e-150
"AENJPLPP_00140",1930.62512742408,2.57706137702004,0.060850576623675,42.350648424544,0,0
"AENJPLPP_00141",737.517311414653,2.48262733738621,0.137555518897943,18.0481841606672,8.15273014828359e-73,6.1257296600445e-72
"AENJPLPP_00142",414.082444586358,-1.41204401718935,0.136119454020037,-10.3735650965915,3.27089179294786e-25,1.15807249966532e-24
"AENJPLPP_00143",779.47584102139,-1.81107772669776,0.0757320747892603,-23.9142758433259,2.17584960582289e-126,2.54102126447456e-125
"AENJPLPP_00144",2819.50118319721,2.63522633772715,0.0641452686730374,41.0821622894665,0,0
"AENJPLPP_00145",2373.46257298192,3.1345910967209,0.131673106761382,23.8058565930354,2.90447530293625e-125,3.35294409492219e-124
"AENJPLPP_00146",178.216894020413,2.57020169693163,0.133916106605023,19.1926256078537,4.26535201384546e-82,3.51134033270939e-81
"AENJPLPP_00147",314.220252446691,2.38005633515534,0.28015991740079,8.49534921782007,1.97338681748658e-17,5.72263183935231e-17
"AENJPLPP_00148",44.9635411826097,-0.33443854051914,0.160975532388173,-2.07757375023107,0.0377486359852082,0.0524857592170891
"AENJPLPP_00149",244.639348154882,0.508221981064082,0.117910161470111,4.31024752004017,1.63071916977217e-05,2.9456575890429e-05
"AENJPLPP_00150",396.582755306669,0.160321626896571,0.112582741948843,1.42403377392798,0.154436695528178,0.196005797652233
"AENJPLPP_00151",759.877402218137,3.39719184671525,0.1034313821285,32.8448849546908,1.34761437250717e-236,3.12335546489546e-235
"AENJPLPP_00152",45.9888448968413,-0.438283678524674,0.505010824287321,-0.867869870201667,0.38546557485669,0.452009827361299
"AENJPLPP_00153",739.709606696488,0.198487112912631,0.122666526000161,1.61810331950194,0.105640333260623,0.137551566168651
"AENJPLPP_00154",2795.75177424094,-2.14789594215932,0.0953347407654913,-22.5300443984298,2.10744983133201e-112,2.25969620704745e-111
"AENJPLPP_00155",3545.55265718842,-2.1284395518649,0.147334785112024,-14.4462799483949,2.64595831776619e-47,1.47089896889844e-46
"AENJPLPP_00156",17766.0994393276,-1.41690340766865,0.0625121272927615,-22.6660564762562,9.68952660628443e-114,1.04639941450663e-112
"AENJPLPP_00157",2929.01915197357,-1.65859702104684,0.15271318211284,-10.8608634703277,1.77066944137422e-27,6.62736276628635e-27
"AENJPLPP_00158",6.04540278548636,-1.24459661833962,0.552623223232048,-2.2521612665145,0.0243120827640742,0.0345692804946463
"AENJPLPP_00159",10424.3804909599,-0.763083339584624,0.0545085538183244,-13.9993319604105,1.57342762337644e-44,8.31708320918109e-44
"AENJPLPP_00160",15667.7752482083,-1.06358004038707,0.0447850908591009,-23.7485292534789,1.13786470854543e-124,1.30356896077847e-123
"AENJPLPP_00161",2592.76916034899,0.876918741402338,0.0395716800687125,22.1602605671443,8.30687002021399e-109,8.63055150720853e-108
"AENJPLPP_00162",4348.08699512578,1.00409756140371,0.063870843250047,15.7207500372711,1.09025354125575e-55,6.73142196681061e-55
"AENJPLPP_00163",5459.53958311959,-1.18892183257712,0.204545616049668,-5.81250214763061,6.15458939680484e-09,1.31984184004078e-08
"AENJPLPP_00164",5256.92722070773,-1.07297486577221,0.117379009436536,-9.14111365330907,6.18124658277638e-20,1.92796024367549e-19
"AENJPLPP_00165",2037.15115726154,0.424883007076214,0.145968745663406,2.91078069586187,0.00360526968857653,0.00552808018915068
"AENJPLPP_00166",3451.72885256713,0.421183636006643,0.115291433288665,3.65320843008423,0.000258983837194527,0.000436419631693015
"AENJPLPP_00167",2468.26913978145,0.246634564675443,0.204894228607994,1.20371650461325,0.228699170849359,0.282405984331606
"AENJPLPP_00168",36.6211371818549,1.03038894005093,0.22734476710412,4.53227471727568,5.83518937173911e-06,1.08795950353032e-05
"AENJPLPP_00169",53.9034162317846,0.730437167243224,0.231390597515355,3.15672795302217,0.00159550124814099,0.00251820076513819
"AENJPLPP_00170",248.291397024953,1.59565188215331,0.198508712256375,8.03819572459129,9.1170923415117e-16,2.50408379443708e-15
"AENJPLPP_00171",2.95549734454516,1.21718392780874,1.42196662075639,0.855986286908253,0.39200536463411,0.458862534437675
"AENJPLPP_00172",90.0493078898266,0.728431202205731,0.18576163376452,3.92132211288109,8.80644480880036e-05,0.000153020866256721
"AENJPLPP_00173",81.7428258714544,2.95613482937263,0.24753860056199,11.9421165937808,7.13832335342898e-33,3.02075396964628e-32
"AENJPLPP_00174",113.150323484076,3.17281948008872,0.14454051520723,21.9510735487541,8.45804366694712e-107,8.75741772113803e-106
"AENJPLPP_00175",70.6663808142177,2.12973973002222,0.213591502405547,9.97108829722298,2.03981323188793e-23,6.92112304918731e-23
"AENJPLPP_00176",1644.85114715351,1.0275660953036,0.0873814761983776,11.7595414956229,6.3075890686756e-32,2.61054476152742e-31
"AENJPLPP_00177",4005.01203147622,-0.218200866099556,0.132147570004352,-1.65119090795517,0.0986995990571302,0.128848306741392
"AENJPLPP_00178",2990.69615415087,1.05041893733428,0.0974045314667327,10.7840869569096,4.09287450219306e-27,1.51683036594191e-26
"AENJPLPP_00179",6862.44497937355,0.916601066087371,0.157774943816005,5.80954772613513,6.26418353105578e-09,1.34143461116354e-08
"AENJPLPP_00180",8892.63304100173,0.77161085023327,0.0714288671008965,10.8025071872319,3.34930880283993e-27,1.24586017567367e-26
"AENJPLPP_00181",9754.26714652372,-1.1139996261941,0.0833560192191085,-13.3643573269238,9.76749650328396e-41,4.83242478889895e-40
"AENJPLPP_00182",876.023513636299,0.590706682334314,0.25433352355373,2.32256713185323,0.0202024181370913,0.029027127251815
"AENJPLPP_00183",3300.22041368255,1.06987748989936,0.118242241295494,9.04818344254556,1.45366410002024e-19,4.46927544220507e-19
"AENJPLPP_00184",1449.37229469437,1.07844307636997,0.20500060407977,5.26068243169823,1.43521726472003e-07,2.89445088259802e-07
"AENJPLPP_00185",457.852159714559,-1.11609753178402,0.0825386709230586,-13.5221165945891,1.15795561487651e-41,5.82457473726697e-41
"AENJPLPP_00186",19768.821544753,-2.13983474266747,0.0286798583363349,-74.611063889269,0,0
"AENJPLPP_00187",13204.7636461826,-0.0335281029586662,0.260468855870083,-0.128722118606723,0.897577532895656,0.917251922304718
"AENJPLPP_00188",1951.14331691432,-0.752572063507532,0.286186464627785,-2.62965638324765,0.00854712107344592,0.0127235552343343
"AENJPLPP_00189",3672.59096346984,2.99445746574247,0.342565202368486,8.7412774124134,2.30489274454282e-18,6.86229430761613e-18
"AENJPLPP_00190",760.7703163048,5.09779687953567,0.205168321713256,24.8469005203463,2.79324016792895e-136,3.5066802608208e-135
"AENJPLPP_00191",75.2907853997473,3.75502160940318,0.339216836778578,11.0696793386298,1.7602934889756e-28,6.73921763949616e-28
"AENJPLPP_00192",3776.74517753115,-5.30077714333694,0.104398148716137,-50.7746277929696,0,0
"AENJPLPP_00193",7603.18241329142,-5.91086591664501,0.170887103117293,-34.5893037497858,3.65888143796576e-262,9.50362911430245e-261
"AENJPLPP_00194",6282.23080822551,-5.49655069607697,0.0521558305170326,-105.387080247566,0,0
"AENJPLPP_00195",1257.68247841432,-0.428695696061496,0.111388771667357,-3.84864371555976,0.000118773607754,0.000204845380745736
"AENJPLPP_00196",4141.13175052025,-0.390010349420344,0.132723955600456,-2.93850757880067,0.00329796594710894,0.00506978132583635
"AENJPLPP_00197",3262.48854389227,-0.473218912946557,0.0771324543943104,-6.13514656913944,8.50807156776321e-10,1.89326585182205e-09
"AENJPLPP_00198",1520.04054223122,-0.709280011278027,0.0984765556501518,-7.20252659727273,5.91069077445061e-13,1.47059548335423e-12
"AENJPLPP_00199",3116.21463704775,-0.585241439637839,0.095874598118599,-6.10423877776137,1.03291771389627e-09,2.29511878463825e-09
"AENJPLPP_00200",5416.03151820392,-0.0438628049003694,0.145526460746253,-0.301407762378354,0.763103575858136,0.806182003527547
"AENJPLPP_00201",10299.6303929068,0.0165413336421961,0.0974238413665523,0.169787327313036,0.865177393560991,0.890902080245818
"AENJPLPP_00202",2305.33663510653,-2.38406418102695,0.0457909273700498,-52.0641165827596,0,0
"AENJPLPP_00203",91.7639316690096,-1.58854096204015,0.455956241844714,-3.48397678604685,0.000494022334686678,0.00081516390712539
"AENJPLPP_00204",656.189339994689,-1.0556459087308,0.140367133740996,-7.5206060036722,5.45229261219929e-14,1.39810703323885e-13
"AENJPLPP_00205",322.766163141475,1.24174671933691,0.105564920403219,11.7628726909839,6.06354954883984e-32,2.51299515689882e-31
"AENJPLPP_00206",95.2885212488103,-0.534033540377831,0.155040128058498,-3.4444859344823,0.000572146403445897,0.000939954805661116
"AENJPLPP_00207",60.6652532286409,0.384348442477169,0.148944038825445,2.58048892394818,0.00986605211418975,0.0145717720686538
"AENJPLPP_00208",77.5289622138578,0.683070764956493,0.125163397371835,5.4574322789212,4.83069298757347e-08,9.92152554298492e-08
"AENJPLPP_00209",1001.52885785717,-1.70629859177935,0.0699283071126767,-24.4006849619563,1.68179008344846e-131,2.07673504976648e-130
"AENJPLPP_00210",933.213902243044,-1.19837302145991,0.189246439397406,-6.33234118050379,2.41468793420364e-10,5.50336970178181e-10
"AENJPLPP_00211",1667.67107805014,-1.18455185635351,0.058734892615261,-20.1677708702531,1.87920084257906e-90,1.69015884737036e-89
"AENJPLPP_00212",1489.95168802969,-1.18170856423393,0.0575642715480011,-20.5285072225494,1.19798906198909e-93,1.11405587770776e-92
"AENJPLPP_00213",2117.84012549319,-1.27932918264481,0.124454474084672,-10.2794953098627,8.71829239148882e-25,3.06156351696455e-24
"AENJPLPP_00214",493.282555235105,-1.46075770127151,0.189392050857787,-7.71287757144771,1.23012081459681e-14,3.22572150946926e-14
"AENJPLPP_00215",1071.86330779391,-1.4024456253277,0.0943621741411229,-14.862370839721,5.78414310815013e-50,3.33862513119853e-49
"AENJPLPP_00216",215.07229585434,-0.845973303827674,0.0903128089105737,-9.3671464107084,7.45199740754401e-21,2.36844601149052e-20
"AENJPLPP_00217",34.4914511844159,0.499210797537008,0.178319179967284,2.7995350675603,0.00511762575396107,0.00774455368994712
"AENJPLPP_00218",77.4716247210402,1.11218654676799,0.25619849572768,4.34111271266075,1.41762975083967e-05,2.57618723720141e-05
"AENJPLPP_00219",65.4893316565105,-1.1001390523446,0.14993745514036,-7.33731975986081,2.1791356145899e-13,5.49433941988233e-13
"AENJPLPP_00220",46.4996957132282,-0.858227187582749,0.201477519244347,-4.25966723633277,2.04731470468141e-05,3.67176143166969e-05
"AENJPLPP_00221",18.0109058674258,-0.153472909614212,0.279676960180431,-0.54875063543025,0.583176591642661,0.64457486082881
"AENJPLPP_00222",43.4314802703953,0.684636085994962,0.172727085471926,3.96368690020094,7.38010338930699e-05,0.000128756522941413
"AENJPLPP_00223",62.6719365182533,0.129664561181443,0.130613579269781,0.992734154491108,0.320839525796541,0.382999006032084
"AENJPLPP_00224",21.1888332638454,0.0541578938437749,0.236688163585819,0.22881538739954,0.819012406629373,0.852689834545371
"AENJPLPP_00225",662.023754858047,-0.100140498247119,0.134683531775457,-0.743524445246003,0.457164227262925,0.526542743403361
"AENJPLPP_00226",411.694094069593,-0.288546626442677,0.147453802231058,-1.95686121399927,0.0503637877322592,0.0688190895407243
"AENJPLPP_00227",1029.07069627231,-0.559693034959068,0.211093883385715,-2.65139390105579,0.00801602937719675,0.0119506662610063
"AENJPLPP_00228",429.708473979,-0.778748589756767,0.30075225508159,-2.58933582907135,0.00961612629452815,0.0142445371314716
"AENJPLPP_00229",1040.05648518512,-0.718344667874408,0.254713840384512,-2.82020272942376,0.00479933181862703,0.00728850139592906
"AENJPLPP_00230",15891.8533156929,-1.80436364955724,0.072228278205304,-24.9814019438268,9.73767420296366e-138,1.24320391413261e-136
"AENJPLPP_00231",343.67362254371,-3.14168119119634,0.157826943585179,-19.9058609374944,3.62018387053982e-88,3.19871378355908e-87
"AENJPLPP_00232",0.138772477426787,-0.650733806613627,3.11653965008542,-0.208800105140902,0.834604289254131,0.865037056595355
"AENJPLPP_00233",991.973824640404,0.489209586779631,0.0938735805148738,5.21136601050514,1.87455206382733e-07,3.75533601616473e-07
"AENJPLPP_00234",1536.92689760372,1.32342837130336,0.191513120746098,6.91037964473422,4.8335837633488e-12,1.16229751627853e-11
"AENJPLPP_00235",2446.24844305333,-0.188811524112779,0.038835733418956,-4.86179885096798,1.16323795650667e-06,2.24381303646262e-06
"AENJPLPP_00236",1652.4657656718,-0.222408676418178,0.226013570219576,-0.984050100186925,0.32509088005611,0.387459976902318
"AENJPLPP_00237",964.561829168199,-0.382804284183797,0.128128412178209,-2.98766118830356,0.00281121010230748,0.00434813965002692
"AENJPLPP_00238",6931.86567603765,-1.1368830692863,0.0634005724299866,-17.9317477068801,6.66512382298455e-72,4.97079655412189e-71
"AENJPLPP_00239",2448.46544989356,0.744173737921566,0.176805047955328,4.20900730226657,2.56495100185223e-05,4.57560530999453e-05
"AENJPLPP_00240",6427.33218755921,0.960963813893234,0.112301413232465,8.55700552854158,1.15836981282927e-17,3.38851286024718e-17
"AENJPLPP_00241",4132.24534898693,0.1509255233503,0.0379643312328155,3.97545586737068,7.02445699619381e-05,0.000122979017603323
"AENJPLPP_00242",2123.87561571929,0.687086977565398,0.147679490418703,4.65255517619515,3.27846973873186e-06,6.18536588778904e-06
"AENJPLPP_00243",451.025837325104,0.802703300258899,0.115614655639275,6.9429199595887,3.84077058699258e-12,9.2800655802796e-12
"AENJPLPP_00244",7246.7767531595,2.53571729375729,0.235524274072309,10.7662673146751,4.96733645636658e-27,1.83639076601626e-26
"AENJPLPP_00245",1229.59598345105,1.36223363752019,0.0865043341614708,15.7475767049709,7.13640183956871e-56,4.4151907069036e-55
"AENJPLPP_00246",4952.47382017804,0.919042825455938,0.17637148828497,5.21083557434752,1.87992010569197e-07,3.76358756043184e-07
"AENJPLPP_00247",289.761132566427,0.68270763371607,0.186964496584086,3.65153623382729,0.0002606763112977,0.00043878085248043
"AENJPLPP_00248",3797.87149241287,1.23028462277521,0.128619116134547,9.56533258624031,1.11841295200511e-21,3.63514371563259e-21
"AENJPLPP_00249",3286.7655765686,1.4913855025605,0.0849427681531118,17.5575335603878,5.20899290365083e-69,3.72795620396673e-68
"AENJPLPP_00250",0,NA,NA,NA,NA,NA
"AENJPLPP_00251",282.717277146697,0.051523343116164,0.138284885037396,0.372588393172765,0.709454812720345,0.760978052946387
"AENJPLPP_00252",16.0509103689562,-0.481595118297704,0.514634485399938,-0.935800324230978,0.349376004536069,0.41378533870565
"AENJPLPP_00253",201.304502856628,0.0883841523746079,0.17123024638593,0.516171378831063,0.605734718279063,0.666063645999178
"AENJPLPP_00254",824.891524074674,0.605407174599603,0.054812571885638,11.0450422918074,2.3165855120293e-28,8.84647927470759e-28
"AENJPLPP_00255",906.664303594379,-1.56812669613786,0.195939943237128,-8.00309865477558,1.21326657079325e-15,3.30521896726949e-15
"AENJPLPP_00256",246.047522097803,-1.02129448967041,0.0904808940517983,-11.2874049308768,1.51442105070531e-29,5.9724484630564e-29
"AENJPLPP_00257",666.342990063245,-1.08814553170707,0.170755179542794,-6.37254772956604,1.85913532602514e-10,4.26949294002572e-10
"AENJPLPP_00258",1995.54174471176,-0.453524546856747,0.0651334974944641,-6.9630000583846,3.33101682675562e-12,8.07429903380103e-12
"AENJPLPP_00259",543.041275401243,0.440078653130901,0.0953093517534211,4.61737117118839,3.88631794058755e-06,7.30928586453826e-06
"AENJPLPP_00260",747.498178543296,0.960568412939348,0.278517488180985,3.44886211351711,0.000562954089713051,0.000925862812393789
"AENJPLPP_00261",1744.72078187803,0.581718602954684,0.163333567127127,3.56153736911848,0.000368689619591235,0.000613058401671298
"AENJPLPP_00262",4356.26483134511,-0.598179136127582,0.0797811338481868,-7.4977517525113,6.4921704036225e-14,1.6619294329749e-13
"AENJPLPP_00263",43.5392795830986,-1.35281549081848,0.198746368100229,-6.80674320617647,9.98328957518886e-12,2.37408456906425e-11
"AENJPLPP_00264",1.09183390856464,0.948660039269522,1.10118608780217,0.861489306646557,0.38896860815205,0.455661903717779
"AENJPLPP_00265",2.53319515523753,-0.793366696701942,1.00258429526231,-0.791321687813161,0.428756295708583,0.497628166013082
"AENJPLPP_00266",1478.27359381176,2.06841408304373,0.286437949684811,7.22115936564886,5.15462012513773e-13,1.28460466807609e-12
"AENJPLPP_00267",164.60692049812,0.727025045971545,0.172418165476932,4.21663833367266,2.47971194740506e-05,4.42879199616565e-05
"AENJPLPP_00268",5225.80480163606,4.76437308838469,0.218318126611781,21.8230760877535,1.40110562531632e-105,1.4261929895534e-104
"AENJPLPP_00269",13.8933564823187,-1.02577690337122,0.333821577535441,-3.07282983605911,0.00212039360453583,0.00330680431183565
"AENJPLPP_00270",29.3668750661883,-0.191785102695651,0.253373244697711,-0.756927208018597,0.449093473810009,0.519032848710993
"AENJPLPP_00271",4.39155736900023,0.167309918023821,0.487005049358472,0.343548631054682,0.731185762113203,0.77956925026436
"AENJPLPP_00272",6.0415553972411,-0.818985648425112,0.473389758175547,-1.73004513570699,0.0836222113597928,0.110506018783796
"AENJPLPP_00273",21.0687836542175,-0.142909383874673,0.267940887644299,-0.533361612447856,0.593783285159948,0.655096681869983
"AENJPLPP_00274",0.0690079503690043,0.791942550544679,3.11653965008542,0.254109570055678,0.799410910152732,0.835168194275375
"AENJPLPP_00275",24.3695626222671,0.238389128389384,0.315334413316327,0.755988304233209,0.449656208048974,0.519284842794772
"AENJPLPP_00276",32.6168540956441,-0.228889896505364,0.1992461469919,-1.14877953707516,0.250646899236606,0.30799019406352
"AENJPLPP_00277",740.950292198569,-2.443323043151,0.13529074486538,-18.0597944492227,6.60681460898154e-73,4.97658310421534e-72
"AENJPLPP_00278",1234.98565636751,2.54512661945768,0.144523430252258,17.6104775192181,2.0471077047946e-69,1.47912122650987e-68
"AENJPLPP_00279",96.7502399369479,1.90676258799623,0.143959991394816,13.2450868433776,4.81724300972762e-40,2.36005742899338e-39
"AENJPLPP_00280",74.0647679394602,1.69249233347929,0.204980020067048,8.2568649028607,1.49548528684913e-16,4.24683993334252e-16
"AENJPLPP_00281",402.36186837407,1.35334557491763,0.0754840687046949,17.9288901372304,7.01663712456024e-72,5.22003152007408e-71
"AENJPLPP_00282",6.47336654279571,0.217070899653609,0.392915903634498,0.552461474950973,0.580632222163475,0.642233805205047
"AENJPLPP_00283",108.808979856112,-2.58575552633092,0.148042837490477,-17.4662656442075,2.58895509711366e-68,1.83110838206654e-67
"AENJPLPP_00284",43.572018046296,0.000891346649685135,0.193454536925232,0.00460752517801962,0.99632373980435,0.996654524578522
"AENJPLPP_00285",81.2262904138016,0.508779108154133,0.116005371361317,4.38582370957171,1.15547677674046e-05,2.11253126718387e-05
"AENJPLPP_00286",273.484545851587,0.902613122357743,0.107965923364468,8.36016674734242,6.26296711185172e-17,1.79035293244869e-16
"AENJPLPP_00287",180.455925671387,-0.732063656523204,0.119556188072684,-6.12317662786429,9.17279132319003e-10,2.03967677171746e-09
"AENJPLPP_00288",8.9281744121857,1.47520562812678,0.407791962331282,3.61754464137367,0.000297411046014088,0.000498109773007475
"AENJPLPP_00289",6.64993581186473,1.5315768496111,0.546647989928093,2.80176069029829,0.00508245595161093,0.00769906474721153
"AENJPLPP_00290",0.609407937869296,2.93878564160439,2.40304918252087,1.22294028061528,0.221352253112687,0.274232869501861
"AENJPLPP_00291",1.60516778705622,-0.904799340524691,0.887105595338946,-1.01994547805663,0.307754319254196,0.368840001556441
"AENJPLPP_00292",1.36169009911361,0.315902513240046,0.930514285086609,0.339492384268602,0.734238833275098,0.781752138259446
"AENJPLPP_00293",1.91159486055466,-0.170997272565866,0.736073190413474,-0.232310149035332,0.816297130258288,0.85045064089496
"AENJPLPP_00294",1.8634674084747,0.224014630407957,0.803536836803615,0.278785763324882,0.780409240696664,0.821871038874187
"AENJPLPP_00295",1.33106820830009,-0.976202323421691,0.916150947132919,-1.06554746952639,0.286628256244061,0.346414334562116
"AENJPLPP_00296",1.81787322014336,-2.37661100254367,1.31404610338932,-1.80862071461091,0.0705099480790899,0.0943367999832584
"AENJPLPP_00297",2.59947560599282,0.117073955691829,0.655551776465678,0.178588419549434,0.858260888163254,0.884662261392898
"AENJPLPP_00298",13.300472389396,-0.192823013072534,0.318102355941662,-0.606166567052702,0.544404151220506,0.608190473721685
"AENJPLPP_00299",11.1729689622728,-0.680995408681933,0.338852310594936,-2.00971156869576,0.0444617248328933,0.0612823316200857
"AENJPLPP_00300",242.920111281046,0.599715609060167,0.128058147042477,4.6831507632329,2.82498573826835e-06,5.3600012779613e-06
"AENJPLPP_00301",14898.4503765408,-0.318591728114796,0.278856019459406,-1.14249543091242,0.253248144176698,0.31017750341642
"AENJPLPP_00302",21.4424403456393,0.181023797531791,0.338069439701871,0.535463358330846,0.592329488477938,0.653783560457543
"AENJPLPP_00303",158.391851790614,0.842459032906259,0.16549674168458,5.0904871257943,3.57144821432355e-07,7.05624489820122e-07
"AENJPLPP_00304",462.565939277237,0.66573658693691,0.408078348610816,1.63139404284304,0.102807201081702,0.134036389813573
"AENJPLPP_00305",219.342524058102,0.593389126026191,0.25012250295843,2.37239400296906,0.0176732332693293,0.0255761055910131
"AENJPLPP_00306",117.72542341651,0.714776506639374,0.424475800010649,1.68390402143406,0.092200219044769,0.121098195284171
"AENJPLPP_00308",908.685779013771,5.01009393544284,0.105021778045084,47.7052857864594,0,0
"AENJPLPP_00309",705.717367592291,4.37859287111503,0.0852683488532199,51.3507406910423,0,0
"AENJPLPP_00310",2284.04410763811,7.09805946224734,0.219941480666203,32.2724910314658,1.70164957410767e-228,3.74238698305577e-227
"AENJPLPP_00311",1715.64206648703,7.02291447968163,0.146009040576246,48.0991755850507,0,0
"AENJPLPP_00312",498.551634264242,6.53703271488264,0.571044499240189,11.4475014181567,2.42021170211364e-30,9.72279714462451e-30
"AENJPLPP_00313",2801.79133042312,6.8439392968081,0.125311813756478,54.6152760194512,0,0
"AENJPLPP_00314",7910.93853664743,7.08079197074752,0.149416045443247,47.3897696177284,0,0
"AENJPLPP_00315",2130.09693622738,3.58454881587094,0.117411257897662,30.5298561658823,1.04679566671478e-204,2.048048924553e-203
"AENJPLPP_00316",13960.3847999138,4.16218752009246,0.171131077044469,24.321634573777,1.15750507191547e-130,1.41770844783794e-129
"AENJPLPP_00317",1426.31078615852,3.80433408142428,0.144406062917149,26.3446977541862,5.90308612100418e-153,8.46952308694552e-152
"AENJPLPP_00318",67.7193454969526,-2.88262850198248,0.240558458660435,-11.9830685565354,4.358854067096e-33,1.84975032452961e-32
"AENJPLPP_00319",42.0766981635582,-1.30350391446707,0.266502739546597,-4.89114639753696,1.00250363015864e-06,1.93748777271841e-06
"AENJPLPP_00320",63.4890097895814,-0.486575301087749,0.290905634578473,-1.67262247014502,0.0944016405309118,0.123666149095494
"AENJPLPP_00321",22.8076897476852,0.203940525662963,0.292830119836785,0.696446546470812,0.486149221728371,0.555256863179523
"AENJPLPP_00322",5848.76812083189,3.12497300185251,0.0768955400246626,40.6391970308063,0,0
"AENJPLPP_00323",2801.82868536603,3.38246241003487,0.222199120708005,15.2226633447385,2.50137034641662e-52,1.48358835703805e-51
"AENJPLPP_00324",5992.8958205565,3.23607090853094,0.163052274764399,19.8468307983245,1.17374349600699e-87,1.03406115598511e-86
"AENJPLPP_00325",990.202149812697,3.07718700912768,0.401888662256514,7.65681468058832,1.90601361739775e-14,4.95070605967193e-14
"AENJPLPP_00326",0.057785917079022,-0.169842466048218,3.11653965008542,-0.0544971298675962,0.956539095227313,0.963926868588734
"AENJPLPP_00327",74.385017078226,1.17821708875777,0.214418974658331,5.49492921806579,3.90867154839735e-08,8.06632012008303e-08
"AENJPLPP_00328",112.470730355348,0.950007508114269,0.107931440661078,8.80195337239541,1.34455049542926e-18,4.0390136019226e-18
"AENJPLPP_00329",34.4047843348878,-1.47708269439041,0.217566893459945,-6.78909677341303,1.12837736771342e-11,2.68123107959032e-11
"AENJPLPP_00330",32.1661729457141,-0.440639487500207,0.227909106843089,-1.93340008920125,0.0531869302839567,0.0725451430265105
"AENJPLPP_00331",2061.84186596281,-2.98456035351133,0.0642460720546745,-46.4551412726278,0,0
"AENJPLPP_00332",166.696155668492,-1.98315901025347,0.133181197622717,-14.8906831118269,3.78878587610313e-50,2.19530997013437e-49
"AENJPLPP_00333",255.983679318795,-2.04125624882367,0.112977382015052,-18.0678310332214,5.7115364660152e-73,4.31299733636687e-72
"AENJPLPP_00334",1440.47460947034,-1.62753373388658,0.217805454084019,-7.47241955317957,7.87335036733271e-14,2.01037327599775e-13
"AENJPLPP_00335",135.396291466771,-1.87505814350012,0.178874958487584,-10.4825077772431,1.03950132606646e-25,3.74195638642561e-25
"AENJPLPP_00336",721.288821610544,-0.178712180200239,0.0952337146084744,-1.87656420769643,0.0605778468329241,0.0817014559120861
"AENJPLPP_00337",149.893420275412,0.4427654606165,0.115380284911398,3.83744468092191,0.000124321228298262,0.00021416801650238
"AENJPLPP_00338",4555.77370599477,0.685327929333119,0.0863485134238652,7.93676581285193,2.07521346768705e-15,5.60772930774985e-15
"AENJPLPP_00339",52948.4555972218,0.695596954886018,0.0323385237191105,21.5098549620852,1.25897373569206e-102,1.25191018667993e-101
"AENJPLPP_00340",395.024351467151,0.145310938529492,0.081501290686934,1.78292806536852,0.0745980138277865,0.0993211735144148
"AENJPLPP_00341",151.672845076382,-0.249359847583359,0.118365701363894,-2.106690069083,0.0351444535936073,0.0490686926216585
"AENJPLPP_00342",470.236960171981,0.653485301982158,0.201778917128367,3.23862032407691,0.0012010934602926,0.00191374648115368
"AENJPLPP_00343",211.425955984815,-1.11079617065627,0.241245675490761,-4.60441899485492,4.13618972310216e-06,7.77438529987948e-06
"AENJPLPP_00344",7778.55429894864,-4.50135316862949,0.0991635936164177,-45.3932033367157,0,0
"AENJPLPP_00345",2049.01589872764,-4.8782243561912,0.121619878433297,-40.1104196043634,0,0
"AENJPLPP_00346",115.622692907777,-0.424296772422112,0.202311948122032,-2.09724030815116,0.0359723079663682,0.0501780388438276
"AENJPLPP_00347",119.493797815456,-1.7624698613028,0.157306638491859,-11.2040399451674,3.89554242378121e-29,1.51644306496806e-28
"AENJPLPP_00348",66.2195616000823,-1.86381628911641,0.200755595305198,-9.28400668625421,1.63222484571636e-20,5.15502459134529e-20
"AENJPLPP_00349",205.195006207397,-1.78648873883653,0.204383429024222,-8.7408688041182,2.31324526219378e-18,6.8803632527047e-18
"AENJPLPP_00350",81.479009971171,-0.665114058902685,0.159835830499078,-4.16123253982481,3.16534565434558e-05,5.61341168719437e-05
"AENJPLPP_00351",118.08910980922,-0.731403117524876,0.237806749536674,-3.07561967416775,0.00210065608611162,0.00327771972421249
"AENJPLPP_00352",333.981465876627,-2.2205462451032,0.151639389069676,-14.6435979380192,1.48023273083108e-48,8.38334815412414e-48
"AENJPLPP_00353",732.298772251632,-0.390696583368703,0.0818827458074377,-4.7714152660134,1.8293593786231e-06,3.49737297448692e-06
"AENJPLPP_00354",130.465402678404,1.15415888296635,0.165405981823642,6.97773363599952,2.99979702059825e-12,7.28902292182461e-12
"AENJPLPP_00355",61.767436559906,0.649094858257982,0.139176125600689,4.66383767658761,3.10366232033606e-06,5.86290568725551e-06
"AENJPLPP_00356",265.953571880169,1.90025647799419,0.216442779635951,8.77948657465198,1.64222592219825e-18,4.90875665038029e-18
"AENJPLPP_00357",35.1237477971464,2.05417108684451,0.298433417732092,6.88318051796924,5.85307785069279e-12,1.4052050648715e-11
"AENJPLPP_00358",419.123965743156,3.9236392689741,0.148578208016932,26.4079054481999,1.11171130200643e-153,1.61037795814682e-152
"AENJPLPP_00359",85.3714579926271,0.507211881672019,0.192472633941758,2.6352415472503,0.00840774279656626,0.012528451555912
"AENJPLPP_00360",20.0266937315338,-0.89811805215202,0.274689495098748,-3.26957553229021,0.00107708976885758,0.00172162942894849
"AENJPLPP_00361",19.718367609362,-1.62657066088564,0.262615938313123,-6.19372407986239,5.87590524431609e-10,1.31825037238454e-09
"AENJPLPP_00362",2931.91356454313,-2.36955431978184,0.0974838695541074,-24.3071426136469,1.64744246370227e-130,2.00961301341496e-129
"AENJPLPP_00363",2437.21812601415,-0.0253908907855281,0.178887507614858,-0.141937752524308,0.887129173983612,0.909465873158429
"AENJPLPP_00364",5300.35482929844,0.0957723656273191,0.12551115730794,0.763058581256988,0.445428459902874,0.515192303142941
"AENJPLPP_00365",2199.30354490613,1.11470463196445,0.103034544269763,10.8187466627304,2.80588102397648e-27,1.04500859397295e-26
"AENJPLPP_00366",1020.84754168247,1.42583259393463,0.0880360123868194,16.1960151905756,5.38024154195255e-59,3.47868406993628e-58
"AENJPLPP_00367",529.443735999907,1.76384131443317,0.0996427952140679,17.7016442648344,4.0724163364992e-70,2.97099041691818e-69
"AENJPLPP_00368",173.114506371276,-0.719169134427879,0.0945686623081025,-7.60472990603211,2.8549951130037e-14,7.35222245767533e-14
"AENJPLPP_00369",562.429692298943,-0.0300695380772389,0.200212301658764,-0.150188264298008,0.880616084609005,0.905252904444535
"AENJPLPP_00370",676.02278473645,-0.0612527238703837,0.12992656301994,-0.471441116017079,0.637325760255616,0.694238075072369
"AENJPLPP_00371",400.55190816005,-3.78909783619512,0.210049503853052,-18.0390706318732,9.61472717146506e-73,7.20626193224483e-72
"AENJPLPP_00372",1821.85218394123,-2.93473617717407,0.209429648467111,-14.0129929007398,1.29816721789475e-44,6.87412623465183e-44
"AENJPLPP_00373",2465.76793385553,-3.17530679280017,0.0911580007386598,-34.8330016791771,7.70178908145095e-266,2.10959004567379e-264
"AENJPLPP_00374",894.527341241526,-2.68722473340427,0.0928381529232157,-28.9452627911158,3.21925561392832e-184,5.87855585743395e-183
"AENJPLPP_00375",1824.49396301502,0.19481049001295,0.141057536581877,1.38107111986797,0.167257094377633,0.211297956125706
"AENJPLPP_00376",2646.09818402253,0.155279473437064,0.0922066124230526,1.68403837161512,0.0921742532824562,0.121098195284171
"AENJPLPP_00377",294.414735250097,-1.58418776971694,0.113377181936195,-13.9727213418347,2.28717388375277e-44,1.20687476562997e-43
"AENJPLPP_00378",305.378440068493,-1.46988097297617,0.381179343630773,-3.85614015433103,0.000115191459820358,0.000198781138853802
"AENJPLPP_00379",430.492800872978,-1.3238979323768,0.227285819809366,-5.82481535138093,5.71757795356992e-09,1.2305044552933e-08
"AENJPLPP_00380",1120.55729466789,-2.6738689273783,0.214448651060836,-12.4685742444692,1.10790587440662e-35,4.94536355494392e-35
"AENJPLPP_00381",105.334908372077,-2.83525886736946,0.497334787690397,-5.70090598434967,1.19172351657695e-08,2.51976347750622e-08
"AENJPLPP_00382",2783.45316765348,-2.44807735061845,0.0534296857396283,-45.8186739586742,0,0
"AENJPLPP_00383",1410.19109333318,-2.66164091446712,0.205549525221771,-12.9489032465311,2.38334724441616e-38,1.12555254661848e-37
"AENJPLPP_00384",1028.1828507947,-0.442808061787768,0.0787342160801429,-5.6240867545698,1.86491915678731e-08,3.91106152985537e-08
"AENJPLPP_00385",3744.04401259735,0.137597747191604,0.0474147937362728,2.90200033257426,0.00370788146655661,0.00567963744724711
"AENJPLPP_00386",3044.94463597707,1.25240722302534,0.114032064375174,10.9829391398619,4.61654741725209e-28,1.74306483310533e-27
"AENJPLPP_00387",2570.06250196134,2.13937729090149,0.345437084293955,6.19324730369989,5.8937145171031e-10,1.32126204166902e-09
"AENJPLPP_00388",1714.93327687181,1.86989638990505,0.258866085091971,7.2234120172239,5.06991057317558e-13,1.26558745293936e-12
"AENJPLPP_00389",2024.71116942648,1.1225311397736,0.0949720267401953,11.8195976047177,3.09161814904929e-32,1.29196192553197e-31
"AENJPLPP_00390",2219.32745744179,1.70492827623294,0.0490656855254729,34.7478743642093,1.49233480040627e-264,3.97911925099476e-263
"AENJPLPP_00391",614.845782217483,2.10623505645563,0.10905523334874,19.3134707228606,4.13807088603745e-83,3.46333543878634e-82
"AENJPLPP_00392",8175.17633275076,5.5873680890539,0.0997048553506951,56.0390772284988,0,0
"AENJPLPP_00393",350.983410222135,0.878871967709864,0.077917506898451,11.2795185920834,1.65649973185344e-29,6.50721472239168e-29
"AENJPLPP_00394",275.870788237506,0.731603146288283,0.0775260891987963,9.43686382028468,3.84103732457022e-21,1.22725826711878e-20
"AENJPLPP_00395",79.9483022163619,-3.0309158893995,0.224459868466358,-13.5031527466737,1.49824743277271e-41,7.52369919157365e-41
"AENJPLPP_00396",9.96951414492091,-4.72949648540761,0.767176395410863,-6.16480970178275,7.05679539665027e-10,1.57613969830298e-09
"AENJPLPP_00397",13.0436152961672,-3.06555851178861,0.454948695994939,-6.73825101330263,1.60304463712533e-11,3.79714897142973e-11
"AENJPLPP_00398",259.599243302277,0.478299391917042,0.185593686612153,2.57713180145278,0.00996239555763112,0.0147068583121718
"AENJPLPP_00399",36.7553494118905,-1.98714019947517,0.26640519221408,-7.45908960317235,8.71223470782443e-14,2.22080906723139e-13
"AENJPLPP_00400",4.82545278862013,-1.46842047727029,0.567519703473877,-2.58743523490349,0.00966933710128917,0.0143163207303117
"AENJPLPP_00401",8.80376822507562,-1.01367205998485,0.440945849339518,-2.2988583779691,0.0215129825572563,0.0307488692813155
"AENJPLPP_00402",88.889054591982,-0.966356761617611,0.140679986150335,-6.8691843670281,6.45700124526166e-12,1.54772830166853e-11
"AENJPLPP_00403",27.5546901631524,-0.781945083169725,0.241615170333119,-3.2363244497092,0.00121079676035028,0.00192716885310903
"AENJPLPP_00404",15.0394535150825,-0.641757998319004,0.334268025197626,-1.91989047692965,0.0548717350633475,0.0746067408600478
"AENJPLPP_00405",66.3043835663209,-0.793264679346874,0.141024704187933,-5.62500509336115,1.85502501206741e-08,3.89490617516313e-08
"AENJPLPP_00406",174.254823480921,-0.421016062047319,0.105248837430217,-4.00019679387399,6.32898304557857e-05,0.000110996658418674
"AENJPLPP_00407",261.122366521191,-2.46944244494629,0.130600645271048,-18.9083479627624,9.73593346595479e-80,7.88558267014026e-79
"AENJPLPP_00408",1358.2947793232,-1.70030683961228,0.133763987144531,-12.7112452006616,5.12124039325498e-37,2.36661001608547e-36
"AENJPLPP_00409",2413.99496078813,-1.28420127363364,0.141659567355683,-9.06540445947592,1.24142814891666e-19,3.83240062775193e-19
"AENJPLPP_00410",2286.77742782452,4.6756610434502,0.234364033206543,19.9504206318619,1.48632712044155e-88,1.32103351442195e-87
"AENJPLPP_00411",50.2607290338742,2.74814646756933,0.253475991574852,10.8418412745721,2.18037882759129e-27,8.14062132284085e-27
"AENJPLPP_00412",59.8042677658734,1.24138273886423,0.218473486464792,5.68207501492076,1.33070267053652e-08,2.80574327944474e-08
"AENJPLPP_00413",81.0000455652797,-0.728801543917325,0.122855778970323,-5.93217144545862,2.98954209055609e-09,6.52244049156082e-09
"AENJPLPP_00414",17.0368712467438,-1.04625963464863,0.267921367175015,-3.90509964054183,9.41865693535096e-05,0.000163282010047252
"AENJPLPP_00415",4.05534367631604,-0.516645145688557,0.534417908014866,-0.966743699902709,0.333672175413435,0.396433069605946
"AENJPLPP_00416",0.658641474487366,-1.83310273953012,1.69179882170358,-1.08352288464432,0.278576398800956,0.338038940631204
"AENJPLPP_00417",3579.97837707762,0.740995904958166,0.182212799042501,4.06665123883712,4.76935373383105e-05,8.41831446984941e-05
"AENJPLPP_00418",59.1467080103245,1.66861852895177,0.195783502813265,8.52277390574256,1.55776693196827e-17,4.53045537260657e-17
"AENJPLPP_00419",371.544392777229,1.00851793857171,0.115209282057408,8.75379067173744,2.06303592548193e-18,6.15438340938321e-18
"AENJPLPP_00420",312.803130021748,-1.75835641817477,0.210280488623383,-8.36195706832327,6.16862937952406e-17,1.76505985949725e-16
"AENJPLPP_00421",2907.13935701401,-1.69145027128629,0.0511934119394558,-33.0403895190009,2.13770197751569e-239,5.03195004551154e-238
"AENJPLPP_00422",2146.67691533092,0.552082846591406,0.19463386350151,2.83652000047321,0.0045608121697413,0.00694728365390825
"AENJPLPP_00423",2473.75068252156,-0.228542639741616,0.158467310589107,-1.44220684311485,0.149244030685958,0.190216693932653
"AENJPLPP_00424",415.866611302384,-0.507388697862053,0.199859167851331,-2.53873116413395,0.0111255277031916,0.0163438395756784
"AENJPLPP_00425",1501.70940560514,2.3202985617597,0.303946010179779,7.63391682748947,2.27726859812207e-14,5.90482812920981e-14
"AENJPLPP_00426",1229.74200378452,2.49152981046623,0.0776311010765936,32.0944798658465,5.2644054252246e-226,1.141126154403e-224
"AENJPLPP_00427",3931.51985266971,2.9438099110133,0.0948240706147686,31.04496455307,1.33413041152656e-211,2.67982328661969e-210
"AENJPLPP_00428",452.703028254797,0.36630723466155,0.0691176406058474,5.29976474096484,1.15951991575728e-07,2.34787197995745e-07
"AENJPLPP_00429",1.1665891077112,1.01853822117067,1.13904965617461,0.894200016346379,0.371214883507396,0.437073248928403
"AENJPLPP_00430",6833.74745572536,0.655473435305451,0.085994677404575,7.62225587778738,2.49280263960895e-14,6.45258965046545e-14
"AENJPLPP_00431",3679.71147369441,0.211360126838216,0.166432319540374,1.26994641078077,0.204103719690579,0.254432977835214
"AENJPLPP_00432",2143.66370151379,0.219210485927099,0.168674242602846,1.29960853859142,0.193735171693576,0.242813674006966
"AENJPLPP_00433",1885.73682515607,0.197707458947072,0.355290382587093,0.55646724098592,0.577891482993556,0.639907033538987
"AENJPLPP_00434",1137.54647088419,1.36899857601508,0.129479259050697,10.5731109835827,3.97099026729823e-26,1.43978263241511e-25
"AENJPLPP_00435",1127.41167155646,1.09127411179263,0.114307451376608,9.54683267495152,1.33722027351914e-21,4.33696952003569e-21
"AENJPLPP_00436",609.058424338254,1.24016449811333,0.143231604500923,8.65845566999383,4.78198538382821e-18,1.40704316030023e-17
"AENJPLPP_00437",502.848296270141,1.42485574803505,0.322062889510326,4.42415377382175,9.68210406278734e-06,1.78205128534992e-05
"AENJPLPP_00438",677.462262068931,1.67452249858084,0.163927440901748,10.215022508553,1.69839726198781e-24,5.8954734451259e-24
"AENJPLPP_00439",4524.05473547033,1.62726205341226,0.126197314768777,12.8945854069382,4.82852886886292e-38,2.27318085654437e-37
"AENJPLPP_00440",1662.12347218096,1.68758521612729,0.150727279545625,11.1962825920735,4.25203852603502e-29,1.65095258749272e-28
"AENJPLPP_00441",1123.17178600501,1.61915499884436,0.12936648681047,12.5160313058244,6.10102649512317e-36,2.73955183752699e-35
"AENJPLPP_00442",751.364844408442,1.55983549062373,0.190215473410109,8.20036068916796,2.39666835056967e-16,6.72361428330205e-16
"AENJPLPP_00443",906.283396110227,1.29044973163899,0.15812964940788,8.16070696716975,3.33069316796295e-16,9.30925650748828e-16
"AENJPLPP_00444",866.500090315857,1.7987696174348,0.143247568692611,12.5570690927028,3.6355183314566e-36,1.64967119468053e-35
"AENJPLPP_00445",3208.98466059919,0.345209386791134,0.0716564250385057,4.817563625392,1.45321758734121e-06,2.79065939493885e-06
"AENJPLPP_00446",1428.37540184776,0.688251664088751,0.172484693709776,3.99021877991567,6.60123763413821e-05,0.00011563679646313
"AENJPLPP_00447",689.899026465426,0.515328727327577,0.15980488926946,3.22473692565587,0.00126088476056218,0.00200160473317905
"AENJPLPP_00448",993.310745904415,0.555403171641105,0.327578587423418,1.695480696738,0.0899842690653424,0.118342471712735
"AENJPLPP_00449",9968.6707866752,3.69757306289271,0.044915425219375,82.3230114116275,0,0
"AENJPLPP_00450",1878.45623992364,1.37465116330535,0.12792150288485,10.7460523235312,6.18525149990638e-27,2.28104807456768e-26
"AENJPLPP_00451",1003.50342629835,-0.0202280737061703,0.177769372454768,-0.113788294501165,0.909405617956166,0.926314782590239
"AENJPLPP_00452",307.416308410388,0.0449108195593675,0.133609565883724,0.336134761476973,0.736769246064515,0.783139535455494
"AENJPLPP_00453",1220.64459041881,0.135420700730596,0.0715005598360728,1.8939809847793,0.0582275338784476,0.0788138183179527
"AENJPLPP_00454",1307.01677326679,0.457106409452873,0.0578958736017324,7.89531932098171,2.8957288561168e-15,7.7761417499821e-15
"AENJPLPP_00455",9301.62489126153,-2.07522454111111,0.1454400865012,-14.2685870933801,3.43466989684535e-46,1.86126985597033e-45
"AENJPLPP_00456",149.269493130698,0.643933449738481,0.206163806760721,3.12340686687963,0.00178770432368105,0.0028112490225736
"AENJPLPP_00457",7666.44833214044,-0.813354262031206,0.0918416863521513,-8.85604668573416,8.29021708005272e-19,2.50034274896885e-18
"AENJPLPP_00458",1952.16135350225,0.105719515248133,0.153178568766861,0.690171713309576,0.490086209545071,0.558694570321339
"AENJPLPP_00459",90.5310123950136,1.07576230446102,0.458815426909603,2.34465155565263,0.0190448686514423,0.0274818914017221
"AENJPLPP_00460",52.616457844275,-0.893391025128154,0.200208735115893,-4.46229793425849,8.10853788043335e-06,1.50067718880502e-05
"AENJPLPP_00461",27.0191718648475,0.141863912320191,0.226254831668749,0.627009426821385,0.530653055888072,0.595477712249818
"AENJPLPP_00462",46.6368371662572,-0.296870713967134,0.165545613595684,-1.79328649982952,0.0729271249358145,0.0972684495049177
"AENJPLPP_00463",136.591766747483,0.886277516072824,1.00643939111835,0.880606943541824,0.378530599088457,0.444817743780624
"AENJPLPP_00464",917.225023590643,-0.114376419691802,0.205465702174139,-0.556669159288027,0.577753492094232,0.639907033538987
"AENJPLPP_00465",6063.19645913068,0.250136292201838,0.0450697279638443,5.54998451294184,2.85694905408789e-08,5.93654310342539e-08
"AENJPLPP_00466",5744.50077930728,-0.484763633163663,0.108759570073597,-4.45720438978956,8.30354252152109e-06,1.53488181701491e-05
"AENJPLPP_00467",4223.43657111857,-0.252271912259059,0.0672388121257932,-3.75187937269174,0.000175513913017339,0.000299447010147928
"AENJPLPP_00468",382.319153059328,-0.639718828285725,0.237201952243139,-2.69693745028707,0.00699804139480753,0.0104848825074864
"AENJPLPP_00469",584.923091148404,-1.45846581279061,0.183896514969673,-7.9309051236296,2.17554382228467e-15,5.86307114181011e-15
"AENJPLPP_00470",6649.9266683607,-0.811947748647497,0.063315149719194,-12.8239094789877,1.20469638474366e-37,5.62751970113588e-37
"AENJPLPP_00471",0,NA,NA,NA,NA,NA
"AENJPLPP_00472",43.7525245213836,-2.07930089204834,0.211147917471789,-9.84760312554895,7.01980444392977e-23,2.33451112467554e-22
"AENJPLPP_00473",1696.54857015778,0.5926656008177,0.0942003891425125,6.29154089715146,3.14329975568411e-10,7.12087380742573e-10
"AENJPLPP_00474",969.812377082534,-0.373791973520566,0.0640064986249797,-5.83990659621376,5.22300965090102e-09,1.12728711161639e-08
"AENJPLPP_00475",288.927556088965,0.504080592883588,0.117862803881335,4.27684202550533,1.89563221012482e-05,3.41191149886863e-05
"AENJPLPP_00476",135.872879150792,0.734343436870903,0.141028006827284,5.20707520010721,1.91840362450691e-07,3.83808108940194e-07
"AENJPLPP_00477",2090.56422729546,2.52269329136441,0.0564769195913453,44.667685660232,0,0
"AENJPLPP_00478",6806.0061585232,0.829754120790424,0.174321271065762,4.75991320919981,1.93676225290238e-06,3.69801309758863e-06
"AENJPLPP_00479",857.86396044284,-0.292416765102278,0.162250122926658,-1.80225912823782,0.0715046457648867,0.095498004295037
"AENJPLPP_00480",6142.33740325323,1.80553070513654,0.123173426515735,14.6584434338675,1.18969100495968e-48,6.77606615868341e-48
"AENJPLPP_00481",428.417642999598,-1.586051263986,0.0930985781877712,-17.0362565665297,4.42141893404966e-65,3.00716371293265e-64
"AENJPLPP_00482",103.567936426476,0.167313481411475,0.84438931522537,0.198147321850962,0.842929801279025,0.871866629335291
"AENJPLPP_00483",37023.1622853903,1.43574191207884,0.0769770176398914,18.6515658322258,1.22632578607255e-77,9.59719374918593e-77
"AENJPLPP_00484",2091.89147342687,-0.17446852091575,0.425611797678968,-0.409924071342,0.681861646890384,0.737701270389604
"AENJPLPP_00485",1814.55156998469,-0.057295006336908,0.0500643127060545,-1.14442810137647,0.252446139631202,0.309422803654185
"AENJPLPP_00486",1431.52010728898,3.53160716285788,0.106624369440091,33.1219512143721,1.43576691905378e-240,3.40627222607012e-239
"AENJPLPP_00487",3322.45775908453,-2.33387594351445,0.0647587456945393,-36.0395483032225,2.01067155243217e-284,5.99817167077044e-283
"AENJPLPP_00488",7637.28190176793,-1.79388897787137,0.0648884702467417,-27.6457276778143,3.14118303891398e-168,5.00761084457557e-167
"AENJPLPP_00489",1080.9406370771,0.916784338314038,0.0856421172100802,10.7048303822892,9.66074218055724e-27,3.55406791086923e-26
"AENJPLPP_00490",1104.76625024299,0.241326008732019,0.0900228534758041,2.68071938862593,0.00734640911989366,0.0109904323129293
"AENJPLPP_00491",1206.4203271725,-0.673326006857996,0.0447264831152781,-15.0543025062481,3.23493162481918e-51,1.89627412170821e-50
"AENJPLPP_00492",6256.58102317745,1.26785352033817,0.159228203587696,7.96249340111338,1.68606606629507e-15,4.57668203400635e-15
"AENJPLPP_00493",6128.81763569161,-1.16614428357881,0.104979872076583,-11.1082654275679,1.14359317644955e-28,4.40056991142083e-28
"AENJPLPP_00494",10117.6249334102,2.81810388662698,0.230586167924704,12.2214784693729,2.3870358860423e-34,1.04083055349428e-33
"AENJPLPP_00495",1245.0811115379,-1.92081119459805,0.0753147989050468,-25.5037684827349,1.79035828551412e-143,2.41899081356683e-142
"AENJPLPP_00496",10.3000277874706,0.386188823540476,0.801741397059142,0.481687517891743,0.630027944443351,0.687780506017325
"AENJPLPP_00497",680.670656107512,-0.00834537405565253,0.0663743706201451,-0.125731874783603,0.899944169651086,0.918229523589137
"AENJPLPP_00498",1315.35581932157,-1.93999759771327,0.140631558633391,-13.7948950901596,2.73550535864349e-43,1.41860200440496e-42
"AENJPLPP_00499",3416.06122006447,-3.22933034724682,0.0617456562384186,-52.3005267735337,0,0
"AENJPLPP_00500",4569.09560045329,-3.65861668264289,0.166890971502739,-21.9221965676127,1.59569211873681e-106,1.64089431868738e-105
"AENJPLPP_00501",4108.65739484208,-0.398028803484534,0.127822782367656,-3.11391127709681,0.00184624998369262,0.00290180031344073
"AENJPLPP_00502",612.802192743601,-1.20914818680204,0.134257629480525,-9.0061785797986,2.13361607811705e-19,6.52648248057529e-19
"AENJPLPP_00503",877.472458302656,-0.68893838050078,0.233228926037588,-2.95391481753747,0.00313770600692771,0.00483823346922886
"AENJPLPP_00504",208.17196086085,-0.463394646949575,0.120782761766459,-3.83659588646912,0.000124751500941354,0.000214786441335029
"AENJPLPP_00505",2294.12546435896,-0.731367128796211,0.0569134045386343,-12.8505250164702,8.54284720572656e-38,4.00304799857763e-37
"AENJPLPP_00506",666.331034490962,-1.47026635601278,0.0609821290508772,-24.1097905057749,1.97342464667585e-128,2.32262830485716e-127
"AENJPLPP_00507",766.769837144263,-0.250413747029264,0.160796497222315,-1.55733334590644,0.119391362274852,0.154190387712872
"AENJPLPP_00508",529.292851690209,-0.491147854687397,0.0614646370332237,-7.99073871406602,1.34132570485653e-15,3.65078080282992e-15
"AENJPLPP_00509",4136.73260558263,-0.316387320466944,0.0678215013018149,-4.66500024909472,3.08616664945616e-06,5.83351324643125e-06
"AENJPLPP_00510",2923.04909023999,0.0508553768116247,0.0536359916085738,0.948157669625248,0.343049193204625,0.406931976033675
"AENJPLPP_00511",2376.60428421637,-1.65840787915582,0.10335165114925,-16.0462639997973,6.07102262939345e-58,3.8347989900131e-57
"AENJPLPP_00512",6271.23530293868,-1.82054076868385,0.0840321736920636,-21.6648063318608,4.40761264028545e-104,4.44151735290303e-103
"AENJPLPP_00513",2776.59466039621,-2.79965635934705,0.0836402051550953,-33.4726146851937,1.20679890850261e-245,2.93232670267611e-244
"AENJPLPP_00514",3430.5115486972,0.73847146905485,0.0455000694947729,16.2301173878358,3.08868184940361e-59,2.00997805880196e-58
"AENJPLPP_00515",7266.14449463898,0.492355359890739,0.078422866432415,6.27821172942016,3.42489313777059e-10,7.7413376024777e-10
"AENJPLPP_00516",5089.83306459428,0.598290704383848,0.0815137015467288,7.33975629901766,2.13983121821074e-13,5.39975834210132e-13
"AENJPLPP_00517",1903.9512063574,0.420665179766664,0.0512381833009364,8.20999404479229,2.21199466789625e-16,6.22291310398824e-16
"AENJPLPP_00518",0.500837070247223,-0.945475850164906,1.64251201450634,-0.575627966075529,0.564866674004786,0.627791696339513
"AENJPLPP_00519",1403.00464740936,-0.954930046828821,0.125501899864449,-7.60888917108198,2.76461686248508e-14,7.12556938123827e-14
"AENJPLPP_00520",2544.48777781721,-1.0286775815,0.0553233832126179,-18.5939022844391,3.60007346542615e-77,2.81010915837539e-76
"AENJPLPP_00521",210.039251987944,-2.14238179832133,0.186476868844788,-11.4887267873664,1.50310909064111e-30,6.07901703369352e-30
"AENJPLPP_00522",569.618701286588,1.1765976688776,0.0661914434661548,17.7756762394708,1.09074516397475e-70,8.01564677818517e-70
"AENJPLPP_00523",858.766254648579,1.06767350862736,0.493823986624823,2.16205275066663,0.0306141104105898,0.043002477700283
"AENJPLPP_00524",337.220362141077,-0.366013260554712,0.083442815502571,-4.38639634041872,1.15244047643376e-05,2.10825935367026e-05
"AENJPLPP_00525",1814.30054287087,2.45015055148199,0.194645793543808,12.5877395389515,2.46635381581705e-36,1.12252629109619e-35
"AENJPLPP_00527",455.174847821917,-0.0343574080972843,0.168288862716979,-0.20415734911148,0.838230539835952,0.867899868221898
"AENJPLPP_00528",18372.6836995209,7.71683375805257,0.365375452166393,21.1202852088112,5.17813964142722e-99,4.96870533108924e-98
"AENJPLPP_00529",780.347354023477,1.26859557001698,0.129982533333019,9.75973877018386,1.67586334927814e-22,5.54267428251924e-22
"AENJPLPP_00530",2193.30547803222,1.12115159456244,0.309068027072081,3.62752370467929,0.000286152510682222,0.00048058947306886
"AENJPLPP_00531",41.119612262831,-0.0428004573412409,0.238158150905337,-0.179714434204913,0.857376761087214,0.884078090744618
"AENJPLPP_00532",931.687924545855,3.54988178309823,0.110721575838397,32.0613372436049,1.52586324953373e-225,3.2838756934608e-224
"AENJPLPP_00533",394.66395866248,3.39443392235222,0.252677448824278,13.4338617796986,3.82910615632942e-41,1.91646127060142e-40
"AENJPLPP_00534",791.863096318891,2.74193609604659,0.130098220514839,21.0758923926546,1.32386978154118e-98,1.26629195294717e-97
"AENJPLPP_00535",1676.81646567184,1.70588690958443,0.393009947683071,4.34056929001727,1.4211404531981e-05,2.58101035894266e-05
"AENJPLPP_00537",204.814762654274,0.704060773320158,0.177228588839638,3.97261400053923,7.10881953359153e-05,0.000124239404029648
"AENJPLPP_00538",7546.7614248446,1.91992961195736,0.390398250231497,4.9178745315044,8.74889564674158e-07,1.6941145619301e-06
"AENJPLPP_00539",783.594645534274,-0.82332586687379,0.122047927626287,-6.74592254769639,1.52057722175701e-11,3.60464136046725e-11
"AENJPLPP_00540",1231.58859081714,0.000242682232007857,0.0428109484204991,0.00566869553143685,0.995477059579031,0.996469229405854
"AENJPLPP_00541",1952.43591221751,0.565825390645966,0.0745986979056686,7.58492314921452,3.32684194404478e-14,8.55270885444277e-14
"AENJPLPP_00542",1262.18388167658,0.213817187393378,0.116382900741466,1.83718730183872,0.0661822495948426,0.0887832226310155
"AENJPLPP_00543",678.382765844302,0.830307007048299,0.139433612582258,5.95485544461859,2.60301805444347e-09,5.69977717880681e-09
"AENJPLPP_00544",663.284033173095,-1.53807146500774,0.153136723583652,-10.0437793692743,9.78515869998812e-24,3.34270784161726e-23
"AENJPLPP_00545",2159.19879099263,-2.20859208634451,0.0584361303096851,-37.794975037532,1.37412013687278e-312,4.45185373376105e-311
"AENJPLPP_00546",350.339513072592,-1.010138059605,0.118848043665253,-8.49940839119029,1.90559373315234e-17,5.53669616006559e-17
"AENJPLPP_00547",341.86122754615,-1.309170921398,0.253860997001999,-5.15703844568014,2.50886305128896e-07,4.98957384391659e-07
"AENJPLPP_00548",3792.59997995451,-2.33568811329572,0.190291014782636,-12.2742953258393,1.24470783650208e-34,5.45102428979764e-34
"AENJPLPP_00549",1317.885735661,0.605374088214518,0.105032298308031,5.76369457744439,8.22922787541761e-09,1.74733358623208e-08
"AENJPLPP_00550",541.090152132221,1.5957327691601,0.0631729014274786,25.259766974483,8.84647343743741e-141,1.15387118904757e-139
"AENJPLPP_00551",342.073294734682,-0.35290475619736,0.158693639062621,-2.22381160506441,0.0261611222742657,0.0370585150034615
"AENJPLPP_00552",188.866800728702,-0.665634836211645,0.0888933871258987,-7.48801297523869,6.99241159704512e-14,1.78694963035598e-13
"AENJPLPP_00553",81.0676734470712,-0.654356761996872,0.233022069395471,-2.80813213827544,0.00498297759439847,0.00755216875851237
"AENJPLPP_00554",40.4353658356665,-0.83662413369944,0.198647126259618,-4.21160954831045,2.53557537684938e-05,4.52588187822701e-05
"AENJPLPP_00555",2198.28525708189,-0.295457320199752,0.0897030828886718,-3.29372537359096,0.000988690449755575,0.00158796293264324
"AENJPLPP_00556",563.05186746292,-0.0684954480420576,0.047981341988203,-1.42754339924253,0.15342332501732,0.194883844130348
"AENJPLPP_00557",908.118555167743,-0.405123637606102,0.140671964418783,-2.87991739704466,0.0039777937422082,0.00608071666426855
"AENJPLPP_00558",1995.85305931073,0.561685771927871,0.0561234287340562,10.0080444940285,1.40502214849863e-23,4.78883680251852e-23
"AENJPLPP_00559",1590.04437587774,0.351693414107301,0.065997847135517,5.32886191552808,9.88300976693076e-08,2.00792369708445e-07
"AENJPLPP_00560",2896.23488339761,-0.0668598685303206,0.10208763604795,-0.654926209662812,0.512515264433999,0.579657842244609
"AENJPLPP_00561",14458.4960411568,-0.163835493049903,0.0796969820891169,-2.05573020151131,0.0398085291221252,0.055298800481772
"AENJPLPP_00562",3811.0818420165,-0.400632293826282,0.0926926691217272,-4.32215727114469,1.54510984365254e-05,2.79772593685402e-05
"AENJPLPP_00563",1333.3060922914,-0.174277309481091,0.306895253383362,-0.567872287237333,0.570121690719563,0.632562816813977
"AENJPLPP_00564",1842.15890622329,-0.654732214685327,0.0663678004517366,-9.86520888486361,5.89117009142192e-23,1.97004389405708e-22
"AENJPLPP_00565",11200.3008494213,-1.56426403822306,0.11269968712848,-13.8799323944863,8.38229731087262e-44,4.39232379089725e-43
"AENJPLPP_00566",717.845978312563,-0.628076639374624,0.123796336176894,-5.07346710549785,3.90632027367188e-07,7.70271137733859e-07
"AENJPLPP_00567",409.92993430455,-0.453348309699627,0.211969724221834,-2.13874085728008,0.0324566616917781,0.0455481703201339
"AENJPLPP_00568",5410.23627411204,-1.05719582721461,0.0641917169172785,-16.4693495981261,6.09218482546305e-61,4.00780630548475e-60
"AENJPLPP_00569",6500.60244822674,-1.11396781658616,0.064222093204404,-17.3455544813942,2.13111849771589e-67,1.47950692018847e-66
"AENJPLPP_00570",2161.04047314207,-1.48935384599683,0.166579371346058,-8.94080601914865,3.86342026133032e-19,1.17580659064528e-18
"AENJPLPP_00571",4045.21935152843,-1.89726487188667,0.0419763733500804,-45.1983990151696,0,0
"AENJPLPP_00572",412.40650572239,0.299305185565181,0.07857401097829,3.80921352796764,0.000139409525959189,0.000238795282384898
"AENJPLPP_00573",2443.09608101514,-0.0466942848397668,0.149285024825325,-0.312786127707068,0.754443155436145,0.799274693153694
"AENJPLPP_00574",11.4904516969716,0.219261216669972,0.376828313199787,0.58185971963769,0.560661174320945,0.624499858864697
"AENJPLPP_00575",8.52966863562973,-0.0798105657549509,0.352976624111488,-0.226107227230273,0.821118023626409,0.853996757054322
"AENJPLPP_00576",3.91872083590875,-0.837734322481433,0.731554027115115,-1.14514347735196,0.252149727848142,0.309209251121877
"AENJPLPP_00577",25.9484242107355,-0.211629180107525,0.254775317660703,-0.830650245285387,0.406171241364587,0.474338740399807
"AENJPLPP_00578",27.4132783414817,-0.00452700441664245,0.243397665756479,-0.0185992104836853,0.985160832670629,0.988112379772505
"AENJPLPP_00579",38.0114037547736,-1.19733704089122,0.192528301208861,-6.21901836443418,5.0027475872952e-10,1.12403269802539e-09
"AENJPLPP_00580",22860.8525305435,5.71033920739281,0.110242051169337,51.798194489519,0,0
"AENJPLPP_00581",28497.1444580544,7.90139700561924,0.189659290690924,41.661006834069,0,0
"AENJPLPP_00582",26705.5296724178,7.9093714180455,0.227428318048442,34.7774256342203,5.33771588463196e-265,1.43594088932108e-263
"AENJPLPP_00583",6578.45161623356,7.81341663030624,0.197524582237096,39.5566796892526,0,0
"AENJPLPP_00584",19918.8258045264,8.08317323040036,0.227788465424856,35.4854369615431,8.24544707035449e-276,2.36605066885505e-274
"AENJPLPP_00585",20285.7725414427,8.33508598046871,0.241329714884935,34.5381669407883,2.14583456027168e-261,5.52598250435776e-260
"AENJPLPP_00586",42994.418075914,8.39397982882791,0.267508364684572,31.3783826488025,3.99086352455028e-216,8.1799127887551e-215
"AENJPLPP_00587",11546.2021242395,8.48316687221585,0.296825420743206,28.5796507959974,1.20298378526659e-179,2.11964335965394e-178
"AENJPLPP_00588",3045.96284949261,8.68023071248242,0.2726589650635,31.8354861739494,2.09058406031071e-222,4.37425678730289e-221
"AENJPLPP_00589",14287.235527482,8.45291006842527,0.252267542897115,33.5077195082236,3.72044645404751e-246,9.11358143580906e-245
"AENJPLPP_00590",1075.62248698675,3.0757713134214,0.145067212550878,21.202387909278,9.07719617602213e-100,8.79408105413333e-99
"AENJPLPP_00591",19422.8690437222,3.71709078692847,0.111411009816331,33.3637653321369,4.60059654130134e-244,1.10892779031528e-242
"AENJPLPP_00592",7008.51543114724,3.47327535384186,0.0702243874310851,49.4596746358289,0,0
"AENJPLPP_00593",2576.23744912358,5.46935286834181,0.136913539273394,39.9474945821128,0,0
"AENJPLPP_00594",7459.95810214734,1.15219582549162,0.0472378728869239,24.3913570843822,2.11235392014075e-131,2.59776422913636e-130
"AENJPLPP_00595",4262.38743491405,1.49511867988345,0.0377766528097362,39.5778495096876,0,0
"AENJPLPP_00596",53.2311344358305,0.365193233170877,0.172700398334063,2.11460562160641,0.0344635741376091,0.048162685007707
"AENJPLPP_00597",10.4561983814536,0.74936539926169,0.448782994643159,1.66977226901731,0.09496442896371,0.124295319056324
"AENJPLPP_00598",14.7331044777379,0.0442860451462208,0.307083524634368,0.144214982548968,0.885330710257216,0.908549533380447
"AENJPLPP_00599",13.4808696121412,0.201877004386372,0.343618143060488,0.587503915213334,0.556865321737511,0.620727640982905
"AENJPLPP_00600",19.0194539323474,-0.556820909782322,0.26062428914246,-2.13648893437541,0.0326395819727166,0.0457622431288019
"AENJPLPP_00601",2669.75550493777,1.02174234330127,0.152290919045502,6.7091481862815,1.9576379065708e-11,4.62979828296531e-11
"AENJPLPP_00602",2164.82652508164,0.816156079467752,0.0670154008251584,12.178634603665,4.03988435801071e-34,1.7513915929045e-33
"AENJPLPP_00603",4212.22616908068,0.749112226935459,0.093455531057564,8.01570777522031,1.09504579987356e-15,2.99127198097827e-15
"AENJPLPP_00604",823.204937289235,0.693270532783532,0.210640630542031,3.291247899323,0.000997439734191178,0.00160025874287434
"AENJPLPP_00605",1015.16755808866,0.12466559742078,0.134379910338391,0.927710080374745,0.353557978113627,0.417916903905986
"AENJPLPP_00606",412.992889223702,1.31068645817824,0.118352803889607,11.0744014092034,1.66992346863333e-28,6.40137329642777e-28
"AENJPLPP_00607",224.102996241825,0.0666938162408843,0.174802786469834,0.381537489120024,0.702804458830474,0.754381843411549
"AENJPLPP_00608",2733.94932319811,1.31700844449162,0.0503727875624024,26.1452365100918,1.11644765683335e-150,1.57927548828117e-149
"AENJPLPP_00609",573.259305720891,1.58107906422845,0.24181570547898,6.53836383826562,6.21954720369709e-11,1.45154885551815e-10
"AENJPLPP_00610",529.950486400703,3.9448970373089,0.261079829050814,15.1099265372244,1.3929494975413e-51,8.21322277121707e-51
"AENJPLPP_00611",205.973919811903,3.67086142680798,0.128597104311754,28.5454438998007,3.19963181763306e-179,5.60493643402814e-178
"AENJPLPP_00612",175.776495919862,2.94836864344479,0.147387622134758,20.0041808174981,5.06438145782358e-89,4.51449151846818e-88
"AENJPLPP_00613",146.99775833607,1.83773493828645,0.425821170089272,4.31574347959537,1.59066613798951e-05,2.87675694703625e-05
"AENJPLPP_00614",13.8853381314524,0.0279456012289154,0.314967916443703,0.0887252312694216,0.929300279958288,0.943072328566629
"AENJPLPP_00615",7164.27753317096,-0.538707542820217,0.266790947360846,-2.01921222646132,0.043465166083452,0.0600461006003856
"AENJPLPP_00616",1767.64281668897,-0.178482821763586,0.26041906455452,-0.685367724781991,0.493111905290484,0.561931229440328
"AENJPLPP_00617",2897.06966342217,-0.318426361005147,0.0747801817142083,-4.25816511414876,2.06111694784867e-05,3.69431609986201e-05
"AENJPLPP_00618",63.1907063733052,0.20374596806719,0.15741865727617,1.2942936472247,0.195564009989041,0.244902062384447
"AENJPLPP_00620",382.095830478385,-0.981912022246157,0.303047029455574,-3.24013082725203,0.001194748691935,0.0019046443432805
"AENJPLPP_00621",255.550574005317,-0.563231863417058,0.1035611736727,-5.43863924521679,5.36890407185822e-08,1.09969462736294e-07
"AENJPLPP_00622",10.8026771407973,0.115899732795051,0.476248842146407,0.243359610645355,0.807726829411141,0.842104130455283
"AENJPLPP_00623",814.910315136886,-1.2015177022834,0.614820855892082,-1.95425657859319,0.0506708811926051,0.069175969657145
"AENJPLPP_00624",90.0676505551312,1.30136487899773,0.115952049683032,11.2233020680113,3.13347427328393e-29,1.22294792557053e-28
"AENJPLPP_00625",747.600990711809,2.0341118122954,0.073326145740769,27.7406072792456,2.2620029131494e-169,3.66420149318234e-168
"AENJPLPP_00626",611.906869484301,0.481468366407564,0.0552036430566556,8.72167740656957,2.74110341582656e-18,8.12888247232816e-18
"AENJPLPP_00627",1941.83595284916,0.928984311093004,0.33768645113637,2.75102630847883,0.00594088718843277,0.0089589054548288
"AENJPLPP_00628",729.652364933277,1.82298327799626,0.183962581740356,9.9095330188897,3.78410695194998e-23,1.2753371640073e-22
"AENJPLPP_00629",513.524521782923,1.59240344064274,0.258154556369018,6.16841113726649,6.89795973929447e-10,1.54295120226386e-09
"AENJPLPP_00630",736.398961563614,1.37355449118296,0.11398707483217,12.0500898299682,1.93738678049279e-33,8.32717028477145e-33
"AENJPLPP_00631",398.472239995821,1.65347432427339,0.212294761865883,7.78857805883108,6.77675004436288e-15,1.79580896074454e-14
"AENJPLPP_00632",1681.79643599014,0.695235608778203,0.0796075672520015,8.73328544982918,2.47379729621097e-18,7.34340024973759e-18
"AENJPLPP_00633",91.5723782836569,0.968095726977206,0.33461254480107,2.89318419771963,0.00381357576596583,0.00583560374954548
"AENJPLPP_00634",831.489174430313,0.686692850737255,0.151454076704977,4.53400044209369,5.78769075356364e-06,1.08044065926191e-05
"AENJPLPP_00635",1436.67663849347,0.199963501062689,0.0479688667157993,4.16861007468471,3.0646275077079e-05,5.44120370107478e-05
"AENJPLPP_00636",48.6731325280902,-1.62774156262728,0.210194800914215,-7.7439668133923,9.63621702558765e-15,2.54015064725246e-14
"AENJPLPP_00637",778.240059854175,-2.66106141574705,0.243843459945776,-10.9129907209272,9.9914199725564e-28,3.75363446101153e-27
"AENJPLPP_00638",5002.36610294493,1.53393903997272,0.164261280313818,9.3384091311243,9.77923780632295e-21,3.09504658723225e-20
"AENJPLPP_00639",726.311234529553,1.07852798397839,0.0896578997308086,12.0293692716045,2.4905610676501e-33,1.06591768420877e-32
"AENJPLPP_00640",405.541344154921,4.0175789833141,0.220850610174782,18.1913872917742,6.03920360526493e-74,4.59497991481395e-73
"AENJPLPP_00641",324.331415651482,4.01816888973624,0.188812382425883,21.2812784739557,1.69263670262533e-100,1.65045772977674e-99
"AENJPLPP_00642",784.969430560231,0.740758778789522,0.272129685352578,2.72208001795091,0.00648724325217503,0.0097438005577285
"AENJPLPP_00643",241.275014733403,3.08977997664569,0.19716741163188,15.6708451517051,2.39375069444973e-55,1.46891463184869e-54
"AENJPLPP_00644",690.549181742868,-1.40346980815052,0.0775307983871311,-18.102094101271,3.06779363629364e-73,2.32242769501325e-72
"AENJPLPP_00645",4092.17801214753,-1.15947382284693,0.0693178577632188,-16.7269136736387,8.34520595376047e-63,5.57518969815527e-62
"AENJPLPP_00646",984.549422610112,-1.0161543432016,0.0778101222977963,-13.0594106935413,5.61608364666615e-39,2.70307668169411e-38
"AENJPLPP_00647",3298.64822505638,-0.993088826908114,0.0897159417428176,-11.0692571199323,1.7686062919699e-28,6.76245020013364e-28
"AENJPLPP_00648",10997.4050718563,-0.530074890370202,0.055877016104511,-9.48645663860725,2.3902110227681e-21,7.71060579400459e-21
"AENJPLPP_00649",6995.28814145279,-1.0036178824805,0.0560648675469939,-17.9010122808059,1.15797869292434e-71,8.59357094034739e-71
"AENJPLPP_00650",1039.40211171794,0.268976307015758,0.080432508735539,3.34412430053809,0.000825427452970771,0.00133782297783805
"AENJPLPP_00651",1104.64984307249,-0.786491724934809,0.336770126281056,-2.33539635364935,0.0195227247406476,0.0280907209377131
"AENJPLPP_00652",2516.09324457668,-0.72340776071959,0.192495940101965,-3.75804165187277,0.000171248380056198,0.00029233505331973
"AENJPLPP_00653",3145.09835680115,-1.04061937532414,0.080831861101166,-12.873876230831,6.31515414975522e-38,2.96379430735397e-37
"AENJPLPP_00654",4537.01439934946,-1.03129418789139,0.130017253540848,-7.931979485841,2.15680070331503e-15,5.82297537552704e-15
"AENJPLPP_00655",1278.64536514509,-2.06114208632144,0.250770340392095,-8.21924188920712,2.04793612438365e-16,5.76675845118498e-16
"AENJPLPP_00656",1619.54761242928,-2.06807264451601,0.259832757118716,-7.9592452754951,1.73091815904421e-15,4.69420019189936e-15
"AENJPLPP_00657",3024.81273513762,-1.58817450662945,0.16749454860045,-9.48194744187142,2.49580969715025e-21,8.04264664974729e-21
"AENJPLPP_00658",5695.56022117321,-2.30521210387526,0.0820624902852474,-28.0909352843473,1.26414619373678e-173,2.11604026762717e-172
"AENJPLPP_00659",256.082509411866,-2.02909646021772,0.136432718913878,-14.8725062167717,4.97167819501047e-50,2.87517589281507e-49
"AENJPLPP_00660",923.90068572987,-0.739951664482029,0.0920762369867842,-8.03629349653195,9.25967973804705e-16,2.54093033248959e-15
"AENJPLPP_00661",1188.4074132835,-1.06223352341909,0.0434869955766779,-24.426463804475,8.95343938173416e-132,1.11015279247593e-130
"AENJPLPP_00662",1343.57500386871,5.01796681372127,0.0765253297228919,65.5726258467879,0,0
"AENJPLPP_00663",3898.81752676985,4.98862118112099,0.15385621743601,32.4239167207903,1.26332484857013e-230,2.81955390277171e-229
"AENJPLPP_00664",2806.42726678817,0.278755757351229,0.0997387854476351,2.79485814971731,0.00519224922065658,0.00785353760132444
"AENJPLPP_00665",310.953199340526,0.0839711494817287,0.114467569935211,0.733580257965261,0.463204596693381,0.531670647557012
"AENJPLPP_00666",1548.82756924724,0.279653566239022,0.0618961383523984,4.5181100741188,6.23940475339825e-06,1.16188668244678e-05
"AENJPLPP_00667",1684.03150374031,0.22126625886517,0.214917371716755,1.02954106081654,0.303225495183173,0.36399140119
"AENJPLPP_00668",2370.41316601591,0.168983765114454,0.0859711549442927,1.96558677412152,0.0493463631011851,0.0675820872835776
"AENJPLPP_00669",5501.62647662256,-0.663233264986696,0.0480401881672919,-13.805800732443,2.35145052073229e-43,1.22153800327007e-42
"AENJPLPP_00670",1487.30224848469,2.31232876996371,0.115926585456639,19.9464925224474,1.60779506025234e-88,1.42479015192362e-87
"AENJPLPP_00671",719.457231646194,-0.110648513451606,0.118697462504302,-0.932189375552956,0.351238665176981,0.415664610439216
"AENJPLPP_00672",1344.93525763069,-0.32550420253013,0.0637694372004071,-5.10439195985334,3.31859802754753e-07,6.56960305979021e-07
"AENJPLPP_00673",3106.04955425937,-0.541823338196991,0.0619893319997899,-8.74059004537793,2.3189606178398e-18,6.89056049462656e-18
"AENJPLPP_00674",2540.55491625169,-1.96897431643414,0.0646533179211523,-30.4543429439367,1.04935587945506e-203,2.039812428902e-202
"AENJPLPP_00675",566.107872148757,-2.32699159722509,0.151049875190322,-15.4054519693783,1.50433633258251e-53,9.08329733481182e-53
"AENJPLPP_00676",1457.86628433667,0.380274306114587,0.104568504270688,3.6366046236083,0.000276255466337002,0.000464485334862381
"AENJPLPP_00677",2542.79638688363,0.182342397781064,0.0441463188965302,4.13041001693566,3.62116813429284e-05,6.41044629178868e-05
"AENJPLPP_00678",510.192621756293,-0.538343122315791,0.219405174605895,-2.45364824819098,0.0141415235542873,0.0206224502965285
"AENJPLPP_00679",228.057925058008,-0.526855832256958,0.0871074708674742,-6.04834266234775,1.46343441938286e-09,3.24453856188414e-09
"AENJPLPP_00680",2059.17136641515,0.425003709113399,0.0526576219062915,8.07107677345793,6.96808822807911e-16,1.92084627915849e-15
"AENJPLPP_00681",4151.41910003946,0.23399483930403,0.0612531118449028,3.82012982289816,0.000133381450267308,0.000228860085225171
"AENJPLPP_00682",644.715553814332,0.871443229146837,0.17182019759303,5.0718323069964,3.94003514707519e-07,7.76411111715994e-07
"AENJPLPP_00683",29814.1580954462,0.0758756141368769,0.30028050906163,0.252682448068263,0.800513612249541,0.835820199496887
"AENJPLPP_00684",5053.31895728099,-1.57931545065768,0.164338234709181,-9.61015221717875,7.24418140026638e-22,2.36475824041198e-21
"AENJPLPP_00685",18345.963887106,0.45911030797042,0.0518966470858642,8.8466275520808,9.02038171723562e-19,2.71784101140309e-18
"AENJPLPP_00686",1712.88145137058,-2.15324855774497,0.0566317928106157,-38.0219034376277,2.50847395077721e-316,8.39781335052265e-315
"AENJPLPP_00687",3866.72154891484,-1.1708721791513,0.10564428001651,-11.0831573556876,1.51436263409811e-28,5.81986558231839e-28
"AENJPLPP_00688",380.472095777026,1.03493470385667,0.100651617909035,10.2823454342483,8.4642319499141e-25,2.97929098891252e-24
"AENJPLPP_00689",48.2007366104725,0.445288899849038,0.169174598089376,2.63212624636348,0.00848523262123588,0.0126376697418605
"AENJPLPP_00690",763.781867574007,0.669975934944674,0.142139210417589,4.71351946430797,2.43474455897865e-06,4.63416636525754e-06
"AENJPLPP_00691",273.327852269311,-0.631849207929314,0.0972117825293478,-6.49971836221151,8.04705190001914e-11,1.87226002893882e-10
"AENJPLPP_00692",6913.14308267314,0.663577301297266,0.174548375305662,3.80168133983051,0.00014371749381482,0.000246034550490939
"AENJPLPP_00693",6816.68548660214,-0.179271740953891,0.199562449539179,-0.89832401520355,0.369012832952788,0.434650377516321
"AENJPLPP_00694",643.735570230836,0.588591593435737,0.263735171775037,2.23175236535307,0.0256313341948195,0.0363422164371724
"AENJPLPP_00695",2024.23303146649,-0.284567826627059,0.265700766554782,-1.07100867760721,0.284165527878325,0.343851701002969
"AENJPLPP_00696",1567.34046245304,-0.335902133033354,0.09818687855023,-3.42104910547201,0.000623800678817647,0.00102258511712599
"AENJPLPP_00697",1603.71509312163,-0.248738667559324,0.160431214664806,-1.55043809946226,0.121036399943926,0.156181016287387
"AENJPLPP_00698",833.484625206835,-0.250873038296636,0.25977846313437,-0.965719156506336,0.334184731111057,0.39688553206055
"AENJPLPP_00699",2423.74887103739,-0.368650822116076,0.0555453744772077,-6.63693107816469,3.20281309929953e-11,7.52149327216639e-11
"AENJPLPP_00700",24.5684559213073,-3.41891712573251,1.07991786788166,-3.16590476684951,0.00154601400174355,0.00244265348046844
"AENJPLPP_00701",1796.46774337865,-1.00993879987798,0.334503273883146,-3.01921947774654,0.00253426865668659,0.0039379842509524
"AENJPLPP_00702",1572.07452638999,-0.546911553203302,0.0624216166899126,-8.76157302878192,1.92544363474972e-18,5.74961513528336e-18
"AENJPLPP_00703",4290.59453752108,-1.31426258229878,0.0476951092751904,-27.5554999720364,3.8023336120101e-167,5.96689123593043e-166
"AENJPLPP_00704",0.65502462121166,0.268878305305762,2.00383005049974,0.134182190370239,0.893258508573696,0.914393403594955
"AENJPLPP_00705",12903.5643367403,0.101102701319714,0.197144165015548,0.512836387076129,0.608065774295639,0.667675720828266
"AENJPLPP_00706",5469.50091130422,-0.439916204121914,0.0825091940286507,-5.33172344368261,9.7285019761985e-08,1.97786615750918e-07
"AENJPLPP_00707",4088.86140013835,-1.72955566440086,0.0774709281498262,-22.3252219342971,2.10241820532082e-110,2.19189828810783e-109
"AENJPLPP_00708",840.147452386288,0.538665196911428,0.153817531988876,3.50197529466527,0.000461822439523773,0.00076274611221775
"AENJPLPP_00709",170.005924792002,0.902742213043586,0.134097966917017,6.7319604748536,1.67392119844667e-11,3.96192032279639e-11
"AENJPLPP_00710",275.239031652064,-1.10048285380131,0.119874659919556,-9.18027925618147,4.29974908024731e-20,1.34668856328328e-19
"AENJPLPP_00711",1715.36633047391,-0.564013877301323,0.0477688633471895,-11.8071446080265,3.5853139717174e-32,1.49412876857324e-31
"AENJPLPP_00712",13342.5724806739,2.91040296297502,0.20374452119746,14.2845704309977,2.73088195806355e-46,1.48254907020639e-45
"AENJPLPP_00713",1294.83447967936,1.05994905270121,0.11198117083449,9.46542213126021,2.92377695990182e-21,9.38161872224087e-21
"AENJPLPP_00714",1220.24734244025,-1.6908674901475,0.186417849763706,-9.07030894461426,1.18680026985773e-19,3.66751714162189e-19
"AENJPLPP_00715",4319.95876584035,2.39703565612877,0.19941065734637,12.0205995408018,2.76954605345645e-33,1.18363719986728e-32
"AENJPLPP_00716",423.690950637302,2.71356229392921,0.157361025224058,17.2441828595455,1.23750045811455e-66,8.53224000068453e-66
"AENJPLPP_00717",3053.09226761214,-1.81557662912766,0.294037439812271,-6.17464439319981,6.63125533179288e-10,1.48549980034884e-09
"AENJPLPP_00718",4706.8953495119,-0.769312488230778,0.0745915305794859,-10.3136707646854,6.11212023742344e-25,2.15894704283199e-24
"AENJPLPP_00719",2636.28001085559,-1.34860229983178,0.0295216575495588,-45.6817947152134,0,0
"AENJPLPP_00720",2451.06339183518,-1.19040737956442,0.0747944651650148,-15.915714845184,4.93006881441719e-57,3.08180442693755e-56
"AENJPLPP_00721",256.006851795476,-1.0851563603062,0.0972093631301471,-11.1630847622503,6.18089768114124e-29,2.3967882513872e-28
"AENJPLPP_00722",10073.7535216562,-0.332244692077914,0.0554689904997011,-5.9897374926934,2.10180005194066e-09,4.62580245178758e-09
"AENJPLPP_00723",2186.21231168023,-0.974627321011055,0.219323434464915,-4.44379016491722,8.83878126655976e-06,1.63081738861877e-05
"AENJPLPP_00724",946.973708175335,-0.853396531215842,0.118326008878137,-7.21224808735625,5.50355846351284e-13,1.37043154136894e-12
"AENJPLPP_00725",13.9992256476633,-1.55497964227859,0.351497179682383,-4.42387516077281,9.69460540331502e-06,1.78326288645837e-05
"AENJPLPP_00726",46.53727040679,-1.80282197005689,0.181854924680784,-9.91351745475929,3.63614434500706e-23,1.22821781519129e-22
"AENJPLPP_00727",494.634589550441,-0.981067200951021,0.155749248215841,-6.29901724849055,2.99538662783869e-10,6.80113030118912e-10
"AENJPLPP_00728",81.3093324388597,-1.82793801410488,0.309199981872045,-5.91183092262058,3.38325729713019e-09,7.36011136191572e-09
"AENJPLPP_00729",1172.90137282987,1.30270292016473,0.221519938624507,5.88074792839712,4.08416745716145e-09,8.8402274054795e-09
"AENJPLPP_00730",260.578691240663,-0.821077414222458,0.0733028037657381,-11.2011733800315,4.02368396551307e-29,1.56430448878592e-28
"AENJPLPP_00731",27.9495946574542,0.0933594991614826,0.211975059851633,0.440426808827545,0.659628011625779,0.716718066725017
"AENJPLPP_00732",358.379868186206,-0.232687884238777,0.38999471417921,-0.596643687154829,0.550745297069164,0.614818666198366
"AENJPLPP_00733",91.0981740139204,-1.163378587022,0.165290689876297,-7.0383794023285,1.94488525286077e-12,4.7487352243675e-12
"AENJPLPP_00734",38.4438549353722,-0.706203592047827,0.256780169401753,-2.750226365584,0.00595541081211414,0.00897266931966517
"AENJPLPP_00735",18.3323527236397,0.300534608039228,0.285740360734671,1.0517751404335,0.292902727148123,0.352960446139612
"AENJPLPP_00736",3.69847327109016,0.139345823444571,0.603157012491076,0.231027444858951,0.81729348078784,0.851194351059026
"AENJPLPP_00737",14.7549517085673,-0.278698097091623,0.345654913670873,-0.806289990591585,0.420075660544843,0.488494004330997
"AENJPLPP_00738",4.37948245426184,2.48568593207561,0.679996900865619,3.6554371481861,0.000256744106713649,0.000432887517363305
"AENJPLPP_00739",3.10351363886864,1.27587677920485,0.637140719037341,2.00250390703732,0.0452305633253106,0.0622565953856377
"AENJPLPP_00740",69.1984162080628,-1.50297016853364,0.284426597454419,-5.28421104771853,1.26247642618955e-07,2.55291373967054e-07
"AENJPLPP_00741",128.50249962128,-0.512007900692468,0.16686926176969,-3.06831764737554,0.00215267663941176,0.00335541371678615
"AENJPLPP_00742",43.684773891291,-0.980843073605657,0.176384345896236,-5.56082836388819,2.68497157420482e-08,5.59075283557645e-08
"AENJPLPP_00743",324.637920990794,0.300780514160846,0.083732508214604,3.59215937243817,0.000327949174345679,0.000546823941507211
"AENJPLPP_00744",359.053704578081,2.24223134144561,0.0881279799272937,25.4428995569337,8.45985848104112e-143,1.13792650015075e-141
"AENJPLPP_00745",95.4478139765552,-0.979993631659462,0.119217285720026,-8.22023103227591,2.03111521347985e-16,5.73547341913288e-16
"AENJPLPP_00746",253.270104413711,-0.124193274378977,0.0739066331427491,-1.68040768599349,0.0928780216502455,0.121829115904305
"AENJPLPP_00747",364.925106468837,3.29455011520398,0.210932450204795,15.618981868391,5.40620043538107e-55,3.31074835605755e-54
"AENJPLPP_00748",1716.63707152647,3.09279783416276,0.14553410167423,21.2513616986197,3.20242337241261e-100,3.11254891002555e-99
"AENJPLPP_00749",112.688547418774,0.211152934463148,0.200568563079262,1.05277183633061,0.292445575755869,0.352596446479565
"AENJPLPP_00750",118.4360455332,0.0708843368289798,0.105065313103299,0.674669257962305,0.499885920181483,0.568146464544251
"AENJPLPP_00751",83.7009126840362,-0.172824199052763,0.153733736857916,-1.12417874296838,0.260937205420207,0.318688204268781
"AENJPLPP_00752",28.7388431731068,-0.261283144901841,0.20789761048082,-1.25678762876376,0.208830546933878,0.259895265556288
"AENJPLPP_00753",40.1817042193569,0.318266961056901,0.217093625260736,1.46603549816193,0.142638616305453,0.182260454168079
"AENJPLPP_00754",8.99405005100375,0.134926055454371,0.363715337756145,0.370966086519104,0.710662791329398,0.761731408849333
"AENJPLPP_00755",38.26992663642,-0.319797993955539,0.304880506515903,-1.04892896436741,0.294210813576203,0.354157883062365
"AENJPLPP_00756",0.501407739922771,0.768467312858892,2.72151926448723,0.282367030388697,0.777662092747735,0.819550851853419
"AENJPLPP_00757",11.0302878559899,0.777237737885371,0.412399229369509,1.88467310929179,0.0594739850441843,0.0802845505995194
"AENJPLPP_00758",226.308193394216,1.03470255818441,0.0814076950087628,12.7101321081875,5.19466098930366e-37,2.39686271987319e-36
"AENJPLPP_00759",0.830399321670834,1.25308341635995,1.68339303797448,0.744379588184414,0.456646864153884,0.526147993000249
"AENJPLPP_00760",76.742968847302,1.83617643889539,0.153086351295001,11.994383714568,3.80236691486323e-33,1.62044292991272e-32
"AENJPLPP_00761",95.5731965542997,1.38602549307853,0.159657442208375,8.68124575908947,3.91457269761499e-18,1.15407118766281e-17
"AENJPLPP_00762",134.854491039904,-0.549263337257708,0.178548383009951,-3.07627169733089,0.00209606751828984,0.00327225462829393
"AENJPLPP_00763",25.1293755514396,1.04597773492121,0.239291828685012,4.37113854104091,1.23600332659184e-05,2.25292076407817e-05
"AENJPLPP_00764",11.2943890661375,1.04031337518189,0.374949822073027,2.77454025562726,0.00552797921861185,0.00835295957155341
"AENJPLPP_00765",13.0517638229728,0.78527777549621,0.354444346015539,2.21551785018961,0.0267245405180574,0.0377324463828055
"AENJPLPP_00766",4.65072561593728,0.330869769333507,0.489378098229832,0.676102527943775,0.498975551773367,0.567325787733266
"AENJPLPP_00767",12.1791850716973,-0.0675998378704942,0.307047373776366,-0.220160938161059,0.825745817073289,0.858513508226991
"AENJPLPP_00768",3.02310589434876,0.736524173243182,0.63408045915716,1.16156264178555,0.245413164322807,0.30193134508151
"AENJPLPP_00769",5.46899580077061,-0.0293427281421816,0.550981283231399,-0.0532553991128196,0.957528416092294,0.963926868588734
"AENJPLPP_00770",51.3954937208202,0.168886035951109,0.239516203017574,0.705113198286283,0.48073979362821,0.54949506760311
"AENJPLPP_00771",900.759475082317,-1.05220779242426,0.0712793688884796,-14.7617439496482,2.58508772958812e-49,1.48359415795219e-48
"AENJPLPP_00772",338.083241638322,1.19183420928161,0.0911017175222408,13.0824559810374,4.14817346992713e-39,2.00295619629654e-38
"AENJPLPP_00773",3.01721451639906,1.28803173026352,0.631875147451977,2.03842758408442,0.0415071900231761,0.0574993855355538
"AENJPLPP_00774",33.6299428791512,0.590156477278099,0.227440465203122,2.59477343554958,0.00946532902607666,0.0140349588364021
"AENJPLPP_00775",17.5259222396261,1.5447350453668,0.29067922218436,5.31422588019404,1.07111687509367e-07,2.17178677298603e-07
"AENJPLPP_00776",31.1759234551047,1.4930666315556,0.221288415725036,6.74715224772914,1.50775045283047e-11,3.57704890895921e-11
"AENJPLPP_00777",13.173532019999,2.07965774340824,0.357932111151347,5.81020165170062,6.23976380210339e-09,1.33715564265558e-08
"AENJPLPP_00778",1.26434871219149,0.675632548087302,1.08179287016562,0.624548900922098,0.532267166047913,0.597066631162458
"AENJPLPP_00779",38.0182568155327,0.486053370446284,0.188137245067927,2.58350424059199,0.0097802264785827,0.0144591866437535
"AENJPLPP_00796",6829.52601112781,0.12387741269734,0.0654207883380441,1.89354814951536,0.0582850113891146,0.0788561918793904
"AENJPLPP_00797",3090.55625118756,0.214977812929988,0.0906024228119505,2.37276009027026,0.0176557276911201,0.0255630502322657
"AENJPLPP_00798",12353.677456248,-0.605786780925011,0.0536938702307894,-11.2822334899904,1.60615533435067e-29,6.31768410234799e-29
"AENJPLPP_00799",5272.14060890383,-0.675914551967142,0.804544348683031,-0.840120936867627,0.40084058216046,0.468476599708869
"AENJPLPP_00800",10478.1855398247,-1.52555951557764,0.14331479615333,-10.6448151658079,1.84349774919569e-26,6.74084795913423e-26
"AENJPLPP_00801",251.966893072778,0.780502690259963,0.0983233138253476,7.93812433586581,2.05261525662918e-15,5.55164252084715e-15
"AENJPLPP_00802",34071.1775055663,-1.3523244013207,0.0638242277122993,-21.1882611007309,1.22539853193233e-99,1.18337364638209e-98
"AENJPLPP_00803",30104.5611779442,-1.40833838057315,0.0497076149296187,-28.3324473034409,1.37733479105193e-176,2.3713769859654e-175
"AENJPLPP_00804",4711.76216706962,0.968139367114632,0.041588633611239,23.2789414570475,7.24619195477694e-120,8.02675601461137e-119
"AENJPLPP_00805",693.090734793166,0.850933089476909,0.0667564503829443,12.7468294763365,3.24683626883134e-37,1.5027216095221e-36
"AENJPLPP_00806",2076.90864501278,0.0785037648977877,0.106638478438639,0.736167338911905,0.461628866213107,0.530342229091264
"AENJPLPP_00807",0.126602124414111,-0.650733806613627,3.11653965008542,-0.208800105140902,0.834604289254131,0.865037056595355
"AENJPLPP_00808",9974.60484608374,4.21655793976731,0.0918241202533803,45.9199383357238,0,0
"AENJPLPP_00809",2929.84487392739,0.358085480470668,0.228573337699618,1.56661089204222,0.117205670353124,0.151562525654061
"AENJPLPP_00810",0.236281533916416,-1.32092108516414,3.09866860864168,-0.42628665791505,0.669898978704272,0.726306449383221
"AENJPLPP_00811",6340.37874581126,0.336869841337272,0.032081577367146,10.5004139130095,8.60021867449478e-26,3.09957641940823e-25
"AENJPLPP_00812",719.960925602135,0.437229516091744,0.0831284272796286,5.25968709381432,1.44300741781462e-07,2.90821494974947e-07
"AENJPLPP_00813",7437.36317363459,-1.85972714501922,0.0861369578242612,-21.5903509015664,2.21326062509718e-103,2.22285142113927e-102
"AENJPLPP_00814",1686.65877266495,-0.292678528397137,0.397629538968624,-0.736058314873411,0.461695209726646,0.530342229091264
"AENJPLPP_00815",647.719379985347,-1.15679179259176,0.146631071146665,-7.88913143405125,3.04296913080278e-15,8.16426179083596e-15
"AENJPLPP_00816",3254.44428991249,-0.340189480525537,0.068134456107518,-4.99291401091847,5.94750416743294e-07,1.16362532834256e-06
"AENJPLPP_00817",899.249499742453,1.46518117068347,0.27578656461177,5.31273585696981,1.0799151797808e-07,2.18815362251483e-07
"AENJPLPP_00818",0,NA,NA,NA,NA,NA
"AENJPLPP_00819",5332.48197989046,-2.38403692939927,0.203134170661251,-11.7362673234082,8.3072587931545e-32,3.42873571832528e-31
"AENJPLPP_00820",3587.72715688861,-3.07699639173883,0.0635431731296137,-48.4237132046027,0,0
"AENJPLPP_00821",6400.15187228945,-2.44816993519746,0.0764269429828269,-32.0328125089023,3.80982397642084e-225,8.14113449713191e-224
"AENJPLPP_00822",2660.96342781286,-2.49121814922375,0.230930264593205,-10.7877508113203,3.93297215619323e-27,1.46116462473615e-26
"AENJPLPP_00823",4793.42142837926,-2.3379601104558,0.0661686104084299,-35.333371760788,1.80530896940048e-273,5.1315055894374e-272
"AENJPLPP_00824",5650.46829974415,-2.47744370376069,0.134912617430211,-18.3633210217885,2.58315641528808e-75,1.99565391775974e-74
"AENJPLPP_00825",982.14685848367,-2.75900588545135,0.0941093366537442,-29.3170261692794,6.29308212433445e-189,1.18506602753873e-187
"AENJPLPP_00826",9198.22628884375,-2.81067105830214,0.191876994803582,-14.6482962232097,1.38136290273993e-48,7.83812886243956e-48
"AENJPLPP_00827",5240.39083124125,-3.60776440092498,0.0662283293847633,-54.4746399983176,0,0
"AENJPLPP_00828",9588.38578591174,-4.83020512458592,0.125310263572262,-38.5459657245114,0,0
"AENJPLPP_00829",13300.4454620122,-4.93880304162151,0.177833533717895,-27.7720570376572,9.43829806441409e-170,1.53716713881512e-168
"AENJPLPP_00830",19622.436139685,-5.15665130361436,0.0661093619169356,-78.0018314212976,0,0
"AENJPLPP_00831",4954.58197125266,-5.26958958547042,0.211170402895006,-24.9542052921614,1.922340910936e-137,2.43361897674376e-136
"AENJPLPP_00832",6390.69101292125,-5.12457904272695,0.175813649723756,-29.1477883018688,8.9110044251663e-187,1.64716910018565e-185
"AENJPLPP_00833",14495.3158571227,-5.25437630236906,0.0729760685728746,-72.0013616124305,0,0
"AENJPLPP_00834",12364.2727648337,-5.32329828424089,0.0930664470555327,-57.198898772449,0,0
"AENJPLPP_00835",10814.2157326647,-5.48854869682942,0.140025215399038,-39.1968595169691,0,0
"AENJPLPP_00836",13317.8649607157,-5.4916797150444,0.326106317286798,-16.8401512756182,1.23919301113401e-63,8.35277078869522e-63
"AENJPLPP_00837",31339.7554501939,-5.06191756102517,0.405922806943275,-12.4701482016814,1.08623842389129e-35,4.85584031333005e-35
"AENJPLPP_00838",8509.89406628129,-4.45253906339966,0.105484798186735,-42.2102439397715,0,0
"AENJPLPP_00839",440.259149806128,0.301463893128028,0.158911284594816,1.89705780742183,0.0578203090187983,0.0783329995834709
"AENJPLPP_00840",4482.3800190912,0.31578434689804,0.0924968061014766,3.41400271217579,0.000640159385069527,0.00104655465394166
"AENJPLPP_00841",3007.27302288597,0.737445026922023,0.059598747298185,12.3734987789665,3.63629654857627e-35,1.59943963516209e-34
"AENJPLPP_00842",2931.9999882885,0.240311744377183,0.15648530973714,1.53568245339356,0.124616280592491,0.160525375555868
"AENJPLPP_00843",2377.06008450695,0.311690674717448,0.055421034796124,5.62405007167507,1.86531543923072e-08,3.91106152985537e-08
"AENJPLPP_00844",56605.1843383183,-0.6430810724497,0.0593666372821175,-10.8323648077573,2.41827925420697e-27,9.01766756550199e-27
"AENJPLPP_00845",21846.6506113562,-1.04341972618285,0.370728524868978,-2.8145115797378,0.00488514176304374,0.00741507915972331
"AENJPLPP_00846",7963.15943451418,0.230155547050885,0.158128737411753,1.45549474951906,0.145532342731109,0.18587916432761
"AENJPLPP_00847",26283.2502348264,4.44390607793249,0.288876782491989,15.3833964765089,2.11552771075711e-53,1.27227245359504e-52
"AENJPLPP_00848",53.0874654675738,0.131023376003767,0.265557603387924,0.493389661347295,0.621737286052042,0.680182970392409
"AENJPLPP_00849",3719.02341294977,-1.81205472811131,0.0408538994378869,-44.3545109045542,0,0
"AENJPLPP_00850",6380.26761920455,-0.887222162321668,0.100106087735918,-8.86281925892637,7.80160039314752e-19,2.36243437030688e-18
"AENJPLPP_00851",2336.63521657621,0.272453609467665,0.118380967999132,2.30149840867717,0.0213634752303851,0.0305496681865925
"AENJPLPP_00852",443.914342682734,-0.720543283433085,0.128365995652497,-5.61319436483542,1.98625278275565e-08,4.15595807947415e-08
"AENJPLPP_00853",6594.41418986352,-0.126969095320938,0.0733422597044948,-1.73118602879857,0.0834185903935209,0.110430673486678
"AENJPLPP_00854",1385.78733849348,-0.0883896464212053,0.0409567006807155,-2.15812418852439,0.0309181775947109,0.0434093518606076
"AENJPLPP_00855",464.173816582877,0.0132394769367676,0.0682053584178875,0.194111976593549,0.846088204022921,0.87477525267788
"AENJPLPP_00856",1805.78646189425,-1.00181397072642,0.0834680112405491,-12.0023701995159,3.45265050851524e-33,1.47348951588618e-32
"AENJPLPP_00857",473.952917754856,0.146882570165312,0.121100264203013,1.21290049309122,0.225167867107257,0.27869500162209
"AENJPLPP_00858",1717.00724504816,2.17840114724795,0.0872562079966234,24.9655720465443,1.44683265802123e-137,1.83936995722277e-136
"AENJPLPP_00859",6996.58918781505,0.291889674311787,0.128149805076024,2.27772234330458,0.0227431256497372,0.0324302118233119
"AENJPLPP_00860",14199.7730686893,1.01624650396892,0.248459206522413,4.09019459650107,4.31011411500844e-05,7.61217692175875e-05
"AENJPLPP_00861",11216.4296090323,1.1046268526434,0.0564887009968665,19.5548283665555,3.75265975420738e-85,3.21214881801899e-84
"AENJPLPP_00862",458.680506245794,-1.22373822673773,0.0971390702417136,-12.5977963726919,2.17126217789738e-36,9.89714514675461e-36
"AENJPLPP_00863",307.97905964906,1.07434366825698,0.076619073363431,14.0218828171021,1.14535161827262e-44,6.07560638354823e-44
"AENJPLPP_00864",464.231404768688,-0.886306532531938,0.136407383441171,-6.49749676427289,8.1667448541446e-11,1.89717827644855e-10
"AENJPLPP_00865",527.638450591105,0.657387751021446,0.101963137313501,6.44730800112797,1.138542644256e-10,2.6387915285718e-10
"AENJPLPP_00866",0.656098330257482,1.88851011796416,1.56214351438092,1.20892229208056,0.226692700973929,0.280387975383599
"AENJPLPP_00867",0,NA,NA,NA,NA,NA
"AENJPLPP_00868",9.36619622007525,0.0298281294281955,1.65367530886114,0.0180374764431463,0.985608956390074,0.988232342442078
"AENJPLPP_00869",1841.00378875294,0.872472483162866,0.0688169278562183,12.6781667002885,7.8138111298784e-37,3.59435311974406e-36
"AENJPLPP_00870",3917.21594712256,0.364331775597867,0.0978507725016107,3.72334082075714,0.000196603834187065,0.000334071010817365
"AENJPLPP_00871",1907.54923036213,-1.1621259314564,0.186004401371112,-6.24784103435142,4.16164902529543e-10,9.37849552222523e-10
"AENJPLPP_00872",2516.6160520314,-1.26288213536338,0.107358940684005,-11.7631761948964,6.04178680846822e-32,2.50742474571829e-31
"AENJPLPP_00873",2037.32557954569,-1.59419176442389,0.150752885528335,-10.5748673323022,3.89728686115692e-26,1.41476208586335e-25
"AENJPLPP_00874",12880.7343117847,-2.08057978138829,0.30467486622919,-6.82885269513233,8.55964084699314e-12,2.03714043222673e-11
"AENJPLPP_00875",5192.99714986795,-1.36096539723128,0.059011082086669,-23.0628781765506,1.09241845566937e-117,1.19255681410573e-116
"AENJPLPP_00876",387.753237606986,-2.45274947454266,0.0928588689844221,-26.4137341038919,9.52886864895573e-154,1.38697977001467e-152
"AENJPLPP_00877",0.236533053601553,-1.32769086181554,2.75857070224121,-0.481296658714185,0.630305671455993,0.687834475949622
"AENJPLPP_00878",6436.22570018253,-0.650773642125271,0.101958235297537,-6.38274721238719,1.73938907553269e-10,3.99754331394354e-10
"AENJPLPP_00879",3683.55509465757,-1.16472024444877,0.0848810824238072,-13.7217883088882,7.51877481561123e-43,3.86588199990386e-42
"AENJPLPP_00880",3165.62552163158,-1.11230954772999,0.0892235017387112,-12.4665533862071,1.1363562607537e-35,5.06485416220545e-35
"AENJPLPP_00881",2445.44649558812,-1.43165427534461,0.0548787069341031,-26.0876094814644,5.03978733970577e-150,7.06273453699232e-149
"AENJPLPP_00882",563.488266773417,-1.45559709291905,0.0829481931371337,-17.5482676339025,6.13220834065503e-69,4.36792995990392e-68
"AENJPLPP_00883",612.07203454729,-1.3676456106194,0.281465084055704,-4.85902404274319,1.17965809245724e-06,2.27403060305416e-06
"AENJPLPP_00884",1864.68863155271,-1.36745162835478,0.0662320535760142,-20.6463721796782,1.05231590670712e-94,9.84667026990234e-94
"AENJPLPP_00885",2400.30446666753,-1.30566227044445,0.0748288662164734,-17.4486443061597,3.52500178326618e-68,2.48731390467939e-67
"AENJPLPP_00886",2790.17621194886,-1.43130370723286,0.245938326566427,-5.81976679769865,5.89297891250741e-09,1.2664440416109e-08
"AENJPLPP_00887",692.822723824376,-1.38440517051762,0.118513365877589,-11.6814264810229,1.58611142709621e-31,6.51971859459873e-31
"AENJPLPP_00888",605.807962458706,-1.23646606813604,0.177549425440894,-6.96406685105077,3.30587608855192e-12,8.0198105111167e-12
"AENJPLPP_00889",1366.75385115493,-0.746097959233045,0.0654101921424824,-11.406448059468,3.88262065113968e-30,1.55356388072827e-29
"AENJPLPP_00890",284.555301988212,-0.948063090903198,0.116842755688323,-8.11400831243786,4.89767880241273e-16,1.35881272851469e-15
"AENJPLPP_00891",3193.70675736714,-1.59369677759745,0.0533315277816579,-29.8828262359581,3.28982471130567e-196,6.31352984405349e-195
"AENJPLPP_00892",0.253209706611769,0.304914934395653,2.13438772601013,0.142858268289257,0.886402117518543,0.909029809422522
"AENJPLPP_00893",8583.73488976205,-2.0258230916928,0.0640151447240585,-31.6459972155846,8.60851215151231e-220,1.77653747345936e-218
"AENJPLPP_00894",3393.74439377232,-2.03258802834268,0.0587335502283689,-34.6069328422942,1.98717764528295e-262,5.20640543064132e-261
"AENJPLPP_00895",2171.7919184339,-2.06399933294155,0.0959711212095211,-21.5064626413553,1.35447850681304e-102,1.34244859902226e-101
"AENJPLPP_00896",1094.95005011433,-2.95940298356696,0.109335699856933,-27.0671243467538,2.40155928885269e-161,3.63612971724279e-160
"AENJPLPP_00897",3083.53513857055,-1.49116883011243,0.0989718532304584,-15.0665950110099,2.68603998888433e-51,1.57759034824727e-50
"AENJPLPP_00898",6966.15185500366,-0.886394640889692,0.0577563732503953,-15.3471312515909,3.70198686498732e-53,2.21751221157193e-52
"AENJPLPP_00899",3585.69426338014,-1.03377178360625,0.114086505624039,-9.06129763508527,1.28907737604172e-19,3.97136005522873e-19
"AENJPLPP_00900",12948.0364335787,-0.709756940840674,0.117378254231909,-6.04674984719385,1.47796962064521e-09,3.27435475515002e-09
"AENJPLPP_00901",2514.53900124253,-1.01701811426469,0.107933451838634,-9.42264049689782,4.39884085860372e-21,1.4010261635278e-20
"AENJPLPP_00902",3907.64420752274,-1.27927507472814,0.0381021087261178,-33.5749153392982,3.89850146382885e-247,9.62802041845601e-246
"AENJPLPP_00903",2002.66500434769,-0.913337714056385,0.0765713678186236,-11.9279273712314,8.46550224033187e-33,3.57735739833379e-32
"AENJPLPP_00904",949.355054492269,-0.768208825629401,0.281629792624865,-2.72772570852498,0.00637726120157002,0.00958338553632442
"AENJPLPP_00905",1774.45035165114,-0.638744677156105,0.0834698375099383,-7.65240110932351,1.97260797503436e-14,5.11926600239322e-14
"AENJPLPP_00906",1782.23763746927,-0.84335939711823,0.127817100796621,-6.59817342016042,4.16254200525273e-11,9.75251871059601e-11
"AENJPLPP_00907",2003.14720045243,-0.798180212206027,0.050042106811264,-15.9501720264576,2.84113238470086e-57,1.77969477652883e-56
"AENJPLPP_00908",5150.06368532277,-0.62091440116622,0.0478058436369068,-12.988253191015,1.42645717680954e-38,6.76837082476715e-38
"AENJPLPP_00909",2748.39451423372,-1.0699097841152,0.0421526657971712,-25.3817822403774,4.00794672076614e-142,5.31979888531646e-141
"AENJPLPP_00910",563.808782768484,1.77576065649258,0.100982492060826,17.5848369380998,3.21906151662814e-69,2.31480485670659e-68
"AENJPLPP_00911",4994.81639044851,1.17432764141992,0.0412039857187385,28.5003409484697,1.16008665882084e-178,2.02042838325271e-177
"AENJPLPP_00912",15.3947673826664,-1.09368596423673,0.555376255813993,-1.9692702970057,0.0489220601838679,0.0670924748903022
"AENJPLPP_00913",0,NA,NA,NA,NA,NA
"AENJPLPP_00914",0.189655161306063,-0.169839281415194,2.8997620095559,-0.0585700760460699,0.95329454560715,0.963926868588734
"AENJPLPP_00915",0.338321360602342,-0.122471365170909,3.1054943091691,-0.0394369955241286,0.9685419846774,0.97338792522782
"AENJPLPP_00916",0,NA,NA,NA,NA,NA
"AENJPLPP_00917",0.0742090869905875,0.791942550544679,3.11653965008542,0.254109570055678,0.799410910152732,0.835168194275375
"AENJPLPP_00918",0,NA,NA,NA,NA,NA
"AENJPLPP_00920",8.22034263269958,2.40412558642763,0.73549721207542,3.26870795287406,0.00108039753188456,0.00172600093508387
"AENJPLPP_00921",0,NA,NA,NA,NA,NA
"AENJPLPP_00922",0,NA,NA,NA,NA,NA
"AENJPLPP_00923",0,NA,NA,NA,NA,NA
"AENJPLPP_00924",22.7920101802281,2.46530165572356,0.673461903117679,3.66064011091178,0.000251585931880802,0.000424903818809897
"AENJPLPP_00925",0,NA,NA,NA,NA,NA
"AENJPLPP_00926",0,NA,NA,NA,NA,NA
"AENJPLPP_00927",0,NA,NA,NA,NA,NA
"AENJPLPP_00928",185.211051360894,4.30627024619466,0.15399728707703,27.9632864184201,4.54480005352633e-172,7.52389151718397e-171
"AENJPLPP_00929",160.145964948637,3.59483229625287,0.135318042379351,26.5658018180245,1.68699398377681e-155,2.49162395741154e-154
"AENJPLPP_00930",685.068992198226,4.48304778525366,0.103371460895563,43.3683315144682,0,0
"AENJPLPP_00931",12.7814166627642,5.82163783621063,0.84193523628396,6.9145910342291,4.69215018581978e-12,1.13009180734412e-11
"AENJPLPP_00932",167.453670613969,6.15999110908822,0.424826564026995,14.5000139602777,1.21125258575948e-47,6.77087948217686e-47
"AENJPLPP_00933",154.207982781315,5.85519202380795,0.251768863809372,23.2562197533736,1.23065066629616e-119,1.3582236108243e-118
"AENJPLPP_00934",95.4988777310938,5.57953719411449,0.297773449572701,18.7375241215126,2.44754239311983e-78,1.93048304462567e-77
"AENJPLPP_00935",122.164840459325,5.79021232397581,0.31857038460172,18.1756139423154,8.05223058165029e-74,6.11117650944895e-73
"AENJPLPP_00936",106.253668907771,5.95427891687708,0.336665729257315,17.6860262255152,5.37337747890501e-70,3.91062472075864e-69
"AENJPLPP_00937",77.9768308954607,5.56607393961027,0.480849876730507,11.5754920796825,5.48556018909763e-31,2.23351254726367e-30
"AENJPLPP_00938",45.7787007977038,5.1673447916212,0.411996945595579,12.542191991621,4.38690813455025e-36,1.98167229526235e-35
"AENJPLPP_00939",289.704368247874,5.62844302066194,0.295106541393162,19.0725796659428,4.26725831557735e-81,3.47493224454988e-80
"AENJPLPP_00940",98.4754860545733,6.05772649704104,0.344353702585864,17.5915822932979,2.85785134954339e-69,2.0599775397546e-68
"AENJPLPP_00941",253.948195031115,3.60610447044263,0.17504174450621,20.6013970017004,2.66639357619003e-94,2.4872581563655e-93
"AENJPLPP_00942",83.1751392994523,3.90897167168196,0.241474839645344,16.1879046174049,6.13835319022704e-59,3.96035506684241e-58
"AENJPLPP_00943",387.251467360711,4.77010310366286,0.125749678882123,37.9333223437836,7.26826218563084e-315,2.3803558657941e-313
"AENJPLPP_00944",24.8877851591576,4.31074417391646,0.449977084403386,9.57991934107483,9.71207537672145e-22,3.16009536825721e-21
"AENJPLPP_00945",51.8964015593664,5.0040171758165,0.439287679304174,11.3912076563194,4.62534178711669e-30,1.84584831848776e-29
"AENJPLPP_00946",362.136197712142,4.22130005487459,0.167678493371704,25.1749641232579,7.53297980410379e-140,9.78313282317444e-139
"AENJPLPP_00947",196.331574848811,4.41111251939914,0.151390102832267,29.137390337111,1.20693181570214e-186,2.21736924433569e-185
"AENJPLPP_00948",102.447709917184,4.0113003186201,0.183368695182238,21.8756004924043,4.43633814914597e-106,4.53108028589044e-105
"AENJPLPP_00949",53.1696975081305,4.85961645516068,0.352869875713599,13.7716954311648,3.77254502020162e-43,1.94968750357933e-42
"AENJPLPP_00950",287.709353769448,-0.0268749068472476,0.0941455518204956,-0.285461249390616,0.775290788323769,0.817840974971026
"AENJPLPP_00951",246.913693827563,3.394991059486,0.209830884746534,16.179653741569,7.01880413046789e-59,4.50909527614067e-58
"AENJPLPP_00952",9.97460536486332,1.04983403429915,1.65659148653325,0.633731395358147,0.526256132203305,0.591204223090439
"AENJPLPP_00953",0,NA,NA,NA,NA,NA
"AENJPLPP_00954",0.0635545453057057,0.791942550544679,3.11653965008542,0.254109570055678,0.799410910152732,0.835168194275375
"AENJPLPP_00955",0,NA,NA,NA,NA,NA
"AENJPLPP_00956",0,NA,NA,NA,NA,NA
"AENJPLPP_00957",134.087339896065,3.56585015724584,0.238813041568061,14.9315553867253,2.0541811701866e-50,1.19714658912422e-49
"AENJPLPP_00958",85.3133984007171,3.65828204323442,0.342948899808418,10.6671345068553,1.45030112611907e-26,5.32248147746257e-26
"AENJPLPP_00959",176.853472861862,3.56559216987285,0.305935223445139,11.6547291603781,2.17069505370687e-31,8.89837305689632e-31
"AENJPLPP_00960",37.8242142383569,3.46680094478423,0.28061371942037,12.3543529943767,4.61453768595136e-35,2.02676414690546e-34
"AENJPLPP_00961",165.725918443956,3.76514197407953,0.142744330907097,26.3768231645572,2.52795288162432e-153,3.64436460877228e-152
"AENJPLPP_00962",167.256189250664,3.31410434693202,1.04381381094111,3.17499568619809,0.00149838728794209,0.0023736282326864
"AENJPLPP_00963",212.424809379035,3.84893212198257,0.427794271569144,8.9971567591701,2.31638681295825e-19,7.07837065663612e-19
"AENJPLPP_00964",55.2442615530236,3.6472755507684,0.2364508971828,15.4250865368834,1.11006267005822e-53,6.72961534182176e-53
"AENJPLPP_00965",93.2849706509425,4.65404156339112,0.644046841759465,7.22624700817846,4.96524293236423e-13,1.24151675976875e-12
"AENJPLPP_00966",2272.89732565761,4.45644765531597,0.106134889764561,41.9885267248284,0,0
"AENJPLPP_00967",854.95501715544,4.54083324167474,0.221340449199581,20.5151532767529,1.57670849505411e-93,1.45724622564357e-92
"AENJPLPP_00968",603.857252688858,4.435188455469,0.139190258618555,31.8642159263706,8.36528138058016e-223,1.77497132392169e-221
"AENJPLPP_00969",0.0690079503690043,0.791942550544679,3.11653965008542,0.254109570055678,0.799410910152732,0.835168194275375
"AENJPLPP_00970",181.561143824558,4.83586809392898,0.401353759195914,12.0488919889958,1.96574538500638e-33,8.43702399576101e-33
"AENJPLPP_00971",16.1825086147251,3.86357819221268,0.437184147956894,8.83741601855523,9.79578246603875e-19,2.94852073628119e-18
"AENJPLPP_00972",188.112543742933,4.5991679411309,0.622096762290497,7.39301057314176,1.43541057687997e-13,3.6435484988537e-13
"AENJPLPP_00973",574.727055446276,5.3259439267374,0.160006430092519,33.2858118492978,6.19485576175371e-243,1.48135717540984e-241
"AENJPLPP_00974",970.799099340329,4.86133171963072,0.216002172908908,22.5059389642383,3.63042923479661e-112,3.87889478171709e-111
"AENJPLPP_00975",183.443986775088,4.8508552518143,0.230205603032368,21.0718383389315,1.44222231676625e-98,1.37513159506858e-97
"AENJPLPP_00976",394.613244474573,5.00905705350789,0.143963372423684,34.7939685572677,3.00076102135825e-265,8.14530897058774e-264
"AENJPLPP_00977",2570.30059788114,5.03239592689832,0.0967320620231088,52.0240737315835,0,0
"AENJPLPP_00978",1764.75048179586,2.26100426841254,0.196298384016616,11.5182011290585,1.06817735008992e-30,4.33749104558075e-30
"AENJPLPP_00979",1314.81736600132,5.46095046938315,0.211358882954708,25.8373359711282,3.37683639169499e-147,4.64584842382512e-146
"AENJPLPP_00980",1154.65980937364,3.48781342413416,0.185366336371453,18.8157865792038,5.60700972793635e-79,4.49306391230644e-78
"AENJPLPP_00981",813.419784527411,6.06754242809662,0.233431126316497,25.9928593236104,5.96389070193337e-149,8.31907531709502e-148
"AENJPLPP_00982",732.790766887256,0.294094926726605,0.194170815116012,1.51461962268063,0.12986875995378,0.166934545111237
"AENJPLPP_00983",353.97488612701,0.0658920110787825,0.16543749834695,0.398289455154815,0.690416832461243,0.743734685808268
"AENJPLPP_00984",331.297754619493,1.33199140174862,0.252601311491922,5.27309772812172,1.3414008566267e-07,2.70706013463915e-07
"AENJPLPP_00985",819.795830297369,-0.400701298650712,0.155248419918478,-2.58103302346731,0.00985051584427067,0.014555960882191
"AENJPLPP_00986",19186.1569340092,0.339894131938796,0.0659815274631228,5.1513528862872,2.58614046874117e-07,5.13648070686693e-07
"AENJPLPP_00987",1465.49297965749,-1.53317281878012,0.0976083007045035,-15.70740201104,1.34582184209479e-55,8.27543104128897e-55
"AENJPLPP_00988",1706.20729046863,0.912913329902308,0.11101623266189,8.22324184502519,1.98074850983979e-16,5.59849461552278e-16
"AENJPLPP_00989",218.122162193896,1.41393147241114,0.130302371916703,10.8511568255642,1.96917108217091e-27,7.36118172528655e-27
"AENJPLPP_00990",524.184219836096,1.31253447687644,0.115307700638264,11.3828865688167,5.08870192757711e-30,2.02807657510448e-29
"AENJPLPP_00991",2799.62103919488,-1.26958866407326,0.0552129002162139,-22.9944208527635,5.30068108638708e-117,5.76568668349613e-116
"AENJPLPP_00992",2183.1843105552,-0.87849835274657,0.0449603973733886,-19.5393814127306,5.07940557658071e-85,4.32323418142307e-84
"AENJPLPP_00993",2754.26511164049,-0.738287137600918,0.0844407638813569,-8.74325507805974,2.26488551226953e-18,6.74985167998822e-18
"AENJPLPP_00994",3818.79158396882,-0.387508263299474,0.108430962804478,-3.57377868163198,0.000351866371206369,0.000585731147207067
"AENJPLPP_00995",2350.73571883522,0.0229018423362164,0.115309838532337,0.198611346852194,0.842566776936495,0.871790418581614
"AENJPLPP_00996",5191.69020406734,-1.89228313017368,0.0878007692059336,-21.5520108455474,5.0696760652031e-103,5.05792516041621e-102
"AENJPLPP_00997",1369.23596951335,-2.61065546845173,0.208408585181146,-12.5266215217698,5.338892157138e-36,2.40809611818215e-35
"AENJPLPP_00999",89.9789828808984,-0.399170937742921,0.21245479459476,-1.87885116221692,0.0602648188995901,0.0813156736876242
"AENJPLPP_01000",0,NA,NA,NA,NA,NA
"AENJPLPP_01001",115.732251674367,1.38328566606235,0.766526190980708,1.80461630970828,0.071134744078519,0.0951304855342111
"AENJPLPP_01002",22.9190337229053,0.464874080642003,0.245775031861373,1.89146178568786,0.0585627275598824,0.0791963636166632
"AENJPLPP_01003",41.7741773792344,1.12818365178549,0.316389560015037,3.56580555860273,0.00036274024927405,0.000603498824441035
"AENJPLPP_01004",9068.74309325241,0.0232290667925071,0.0572090810769647,0.406038103657993,0.684714603529943,0.738913001588725
"AENJPLPP_01005",2924.29769401075,-0.443479970362225,0.0991271945831054,-4.47384768859189,7.68244751504423e-06,1.42356791899313e-05
"AENJPLPP_01006",266.098800435469,-0.580010602756254,0.146869017674235,-3.94916921173092,7.84229017602901e-05,0.000136740858219765
"AENJPLPP_01007",23.8984228877632,0.0049152755869775,0.244000994943343,0.0201444899358661,0.983928109499074,0.98720459338019
"AENJPLPP_01008",933.043173846746,2.82290956291408,0.0919186931250118,30.7109410169143,4.0661531534655e-207,8.06007858644181e-206
"AENJPLPP_01009",246.996368134625,3.07168178621941,0.136763879187917,22.4597445206921,1.02777344867643e-111,1.08655487749547e-110
"AENJPLPP_01010",4152.19818357266,0.880727371326607,0.0875454132490228,10.0602343245714,8.28010309586395e-24,2.83821963911696e-23
"AENJPLPP_01011",10427.9379705054,-0.04407064012096,0.10839906111559,-0.406559242002711,0.684331737600002,0.738913001588725
"AENJPLPP_01012",6269.99071194525,0.0365404620374092,0.0557280326896445,0.655692660835652,0.512021891966843,0.579534921298309
"AENJPLPP_01013",661.469438213951,-0.032183826781551,0.0675202714513154,-0.476654286035516,0.633608320187776,0.690688085646082
"AENJPLPP_01014",442.334306351788,0.868133612070669,0.0615304477336027,14.1090085323167,3.34244149186575e-45,1.79195306316575e-44
"AENJPLPP_01015",494.63367584157,-0.662133991016161,0.0783533363239754,-8.45061642657269,2.89768788723313e-17,8.34678164840672e-17
"AENJPLPP_01016",1122.1509772724,-2.48047821462413,0.0482977021076944,-51.3581000001438,0,0
"AENJPLPP_01017",14.8167701785439,-1.08561813525823,1.09929042883881,-0.987562619284312,0.323366901014995,0.385710400933563
"AENJPLPP_01018",282.257428120984,-0.795238240923907,0.0980622593725867,-8.10952394949831,5.08184636181059e-16,1.40861113966286e-15
"AENJPLPP_01019",98.3878606010824,0.307929364482117,0.127496464417711,2.41519924406109,0.0157266043223743,0.022879893202952
"AENJPLPP_01020",28981.2284474348,-3.12895875476871,0.297130219422687,-10.5305975300936,6.24368749946045e-26,2.25566312180747e-25
"AENJPLPP_01021",71026.0393004777,-2.75851981250243,0.146890576298741,-18.7794199056872,1.11289263748367e-78,8.82406714931133e-78
"AENJPLPP_01022",18361.211295063,-2.52749153712872,0.0723137858201813,-34.9517247432418,1.21909951301037e-267,3.40106188212985e-266
"AENJPLPP_01023",16424.4780633602,-2.56443660013931,0.34334068815525,-7.46907281487051,8.0761842818285e-14,2.06041856402619e-13
"AENJPLPP_01024",977.81658641318,0.466522459320971,0.0823619021575762,5.66429923423105,1.47626592726184e-08,3.11048198520275e-08
"AENJPLPP_01025",1302.20965445826,0.609402818246338,0.0458617430400146,13.2878250552891,2.72380895537089e-40,1.33879875734625e-39
"AENJPLPP_01026",966.602490505941,-0.0733262826649462,0.0577551943450526,-1.26960498525666,0.204225372730659,0.254479341620131
"AENJPLPP_01027",708.403313417185,0.985867469018762,0.0926792101440731,10.637417685004,1.99584113302107e-26,7.28905373793027e-26
"AENJPLPP_01028",3173.01905366365,-1.71382135509937,0.176357011718379,-9.71790879421415,2.52922334112736e-22,8.31937764936324e-22
"AENJPLPP_01029",316.964558703753,0.880054926545208,0.67796060035499,1.29809154998742,0.194255877630326,0.243365055842067
"AENJPLPP_01030",639.875509331157,-0.418946523157719,0.43285074212568,-0.967877566988384,0.333105519093574,0.395915948334887
"AENJPLPP_01031",2183.77376226679,1.28373486935344,0.0777438126135997,16.5123734763797,2.98893113633851e-61,1.97926362940394e-60
"AENJPLPP_01032",848.483715149539,-1.07765586531729,0.137573408086939,-7.83331517553352,4.75171162583687e-15,1.2647444459935e-14
"AENJPLPP_01033",643.445521325308,-1.96523552911595,0.163897230888547,-11.9906573067872,3.97736411203768e-33,1.69023950205494e-32
"AENJPLPP_01034",129.072945132677,-0.24767901675507,0.112266589160987,-2.20616853692693,0.0273722013588367,0.0385385246234462
"AENJPLPP_01035",116.837733932497,0.417704649057967,0.182040161262043,2.29457415419826,0.0217575408697857,0.0310542257890404
"AENJPLPP_01036",74.9581492716925,1.75182909888421,0.158641765656505,11.0426727264074,2.37851099492689e-28,9.07146028824647e-28
"AENJPLPP_01037",184.596593019569,-0.0358975462212759,0.306594104140474,-0.117084920213693,0.906792759464927,0.923965703168016
"AENJPLPP_01038",129.616240719991,0.693461905768199,0.288658061719702,2.40236458887325,0.0162894641793285,0.0236644915970669
"AENJPLPP_01039",807.307308828504,0.534264287380392,0.34138669358833,1.56498275244626,0.117586953494834,0.151925167615753
"AENJPLPP_01040",2276.70373154869,-0.785631572438752,0.11503863883736,-6.82928432028359,8.53392920196508e-12,2.03262677355896e-11
"AENJPLPP_01041",1210.04370857448,-0.826370035358028,0.149688610139939,-5.52059394890153,3.37855694181607e-08,6.99628320666104e-08
"AENJPLPP_01042",477.331211449866,-1.38234148481607,0.252248292248188,-5.48008263007775,4.25127244121599e-08,8.75535465849883e-08
"AENJPLPP_01043",338.780336726715,-1.08262990691944,0.0750553730285929,-14.4244157777619,3.63333387156486e-47,2.01606536924952e-46
"AENJPLPP_01044",967.966092070495,-1.68038257160682,0.106648199801559,-15.7563144500659,6.21534910560071e-56,3.85326066978908e-55
"AENJPLPP_01045",2475.54868775895,-1.2348261095454,0.0859943854363861,-14.3593805953629,9.30550943918047e-47,5.09772726186377e-46
"AENJPLPP_01046",2234.52256789368,-0.885387447193743,0.138358084860204,-6.39924618852837,1.56145904638652e-10,3.59959916355208e-10
"AENJPLPP_01047",1085.68590924407,0.494426348512848,0.0856547802067038,5.77231471868456,7.81899005023563e-09,1.66374413992655e-08
"AENJPLPP_01048",738.55139798194,0.455898905765551,0.0783645209313093,5.81766978662666,5.96736375972992e-09,1.28151582381085e-08
"AENJPLPP_01049",467.971920622202,-0.561449486968243,0.187722691430885,-2.99084507412869,0.00278206600072184,0.004307484511909
"AENJPLPP_01050",2816.8182550245,-0.788771405777321,0.255970876041185,-3.08148887082924,0.00205968176077278,0.00321711827123296
"AENJPLPP_01051",0,NA,NA,NA,NA,NA
"AENJPLPP_01052",0,NA,NA,NA,NA,NA
"AENJPLPP_01053",8678.78530858132,0.514504688405174,0.0857657189117438,5.99895500129391,1.98591376051672e-09,4.37394602371117e-09
"AENJPLPP_01054",316.578635624724,-0.496257402143824,0.127162558503539,-3.90254339000276,9.51871676759457e-05,0.000164921757451193
"AENJPLPP_01055",5908.37649151178,1.30678486562914,0.0954777503470117,13.6867999180925,1.217544240798e-42,6.21773016529555e-42
"AENJPLPP_01056",9640.16078356077,2.09507195041299,0.230288303804806,9.09760467986592,9.2345934476013e-20,2.85665606341096e-19
"AENJPLPP_01057",309.300350047745,-1.72560565264622,0.0993240061537985,-17.3735003194917,1.30986109795297e-67,9.15687120216308e-67
"AENJPLPP_01058",4746.59211334108,-0.817237307242156,0.183697380536011,-4.44882395632172,8.63417463977554e-06,1.59501950886841e-05
"AENJPLPP_01059",1091.97776291191,-0.709964045918011,0.0963456385677775,-7.36892771143515,1.72005892916466e-13,4.35141692155595e-13
"AENJPLPP_01060",2877.14567850924,-0.54521995594027,0.0853477367015618,-6.38821809471947,1.67829867595017e-10,3.8600869546854e-10
"AENJPLPP_01061",510.174303225389,-1.19245517153814,0.142979579629042,-8.34003830919038,7.42664705777066e-17,2.11898556676733e-16
"AENJPLPP_01062",993.226488908759,-0.276963988750724,0.0723918884683201,-3.82589810282305,0.000130296181260964,0.000223948884277972
"AENJPLPP_01063",286.492652364553,-0.520716706055503,0.070492385347994,-7.38685041632402,1.50347573798083e-13,3.80990109212467e-13
"AENJPLPP_01064",223.898575547625,-0.455331261245582,0.186194723477559,-2.44545738322419,0.0144668544843513,0.021077675319802
"AENJPLPP_01065",12233.0985077183,0.537730468342777,0.0738270515840753,7.28365086787194,3.24905198713674e-13,8.15103550145128e-13
"AENJPLPP_01066",4938.00723264452,-0.294081497896859,0.0667575906958677,-4.4052143708515,1.0567931673672e-05,1.93681132194487e-05
"AENJPLPP_01067",10094.3237441357,-1.06874429913305,0.0390461331208168,-27.371322425863,6.02114313877498e-165,9.25597156996378e-164
"AENJPLPP_01068",3558.2249827323,-1.87986381699782,0.0642490877639317,-29.2589962351675,3.45017165233776e-188,6.41689332623066e-187
"AENJPLPP_01069",3436.79983396654,1.99043255509151,0.067188433623536,29.6246310227161,7.19947146397129e-193,1.37291186841427e-191
"AENJPLPP_01070",1904.7379718181,1.68962167659015,0.0698754984183192,24.1804597439148,3.57198344726975e-129,4.25390755993034e-128
"AENJPLPP_01071",2732.40220423721,0.590939223048803,0.0531247641800465,11.1236112229324,9.62937538217257e-29,3.71965487519051e-28
"AENJPLPP_01072",31059.300014943,0.645528167407716,0.0991929874352004,6.50780044133078,7.62591285712653e-11,1.77702052888803e-10
"AENJPLPP_01073",713.719463848505,-0.650854661894634,0.0550917418200942,-11.8140149574512,3.30398588802467e-32,1.37879632695545e-31
"AENJPLPP_01074",870.810292234946,-0.578850204792522,0.134798387194005,-4.29419236269814,1.75330409685368e-05,3.15762417442926e-05
"AENJPLPP_01075",296.101750793868,-1.12722796625238,0.110048048474722,-10.2430527562813,1.27159540233321e-24,4.42926814708665e-24
"AENJPLPP_01076",574.557457292486,-2.36701542933096,0.231825169462637,-10.2103470249483,1.78226260857538e-24,6.1794674794449e-24
"AENJPLPP_01077",748.071664060961,-0.367107234934576,0.0786230631976924,-4.66920544689934,3.02366884961921e-06,5.71896688255033e-06
"AENJPLPP_01078",395.327350048652,2.55668450955926,0.105660877230279,24.197078205088,2.38800002841008e-129,2.85517622444427e-128
"AENJPLPP_01079",5826.3484730839,2.32369025414012,0.0919228057500035,25.2787133201712,5.47674907299663e-141,7.2058711602353e-140
"AENJPLPP_01080",513.489757128124,1.98328397125194,0.766806292679774,2.58642109511245,0.0096978371632534,0.014351465310846
"AENJPLPP_01081",524.373212791817,-0.548474186960399,0.0706819666823823,-7.75974711378692,8.50988995785564e-15,2.24914898622974e-14
"AENJPLPP_01082",3002.17447236277,-2.41541000354677,0.198390677795763,-12.1750176489309,4.22302735834896e-34,1.82815825153814e-33
"AENJPLPP_01083",2915.37135613947,-3.33027516056541,0.0733474656743317,-45.4040931059852,0,0
"AENJPLPP_01084",12.2766384951023,-0.908121413491292,0.469808858436994,-1.93295932416541,0.0532412088119198,0.0725863177150744
"AENJPLPP_01085",19.5892853647133,-0.580509002169184,0.283677362513924,-2.04637055641227,0.0407199266587466,0.0564867122572761
"AENJPLPP_01086",16.1183323567674,-0.272757652336078,0.469806148854832,-0.58057488817661,0.561527000918431,0.625148588424136
"AENJPLPP_01087",22.1387270307172,-0.129773884804766,0.595999681456499,-0.217741533833753,0.827630500677162,0.859583143240362
"AENJPLPP_01088",5.97683640577259,-0.937782628541658,0.652579251483824,-1.43704021604938,0.150706566747488,0.191999528799231
"AENJPLPP_01089",27.6243394025068,-0.111483307494417,0.25423948232411,-0.438497225038773,0.661025881299639,0.717978003012189
"AENJPLPP_01090",27.527508269414,-0.857364674799515,0.239331276697134,-3.58233443882256,0.000340537437458174,0.000567185903295455
"AENJPLPP_01091",1952.71122671139,2.90719614993172,0.0498752202216654,58.289389741258,0,0
"AENJPLPP_01092",533.274322927996,-1.29845664286101,0.145802013707384,-8.90561529189121,5.30907446233233e-19,1.60927981438705e-18
"AENJPLPP_01093",1628.11248245101,-0.990741981348029,0.104569464740929,-9.47448649376369,2.68075972948818e-21,8.62020177689208e-21
"AENJPLPP_01094",1167.55457090279,0.366238797738459,0.0621571861792833,5.8921392722331,3.81227651436337e-09,8.27549649695737e-09
"AENJPLPP_01095",532.138594379526,0.347161537104153,0.220988167703379,1.57095079212625,0.116194079236298,0.150318918307843
"AENJPLPP_01096",1980.75395771284,1.93442619418887,0.104732096350057,18.4702327328887,3.5853518953483e-76,2.77703477138417e-75
"AENJPLPP_01097",3708.91899306571,1.92541755894381,0.306467883481248,6.28260794270673,3.32939944184285e-10,7.53114153023462e-10
"AENJPLPP_01098",9443.06876474437,1.19702359149758,0.0462309871772275,25.8922351562333,8.14539296746432e-148,1.12578298215459e-146
"AENJPLPP_01099",2815.52784721003,0.610776070266378,0.0586010594368876,10.4226114021739,1.95510022657164e-25,6.9712627013732e-25
"AENJPLPP_01100",4506.17272909635,0.859517984374629,0.111143989415692,7.73337351748218,1.04733423094468e-14,2.75359340125333e-14
"AENJPLPP_01101",893.117487329344,1.28136342657978,0.0730178472375245,17.5486333144217,6.09285702035507e-69,4.35018440813503e-68
"AENJPLPP_01102",268.532067207497,-0.957326616006979,0.0971051347979452,-9.85866110992966,6.2882279758173e-23,2.10049122961613e-22
"AENJPLPP_01103",106.644557631738,-0.8093265177178,0.131556995150925,-6.15190789960899,7.65563339670905e-10,1.70609640712162e-09
"AENJPLPP_01104",19.7658193926428,-0.511801697562066,0.251515058446622,-2.03487497219052,0.0418634548839338,0.057966263586991
"AENJPLPP_01105",98.2813810683275,-0.852428155900179,0.17187528585688,-4.9595737493638,7.06480237487086e-07,1.37685960902237e-06
"AENJPLPP_01106",4.25129878142031,-1.12602251330755,0.71142017304063,-1.58278125358028,0.113471330939644,0.146922698805822
"AENJPLPP_01107",25.9546644185111,-0.894824854371895,0.249047983260807,-3.5929817324994,0.000326915514528046,0.000545402239907532
"AENJPLPP_01108",16.7105625302155,-0.820220807919799,0.261136491370458,-3.1409658742646,0.00168391652288668,0.00265357765871211
"AENJPLPP_01109",28.5606847693549,-0.829836301082108,0.224707011672704,-3.69297021443551,0.000221649992473131,0.000375186195124463
"AENJPLPP_01110",15.1118914660043,-0.553451919451872,0.334802268620668,-1.65307099540277,0.0983164155019355,0.128403710406299
"AENJPLPP_01111",36.6634642562835,-0.290727335639443,0.18882698321059,-1.53964931651324,0.123645857387399,0.159343442390177
"AENJPLPP_01112",4.53569939450967,0.666942305163948,0.488430222153024,1.36548123951879,0.172101845585587,0.217145251570089
"AENJPLPP_01113",9.55133365396298,-0.235366574220173,0.351862366116528,-0.668916590364272,0.503548686554791,0.571662468948601
"AENJPLPP_01114",8.77055920015621,0.213912264499371,0.407806486066515,0.524543556338829,0.599900533303124,0.661119351441958
"AENJPLPP_01115",15.4224156294432,0.66687949982911,0.345572305627799,1.9297828239378,0.0536337525614215,0.0730884199310552
"AENJPLPP_01116",65.6537955072354,-0.575570634409752,0.177784262921085,-3.23746671922944,0.0012059600489849,0.00192048500401242
"AENJPLPP_01117",336.892787869005,-0.464995039754526,0.0781520637868243,-5.94987537402589,2.68346735240911e-09,5.8716682155473e-09
"AENJPLPP_01118",77.9466036826022,1.45099850364939,0.232308188885281,6.24600669744759,4.21079127123501e-10,9.48214805697391e-10
"AENJPLPP_01119",90.2228263222795,-0.0513641497061898,0.218402986825128,-0.235180619335193,0.814068547710953,0.848422184106918
"AENJPLPP_01120",104.681447799752,-0.525152543248586,0.122004270953072,-4.30437835615264,1.67455270276548e-05,3.02121394816311e-05
"AENJPLPP_01121",78.6883815204782,-0.735596402628058,0.166736409782885,-4.41173228802222,1.02546858813931e-05,1.88398588784375e-05
"AENJPLPP_01122",171.074875228252,-0.907467924752652,0.104054176238664,-8.72111007511352,2.75487455955925e-18,8.16168834606886e-18
"AENJPLPP_01123",165.144028192068,-1.0985602440905,0.135363470044665,-8.11563299705611,4.8325912154734e-16,1.34199053753192e-15
"AENJPLPP_01124",5502.37411206956,-0.5661032440984,0.12445680891542,-4.54859198971683,5.40060352876565e-06,1.01005701006647e-05
"AENJPLPP_01125",3401.02419069785,-0.335386743368428,0.0947337725742465,-3.54030811034758,0.000399660149993228,0.000663092528595593
"AENJPLPP_01126",657.083093416753,-1.04593657658119,0.0711728827553615,-14.6957174711656,6.86673062950067e-49,3.91845821717529e-48
"AENJPLPP_01127",167.95104934588,-0.557718717927146,0.140352862050241,-3.97368966888259,7.07677555605006e-05,0.000123751159317347
"AENJPLPP_01128",147.987492000143,-0.954172241518647,0.145262825888758,-6.56859203778224,5.0793233702631e-11,1.1872770608691e-10
"AENJPLPP_01129",96.2622106712605,-1.24260060314454,0.152838609496116,-8.13014857463821,4.28764582916411e-16,1.19286028469727e-15
"AENJPLPP_01130",411.579319458963,-0.0560015086932947,0.109024885775469,-0.513658035915094,0.607491096012199,0.667490562667774
"AENJPLPP_01131",390.006216242005,0.0321303682551098,0.0622819850935843,0.515885423478893,0.605934435341436,0.666063645999178
"AENJPLPP_01132",239.457115747165,-0.397566520415804,0.112836559328862,-3.52338393496294,0.000426073664388949,0.000706138586800827
"AENJPLPP_01133",194.131394755713,-0.481176572007726,0.153650456858001,-3.13163124827162,0.00173838065649363,0.00273511275092182
"AENJPLPP_01134",41.6983878110197,-1.42504755713231,0.23897312506949,-5.9632126278548,2.47326240991195e-09,5.41959246622888e-09
"AENJPLPP_01135",76.5756324201727,-0.129313225248836,0.1308769275678,-0.988052116228398,0.323127125011625,0.385577040657436
"AENJPLPP_01136",20.6386638852323,0.0846097768654364,0.316747975383781,0.267120182103518,0.789376628933794,0.829285837858271
"AENJPLPP_01137",9.35885589788685,-0.460142211247035,0.358883285078,-1.28215002029706,0.199790024921498,0.249675381621101
"AENJPLPP_01138",1715.28828425763,-1.21348371460139,0.122449251655278,-9.91009498381925,3.76288270057663e-23,1.26960420793252e-22
"AENJPLPP_01139",887.769219123609,-1.48158793074139,0.143069916654158,-10.3556915764676,3.94326408319428e-25,1.39448998622821e-24
"AENJPLPP_01140",92.0381428999619,1.40946732883743,0.303104689663547,4.65010069755757,3.31773000488175e-06,6.2516075701743e-06
"AENJPLPP_01141",2121.08520658275,-0.589965302429437,0.13299120467957,-4.43612270338406,9.15936518428245e-06,1.68790014068765e-05
"AENJPLPP_01142",100.090660590116,-0.653694454470598,0.196723857363419,-3.32290380654234,0.000890856289773877,0.00143768077187396
"AENJPLPP_01143",14.7367192751267,0.238974007860919,0.303934138840359,0.786269054120439,0.431709878111616,0.500670462952386
"AENJPLPP_01144",10.3339872131782,1.46561189315536,0.426561228022574,3.43587695475641,0.000590639158041127,0.00096875110679255
"AENJPLPP_01145",419.750821701743,4.01631913123702,0.161309226403113,24.8982604454392,7.7700390892332e-137,9.79545095224253e-136
"AENJPLPP_01146",150.236726998838,5.50855418888141,0.296875202027869,18.5551172723557,7.41454034614668e-77,5.75773455230411e-76
"AENJPLPP_01147",201.503868255006,-0.00495450620145249,0.0911446554097162,-0.054358713401031,0.95664937212576,0.963926868588734
"AENJPLPP_01148",363.883619320444,-2.35921871196556,0.0933458535443095,-25.2739529650954,6.1781801769193e-141,8.09341603176428e-140
"AENJPLPP_01149",676.338514819786,-0.0401997081185449,0.176647365978694,-0.227570379528861,0.819980249471393,0.853402587791816
"AENJPLPP_01150",1086.18074289251,-0.197490312382484,0.0596819814421143,-3.3090441639246,0.000936150689567218,0.00150916106349172
"AENJPLPP_01151",60.4957669793139,-0.776455954954287,0.275148887947773,-2.82194836673906,0.00477328616522005,0.00725626196559436
"AENJPLPP_01152",946.983906292018,-0.170172343599729,0.060284139993009,-2.82283770854926,0.00476006605333793,0.00723981777824694
"AENJPLPP_01153",13829.143039102,-4.31065225871673,0.160367036985714,-26.8799145992872,3.77188694772623e-159,5.65407730024833e-158
"AENJPLPP_01154",12126.5874191698,-4.11054411632608,0.0440990502474993,-93.2116245872931,0,0
"AENJPLPP_01155",579.960859241957,-0.886506569676505,0.0651447414631999,-13.6082598497576,3.57658541389214e-42,1.81418381347761e-41
"AENJPLPP_01156",10101.464607849,-1.51874722014835,0.0703728723449907,-21.5814300246686,2.6843628878678e-103,2.68703833260654e-102
"AENJPLPP_01157",15997.741767958,2.44753994376887,0.158574715517612,15.434616646038,9.57677444094725e-54,5.82925684658062e-53
"AENJPLPP_01158",622.439631074732,-1.52904178345156,0.079405278753904,-19.2561729830385,1.25304512391745e-82,1.0400619720009e-81
"AENJPLPP_01159",2764.08161878985,-1.21284300422,0.0698682352149439,-17.3590044243824,1.68622068359638e-67,1.17334478514455e-66
"AENJPLPP_01160",2758.28313873954,-1.09556328201077,0.113964067573083,-9.61323428815146,7.03051946248413e-22,2.29750055753413e-21
"AENJPLPP_01161",2584.59338393379,-1.74125848718914,0.119217563942142,-14.6057210834655,2.58235478018477e-48,1.45704774395069e-47
"AENJPLPP_01162",2014.84525231364,-2.12590467071815,0.103606415645916,-20.5190446698167,1.45544336328293e-93,1.34930795494507e-92
"AENJPLPP_01163",407.655086323968,0.244235041955414,0.105076355192636,2.32435776352976,0.0201063272878174,0.0289028454762375
"AENJPLPP_01164",638.531624899307,-1.79642377793028,0.127415695063568,-14.0989206787597,3.85622408214217e-45,2.06373057895104e-44
"AENJPLPP_01165",72.4024584683034,-0.369106510985021,0.199747622871078,-1.84786434841956,0.0646219691573243,0.0867673765913628
"AENJPLPP_01166",0.0690079503690043,0.791942550544679,3.11653965008542,0.254109570055678,0.799410910152732,0.835168194275375
"AENJPLPP_01167",4311.28258137031,-0.863749409726841,0.0647071659676346,-13.3485897088875,1.20712622462091e-40,5.9624119914472e-40
"AENJPLPP_01194",0,NA,NA,NA,NA,NA
"AENJPLPP_01195",21029.6720698032,-1.10918252025044,0.0391494315998339,-28.3320210517475,1.39409016532539e-176,2.38658731143488e-175
"AENJPLPP_01196",1659.98072237952,-0.801568087268288,0.0521381733405972,-15.3739196429452,2.44894275132847e-53,1.46985348799854e-52
"AENJPLPP_01197",1529.75865117418,-1.45819684692487,0.0628925383836546,-23.1855301821281,6.3728690034923e-119,6.9823470209172e-118
"AENJPLPP_01198",18862.2315390095,0.222800488091566,0.164201935622499,1.35686882890215,0.174822892779682,0.220301704703129
"AENJPLPP_01199",3703.31164298217,-0.358242040822687,0.0486794471653145,-7.35920520227157,1.85008446191206e-13,4.67251004504698e-13
"AENJPLPP_01200",1643.6183151976,-0.101417114379176,0.0907753754536285,-1.1172315605677,0.263895329500953,0.321909565905414
"AENJPLPP_01201",8884.34907477123,0.0455090147838819,0.255317107576115,0.178245066364442,0.858530518524007,0.884662261392898
"AENJPLPP_01202",3828.82609665747,-0.0460555744380167,0.246335422117418,-0.186962857562823,0.851689754767418,0.879116557421799
"AENJPLPP_01203",668.770247109087,-1.07533055728693,0.197261930995853,-5.45128272778359,5.0007792779358e-08,1.02568740397689e-07
"AENJPLPP_01204",1190.33471236067,-1.10839914842866,0.0774460790605899,-14.3118820458491,1.84453105656453e-46,1.00498590839583e-45
"AENJPLPP_01205",5228.16486181241,-0.788367667069565,0.104589194920552,-7.53775442739021,4.7813315615405e-14,1.22709982920967e-13
"AENJPLPP_01206",366.796721828059,-1.2198625487154,0.0649429222700099,-18.7836103777967,1.02843406550258e-78,8.17591514342817e-78
"AENJPLPP_01207",34532.585011354,-1.74680022454036,0.0730853190456776,-23.9008360003002,3.00204348693077e-126,3.49233862012449e-125
"AENJPLPP_01208",3368.14891751686,-0.0917447649996575,0.090883197890129,-1.00947993831126,0.312744518177466,0.37437395044446
"AENJPLPP_01209",1645.44718911431,-0.124489507795527,0.166419272892692,-0.748047420419861,0.454431555107808,0.523795820787997
"AENJPLPP_01210",187.260523629305,-0.93023278122894,0.118240613035991,-7.86728652147453,3.62415965621252e-15,9.69768476391503e-15
"AENJPLPP_01211",2524.46830273946,0.659553458718057,0.0790235761920415,8.34628715252298,7.04424175256271e-17,2.0117820284807e-16
"AENJPLPP_01212",110928.237211782,2.00073639487214,0.121740818077705,16.4343925600624,1.08506484787593e-60,7.10717475358737e-60
"AENJPLPP_01213",675.337244233672,-0.0649099792984533,0.237882233120764,-0.272866024700134,0.784956204130996,0.825793660281666
"AENJPLPP_01214",3600.94977433792,0.184390531580364,0.156814230315211,1.17585330878276,0.23965349962081,0.295086225728444
"AENJPLPP_01215",3936.81880632026,0.608782527686614,0.199516098331165,3.05129527280617,0.00227856377152584,0.00354796519049476
"AENJPLPP_01216",1670.77064806477,0.565220428942089,0.304663277948654,1.85522992054641,0.0635634007147725,0.0855366352628895
"AENJPLPP_01217",4232.62853216407,0.874737764371037,0.0920328220696545,9.50462829129588,2.00763722805674e-21,6.49732649638555e-21
"AENJPLPP_01218",14015.600814659,-0.337510303079141,0.0931468259931823,-3.62342247822641,0.000290730367444223,0.000487734185472964
"AENJPLPP_01219",3596.32524160867,-0.522824249383329,0.164792772515749,-3.1726163799651,0.00151071996788671,0.00239190712729515
"AENJPLPP_01220",4332.80129618248,-0.474214562164298,0.057690940778582,-8.21991383334057,2.036494462991e-16,5.74453377954459e-16
"AENJPLPP_01221",2205.3840669608,-0.65464107206235,0.0885922827030862,-7.38936905211435,1.47527174117182e-13,3.74157723581708e-13
"AENJPLPP_01222",1417.27836233911,-0.11093370004324,0.080073840769469,-1.38539251991941,0.165932476981679,0.209888561354239
"AENJPLPP_01223",3245.73360523878,-0.0707212243132992,0.0871667991389847,-0.811332124293522,0.417174966704236,0.486058845583861
"AENJPLPP_01224",6173.27299010837,1.07748171754308,0.0667972653603947,16.1306261825195,1.55436455048632e-58,9.90126932476806e-58
"AENJPLPP_01225",11847.661118957,0.938856074051334,0.106342577322964,8.82859996142483,1.05994088704906e-18,3.18722743780321e-18
"AENJPLPP_01226",630.313654410144,-0.330275769714115,0.143797068642496,-2.2968185153707,0.0216291248797105,0.0308855702666198
"AENJPLPP_01227",1161.75599097211,-0.358462177462057,0.0622764343650018,-5.75598428389641,8.61383998157551e-09,1.82771125806247e-08
"AENJPLPP_01228",343.374163387179,-0.354996771803706,0.148108040360546,-2.39687711038186,0.0165354683879929,0.0239987313357527
"AENJPLPP_01229",551.942076073529,-0.170732224672758,0.0619510173747069,-2.75592285498872,0.00585267990589919,0.00883030773984691
"AENJPLPP_01230",2989.91194564893,1.35374887402064,0.291378739558179,4.64601115398244,3.38414713370301e-06,6.36879157641922e-06
"AENJPLPP_01231",1002.19843443887,1.52821051641858,0.112558066191876,13.57708574891,5.4762314504232e-42,2.76843714096059e-41
"AENJPLPP_01232",5401.04645108094,-0.53045969623183,0.0631650255798032,-8.39799701437061,4.54158740323526e-17,1.3032193186617e-16
"AENJPLPP_01233",8119.73344657327,-0.617232642865877,0.0296562961290903,-20.8128702309667,3.30926805671656e-96,3.10617590494922e-95
"AENJPLPP_01234",2306.46099060489,-0.624896189026504,0.055455599138445,-11.2684056927498,1.8794214076546e-29,7.36371482609011e-29
"AENJPLPP_01235",305.561768842608,-1.05182738955899,0.15278452361648,-6.88438439091703,5.80379648949035e-12,1.394484754612e-11
"AENJPLPP_01236",378.863660737336,-1.03417835659265,0.262726593494848,-3.93632918097776,8.27374642302838e-05,0.000144097098107425
"AENJPLPP_01237",1103.38587959838,-1.75252058695416,0.199488742153104,-8.78506008930133,1.56280973096718e-18,4.68066174891065e-18
"AENJPLPP_01238",3540.82104910617,0.0370031358493364,0.149446309956547,0.247601535695967,0.804442722407238,0.83926105353636
"AENJPLPP_01239",3367.10800945675,0.173927166726373,0.169980669503991,1.02321732955811,0.306205101052643,0.367266455827546
"AENJPLPP_01240",1199.00679074666,-0.083338239676088,0.0924597678380512,-0.901345975928254,0.36740439590031,0.432925085978738
"AENJPLPP_01241",16972.812387405,0.646255594151346,0.144986343881408,4.45735492633673,8.2977155414845e-06,1.53474628155266e-05
"AENJPLPP_01242",12406.8998954207,0.167287531691417,0.0803878032408029,2.08100638339755,0.0374333217793127,0.0520713751251474
"AENJPLPP_01243",1821.06442096465,-1.07300467195558,0.0727231395806603,-14.7546527576064,2.87165592753875e-49,1.64492382313199e-48
"AENJPLPP_01244",3369.50210887317,-0.390777963588238,0.207028491683848,-1.88755644409076,0.0590855220635226,0.0798157256276561
"AENJPLPP_01245",3054.32135372071,-0.285604676339835,0.161232703323065,-1.7713818006733,0.0764972329052125,0.101759895250952
"AENJPLPP_01246",1684.72837000001,-0.213504723279955,0.108539784320327,-1.96706419325334,0.049175810635022,0.0673791348082407
"AENJPLPP_01247",1006.18028301801,-0.282105508295935,0.0613662625217444,-4.59707821045765,4.28456820744872e-06,8.04825686349314e-06
"AENJPLPP_01248",1932.26324900737,0.099869038475295,0.110365022352788,0.904897551291734,0.365519664420138,0.431041389001126
"AENJPLPP_01249",968.086545464134,0.465770891007995,0.0518194746956719,8.98833679313421,2.50999859139538e-19,7.66223480838327e-19
"AENJPLPP_01250",2603.45539053255,0.956678232619917,0.305376664340075,3.13278106788977,0.00173158548843749,0.00272726977347735
"AENJPLPP_01251",37.2602326659259,-3.2611549796016,0.26354715413507,-12.3740853522184,3.60983040488587e-35,1.59011973829256e-34
"AENJPLPP_01252",1622.70110020491,-1.20165816025882,0.122259769143807,-9.82872917783266,8.46805713109614e-23,2.80684885984518e-22
"AENJPLPP_01253",2458.07518046731,-1.0579471743223,0.103350408717055,-10.2365069229544,1.36060279376258e-24,4.72836933980008e-24
"AENJPLPP_01254",701.181631503998,-1.39923293393523,0.211352416481897,-6.62037821580845,3.58280983251789e-11,8.4073255649349e-11
"AENJPLPP_01255",2934.41411254426,-1.62913370122722,0.0463455462789796,-35.1518933754834,1.08751325950418e-270,3.0623153746599e-269
"AENJPLPP_01256",1069.08831122818,-1.18774415849196,0.0859051731657639,-13.826223901558,1.77074878118125e-43,9.23056414826837e-43
"AENJPLPP_01257",12430.0942877886,-0.462283321515643,0.0467679111144841,-9.88462624263911,4.85389706425166e-23,1.62678441096666e-22
"AENJPLPP_01258",3438.89135634567,0.377311043219694,0.127960516865175,2.9486520722423,0.00319163070793633,0.00491886614987834
"AENJPLPP_01259",3853.93583874622,-0.163209375220269,0.0698366094290213,-2.33701745480853,0.0194382765083573,0.0279825738746681
"AENJPLPP_01260",1349.72977464541,-0.0266030614200664,0.0724838384989022,-0.367020593431587,0.713603656993435,0.763796738373435
"AENJPLPP_01261",1239.53376709798,-0.161418388738957,0.0930654843096865,-1.73446030970857,0.0828364422086493,0.109804751594659
"AENJPLPP_01262",4293.15692010359,-0.351544583552505,0.236136654060164,-1.48873365277268,0.136557519538146,0.17486094618293
"AENJPLPP_01263",1069.97200574827,-0.446179769432439,0.180225038310894,-2.4756813682168,0.013298219954145,0.019412566241201
"AENJPLPP_01264",527.951106306805,1.13004336526017,0.0969795081500679,11.6523932407609,2.23103766474543e-31,9.13331044005162e-31
"AENJPLPP_01265",10.4557814919401,-2.2600379282146,0.424897020384627,-5.31902512794454,1.04324728098876e-07,2.11670306910379e-07
"AENJPLPP_01266",3.62517434032867,-2.70053416383367,0.94711248294431,-2.85133414717379,0.00435361917113193,0.00664511376019276
"AENJPLPP_01267",861.201930524997,1.05923437203767,0.148729538931933,7.12188298063933,1.06462431278068e-12,2.62711961867992e-12
"AENJPLPP_01268",297.100895219529,-2.96298504223327,0.351787942265475,-8.4226452537059,3.6807768345683e-17,1.05822333993839e-16
"AENJPLPP_01269",271.78980315029,0.868666425747774,0.113395636593224,7.66049251845448,1.85221380349994e-14,4.8174746219119e-14
"AENJPLPP_01270",250.257615612455,-1.67291643980972,0.208434762493062,-8.02609132852974,1.00627321418115e-15,2.75627381302529e-15
"AENJPLPP_01271",246.336344200077,-2.08831891840742,0.243084185108479,-8.59092876599721,8.62691082740812e-18,2.52849049834442e-17
"AENJPLPP_01272",300.50396870497,-2.7053574446337,0.113856644970379,-23.7610852255265,8.4397031156014e-125,9.70565858294161e-124
"AENJPLPP_01273",7271.47084656324,-1.24366711934268,0.111691527586904,-11.1348384806987,8.48987728105981e-29,3.28369707931107e-28
"AENJPLPP_01274",846.043477438352,2.19446768567445,0.117142774706772,18.733273914397,2.65100634919501e-78,2.08550447261738e-77
"AENJPLPP_01275",59.809836211203,0.127763310144181,0.160272818133114,0.797161437805805,0.425357278684805,0.494254331152071
"AENJPLPP_01276",177.096132222871,-0.461293653530415,0.208046697115924,-2.21726016286324,0.0266053184752315,0.0375817274101606
"AENJPLPP_01277",601.635755142777,-2.56354227563873,0.136706043049664,-18.7522235188053,1.85663607382436e-78,1.46825314709522e-77
"AENJPLPP_01278",829.194589469523,-2.60058455665537,0.157671552363042,-16.4936827073756,4.07346719626213e-61,2.69152558384601e-60
"AENJPLPP_01279",17.5853348284798,0.195625636890759,0.5259951401098,0.371915293456747,0.709955918090571,0.761244548472203
"AENJPLPP_01280",119.504875530159,0.460468277700936,0.149422116457233,3.08166079171239,0.00205849266718406,0.00321692863393443
"AENJPLPP_01281",273.140388861385,0.197526774100326,0.125144651025182,1.57838766964622,0.114476576160085,0.148160620262171
"AENJPLPP_01282",846.589637952352,2.85971754369446,0.270237484581474,10.5822386118025,3.60246481214644e-26,1.31089691775329e-25
"AENJPLPP_01283",191.018839843239,0.486525480309804,0.117078078259269,4.155564282772,3.24485693620247e-05,5.75103173457531e-05
"AENJPLPP_01284",75.5404456127915,0.884928411767035,0.154184497463749,5.73941236845224,9.50056279398205e-09,2.01302360747313e-08
"AENJPLPP_01285",3.06061340152301,-0.959933306932427,0.645636803376181,-1.48680078631317,0.137067433790385,0.175439327956852
"AENJPLPP_01286",220.004293556107,-1.76811527048552,0.172700199349059,-10.2380615491464,1.3389203651056e-24,4.65839152432237e-24
"AENJPLPP_01287",166.316915344284,-1.96179920213428,0.27773454131463,-7.06357658233034,1.62270702536667e-12,3.98144647184836e-12
"AENJPLPP_01288",753.00270801683,0.104224812204073,0.0446521692291836,2.33414891153718,0.0195879259317032,0.0281710839294614
"AENJPLPP_01289",1441.32718620241,-2.12866123749644,0.0796590746585548,-26.7221436681331,2.60308952117845e-157,3.88272709272805e-156
"AENJPLPP_01290",314.72242256685,-0.239529816362263,0.207268139978362,-1.15565188353245,0.247823576773935,0.304772423191783
"AENJPLPP_01291",1598.40490658549,-1.43026527991063,0.111601112208958,-12.8158694084755,1.33632075683534e-37,6.22308259713274e-37
"AENJPLPP_01292",32.296162158082,1.47232071406732,0.292027015463406,5.04172777210682,4.61347289860255e-07,9.05563116839706e-07
"AENJPLPP_01293",1130.56451771439,1.57673839373758,0.0904789086607398,17.4265850138592,5.18515240510398e-68,3.65020191508838e-67
"AENJPLPP_01294",848.926029979891,-0.229100212856809,0.0536471162463118,-4.2705037826252,1.95031912949875e-05,3.5040617395228e-05
"AENJPLPP_01295",382.891065523591,-0.176129806237528,0.068131107333447,-2.58515989437122,0.00973338475098393,0.014396999634126
"AENJPLPP_01296",119.166093697709,1.69671828462199,0.127990719589493,13.2565727426481,4.13359246802237e-40,2.02842249285853e-39
"AENJPLPP_01297",386.077766396658,1.70295900871443,0.131804072085962,12.920382365757,3.45420630147838e-38,1.62872043604919e-37
"AENJPLPP_01298",2.95213051091283,-1.31849360144534,0.654718948900537,-2.01383143661791,0.0440272339779981,0.0607947094297472
"AENJPLPP_01299",78.4811439586336,-0.451550510870765,0.137722899000198,-3.27868868684006,0.00104290617045909,0.00166876064343772
"AENJPLPP_01300",6.84646515136813,1.33034146308149,0.44526857066643,2.98772819534596,0.00281059388364848,0.00434813965002692
"AENJPLPP_01301",5.0316915997236,1.26779443582898,0.547255353576049,2.31664145000055,0.0205232714543687,0.0294600366326884
"AENJPLPP_01302",7.57879874955226,0.941741056820349,0.468186458937054,2.01146581419383,0.0442762777225003,0.0611105931185952
"AENJPLPP_01303",80.6977130172712,0.0800721663793311,0.135024237671461,0.593020688434927,0.553167306857906,0.61729373909736
"AENJPLPP_01304",0,NA,NA,NA,NA,NA
"AENJPLPP_01305",28.6734562961064,-0.367499443243109,0.300161367519765,-1.2243395820047,0.220824150962803,0.273691142266938
"AENJPLPP_01306",1275.42802722466,1.32772955721226,0.240430635209526,5.52229775567161,3.34594834915697e-08,6.93352295461483e-08
"AENJPLPP_01307",282.762729312439,1.12812914351663,0.487355647284158,2.31479649369665,0.0206240719185366,0.0295906327097861
"AENJPLPP_01308",3.42302865342619,0.828756673584888,0.626173346636766,1.32352595018012,0.185660532336136,0.23347044404373
"AENJPLPP_01309",5.83415073389048,1.58697683100107,0.509741961167987,3.11329447425671,0.0018501131872572,0.00290635611741707
"AENJPLPP_01310",3.31048532942878,2.04984586955983,0.69682766485808,2.94168267555409,0.00326434243577822,0.00502321948876394
"AENJPLPP_01311",10.0046116063298,0.893020153267263,0.393077131209245,2.27187002845985,0.023094361636026,0.0328999109264049
"AENJPLPP_01312",3.95724324869857,-0.457300729555129,0.808930725926358,-0.565315069509129,0.571859480573088,0.634159961342184
"AENJPLPP_01313",0,NA,NA,NA,NA,NA
"AENJPLPP_01314",14.924035915652,-0.677767020662152,0.333288439970173,-2.03357494404189,0.0419944702316181,0.0581209640826208
"AENJPLPP_01315",0.575256985765309,1.40163218008674,1.73695649492945,0.806947199989407,0.419696903654954,0.48843057964943
"AENJPLPP_01316",13.3222098439572,-0.132158675679224,0.276025863715079,-0.478790914374757,0.632087380889598,0.68927950728207
"AENJPLPP_01317",28.2585685128515,-0.263198497641261,0.216149588598788,-1.2176682793961,0.223350055908133,0.2765942122693
"AENJPLPP_01318",20.1864126198838,-1.49583681131608,0.276982312264079,-5.40047773841212,6.64636590742794e-08,1.35674122486994e-07
"AENJPLPP_01319",52.9954120002991,-1.16866464948884,0.26287047249337,-4.44578137058858,8.75729761843758e-06,1.61677314487454e-05
"AENJPLPP_01320",421.52359549016,-1.14411133974832,0.1453196524066,-7.8730668619213,3.46051589422144e-15,9.26803056825707e-15
"AENJPLPP_01321",317.856479036003,-1.20561631128746,0.0952793648665533,-12.6534881186081,1.07015902670845e-36,4.90774603877102e-36
"AENJPLPP_01322",83.135559482708,-1.35805073803304,0.18440457365418,-7.36451765334106,1.77788526710359e-13,4.4939331457912e-13
"AENJPLPP_01323",101.850789425847,-1.72672818006318,0.135264189320262,-12.7655973745929,2.55185367673935e-37,1.18653319876785e-36
"AENJPLPP_01324",49.9177341945196,-1.28046846615255,0.203461212956055,-6.29342786051863,3.10530856429621e-10,7.04540263872326e-10
"AENJPLPP_01325",1287.53634927598,-0.97457010800642,0.0763926892703297,-12.7573740015582,2.83601300198732e-37,1.31662668335713e-36
"AENJPLPP_01326",56.2448624365247,-0.664007700888267,0.210218792636061,-3.15865053053474,0.00158501430079055,0.00250296021398424
"AENJPLPP_01327",119.026446076041,-0.841522687706548,0.104415201302545,-8.05938864464975,7.66769543755393e-16,2.10984167610502e-15
"AENJPLPP_01328",14.296376484025,0.504524851103401,0.312606281851767,1.61393062261826,0.106542475527589,0.138666297522516
"AENJPLPP_01329",11.3799509168235,2.33228437030124,0.379698929762349,6.14245705607073,8.12546496989925e-10,1.80946237651932e-09
"AENJPLPP_01330",51.6958366816171,-1.54292847528043,0.255239354292535,-6.04502577416822,1.49386118949355e-09,3.3063177675541e-09
"AENJPLPP_01331",10.3001674077044,-2.17970642647641,0.585138739610066,-3.72511043778943,0.000195229732094825,0.00033195664943663
"AENJPLPP_01332",87.2954304801069,-1.707706871074,0.17909360971702,-9.53527528856163,1.49488421702166e-21,4.84310338267339e-21
"AENJPLPP_01333",444.433376211358,-1.53524260758969,0.116180271906947,-13.2143141205533,7.25445573563936e-40,3.54257295485922e-39
"AENJPLPP_01334",9.2628392889461,-1.56212878552748,0.661557880390506,-2.36128815305682,0.0182115737482802,0.0263172526156203
"AENJPLPP_01335",50.8535105492787,0.747253477287337,0.275458234464378,2.71276507213645,0.00667243922013908,0.0100069981932698
"AENJPLPP_01336",756.342477571818,0.533767558977719,0.0778968971006242,6.85223133199027,7.27068530910427e-12,1.73861705050247e-11
"AENJPLPP_01337",437.090509186817,0.587173203881751,0.0857999898584139,6.84351134365747,7.72752024301192e-12,1.84639321904797e-11
"AENJPLPP_01338",38.6616127966514,0.387993529368131,0.23139437480204,1.67676301422653,0.0935888328514645,0.12265469916549
"AENJPLPP_01339",217.360260891857,0.473981157164152,0.121514901725948,3.90060108210529,9.59541512522439e-05,0.000166155090645409
"AENJPLPP_01340",18.0747478316818,0.23542059726137,0.30508717660775,0.771650253802866,0.440321601571457,0.509676905699116
"AENJPLPP_01341",88.1068238569239,0.203400927274617,0.197326501656641,1.03078362798194,0.302642297483389,0.363436126870247
"AENJPLPP_01342",260.149346813779,0.351140491867301,0.0783908259192382,4.47935696237034,7.48682401220643e-06,1.38902713970308e-05
"AENJPLPP_01343",150.293632795488,0.726363590003662,0.206401674216231,3.51917489410822,0.000432891232181776,0.000716649056353676
"AENJPLPP_01344",42.203770369933,0.691686315078476,0.181322052983687,3.81468389363926,0.000136357365230928,0.000233833091315188
"AENJPLPP_01345",20.5762712256326,1.05186649837595,0.302448613049568,3.47783541729638,0.000505480188218504,0.000833157443710259
"AENJPLPP_01346",20.7855125724965,0.106848070833183,0.273061244648494,0.391297091503141,0.695577648479237,0.747956978896482
"AENJPLPP_01347",14.2650056921644,-0.371672890681134,0.34635304760716,-1.07310414401981,0.283224391894006,0.342861789034443
"AENJPLPP_01348",143.197069640657,0.364877987109151,0.197098274428409,1.85124901862946,0.0641337367222632,0.0861886479679656
"AENJPLPP_01349",10.9933067707104,0.763953698891061,0.3628514247193,2.10541738807296,0.0352549915226444,0.0492002267057562
"AENJPLPP_01350",42.3440213761375,0.969449185027649,0.207961846216533,4.66166848710434,3.13656136791664e-06,5.9213404771509e-06
"AENJPLPP_01351",515.704922623388,0.715325799606306,0.066347431118575,10.7815146351015,4.20897432388873e-27,1.55794098745414e-26
"AENJPLPP_01352",238.665755052479,1.08633810556128,0.189181822000264,5.74229645361891,9.34011178989378e-09,1.98041919936312e-08
"AENJPLPP_01353",62.799894149427,0.972090315869049,0.268082986549175,3.62607985080297,0.000287756406019425,0.000483013956176338
"AENJPLPP_01354",0.344094231955637,1.47415237172028,2.65819560529089,0.554568809302865,0.579189628251081,0.641108872123625
"AENJPLPP_01355",446.900147377464,0.548252791232815,0.156546868740753,3.50216389278753,0.000461495643355701,0.00076274611221775
"AENJPLPP_01356",242.310603923893,1.03296060545913,0.0978175661816676,10.5600726513754,4.56308524040938e-26,1.65247305641268e-25
"AENJPLPP_01357",14013.3346352812,-2.89070883701097,0.0795059865173589,-36.3583795841566,1.93718867218307e-289,5.89570653463392e-288
"AENJPLPP_01358",31339.5136925836,-3.54257024478374,0.336372541779747,-10.5316867602807,6.17184902032668e-26,2.2323866864639e-25
"AENJPLPP_01359",16827.7379504748,-0.118121283631176,0.133620185842632,-0.884007778362848,0.376692013933928,0.443002747065935
"AENJPLPP_01360",769.935998134734,-0.102170875285946,0.0444547703015677,-2.29831072330033,0.0215441105702936,0.0307787601461804
"AENJPLPP_01361",66.8720428144147,-0.660082112135961,0.181191865167031,-3.6430008131296,0.000269477986575294,0.000453342922139229
"AENJPLPP_01362",600.902003173253,3.26539629809001,0.168729100748911,19.3528933870708,1.92713763880405e-83,1.61739991802691e-82
"AENJPLPP_01363",28.9327094489655,-1.4496244638985,0.244210115909088,-5.93597222007852,2.92109262714178e-09,6.37771890259288e-09
"AENJPLPP_01364",56.4845128982464,-1.67830829386256,0.203945814424059,-8.22918724074866,1.88487952037936e-16,5.33753946889382e-16
"AENJPLPP_01365",46.0079179868333,-0.554813776498441,0.161382901730553,-3.43787210757162,0.000586304541739149,0.00096216535090417
"AENJPLPP_01366",9.67668586391782,-0.355677407241921,0.324003017094312,-1.09775955307968,0.27230949742604,0.331101095942155
"AENJPLPP_01367",4.80376994148809,-0.997055026502853,0.488734617411287,-2.04007449233701,0.041342906846027,0.0572981501044523
"AENJPLPP_01368",7.160640908961,-1.20585655927898,0.491485290713546,-2.45349470688797,0.014147562151651,0.0206224502965285
"AENJPLPP_01369",10.331840147873,-1.13411570797705,0.339903622247947,-3.33658023552853,0.000848159428338357,0.00137171463101635
"AENJPLPP_01370",18.7321889111074,-1.05928002642924,0.273855999118006,-3.8680183375234,0.000109723415341752,0.000189562299555447
"AENJPLPP_01371",10.0490132937729,-0.523433254745298,0.348509096805933,-1.50192135454292,0.133117420904508,0.170673527312887
"AENJPLPP_01372",19.4659353494611,-0.932294041171011,0.249155546287339,-3.741815324054,0.000182695755468911,0.000311171459145183
"AENJPLPP_01373",901.75646044138,0.0794345579109592,0.11457052558924,0.693324548372496,0.488105900806461,0.556858416936717
"AENJPLPP_01374",33527.2585579782,-1.12831982788721,0.10631800810421,-10.61268780338,2.60155636476373e-26,9.47822167718637e-26
"AENJPLPP_01375",34543.9109967419,-1.09196277737341,0.105254914529824,-10.3744588293214,3.24043134941413e-25,1.14863760656291e-24
"AENJPLPP_01376",317.82211252768,-0.205439362311024,0.0892143498179404,-2.30276141372171,0.021292270661538,0.0304623036577465
"AENJPLPP_01377",146.102436654787,-0.335363374161626,0.101728953934305,-3.29663641659185,0.000978500822389211,0.00157406459042109
"AENJPLPP_01378",225.547803765374,0.209909293356681,0.209341441084593,1.00271256502843,0.31599956563304,0.377970103712723
"AENJPLPP_01379",1651.15859501029,0.408658012790346,0.0604811953416588,6.75677804451173,1.41094079124916e-11,3.35001150830081e-11
"AENJPLPP_01380",1671.21711876313,0.856286379929564,0.0596129089585843,14.3641099702828,8.69161158002902e-47,4.7875366893286e-46
"AENJPLPP_01381",4777.3803707129,-1.95228293187527,0.0804588247810862,-24.2643729533345,4.66306451523355e-130,5.61992535375948e-129
"AENJPLPP_01382",1296.28816201539,-0.567727769650017,0.0728422705913509,-7.79393290518085,6.49550470260889e-15,1.72279539339442e-14
"AENJPLPP_01383",378.384020113991,-0.915487025561734,0.178938793431938,-5.11620207112859,3.11749074463556e-07,6.17554215225966e-07
"AENJPLPP_01384",600.919573746684,-0.923926153863217,0.221607634716607,-4.16919820946032,3.05673073365469e-05,5.43038307812593e-05
"AENJPLPP_01385",3230.6863775051,-0.927876696616591,0.143179741388624,-6.48050267179986,9.14175354057036e-11,2.12204186577338e-10
"AENJPLPP_01386",4596.41788841536,0.115510170381248,0.219041535295991,0.527343684955271,0.597954943025733,0.659216334920063
"AENJPLPP_01387",952.222723392706,-0.248572217827741,0.0770417256482528,-3.22646222856741,0.00125330772972497,0.00199062529766016
"AENJPLPP_01388",107.69327523308,-1.61375595298177,0.205986799621109,-7.83426877814554,4.71579031565184e-15,1.25629321141105e-14
"AENJPLPP_01389",4124.44101441161,-0.763496855536463,0.0658996033530402,-11.5857579816714,4.86642673774159e-31,1.9841060569439e-30
"AENJPLPP_01390",3272.94193130885,-1.21677421983077,0.0597770232227361,-20.3552160049343,4.17407004717285e-92,3.79953868644465e-91
"AENJPLPP_01391",2203.80890080089,-1.97609667272279,0.075121608157782,-26.3053031102887,1.66770160683071e-152,2.38141466416157e-151
"AENJPLPP_01392",11835.0500339697,0.934092752287107,0.109310967817269,8.54527931587426,1.28225766952974e-17,3.73640460183085e-17
"AENJPLPP_01393",798.164405299635,0.839328577131031,0.125841262674753,6.66974058660192,2.5625597462379e-11,6.0320254026678e-11
"AENJPLPP_01403",1416.08839367982,-0.0110923514155652,0.181892999206867,-0.0609828386135405,0.951372876417813,0.962692856079244
"AENJPLPP_01404",1314.98589607528,0.541699140504776,0.0505353442124609,10.7192134326297,8.2703651950752e-27,3.0462848817557e-26
"AENJPLPP_01405",2536.59112283126,-0.818025600918993,0.130725115911333,-6.25760088423892,3.90944759431848e-10,8.81674071982155e-10
"AENJPLPP_01406",18020.2574964264,1.16818490475322,0.0328660439872932,35.5438246600312,1.03500077138126e-276,3.02762847006965e-275
"AENJPLPP_01407",4342.33351889181,-0.707795110954932,0.109430457552869,-6.46799005307067,9.93150337026993e-11,2.30358888796176e-10
"AENJPLPP_01408",5497.87381689712,-0.675955650071369,0.137736153701633,-4.90761235815862,9.21918416712156e-07,1.78403351930233e-06
"AENJPLPP_01409",819.79498039993,-0.551616647724473,0.287707897132558,-1.91728017625572,0.055202346994856,0.0749885804758797
"AENJPLPP_01410",2317.65843504113,-0.888604559835993,0.0680482419228483,-13.0584499279713,5.68740376987242e-39,2.73303788813805e-38
"AENJPLPP_01411",1798.4363631961,-1.33625653479256,0.0411891506146946,-32.4419541274988,7.03410856245934e-231,1.59351647358571e-229
"AENJPLPP_01412",1095.65934797515,-1.50328185846658,0.0857173653746081,-17.5376582317578,7.39109711987173e-69,5.2522112316447e-68
"AENJPLPP_01413",5014.1957235155,-1.33694318141322,0.102042789502666,-13.1017898268872,3.21583491772666e-39,1.56027546008219e-38
"AENJPLPP_01414",567.441404807928,-1.74833251483012,0.0731826346203616,-23.8899914426377,3.89183461346022e-126,4.51003757321371e-125
"AENJPLPP_01415",1280.10554937154,-1.53518198591494,0.0862536040630862,-17.7984676998784,7.26290198055021e-71,5.35039698469383e-70
"AENJPLPP_01416",56.6376075919532,-2.26793613694425,0.183025741979244,-12.3913505959257,2.9109906919783e-35,1.28416031550961e-34
"AENJPLPP_01417",4298.30239796016,-0.400899402609103,0.107414162430122,-3.73227695062938,0.000189756702127116,0.000322832830891586
"AENJPLPP_01418",3339.79280078892,-1.47049746688775,0.0575752396132341,-25.5404489284965,7.01047672047951e-144,9.51466953099314e-143
"AENJPLPP_01419",1079.48935476387,-1.65074120206072,0.228570585903612,-7.22201938423011,5.12211692342639e-13,1.27756111674534e-12
"AENJPLPP_01420",562.747715202314,-1.80623229771083,0.17625479399536,-10.2478477706449,1.21007913596213e-24,4.21987087575683e-24
"AENJPLPP_01421",6267.32091125899,-0.23077829259469,0.0824058176644967,-2.80050971078608,0.00510219723449835,0.00772508556157966
"AENJPLPP_01422",3075.63529082791,-0.100236237973782,0.163780523527852,-0.61201561586617,0.540527425837222,0.60543090485039
"AENJPLPP_01423",722.625057516803,-0.340035822212771,0.0652475094171362,-5.21147589004319,1.87344193115913e-07,3.75533601616473e-07
"AENJPLPP_01424",3923.07854349981,-0.663603855095396,0.060682208489872,-10.9357235276984,7.77830143261589e-28,2.92950277705896e-27
"AENJPLPP_01425",9716.48938303033,-0.727412992074322,0.0575144138620919,-12.6474903111855,1.15505830954335e-36,5.28904359673878e-36
"AENJPLPP_01426",20512.0140588804,-0.61726168740124,0.112413141160776,-5.49101004586659,3.99641619302778e-08,8.24175358630575e-08
"AENJPLPP_01427",4745.06317066387,-1.59995775345609,0.252565070933853,-6.3348338214001,2.37597215932158e-10,5.42333645154236e-10
"AENJPLPP_01428",15727.9274471934,-1.04518305122357,0.182776649908058,-5.71836201040628,1.07555808761309e-08,2.27734119323841e-08
"AENJPLPP_01429",4194.12515788264,-1.47214882244929,0.333963506106772,-4.40811284924834,1.04275212859849e-05,1.91457170229571e-05
"AENJPLPP_01430",3.5534912944915,-2.82739700425422,1.03442280200213,-2.73330885473693,0.00627015054718624,0.00943654525408198
"AENJPLPP_01431",3420.57263166167,-0.0458302242655452,0.0713894947936133,-0.64197434647829,0.520889839753227,0.586487700738592
"AENJPLPP_01432",2395.99959847799,-0.31207580469096,0.217703496660242,-1.43349008848489,0.151717829410897,0.193206179211763
"AENJPLPP_01433",2206.11288992177,-0.795640863862014,0.0635510683500964,-12.5197087085761,5.82485233140431e-36,2.61944478724197e-35
"AENJPLPP_01434",17644.337629791,1.76521395975858,0.0434119130912444,40.6619711978231,0,0
"AENJPLPP_01435",3758.12959117105,-0.90764999637898,0.176496659183791,-5.14259023698469,2.70976215870596e-07,5.37492652019819e-07
"AENJPLPP_01436",4265.02764360483,-1.98727726530702,0.138592290991214,-14.339017351499,1.24810130682137e-46,6.81255296639996e-46
"AENJPLPP_01437",2544.81206672759,0.845884200882048,0.20619987677242,4.1022536682485,4.09145349096153e-05,7.23447732879523e-05
"AENJPLPP_01438",1525.54939791512,1.44511188236795,0.128932063773392,11.2083204136703,3.71169672544261e-29,1.44674543774367e-28
"AENJPLPP_01439",659.120065186665,-0.236644453738084,0.133974695784523,-1.76633693663085,0.0773393382805864,0.102789336673757
"AENJPLPP_01440",416.432362450498,-0.22942960750762,0.134595245031703,-1.70458924796028,0.0882710580529405,0.116241563773387
"AENJPLPP_01441",278.282233469952,-2.00866518839729,0.145026390681289,-13.8503425408383,1.26606895385445e-43,6.61120581969406e-43
"AENJPLPP_01442",5.35180770044344,-2.07152619786467,0.572170363565478,-3.62047098167749,0.000294067232012731,0.000493057634977384
"AENJPLPP_01443",174.248295699865,-1.12842592537884,0.177457014511543,-6.35886909562224,2.03244515726378e-10,4.65331098695727e-10
"AENJPLPP_01444",498.208540403063,-1.24606304868334,0.23974002612098,-5.19755949327602,2.01921926712716e-07,4.03709864091184e-07
"AENJPLPP_01445",634.316941039511,-1.28904938827663,0.0764439256723859,-16.8626791067885,8.46628689571697e-64,5.71948933112e-63
"AENJPLPP_01446",37.8506879310548,-0.158871845214724,0.168919890212951,-0.940515915647588,0.346952989739525,0.411077215133775
"AENJPLPP_01447",62.8113252069709,-0.374072144539255,0.16211994280068,-2.30737895706737,0.0210337032863962,0.0301066736351125
"AENJPLPP_01448",4.45420384251792,-0.530258627848011,0.494046598084224,-1.07329679002792,0.28313797498383,0.342861789034443
"AENJPLPP_01449",78.1196127158662,-0.316595562526902,0.15836292913609,-1.99917723329577,0.0455891809634213,0.0627215535355198
"AENJPLPP_01450",615.426342343046,0.378929095117437,0.25202773853947,1.50352138742099,0.132704645975236,0.170289224158172
"AENJPLPP_01451",316.927449187402,-0.0552757400315728,0.149962686040291,-0.36859662554138,0.712428411170506,0.763080982174452
"AENJPLPP_01452",22.4583526801556,-0.851538015498796,0.285450668071052,-2.98313547925149,0.00285311670241071,0.00441069298325474
"AENJPLPP_01453",12.2735767575245,-0.655865919538104,0.33555958829092,-1.95454382000698,0.0506369378882858,0.0691609672971011
"AENJPLPP_01454",27.9073112674038,-0.336677503900941,0.211872834735498,-1.58905460589721,0.112048065035261,0.145329668511081
"AENJPLPP_01455",84.9144055148547,-0.409657846139414,0.140083557760789,-2.92438208086461,0.00345140818372065,0.00529755112457988
"AENJPLPP_01456",28972.6050851655,-0.949974313739315,0.033743069647034,-28.1531681520509,2.19165884768038e-174,3.68908832852568e-173
"AENJPLPP_01457",2944.63802923508,-0.331592510083951,0.054916617486368,-6.03810877766211,1.55930941138067e-09,3.44442760739733e-09
"AENJPLPP_01458",955.676690326643,-0.471684769379185,0.103807257901363,-4.54385154675194,5.52355651073238e-06,1.0317715912484e-05
"AENJPLPP_01459",674.004191492869,-0.401060149688274,0.0753728028623656,-5.32101944544412,1.03187371211304e-07,2.09503739528072e-07
"AENJPLPP_01460",4535.7777253212,-2.01070904783232,0.059188938695013,-33.9710272250875,5.96864021184812e-253,1.4986260798582e-251
"AENJPLPP_01461",4131.6622772402,-1.07387473833754,0.0720256266375288,-14.9096202070111,2.85371111976948e-50,1.65669202386617e-49
"AENJPLPP_01462",2341.9396812424,-1.1621415177415,0.23227066858173,-5.00339334638187,5.63298368641463e-07,1.10280570806805e-06
"AENJPLPP_01463",33080.5433806468,0.872047453152448,0.0957268560537038,9.10974713995851,8.2574198504681e-20,2.5569995898726e-19
"AENJPLPP_01464",13662.7945542617,0.168399057459267,0.0569106428067844,2.9590081776267,0.00308630911263768,0.00476385725224249
"AENJPLPP_01465",6533.31502507806,0.0077072244907359,0.119044461068945,0.0647424031452604,0.948379100795137,0.960492850654033
"AENJPLPP_01466",5193.73489860276,-0.0516764167747656,0.0567109161238095,-0.911225215652436,0.362176720589112,0.427433787361925
"AENJPLPP_01467",6333.1658620567,-0.347173988535071,0.0418028657151905,-8.30502843753396,9.979554296338e-17,2.84469225116995e-16
"AENJPLPP_01468",5159.10905404822,-0.00948790542012883,0.06118193170251,-0.155076918235643,0.876760678613692,0.901905061339384
"AENJPLPP_01469",5288.1227654756,0.47181359791183,0.102953992846127,4.58276153132783,4.58875245604763e-06,8.60355392039298e-06
"AENJPLPP_01470",32958.4580939562,-1.48430821333656,0.0780246459188948,-19.023581534474,1.08791732551162e-80,8.83529623117657e-80
"AENJPLPP_01471",5294.42559876571,-0.660251888752003,0.258156597676342,-2.55756348935067,0.0105408314327345,0.0155151563785193
"AENJPLPP_01472",1829.89104963083,-0.71015176992886,0.0489069138448206,-14.5204780694635,8.98811924157482e-48,5.04305461356889e-47
"AENJPLPP_01473",21582.9260908912,-2.34495466975299,0.22377294646498,-10.4791696529767,1.07685030134223e-25,3.87177799277342e-25
"AENJPLPP_01474",22869.3528886542,-1.91977393108315,0.140206842119361,-13.6924411252969,1.12659761722078e-42,5.76305368537558e-42
"AENJPLPP_01475",68330.6420353382,-1.70379239615015,0.0404617545801052,-42.1087126307641,0,0
"AENJPLPP_01476",159114.264094909,-1.54248006194828,0.0975029045620102,-15.819837048724,2.27079613400755e-56,1.4136175106952e-55
"AENJPLPP_01477",5284.52043650359,-2.52563941527807,0.108120029248126,-23.3595887167395,1.10119445688678e-120,1.23341966490702e-119
"AENJPLPP_01478",18897.6426267976,-2.16050866667808,0.305985816088119,-7.06081312623946,1.65531084141343e-12,4.05813797003959e-12
"AENJPLPP_01479",12734.1123729881,-2.14410526396164,0.0919935732842297,-23.3071201325886,3.75430806426234e-120,4.18952970282312e-119
"AENJPLPP_01480",7111.77879747866,-2.03392857777875,0.0650662062388815,-31.2593694230684,1.66527495893657e-214,3.39018476437559e-213
"AENJPLPP_01481",20769.4445842533,-2.22158448088069,0.17744562633539,-12.5198041042819,5.81785590082257e-36,2.61944478724197e-35
"AENJPLPP_01482",13111.7847003514,-2.78359419098999,0.104545992071649,-26.6255466692812,3.43610520688672e-156,5.09999260509837e-155
"AENJPLPP_01483",14512.0821011091,-2.31965851918551,0.173251944029433,-13.3889321252951,7.0182555024286e-41,3.48369091084306e-40
"AENJPLPP_01484",30062.7032736899,-2.25806266882217,0.190922640503518,-11.8271078949411,2.82715636061821e-32,1.18308640479759e-31
"AENJPLPP_01485",11849.6333611046,-2.3892879247203,0.359777626500957,-6.6410130834357,3.11534380689802e-11,7.32178696582194e-11
"AENJPLPP_01486",8410.25651263703,-2.43784142862921,0.310715742568301,-7.84588964974418,4.29894843286142e-15,1.14829181101165e-14
"AENJPLPP_01487",22309.6457006041,-2.49625376121822,0.0917273938209452,-27.2138306479195,4.45585282113769e-163,6.78054775256963e-162
"AENJPLPP_01488",12209.6632033981,-2.58645743504718,0.114193685716596,-22.6497412603548,1.4033276077305e-113,1.51008074360428e-112
"AENJPLPP_01489",20906.6768443452,-2.49637017032688,0.305512942422776,-8.1710782873229,3.05645207761034e-16,8.55068719576598e-16
"AENJPLPP_01490",12087.6505282787,-2.6027582302151,0.275794461554669,-9.43731145122787,3.82466817172887e-21,1.22332539293196e-20
"AENJPLPP_01491",10100.2806991501,-2.72499116234653,0.0659162230996668,-41.340219967189,0,0
"AENJPLPP_01492",11088.576292141,-2.63539618129188,0.291594971966935,-9.03786565150622,1.59760559002654e-19,4.896831783062e-19
"AENJPLPP_01493",18686.7154118416,-2.37227452287018,0.0718408123753312,-33.021265272952,4.02288378673976e-239,9.39608437941619e-238
"AENJPLPP_01494",23237.4702588869,-2.58476161669435,0.19047257560917,-13.5702560246679,6.01117022384509e-42,3.03377820509971e-41
"AENJPLPP_01495",27562.7544936197,-2.52040375453018,0.0992132431283142,-25.4039045097084,2.2833946808631e-142,3.04418945727457e-141
"AENJPLPP_01496",7080.59405969471,-2.58365577618404,0.209374611858102,-12.3398713590693,5.52440767376215e-35,2.42285885313615e-34
"AENJPLPP_01497",18102.4826057667,-2.72544222460989,0.130087456753146,-20.9508456282737,1.84328995506664e-97,1.74101336508332e-96
"AENJPLPP_01498",64224.0355330964,-2.71270478016174,0.0404253317452349,-67.1040820952941,0,0
"AENJPLPP_01499",21003.419469659,-2.92619142379582,0.0622333077872752,-47.0196993834568,0,0
"AENJPLPP_01500",8961.01218827319,-2.41928057250646,0.157003096633408,-15.4091264719149,1.42119942372972e-53,8.59854189497521e-53
"AENJPLPP_01501",5656.61247134545,-2.2694126768938,0.374744022830065,-6.05590093140168,1.3963392285702e-09,3.09806339888219e-09
"AENJPLPP_01502",10056.8344532905,-2.32332671408094,0.203396156816651,-11.4226677162601,3.221896613323e-30,1.29261977309483e-29
"AENJPLPP_01503",11617.5970276966,-2.60355325704512,0.128882536322825,-20.2009778153632,9.59779210190827e-91,8.68412840932421e-90
"AENJPLPP_01504",34908.2714272966,-2.4029421327605,0.0740757744722899,-32.438974143421,7.74877464724271e-231,1.74231776210017e-229
"AENJPLPP_01505",31448.2728927645,-2.25911027775216,0.323908864622527,-6.97452439402933,3.06907291242066e-12,7.45134301782711e-12
"AENJPLPP_01506",2130.29997027063,0.218319101606002,0.0507657831400572,4.30051676743927,1.7040027691421e-05,3.07250768607131e-05
"AENJPLPP_01507",2618.64965655799,0.228204974675931,0.0444888578775772,5.12948602330717,2.90534340450188e-07,5.75907873537116e-07
"AENJPLPP_01508",999.565627715739,0.43295286135635,0.232217500771714,1.86442821887904,0.0622615931477671,0.0838972183158418
"AENJPLPP_01509",776.180143946024,-0.900675937121441,0.142915197686405,-6.30217045983988,2.93506108797089e-10,6.6742181570236e-10
"AENJPLPP_01510",1032.10251302503,-0.246395150478322,0.252970418740223,-0.974007758319547,0.330052687069381,0.3930627455099
"AENJPLPP_01511",171.071593960956,-0.0927253370932064,0.130300842194764,-0.711625002044174,0.476697020522289,0.545702174328897
"AENJPLPP_01512",60.1337818779227,0.140301584812232,0.978945815295253,0.143319050574741,0.886038210961907,0.908965995787615
"AENJPLPP_01513",14.6573404459071,0.628860882461696,1.068271507149,0.588671398846906,0.556081727732773,0.620316270143963
"AENJPLPP_01514",238.46137192614,3.05267296502079,0.106621180469081,28.6310182610108,2.76271851044564e-180,4.92548572306077e-179
"AENJPLPP_01515",423.856749556249,4.79937889081302,0.32601647736142,14.7212770644486,4.70686864699707e-49,2.69104273878599e-48
"AENJPLPP_01516",45.1677614185942,-1.88918640630646,0.213184065418177,-8.86176179537936,7.87597432437104e-19,2.38256130916967e-18
"AENJPLPP_01517",12.9080553104101,-0.958407488835953,0.775075627753205,-1.23653415811073,0.216260076907717,0.268365573197262
"AENJPLPP_01518",3020.36072935494,0.43372197583597,0.115801399481968,3.74539494147916,0.000180110208419707,0.000306941209258246
"AENJPLPP_01519",4292.02038434335,-0.767915470923737,0.121201068264246,-6.33588038390474,2.35989824800202e-10,5.39073041791516e-10
"AENJPLPP_01520",1429.7151703276,0.0739413494468514,0.246817506043539,0.29957903161783,0.764498280312992,0.807089459909967
"AENJPLPP_01521",26872.5205185815,0.00734571899126294,0.0741069671543253,0.0991231900769292,0.921040459740405,0.935635504112556
"AENJPLPP_01522",4472.3312848763,-0.00804885698088008,0.0922048086020726,-0.0872932453622506,0.930438422946713,0.94368710499415
"AENJPLPP_01523",5837.60167921425,-0.519379913680837,0.141936013407308,-3.6592539216273,0.000252950608236019,0.000426969289980463
"AENJPLPP_01524",4013.42285641532,-1.26096283054068,0.159079570134862,-7.92661703493214,2.25196405005651e-15,6.0635993590887e-15
"AENJPLPP_01525",21.2775478345064,1.50501274523193,2.13421059225972,0.705184741698055,0.480695275542129,0.54949506760311
"AENJPLPP_01526",3306.44160439329,1.66942574529311,0.0915337470459261,18.238363436116,2.56009368208453e-74,1.95775691982759e-73
"AENJPLPP_01527",3976.40387291232,1.08986057725334,0.0380803544120435,28.6200219005485,3.78624556937463e-180,6.71056347089751e-179
"AENJPLPP_01528",2063.79150558335,1.17449752566253,0.0550566350354861,21.3325337610176,5.6654476168039e-101,5.56025852424435e-100
"AENJPLPP_01529",1632.52465292065,1.14666317123439,0.226349440705426,5.06589796582125,4.06479611643152e-07,7.9890611212056e-07
"AENJPLPP_01530",26191.3320005887,2.09946409098041,0.0755824451808314,27.77713906923,8.19432455448565e-170,1.34182064579703e-168
"AENJPLPP_01531",2042.43200393202,-0.316540564497837,0.135051217743513,-2.34385568517424,0.0190855545965843,0.0275274179030678
"AENJPLPP_01532",12772.2614388745,0.143133389297771,0.0735173844295334,1.94693255763152,0.05154282074383,0.070334474140018
"AENJPLPP_01533",1540.24983736333,-0.418652143992566,0.0868057027274234,-4.82286452201379,1.41511091630768e-06,2.7192150451754e-06
"AENJPLPP_01534",3014.85417097933,-0.203045469659623,0.0477892094513279,-4.24877230635965,2.14945254587888e-05,3.85035702778422e-05
"AENJPLPP_01535",4460.79970707269,-0.112700770448671,0.0815045483542319,-1.38275437045372,0.166740194387794,0.21073330775605
"AENJPLPP_01536",1046.38624614655,1.81732838974495,0.0872462930414273,20.8298636697611,2.32120855220523e-96,2.18556292743573e-95
"AENJPLPP_01537",1861.54811754215,5.96388124994621,0.0933671716794369,63.8755693534593,0,0
"AENJPLPP_01538",3592.09947877289,5.75279268887234,0.0933994046712327,61.5934620688671,0,0
"AENJPLPP_01539",2461.48564576033,5.52904353875038,0.0879184452922338,62.8883224717212,0,0
"AENJPLPP_01540",7342.14780116589,5.87278559577071,0.0826695923900008,71.0392470313068,0,0
"AENJPLPP_01541",23.677575364219,-1.17079242954233,0.318850795313024,-3.67191315421662,0.000240741497823184,0.000406816675794309
"AENJPLPP_01542",35.1448745416489,-0.433981154460233,0.428222566925962,-1.01344765077565,0.3108463887643,0.372397681648841
"AENJPLPP_01543",32.8194492615818,-1.99000015983821,0.383362334606781,-5.19091204377022,2.09266470367816e-07,4.181166281288e-07
"AENJPLPP_01544",3.58313519152961,-1.26526621175482,1.45816076250908,-0.86771379691884,0.385551030971967,0.452009827361299
"AENJPLPP_01545",2833.32569318322,0.92038140203883,0.0645774291106889,14.2523698250863,4.33322957960198e-46,2.33560299165309e-45
"AENJPLPP_01546",1916.41654953058,1.27586694175559,0.0608799182212988,20.9571066951471,1.61617184308104e-97,1.53129740981232e-96
"AENJPLPP_01547",4.13327031259352,-1.04278845281959,1.13978965068176,-0.91489552672798,0.360246478647355,0.425655937319404
"AENJPLPP_01548",27.7020826742327,-1.64812489040835,0.225470664515719,-7.30970875500947,2.67722026576192e-13,6.73327601063495e-13
"AENJPLPP_01549",74.1373504422449,-1.49907054908558,0.149027943306805,-10.0589897157705,8.38544187375358e-24,2.87106095063858e-23
"AENJPLPP_01550",0.834790164974821,-0.852492366674162,1.45040323755608,-0.587762316437326,0.556691841131047,0.620727640982905
"AENJPLPP_01551",6668.06736647758,-2.18080862545694,0.092759804440824,-23.5102762301336,3.20210079044156e-122,3.61345680958817e-121
"AENJPLPP_01552",273.580106712557,-0.885932487144875,0.221117842888215,-4.00660785928864,6.15970032473307e-05,0.000108153712578209
"AENJPLPP_01553",245.006982240041,-1.04732912179261,0.26094564204391,-4.01359115863823,5.9801891948601e-05,0.000105063032327192
"AENJPLPP_01554",988.408763836635,-0.382378900710245,0.116098788277032,-3.29356495778251,0.00098925480501464,0.0015879726838088
"AENJPLPP_01555",86.8876189414327,0.0522600373460364,0.154679314607758,0.33786054378738,0.735468282375129,0.782395031686221
"AENJPLPP_01556",1351.01138871742,-0.436919227280091,0.0483573787841857,-9.03521320355307,1.63683040634227e-19,5.01196139665576e-19
"AENJPLPP_01557",1299.44535242851,1.42583361247296,0.10936444009338,13.0374517645363,7.49194020695026e-39,3.58305013389542e-38
"AENJPLPP_01558",12653.5495914773,5.98865129278373,0.0812771344893628,73.6818704351284,0,0
"AENJPLPP_01559",20229.6972752534,-2.37749223735725,0.141976038538742,-16.7457287992191,6.0840763830981e-63,4.07362714272768e-62
"AENJPLPP_01560",552.667987922339,-1.82231591306964,0.0716405981900809,-25.4369164846247,9.85299744439752e-143,1.31942583555421e-141
"AENJPLPP_01561",681.425345288884,-1.45333824188053,0.210222246711265,-6.91334178288301,4.73367584402284e-12,1.13918253338984e-11
"AENJPLPP_01562",1327.76723545508,-0.660153095946809,0.06565434421406,-10.0549796643226,8.73394650507002e-24,2.9869898773866e-23
"AENJPLPP_01563",674.826379013024,-1.17822852282896,0.0624248449998984,-18.8743523965639,1.85382330794645e-79,1.49346781466381e-78
"AENJPLPP_01564",302.060798186191,-0.864933344060567,0.135851292846178,-6.36676564454867,1.93055803657925e-10,4.42676663943172e-10
"AENJPLPP_01565",4368.56840788614,-0.866161209403379,0.0384959228182725,-22.5000765273835,4.14346688296229e-112,4.41140131391003e-111
"AENJPLPP_01566",3934.91308432713,-0.550969787934667,0.0626712089867782,-8.79143384725363,1.47663162011133e-18,4.42695628994571e-18
"AENJPLPP_01567",1510.49355557935,-0.780496550276713,0.0863209542906642,-9.04179705484472,1.54117008992127e-19,4.72866138587861e-19
"AENJPLPP_01568",1042.69348816135,-2.58920961130797,0.139394197989898,-18.5747301440452,5.14631596891449e-77,4.00667959026857e-76
"AENJPLPP_01569",832.027448746586,-0.813899571436757,0.141131433632562,-5.76696169299717,8.0713389044028e-09,1.71501721572395e-08
"AENJPLPP_01570",1378.38968753398,1.23722061354995,0.161468503034157,7.66230311361856,1.82627979456375e-14,4.75590408039807e-14
"AENJPLPP_01571",2060.5038405766,-0.488719043292483,0.0772295879579267,-6.32813221221287,2.48146486395464e-10,5.64701936185449e-10
"AENJPLPP_01572",3259.65216512129,-0.329489582965172,0.0861032380778716,-3.82668050958993,0.000129882914161269,0.000223365993360675
"AENJPLPP_01573",1261.86205287796,-0.343862971135899,0.0574462503839358,-5.98582098636078,2.153010658197e-09,4.72814949937868e-09
"AENJPLPP_01574",3441.01961864699,-0.136400048449062,0.0442285330344837,-3.08398310074438,0.00204249197113577,0.00319357981786823
"AENJPLPP_01575",7940.80277259809,1.37353675581909,0.144698943845047,9.49237582058629,2.25827545679159e-21,7.30062655720286e-21
"AENJPLPP_01576",28.6472058544795,1.00980201904047,1.04301489168586,0.968156856714001,0.332966037914934,0.395906342635239
"AENJPLPP_01577",7158.32443156056,2.48722714716856,0.135811931591644,18.313760197794,6.42741197339722e-75,4.95288805008845e-74
"AENJPLPP_01578",1598.972739725,1.04143301625324,0.316996988610183,3.285308863088,0.00101870633621186,0.00163350835072183
"AENJPLPP_01579",1165.69139442334,0.80604188438526,0.0898390726909924,8.97206371617053,2.91009988358544e-19,8.87462646684508e-19
"AENJPLPP_01580",3707.83771847874,0.422830093679674,0.0806206431005538,5.24468768070109,1.56547280071183e-07,3.14871131411531e-07
"AENJPLPP_01581",5588.37417436863,0.360620003840936,0.0956200379262205,3.77138528348198,0.000162343787655363,0.000277448571869318
"AENJPLPP_01582",1345.70119137153,0.949431307544222,0.278098748067396,3.41400784484701,0.000640147325311421,0.00104655465394166
"AENJPLPP_01583",567.418347292921,-0.260680627648709,0.131155164313544,-1.98757425232236,0.0468587962707624,0.0644094676842185
"AENJPLPP_01584",569.822367098453,-0.629299821828339,0.0695260087175654,-9.05128646726631,1.41293740213124e-19,4.34849886886765e-19
"AENJPLPP_01585",1327.24209067093,0.119105482410013,0.0493060394150838,2.41563678249072,0.0157077215283643,0.0228634613357302
"AENJPLPP_01586",1285.66550688251,0.548822748856239,0.164189323775589,3.3426214094551,0.000829910417272864,0.00134364324945897
"AENJPLPP_01587",817.768055763843,-1.52225875165689,0.083637923550935,-18.2005803949669,5.1063883442301e-74,3.89507546358615e-73
"AENJPLPP_01588",18778.4173538694,-0.991409018024216,0.252296705663124,-3.92953612064988,8.51098916941566e-05,0.000148057796578807
"AENJPLPP_01589",14465.8142941637,0.271460111387156,0.189940482219202,1.42918512270532,0.152951032565927,0.194447873890775
"AENJPLPP_01590",74.5922873191883,-0.078565803410212,0.150822242403858,-0.520916558181356,0.602424900067568,0.663249655562389
"AENJPLPP_01591",4977.82198272849,0.141453602043629,0.142039244285212,0.99587689835629,0.31930996112961,0.381626700866131
"AENJPLPP_01592",769.916696318483,0.107403660993522,0.0464828846014706,2.31060662250991,0.0208545931224518,0.029892906316816
"AENJPLPP_01593",2841.05151115552,1.00313516359075,0.139382752798081,7.19698200425095,6.15598838262264e-13,1.52830061197831e-12
"AENJPLPP_01594",2372.23550099194,1.79508119861776,0.331908965716729,5.40835404895264,6.36065904880541e-08,1.29929937044412e-07
"AENJPLPP_01595",4107.17125555564,2.18468690041311,0.161118591516585,13.559496019975,6.96127328658591e-42,3.50741077131829e-41
"AENJPLPP_01596",1765.07221274396,0.250512891136792,0.0590682576652884,4.24107466579308,2.2245211405892e-05,3.98009631626796e-05
"AENJPLPP_01597",863.187299529115,0.2592730836923,0.23057453688526,1.12446537763761,0.260815650390944,0.318673754623511
"AENJPLPP_01598",2149.01891312668,-1.41564623727606,0.242595876186271,-5.83540932158753,5.36586730551616e-09,1.15729120912815e-08
"AENJPLPP_01599",1.9019354062597,-1.51400692427695,1.40818946125218,-1.07514433670784,0.282310111986192,0.342293910428329
"AENJPLPP_01600",0.817988575758027,-0.282174112052523,1.13291298599387,-0.249069536267149,0.80330699354618,0.838366460531569
"AENJPLPP_01601",4.13855640491602,-1.46447976917653,1.32317259095875,-1.10679421504295,0.268382909944905,0.326854368497979
"AENJPLPP_01602",282.405405843988,-1.0223520526654,0.133458839771714,-7.6604296456808,1.85312083863123e-14,4.8174746219119e-14
"AENJPLPP_01603",498.163475890239,-0.659689689229429,0.0599608627749267,-11.0020046193412,3.73730042938191e-28,1.41463394393564e-27
"AENJPLPP_01604",741.708975737369,-0.947256456844885,0.0727095754073937,-13.0279464779897,8.486089886226e-39,4.05207429908065e-38
"AENJPLPP_01605",259.996698672052,-1.0214072387922,0.201046935488889,-5.08044172028,3.76558247754181e-07,7.4300589422616e-07
"AENJPLPP_01606",740.803060371708,1.32210350936133,0.168362869105083,7.85270241822822,4.0716698024789e-15,1.08854845739742e-14
"AENJPLPP_01607",50.8111316865746,0.819042221547828,0.171270562527517,4.78215409268735,1.73426651394764e-06,3.3197871705999e-06
"AENJPLPP_01608",4002.7101252929,-1.05588859722134,0.0883909229033043,-11.9456677511608,6.83987866805505e-33,2.89853086172291e-32
"AENJPLPP_01609",2446.81306222722,-1.16290808866769,0.0948136943123344,-12.2651911952386,1.3928313687878e-34,6.0820303103734e-34
"AENJPLPP_01610",13299.361607758,-1.92415318022414,0.0435133125234631,-44.2198736119343,0,0
"AENJPLPP_01611",485.64168359545,0.693326819736205,0.205628919310834,3.37173789591411,0.000746954974433215,0.00121652720971204
"AENJPLPP_01612",2423.71474377743,0.600139918095834,0.0404886434094686,14.822425933774,1.0492553442438e-49,6.04475401951542e-49
"AENJPLPP_01613",600.358207170898,0.474587460437075,0.0730203156541669,6.49938933001577,8.06467032244734e-11,1.87491139518008e-10
"AENJPLPP_01614",342.94547219224,1.48616212016045,0.299343933087115,4.96473105311923,6.87963388504541e-07,1.34163992852051e-06
"AENJPLPP_01615",1549.89744121335,2.16219321371856,0.0879861402601933,24.5742477999887,2.38178538890525e-133,2.96542123007087e-132
"AENJPLPP_01616",4739.66384036314,-0.172977257006304,0.139385338772406,-1.2410003701232,0.214605612146898,0.266641058542421
"AENJPLPP_01617",1970.64078789055,-1.63818438686542,0.258684784458283,-6.3327434982153,2.40839768665564e-10,5.49318866759534e-10
"AENJPLPP_01618",478.454069293326,0.842634589338092,0.110619015320932,7.61744793056971,2.58740227370551e-14,6.68597174157349e-14
"AENJPLPP_01619",896.553877592413,1.17711748631042,0.171341890059494,6.86999242217821,6.42053147531979e-12,1.54021188974033e-11
"AENJPLPP_01620",21.3518524425964,-0.481708427469901,0.226645189502443,-2.12538562379109,0.0335544488689047,0.04697934685967
"AENJPLPP_01621",27.4244698023506,-0.437247338426235,0.211744408479107,-2.06497702379413,0.0389251743165658,0.0540966560036037
"AENJPLPP_01622",134.556640852419,0.266817435195397,0.136194381248267,1.95909282563588,0.0501019168567488,0.0685234114795207
"AENJPLPP_01623",507.857373931404,0.733540701150188,0.133485936982249,5.49526577655691,3.90122420071155e-08,8.05646916843311e-08
"AENJPLPP_01624",171.961002867501,0.802072818477207,0.145306372984969,5.51987364353369,3.39243514386258e-08,7.0201971761387e-08
"AENJPLPP_01625",978.116118016265,1.10768850070982,0.120941524608953,9.15887660827311,5.24403651737611e-20,1.63733492506261e-19
"AENJPLPP_01626",6797.44471821794,-0.851630563865746,0.0513132108476655,-16.5967116420369,7.36149567760328e-62,4.88550362921116e-61
"AENJPLPP_01627",269.748651552255,0.0123042274019021,0.353142186862272,0.034842134017539,0.972205622925649,0.976418513958327
"AENJPLPP_01628",2763.9662282943,0.173062447615404,0.091252797134395,1.89651663346299,0.0578917626394449,0.0783945531832123
"AENJPLPP_01629",6493.34396882649,1.1041727546522,0.2972328008722,3.71484153637187,0.000203331073952871,0.000344952998772522
"AENJPLPP_01630",812.842862951076,-1.92862377383129,0.0821204201298776,-23.4853130412761,5.76292711929548e-122,6.47899231732734e-121
"AENJPLPP_01631",7286.72793059771,-0.348751484829945,0.166955055593063,-2.08889442485643,0.0367172278224657,0.0511460968234347
"AENJPLPP_01632",1.09061120947551,-1.12555278131987,1.66925011344249,-0.674286478854056,0.500129198596546,0.568208625705654
"AENJPLPP_01633",43292.2896563438,5.07063892045863,0.0728812821665134,69.5739532802625,0,0
"AENJPLPP_01634",50.9941013298631,1.48505174723218,2.35287728757008,0.631164130436169,0.527933212722803,0.592867226960047
"AENJPLPP_01635",485.825286072679,-0.256499926205823,0.293321539068623,-0.874466726924591,0.381864132609292,0.448210608317802
"AENJPLPP_01636",67.3552815404175,0.259338193024292,0.14828270190474,1.74894434544966,0.08030064014485,0.106537132873815
"AENJPLPP_01637",23.9229194516816,-0.161711833967173,0.238899124739884,-0.676904254644077,0.498466704463612,0.56717353170156
"AENJPLPP_01638",21.1903471670252,0.0946285360773642,0.303028094922814,0.312276444537156,0.754830440117134,0.799403907231256
"AENJPLPP_01639",8.1255623156672,-0.0776298193914238,0.69693856093974,-0.111386890813947,0.911309554985833,0.927626922017674
"AENJPLPP_01640",30.4008793879607,0.271109424777944,0.220077142628337,1.231883609266,0.217992564999054,0.27040411623802
"AENJPLPP_01641",236.659024494288,0.0544510101064011,0.0845203222621165,0.644235713365316,0.519422595578318,0.58527310414266
"AENJPLPP_01642",705.679529371944,1.650937515427,0.0768902613557412,21.4713474283662,2.88530640012592e-102,2.85030432248505e-101
"AENJPLPP_01643",437.523633027552,1.27095642051719,0.202020673959905,6.29121958463238,3.14981396621282e-10,7.13027008279432e-10
"AENJPLPP_01644",455.333797973477,0.487655594565091,0.248772411209174,1.96024789161632,0.0499668232940712,0.0683696814645943
"AENJPLPP_01645",10.4027237565661,-1.10984270477963,0.821005931897703,-1.35180838732103,0.176436620332705,0.222149409553883
"AENJPLPP_01646",370.861324193923,-0.633516672679741,0.0768550738429334,-8.24300389034095,1.67940111382769e-16,4.76462858376916e-16
"AENJPLPP_01647",3354.48314393668,-0.729741148623635,0.162199418558363,-4.49903677281715,6.82620502323624e-06,1.26958986018585e-05
"AENJPLPP_01648",1959.64507568772,-1.12162021792032,0.200544720085051,-5.59286835098245,2.23348644200967e-08,4.65386905240327e-08
"AENJPLPP_01649",805.145559608563,-1.67720819316196,0.0765827297185971,-21.9006060416605,2.56348470077467e-106,2.62713585150819e-105
"AENJPLPP_01650",876.617138004218,-2.15612588543049,0.195545343482179,-11.0262195306481,2.85620578256117e-28,1.08384735804242e-27
"AENJPLPP_01651",922.253553001952,-1.70665130513234,0.105191712685508,-16.2241992411962,3.40124351274417e-59,2.20860920342633e-58
"AENJPLPP_01652",632.38749467256,-0.262043739949552,0.0646334413142218,-4.05430586119654,5.0283389930498e-05,8.87024905506971e-05
"AENJPLPP_01653",349.990062739829,-0.486342215331855,0.0862921699217522,-5.63599473478137,1.7405069697974e-08,3.65700662482536e-08
"AENJPLPP_01654",33454.8615872515,-1.56901263882065,0.13399100460672,-11.7098356223681,1.13499447698603e-31,4.67816465001218e-31
"AENJPLPP_01655",6791.77882483608,-2.03532126074192,0.197953502687791,-10.2818148358405,8.51096732670343e-25,2.9922455723871e-24
"AENJPLPP_01656",7121.26402420307,-2.11318282831434,0.270864287100214,-7.80162955750792,6.11128210768696e-15,1.62374717728931e-14
"AENJPLPP_01657",59.846328656451,-0.678580602162942,0.145198576207438,-4.67346595185265,2.96158821913392e-06,5.60858912900722e-06
"AENJPLPP_01658",87.0954944837513,-0.712861450750335,0.12861857406817,-5.54244560643711,2.98276074447163e-08,6.18943396907232e-08
"AENJPLPP_01659",9.34932700547691,-0.655587363684986,0.365906821380743,-1.79167844209938,0.0731844897354746,0.0975685254747721
"AENJPLPP_01660",391.267759503787,0.341413197286612,0.0654108029189731,5.21952310705517,1.79384434211876e-07,3.60083477868342e-07
"AENJPLPP_01661",703.137091796191,4.12932370391675,0.261783503616455,15.7738117447107,4.7118227056786e-56,2.92715913653806e-55
"AENJPLPP_01662",387.042789469348,1.60627042029459,0.177227165117791,9.06334206286608,1.26513531097511e-19,3.90158924459365e-19
"AENJPLPP_01663",592.880213806028,1.36639138992511,0.125339576891809,10.9015158963282,1.13352868611755e-27,4.2532029032032e-27
"AENJPLPP_01664",13391.9888907834,0.694174020358796,0.127707150867698,5.43567071727994,5.45906885494767e-08,1.1174031562471e-07
"AENJPLPP_01665",20.8315713476057,-0.314777030640707,0.272498402937307,-1.15515183666279,0.248028253902522,0.304899685437903
"AENJPLPP_01666",45.9602449666244,0.927420807936161,0.274597634410559,3.37738090834951,0.000731796341925135,0.00119248370915113
"AENJPLPP_01667",2047.50273478913,-0.52900327534672,0.102335376436769,-5.16930990793373,2.34959989249425e-07,4.67592105421743e-07
"AENJPLPP_01668",219.253219173991,0.312730063220204,0.188700075907578,1.65728636682358,0.0974615922817749,0.127397734292836
"AENJPLPP_01669",4354.74343185764,1.11623986928423,0.0785616882415056,14.2084506363052,8.12022397774941e-46,4.36897050802839e-45
"AENJPLPP_01670",1840.72372885617,1.31517737042372,0.107986926922532,12.1790424813849,4.01973321821577e-34,1.7451665974761e-33
"AENJPLPP_01671",4372.06244348707,1.73688291189197,0.0691743809644002,25.1087597413533,3.99016264082043e-139,5.13776069948374e-138
"AENJPLPP_01672",3977.41592963028,-1.37820270234416,0.0688072496761774,-20.0299054072107,3.02231468458472e-89,2.71018873352791e-88
"AENJPLPP_01673",6007.72682886321,0.0546874717016681,0.120607819087631,0.453432224505557,0.650237536674866,0.707791075867547
"AENJPLPP_01674",330.644237309116,-0.976448083462522,0.163299128959717,-5.9795057676235,2.23815637902003e-09,4.91155511288226e-09
"AENJPLPP_01675",6.07420435293195,-0.210643619543642,1.57271717889666,-0.133936109028464,0.893453096642399,0.914393403594955
"AENJPLPP_01676",3.84976623907682,-0.980483736361359,1.51219344670482,-0.648385124600233,0.516735889051954,0.583555185050052
"AENJPLPP_01677",1135.97371313677,-0.22344621932632,0.202618190601903,-1.10279446609677,0.270116431850341,0.328699842150677
"AENJPLPP_01678",103.83914855944,-0.0189073446700082,0.496164530149086,-0.0381070058843726,0.969602365481001,0.974128685293183
"AENJPLPP_01679",1650.32947974005,0.0101331790213975,0.116239637934158,0.0871749017932875,0.93053248886081,0.94368710499415
"AENJPLPP_01680",197.655233279802,0.138587482353767,0.171647099373091,0.807397753063886,0.419437361062095,0.488317144080406
"AENJPLPP_01681",117.406747339537,-0.116748810278756,0.161344774941506,-0.723598333575304,0.469312364762726,0.538271090609095
"AENJPLPP_01682",0.1788728963651,-1.04428845371755,3.10803661644388,-0.33599618749421,0.736873741459119,0.783139535455494
"AENJPLPP_01683",30.6481360731923,0.713592832811072,1.06944399085898,0.667255918879785,0.504608678162918,0.57221902420206
"AENJPLPP_01684",5.75935022039412,0.26469484835348,0.724136965861415,0.365531468261126,0.714714721216556,0.764171559625793
"AENJPLPP_01685",0.773100035926219,-0.847726593818286,1.47237894646913,-0.575752998812701,0.564782146711345,0.627791696339513
"AENJPLPP_01686",3.23838284938441,-0.276110278070493,0.60213566682344,-0.45855160769185,0.646556194419426,0.704038241339259
"AENJPLPP_01687",4.66808679491109,0.119862689034609,0.489420633323273,0.244907306462981,0.806528204207579,0.841145544921231
"AENJPLPP_01688",0.368528057671163,-1.13169864686064,2.02141322748814,-0.559855170368561,0.575578228775602,0.637814344722651
"AENJPLPP_01689",21.0980809560222,0.07365337939633,0.338073029933847,0.217862334096104,0.827536375246377,0.859583143240362
"AENJPLPP_01690",74.3634785585538,0.402438758040125,0.263005106866618,1.53015567961659,0.125978198829791,0.16207186723918
"AENJPLPP_01691",352.902178896606,-0.123255518446514,0.0703864638100033,-1.7511253126627,0.0799243269213624,0.106084580182407
"AENJPLPP_01692",817.545372283309,0.0495323412404336,0.256419786541542,0.193168951228375,0.846826654084094,0.87477525267788
"AENJPLPP_01693",1455.86589267123,0.17909834505538,0.152107036029218,1.17744944435692,0.239016164775179,0.294421792505157
"AENJPLPP_01694",59.3597186640097,-0.329952323207518,0.16614927370488,-1.98587881758418,0.0470467812961784,0.0646089115977145
"AENJPLPP_01695",24.7293018233655,0.402912313303637,0.268947539581794,1.49810745221969,0.134105335226715,0.171867024686556
"AENJPLPP_01696",20.7900028207714,-0.384585298198185,0.271593071095553,-1.41603501387883,0.1567652532049,0.198710015947146
"AENJPLPP_01697",83.3069294732503,-0.0256136449798376,0.137542125745016,-0.186224001127639,0.85226910298248,0.879413290166511
"AENJPLPP_01698",208.513956236147,0.241182881491887,0.134417192726327,1.79428595851525,0.0727675381254418,0.0970985794384216
"AENJPLPP_01699",1931.85037887373,0.0604979149257262,0.11072726218783,0.546368741810864,0.584812492253911,0.646145962288608
"AENJPLPP_01700",576.052427799017,1.07389923090903,1.13407345074364,0.946939750864319,0.34366948072259,0.407507337826511
"AENJPLPP_01701",223.670906601453,-0.0824652162782245,0.290692559090485,-0.283685335930994,0.776651533485629,0.81877224296438
"AENJPLPP_01702",220.493975599723,-0.609414124429166,0.176821166305982,-3.44649985723203,0.000567898865310791,0.000933485696225538
"AENJPLPP_01703",3453.17267948158,0.180722338246304,0.0510701092505318,3.5387106254217,0.00040208636477676,0.000666750807414627
"AENJPLPP_01704",97.3137403092371,0.125598883550642,0.324281168068171,0.387314762367694,0.698523197994689,0.75045149657208
"AENJPLPP_01705",37.1210681505226,-0.157169850175138,0.283603421894709,-0.554188835681573,0.579449618086688,0.641161108812042
"AENJPLPP_01706",24.7541621805416,-0.591984529638282,0.266782657005844,-2.21897681161979,0.0264883021345701,0.037451550601342
"AENJPLPP_01707",63.816681397836,-0.298575008912312,0.23387801662465,-1.27662707774496,0.20173393746351,0.252000146591027
"AENJPLPP_01708",138.351742988498,-0.522926071166266,0.158764748777768,-3.29371649054309,0.000988721693209003,0.00158796293264324
"AENJPLPP_01709",127.107430162951,-0.202045805123603,0.12163420909744,-1.66109359055187,0.0966946515423196,0.126450080337243
"AENJPLPP_01710",8.34314538130961,-0.0708899225166061,0.401621332835716,-0.176509355257789,0.859893799637361,0.885764108823032
"AENJPLPP_01711",27.4253568201404,0.396137593131056,0.776474501463096,0.510174632115571,0.609929122819991,0.669233957413195
"AENJPLPP_01712",294.479391019597,0.684805119904041,0.0703940492887603,9.7281677474602,2.28674678092601e-22,7.53825826141147e-22
"AENJPLPP_01713",332.409227171639,1.26123292009686,0.158746722694115,7.944938318677,1.94287437106592e-15,5.25955119498797e-15
"AENJPLPP_01714",302.576187924009,-0.256603909471826,0.0855748784685801,-2.99858923627968,0.00271232713989239,0.00420166666966364
"AENJPLPP_01715",1392.00175160218,0.80264084715505,0.107935416680686,7.43630656033476,1.03539400670218e-13,2.63483289036628e-13
"AENJPLPP_01716",271.728227400895,0.59276030638731,0.217176314902376,2.72939665015388,0.00634503341753953,0.00954447612932931
"AENJPLPP_01717",71.3559197219796,-1.28080211217906,0.201574598394838,-6.353985682612,2.0980637129675e-10,4.79989822867964e-10
"AENJPLPP_01718",11.5820349767038,-1.1804145940088,0.35309099828738,-3.34308889134598,0.000828513554181462,0.00134210287029502
"AENJPLPP_01719",8.27238600685543,-0.874263527234359,0.386468742338538,-2.26218431520271,0.0236860179688486,0.0337108985073882
"AENJPLPP_01720",0.173106231551929,-1.0173918250078,3.10894639084145,-0.3272464999734,0.743481453370326,0.78904882670123
"AENJPLPP_01721",239.369154369157,-1.66148846959739,0.118486975709573,-14.0225409556399,1.1347775633666e-44,6.03013191961828e-44
"AENJPLPP_01722",174.570553766398,-1.95359994792329,0.0955578768034271,-20.4441539857782,6.77223263821065e-93,6.22095638381972e-92
"AENJPLPP_01723",621.684557866162,-1.51737779519684,0.153336827494306,-9.89571663893451,4.34487270529661e-23,1.46106043092173e-22
"AENJPLPP_01724",69.6853073786848,0.845921746766846,0.200432278554083,4.22048660459942,2.4377554308894e-05,4.3564395689619e-05
"AENJPLPP_01725",112.281614642895,0.716240523522166,0.268024609775335,2.67229387675459,0.007533464086157,0.0112590909184479
"AENJPLPP_01726",842.749226670797,-1.1285634247245,0.0846944362127103,-13.3251188057987,1.6536932623657e-40,8.15479181588847e-40
"AENJPLPP_01727",1553.92219639531,-2.66678460404619,0.164543884364168,-16.2071329138193,4.49033618013896e-59,2.90954471199112e-58
"AENJPLPP_01728",153.475692964528,-0.363344606529074,0.119335492516309,-3.04473211504464,0.00232887644081042,0.00362443425421581
"AENJPLPP_01729",321.200229703202,-1.27169456428823,0.162693140210508,-7.81652233550103,5.4302686142132e-15,1.44407761117602e-14
"AENJPLPP_01730",727.589481146117,1.57627406393479,0.0572697708844355,27.5236663180572,9.14725141773467e-167,1.42801391303806e-165
"AENJPLPP_01731",1066.09163306557,1.42542735502503,0.106182358869113,13.4243331020936,4.35487031599259e-41,2.17599075656479e-40
"AENJPLPP_01732",736.260815745632,1.75958831957154,0.0962692022065926,18.2777906042629,1.24362799146551e-74,9.53448126790224e-74
"AENJPLPP_01733",454.027041222934,2.13923892266993,0.240066188256996,8.91103798582341,5.05569900883073e-19,1.53402025313263e-18
"AENJPLPP_01734",200.136881085236,0.802053281385242,0.136863577209865,5.86023906240141,4.62201287753496e-09,9.99004648494464e-09
"AENJPLPP_01735",56.7916475132893,1.26516314494562,0.171063112711356,7.3958852080542,1.40469317857685e-13,3.56858393511977e-13
"AENJPLPP_01736",7.34695984546006,0.415520377238002,0.410647958376219,1.01186519684902,0.311602511848687,0.373155154292566
"AENJPLPP_01737",1088.68360892657,-0.700069984346507,0.127819023593878,-5.47704062089267,4.32497960893072e-08,8.90106800663133e-08
"AENJPLPP_01738",456.810066575358,0.26604343574066,0.182932834717072,1.45432303693391,0.145856766462083,0.186214592097566
"AENJPLPP_01739",40.6486662242971,0.43776563962617,0.339463976279293,1.28957907234905,0.197196845753364,0.246741734325119
"AENJPLPP_01740",124.826466913419,-0.0693510331424037,0.214811217825584,-0.322846422288398,0.746811553995799,0.792303947953994
"AENJPLPP_01741",68.6127279825067,-0.355673115731103,0.13820734939204,-2.57347469071415,0.010068301046328,0.014855921181482
"AENJPLPP_01742",282.57646674893,0.581256298731679,0.0725629640011252,8.01037149919435,1.14362453859953e-15,3.12114196992788e-15
"AENJPLPP_01743",1229.56835495238,0.775889455889715,0.166130903522041,4.67034994357192,3.00687062115075e-06,5.69076707382362e-06
"AENJPLPP_01744",773.944301528095,0.924717286980508,0.233211551063246,3.9651435907209,7.33517776227752e-05,0.000128121104914447
"AENJPLPP_01745",290.335296332063,0.488904320694177,0.158330601829736,3.08787003298282,0.00201596616375773,0.0031537414597103
"AENJPLPP_01746",958.832931984145,1.13591648666753,0.132035598016827,8.60310782644216,7.75860220306264e-18,2.27620919550416e-17
"AENJPLPP_01747",1296.81304053685,1.0122098754572,0.102760653825332,9.85016966880831,6.84283617218911e-23,2.27817297091777e-22
"AENJPLPP_01748",1471.94246074064,0.948174941153152,0.20662470344291,4.5888750248836,4.45641116241157e-06,8.36062691926903e-06
"AENJPLPP_01749",461.740264621779,-0.0627959890463916,0.129627753345191,-0.484433212995444,0.628078452071611,0.685900824969831
"AENJPLPP_01750",743.880611481322,1.31484453665052,0.0956886215489987,13.7408661068154,5.77804108997439e-43,2.97593808616972e-42
"AENJPLPP_01751",294.959883218098,1.93101831486423,0.126796231051927,15.2293037328012,2.25985317098146e-52,1.34298572074303e-51
"AENJPLPP_01752",213.207444444773,-2.33554567734656,0.13920303484842,-16.7779795885181,3.53665477250628e-63,2.37855822088424e-62
"AENJPLPP_01753",351.721779609643,1.56381272293544,0.214547580107212,7.28888539387851,3.12529758363143e-13,7.8471013495679e-13
"AENJPLPP_01754",461.14589883435,0.797241772264026,0.0716830551268594,11.1217605172258,9.83125880259232e-29,3.79277628325361e-28
"AENJPLPP_01755",63.9678059183141,-1.70827621646793,0.169248931760314,-10.0932762097852,5.9161329809834e-24,2.03485258809395e-23
"AENJPLPP_01756",0.594282773158779,-1.30723929806678,2.02213502943975,-0.646464889354577,0.51797832843386,0.584301274268521
"AENJPLPP_01757",1.27102244783181,0.78860525609216,0.940435873770996,0.838552928579787,0.401720234587583,0.469322631567424
"AENJPLPP_01758",223.135107817279,-0.834107877275578,0.188819073372462,-4.41749799094833,9.98499983910407e-06,1.83555854272243e-05
"AENJPLPP_01759",984.445839404049,-0.64835494772163,0.117008313747916,-5.54110154188234,3.0057485234708e-08,6.23284260235205e-08
"AENJPLPP_01760",6135.09025052379,-0.568973474555266,0.145253082130433,-3.91711808252265,8.96138594441585e-05,0.000155623376660086
"AENJPLPP_01761",3397.38159048751,-4.67373317982426,0.133741057351517,-34.9461360062385,1.48229640950291e-267,4.09739365305713e-266
"AENJPLPP_01762",1220.51591868273,-4.02825420762331,0.118136004668695,-34.0984462689447,7.7778374814441e-255,1.96929616231858e-253
"AENJPLPP_01763",168.987310813053,-2.83977208785667,0.143618453917123,-19.7730306266589,5.08289593904714e-87,4.42623279316446e-86
"AENJPLPP_01764",118.366403622672,-2.96496878604611,0.171444365628277,-17.2940579014111,5.21485623829251e-67,3.61203720597134e-66
"AENJPLPP_01765",1016.30911841182,-1.76950895092878,0.22695337328169,-7.79679510968316,6.34992152769847e-15,1.68566639321194e-14
"AENJPLPP_01766",281.338758510838,-0.758794794095038,0.192732961271538,-3.93702659414849,8.24974673691907e-05,0.000143762214680955
"AENJPLPP_01767",45.591411923184,-0.0701607653944156,0.203113662949488,-0.345426124346267,0.729774040061009,0.778339533700468
"AENJPLPP_01768",195.071061026413,0.289626865765277,0.0815368910103479,3.55209601661806,0.000382175374667383,0.000635132048468188
"AENJPLPP_01769",505.18620553802,0.958628095410908,0.0868539501415005,11.0372423343916,2.52668984101036e-28,9.62442034255904e-28
"AENJPLPP_01770",71.2007318053518,-0.111812551261929,0.142678951596235,-0.783665355057738,0.433236496267215,0.502054447405046
"AENJPLPP_01771",2784.92411585672,0.807836277009354,0.126845286040538,6.36867401403614,1.90669365892694e-10,4.37537547170364e-10
"AENJPLPP_01772",66.3420600926873,0.254979818629635,0.825534208124385,0.308866448077239,0.757423120276167,0.801586182434875
"AENJPLPP_01773",373.466078032751,0.608821518051398,0.0751052385670139,8.10624571158465,5.22078146875917e-16,1.44579177990546e-15
"AENJPLPP_01774",57.6194437389576,0.278576584072984,0.160990727531571,1.73038900031279,0.083560797772747,0.110506018783796
"AENJPLPP_01775",80.8143995898069,-1.38578530375341,0.134531588270086,-10.3008172398241,6.98652111171165e-25,2.46203369702774e-24
"AENJPLPP_01776",693.619793816796,1.67304459447151,0.0667356147067226,25.0697412741893,1.06368711282899e-138,1.36378266849096e-137
"AENJPLPP_01777",311.787892205495,-1.44000898844459,0.248463669894079,-5.79565209295375,6.80562181479843e-09,1.45221944249204e-08
"AENJPLPP_01778",721.006310362627,-4.18987782167117,0.0947154861686627,-44.2364600674712,0,0
"AENJPLPP_01779",1198.3662578834,-3.40122584505752,0.0629491253983074,-54.0313439390371,0,0
"AENJPLPP_01780",83.1668122666383,-0.0902130922799521,0.180218894088163,-0.500575107490227,0.61667018487833,0.675400678676267
"AENJPLPP_01781",62.119492425,-0.480200306727362,0.19039377015649,-2.52214295842071,0.0116642293875208,0.0171185207718461
"AENJPLPP_01782",105.591309024295,-0.111612642663756,0.137940697511729,-0.809134973775711,0.418437513159746,0.487341409799116
"AENJPLPP_01783",183.635511823349,-0.372056000630973,0.126367526464486,-2.94423742428426,0.00323751532542702,0.0049844832271393
"AENJPLPP_01784",134.101531766905,-0.0321806250147811,0.11283829455469,-0.285192408674555,0.775496735974849,0.817840974971026
"AENJPLPP_01785",2166.99833448277,0.341863527120637,0.0375061942072406,9.11485514183788,7.87756395664994e-20,2.44188273676813e-19
"AENJPLPP_01786",240.022231230876,0.582016227243228,0.0818322076162765,7.11231242804043,1.14114570473959e-12,2.81134260701586e-12
"AENJPLPP_01787",1171.00163190187,1.08133514151382,0.122909188270389,8.79783811715512,1.39477045546207e-18,4.18570057998728e-18
"AENJPLPP_01788",331.695717530719,-1.98627781612264,0.101615577642871,-19.5469814982841,4.37662340348336e-85,3.73562785118849e-84
"AENJPLPP_01789",100.741090053313,-3.34221921450056,0.173535022302348,-19.2596236203978,1.17227515531719e-82,9.7570857540627e-82
"AENJPLPP_01790",360.691722916661,-0.105302351191382,0.151702371025082,-0.694137807338367,0.487595790622417,0.556487165585357
"AENJPLPP_01791",378.87127575916,-0.112100920618832,0.118766295225582,-0.943878230822222,0.345231877541118,0.409198917006841
"AENJPLPP_01792",1162.60736134907,-0.564347582724725,0.0752101086027024,-7.50361345315818,6.20822014387624e-14,1.5905924569302e-13
"AENJPLPP_01793",854.21155121367,-0.506772079822645,0.136438183104556,-3.71429806738406,0.000203768506415223,0.000345500568277472
"AENJPLPP_01794",1462.47987289864,0.86254344392046,0.149161612527036,5.78261007847528,7.35504093351705e-09,1.56612991750437e-08
"AENJPLPP_01795",683.97062948563,-2.8645069973947,0.262474819057351,-10.9134545084449,9.94056135272339e-28,3.73918993205438e-27
"AENJPLPP_01796",1197.6591373224,-2.17556567074259,0.0743055752263125,-29.2786330516447,1.94062150873799e-188,3.6317345377811e-187
"AENJPLPP_01797",2597.147292249,-1.35027710467766,0.233042684144593,-5.79411926031487,6.86806424983628e-09,1.46450655235362e-08
"AENJPLPP_01798",344.458929735206,-0.905755456465272,0.0765128468470414,-11.8379526287394,2.48443898956246e-32,1.04256471804341e-31
"AENJPLPP_01799",9338.04180926194,1.04943347753455,0.0416903456999072,25.1720982380073,8.09744539216594e-140,1.04710742345905e-138
"AENJPLPP_01800",80.2239177030307,2.76966505362854,0.21937734431529,12.6251188894327,1.53509431899567e-36,7.00793815626357e-36
"AENJPLPP_01801",248.507647597093,3.64750833779584,0.160224231440142,22.7650231491889,1.0187986181503e-114,1.10418713542692e-113
"AENJPLPP_01802",1765.09477311411,1.38439457455642,0.100993783131729,13.7077207292127,9.12804645435234e-43,4.68531583764286e-42
"AENJPLPP_01803",999.978799275839,-1.1916351133582,0.0547948793435115,-21.7471984177168,7.34291272563416e-105,7.4242268598442e-104
"AENJPLPP_01804",268.93874137893,-1.01213663787675,0.14349275032022,-7.05357333815164,1.74380531667883e-12,4.26814412603843e-12
"AENJPLPP_01805",118.576695034906,-0.696058409739569,0.135085158349881,-5.15273785989666,2.56710694824162e-07,5.10204039251451e-07
"AENJPLPP_01806",737.897647626448,-0.337213238845754,0.0650040810154226,-5.18757028140662,2.13055529240586e-07,4.24842031503564e-07
"AENJPLPP_01807",2041.89668400433,-2.73216203677461,0.0487678639562002,-56.0238200965382,0,0
"AENJPLPP_01808",420.146462951001,0.7493857571253,0.0783751543246475,9.56152193361146,1.16037561814744e-21,3.76746954469638e-21
"AENJPLPP_01809",171.459508642474,-1.91400462526085,0.119592737402948,-16.0043550036983,1.19141514708273e-57,7.49422513185858e-57
"AENJPLPP_01810",485.166783041701,-1.60322444189562,0.141386671744269,-11.3392897797002,8.38219523803581e-30,3.32309924371077e-29
"AENJPLPP_01811",635.09809545263,-1.03268552408446,0.118631202386695,-8.70500764814202,3.17553342268982e-18,9.38948204373349e-18
"AENJPLPP_01812",354.923646522333,-0.227119555369255,0.373405735654552,-0.60823799337504,0.543029639377873,0.607330476408883
"AENJPLPP_01813",3782.66512172011,-0.236417969358996,0.299611595101574,-0.789081508273554,0.430064369020475,0.498954156279819
"AENJPLPP_01814",466.130310180065,-1.20576748982115,0.255971189402231,-4.7105593900508,2.47037796322992e-06,4.69605602726294e-06
"AENJPLPP_01815",2094.92719775639,-2.08245492907961,0.113756168728777,-18.3063033183255,7.37069886304179e-75,5.66528461080227e-74
"AENJPLPP_01816",708.520673188072,-0.507527454794737,0.0763730956855185,-6.64536968469346,3.02456960520851e-11,7.11399548828512e-11
"AENJPLPP_01817",2518.82065463401,0.102671746586828,0.104053775626332,0.986718126937872,0.323780841108576,0.386051315496692
"AENJPLPP_01818",1551.28156146543,3.3942015161407,0.272487927034443,12.4563372516378,1.29168073885294e-35,5.74864706966604e-35
"AENJPLPP_01819",413.330479269681,3.42397004291346,0.131178715991911,26.1015669883869,3.49948274029316e-150,4.92707546565574e-149
"AENJPLPP_01820",973.983094744654,3.50920200070631,0.205818748357647,17.0499627886593,3.49755886738978e-65,2.38419567136774e-64
"AENJPLPP_01821",5280.10771567365,-0.918002139819607,0.0560642469458608,-16.3741098797971,2.92759126384582e-60,1.90927109912715e-59
"AENJPLPP_01822",4660.57697918373,-1.86852123431317,0.070571148269321,-26.4771267031439,1.77800352573703e-154,2.60054593351732e-153
"AENJPLPP_01823",3353.61322234354,-1.65288237243514,0.0697315804046535,-23.7034979394334,3.31831890664058e-124,3.78715714610154e-123
"AENJPLPP_01824",5224.25658326428,-1.17264251096751,0.110246612892076,-10.636540027905,2.01472420312108e-26,7.34910898789807e-26
"AENJPLPP_01825",4229.21773830049,3.6830159510755,0.261236055514059,14.0984212299029,3.88360998737927e-45,2.07470157659109e-44
"AENJPLPP_01826",2476.23823520705,3.12623649297796,0.158633357275361,19.7073083913325,1.86633503655328e-86,1.61588145549857e-85
"AENJPLPP_01827",1968.00052815607,2.7366944391512,0.207076656822297,13.2158519513848,7.10769662700257e-40,3.47654057421408e-39
"AENJPLPP_01828",1403.25980358294,2.51491628471038,0.192017087638214,13.0973566761351,3.40925566312585e-39,1.64881016260003e-38
"AENJPLPP_01829",1268.26251456626,2.24818869327744,0.105535445372935,21.3026882611139,1.07189650606362e-100,1.04857927687327e-99
"AENJPLPP_01830",2253.97041174051,2.434145143091,0.100696887261576,24.1729929224916,4.27999620386741e-129,5.07701911899705e-128
"AENJPLPP_01831",3477.50339092478,2.21661099124765,0.0917907986645198,24.1485096926653,7.74072424122088e-129,9.14619691717588e-128
"AENJPLPP_01832",1938.16679294391,2.2324466069306,0.12851107393607,17.3716282850548,1.35330560210651e-67,9.43868004432153e-67
"AENJPLPP_01833",2807.58553173435,1.87972081837747,0.0680246476777564,27.6329372153754,4.47533359738398e-168,7.09693690995681e-167
"AENJPLPP_01834",2934.21547469341,0.884671113019104,0.0858510699291714,10.3047185521272,6.70877637505767e-25,2.36692543536871e-24
"AENJPLPP_01835",6.91617322797587,-2.65165243579897,1.38173938762471,-1.91906842892951,0.054975674337426,0.0747143467652975
"AENJPLPP_01836",5.7340132313365,-2.84133536042821,0.629815549843874,-4.51137695970281,6.44081404400154e-06,1.19865180448281e-05
"AENJPLPP_01837",493.97375203847,0.305549389705098,0.10873063252183,2.8101500250516,0.00495184114620588,0.00751253644185212
"AENJPLPP_01838",427.808485584066,-0.317195836078209,0.200187935688207,-1.58449026904519,0.113082194334976,0.146544796357541
"AENJPLPP_01839",1526.90193254001,-0.0516703387668698,0.227963953465725,-0.226660127539149,0.82068803379412,0.853844283778206
"AENJPLPP_01840",164.928174534334,-0.454247339101282,0.146368263717756,-3.10345513134742,0.00191275235975623,0.00300319065135253
"AENJPLPP_01841",130.394900414065,-1.11124490587008,0.1159573580686,-9.58322028355178,9.4065325628201e-22,3.06398730938129e-21
"AENJPLPP_01842",572.266546862263,-5.25933169160417,0.186005096369242,-28.2752021007197,6.97565347664756e-176,1.18743750989486e-174
"AENJPLPP_01843",157.90771761681,0.148850572652317,0.233413833846534,0.637711013950373,0.523661814608637,0.589168426966327
"AENJPLPP_01844",487.420995661401,-0.422494774790618,0.188565182047681,-2.24057681382443,0.0250534999955953,0.0355563803517328
"AENJPLPP_01845",144.545959736735,-0.784512268622056,0.3006328168857,-2.60953636648498,0.00906650086846862,0.0134634633399191
"AENJPLPP_01846",2497.44936283478,0.910573429940894,0.0996564523951652,9.13712467237164,6.41348197464177e-20,1.99420239314713e-19
"AENJPLPP_01847",1779.15393026153,0.892137729482203,0.11092612604562,8.04262946238023,8.79309091966517e-16,2.41729771359043e-15
"AENJPLPP_01848",686.635471962573,-0.2394866567111,0.151292123018858,-1.58294200605044,0.113434683304206,0.146922698805822
"AENJPLPP_01849",542.07003372763,0.0195418104646266,0.0773676158575612,0.252583852404142,0.800589809408568,0.835820199496887
"AENJPLPP_01850",1900.12037172423,-0.00758531538165916,0.0736415395009525,-0.103003215753808,0.917960418728776,0.933450807164968
"AENJPLPP_01851",1388.30234443956,0.434710906022564,0.129551864454559,3.3554971042122,0.000792224859107363,0.00128747222248678
"AENJPLPP_01852",4001.77348572188,0.757689003545508,0.0497212839554861,15.2387256174608,1.95649274643855e-52,1.16500249901568e-51
"AENJPLPP_01853",5278.48296654183,-0.906360072571463,0.0801097352497502,-11.3139816246527,1.11894004292261e-29,4.42436528782918e-29
"AENJPLPP_01854",496.512975984058,1.03302294530923,0.153998817030711,6.70799273154953,1.9731975762691e-11,4.66293670376375e-11
"AENJPLPP_01855",723.610999114154,-1.89298683702995,0.122071767000343,-15.50716339696,3.10286901421608e-54,1.89249885421722e-53
"AENJPLPP_01856",168.286633374528,-2.25070395016384,0.126807477129808,-17.7489845323544,1.75498683568427e-70,1.28656334207219e-69
"AENJPLPP_01857",497.859839047351,0.365290464179216,0.146283675033063,2.49713759308175,0.0125200366687237,0.0183010333672743
"AENJPLPP_01858",1528.24450695192,1.56486871769269,0.111040874680967,14.092726864668,4.20986462525616e-45,2.24104631022912e-44
"AENJPLPP_01859",2311.00240388797,1.37063705612615,0.162468018561835,8.43634992448981,3.27401602848628e-17,9.42178633603549e-17
"AENJPLPP_01860",114.689423106525,1.60489438026005,0.181193344529701,8.85735833413561,8.19328350421952e-19,2.47358348679493e-18
"AENJPLPP_01861",5215.42792770159,3.18067208147563,0.160732088450553,19.7886564664038,3.72848846250629e-87,3.27519992347856e-86
"AENJPLPP_01862",1377.20116014512,4.20122587661435,0.132263036495287,31.7641722732115,2.02357637421163e-221,4.20485214862045e-220
"AENJPLPP_01863",1261.5444428734,4.41523056407919,0.0960589326485468,45.9637687234493,0,0
"AENJPLPP_01864",585.647121252636,-1.14430264071156,0.0877447789569216,-13.0412618769414,7.12676580514441e-39,3.41382279346584e-38
"AENJPLPP_01865",221.95500254384,0.843194797197565,0.0993484444830391,8.48724709868524,2.11589553026255e-17,6.12410493052935e-17
"AENJPLPP_01866",184.441989360718,2.323263668415,0.185139498269434,12.5487196958585,4.03989112900464e-36,1.82765645220586e-35
"AENJPLPP_01867",12.6410271934742,-0.370488505976253,0.39824227195556,-0.930309341991691,0.352210942281803,0.416488056944691
"AENJPLPP_01868",319.263781778037,-0.785750805713757,0.299989386612388,-2.61926201652265,0.00881202345430422,0.0130984838025746
"AENJPLPP_01869",217.729273268573,-0.379609597143202,0.298579304838663,-1.27138616438377,0.20359130227272,0.254004386645012
"AENJPLPP_01870",12.7498005886411,0.202897414151805,0.577869145735523,0.351113077500535,0.725503517340478,0.77433301372542
"AENJPLPP_01871",27.0092823029261,-0.403416803768402,0.39292207622382,-1.02670943726411,0.304557304149487,0.365444507129591
"AENJPLPP_01872",549.214672674772,3.98547696751554,0.144956460427264,27.4943038466047,2.05374450321886e-166,3.17329855805048e-165
"AENJPLPP_01873",426.774240348946,1.87240565443256,0.150515338717742,12.4399657229875,1.58571952503262e-35,7.04686272702547e-35
"AENJPLPP_01874",122.50697234885,2.00210099368778,0.1290799111472,15.5105544766345,2.94326209607658e-54,1.7987928388395e-53
"AENJPLPP_01875",66.099701898619,1.14732225309242,0.141885190630162,8.08627206262166,6.15186848981858e-16,1.70051190457095e-15
"AENJPLPP_01876",51.7256223622795,0.82837438319627,0.147767533820526,5.60592954202232,2.07140220675965e-08,4.3311137050429e-08
"AENJPLPP_01877",91.6607550397673,1.05809614696831,0.203938603634273,5.18830730480933,2.12214198395869e-07,4.23725235100566e-07
"AENJPLPP_01878",8.98711291190389,0.332697823988895,0.38643082835646,0.860950523548811,0.389265293412276,0.455832230490162
"AENJPLPP_01879",62.7758216301629,-0.253638300286235,0.138763754900243,-1.82784258373936,0.0675731801593368,0.0906088081086256
"AENJPLPP_01880",7.55009377940902,0.371686984498931,0.411389093723207,0.903492557702589,0.366264536354139,0.431750801265657
"AENJPLPP_01881",3.32675267981354,0.4959606079412,0.62617124716336,0.792052669597923,0.42832996605327,0.497324927829866
"AENJPLPP_01882",28.2078561183721,-0.0291195027667113,0.314057125344711,-0.0927204015344329,0.926125688749553,0.940167351820217
"AENJPLPP_01883",4.80509443433123,-1.44038125952866,0.568845570204266,-2.53211299335851,0.0113377449052625,0.0166474782648908
"AENJPLPP_01884",1475.56711107593,-0.0177352794133692,0.132344968868273,-0.134007960899682,0.893396279331443,0.914393403594955
"AENJPLPP_01885",1409.10653842643,-0.00544497719142922,0.115713240841958,-0.0470557833469205,0.962468768049893,0.968253221413799
"AENJPLPP_01886",6204.79574867113,-2.43018843706308,0.220376749512302,-11.0274266338946,2.81813647403673e-28,1.07074970949214e-27
"AENJPLPP_01887",2835.63911133646,-2.28732939929857,0.138796181245562,-16.4797718407812,5.12780071045189e-61,3.38075788634389e-60
"AENJPLPP_01888",5191.67602707643,0.828134552533648,0.0722558965611507,11.4611345502134,2.06788026772109e-30,8.32957653294605e-30
"AENJPLPP_01889",1941.54772374623,0.53679676564656,0.159508285709091,3.36532214148149,0.000764543399593323,0.00124382789577467
"AENJPLPP_01890",777.764181059442,-1.17731675931293,0.262760447595149,-4.48057068743807,7.44437190129586e-06,1.38200200484316e-05
"AENJPLPP_01891",290.691910626509,-0.962046846766253,0.0761558564373723,-12.6326049206394,1.39579788084324e-36,6.38169805004657e-36
"AENJPLPP_01892",1547.9431745926,-0.945421195550241,0.0821183279582605,-11.5129133660732,1.13575522784682e-30,4.60569381090508e-30
"AENJPLPP_01893",1200.79777295276,-0.438470978536888,0.0859182271305971,-5.1033522592407,3.33689037811178e-07,6.60147781303401e-07
"AENJPLPP_01894",88.2589376343285,-0.744803916715131,0.15740999725856,-4.73161762077745,2.22737693580616e-06,4.24483662718783e-06
"AENJPLPP_01895",5487.63006928934,0.02359457432717,0.075131721918058,0.31404277347594,0.753488552346463,0.798544146401651
"AENJPLPP_01896",1538.92628887609,0.531545134902027,0.116934235824142,4.54567587632268,5.47592493509096e-06,1.02350879835168e-05
"AENJPLPP_01897",5164.18070487514,0.33174471167309,0.132856923541561,2.49700732810745,0.0125246368414602,0.0183010333672743
"AENJPLPP_01898",1877.33501714063,-1.30688043775466,0.190530530694114,-6.85916547334234,6.92639719129632e-12,1.65892168023655e-11
"AENJPLPP_01899",1414.83849371096,-0.642623449619857,0.196495078479798,-3.27043025500472,0.00107384018616443,0.00171734632744875
"AENJPLPP_01900",395.105328204354,0.498117471725171,0.127458355740471,3.90808016337061,9.30324407479745e-05,0.000161374061009584
"AENJPLPP_01901",440.079799072338,1.61438564958287,0.0845748111412366,19.0882560398144,3.16148746701751e-81,2.581453045562e-80
"AENJPLPP_01902",4485.95171545862,0.201643539133979,0.0712778245689431,2.82897998575897,0.00466966191395091,0.00710590472057278
"AENJPLPP_01903",1193.69666683735,4.76775736671963,0.107225795504398,44.4646490547518,0,0
"AENJPLPP_01904",1424.06426155005,4.90165208443029,0.0871944258640277,56.2151999495243,0,0
"AENJPLPP_01905",356.738464706232,2.31427586322829,0.123884526207988,18.6809114428292,7.07998812342924e-78,5.55520943122195e-77
"AENJPLPP_01906",519.368032862864,0.122966277557442,0.312721929949056,0.393212837927529,0.694162288552791,0.746701526386848
"AENJPLPP_01907",1125.75519382076,-0.0571036463396469,0.1731964502764,-0.32970448440783,0.741623264984824,0.787631616989522
"AENJPLPP_01908",4992.02451040319,0.461589091300746,0.0453318039591678,10.1824558254183,2.37490798794255e-24,8.21538205243503e-24
"AENJPLPP_01909",813.299777583341,-1.47039094092079,0.111975021609034,-13.1314191307301,2.17541134295818e-39,1.05888762137852e-38
"AENJPLPP_01910",929.307743064293,1.18584641736968,0.104218736980459,11.3784378100074,5.35503738194336e-30,2.13140391437191e-29
"AENJPLPP_01911",677.70817976885,-2.61412379463826,0.189211676209801,-13.8158693321847,2.04470806868627e-43,1.06402511415401e-42
"AENJPLPP_01912",77.6791531912168,-1.10118602169016,0.176533039641179,-6.23784660326719,4.43635358445831e-10,9.98262386107012e-10
"AENJPLPP_01913",953.54589282688,0.43740273540677,0.111760913540494,3.91373622092206,9.08789101341181e-05,0.000157729352669411
"AENJPLPP_01914",4374.98892337794,-0.829972200814205,0.0970855672429658,-8.54887316811078,1.24296010546471e-17,3.62891356372594e-17
"AENJPLPP_01915",1072.82670424512,-0.89917970923036,0.377846628457197,-2.37974786992766,0.0173244871733765,0.0250955191602805
"AENJPLPP_01916",1579.62608771396,-0.702650914376204,0.0762184356945958,-9.21891020161707,3.00135019406787e-20,9.43952832434916e-20
"AENJPLPP_01917",873.593298880044,-2.36949007694285,0.115983987206401,-20.4294587038656,9.15107267041911e-93,8.3806024182288e-92
"AENJPLPP_01918",772.558189930601,-1.50306906068609,0.319042457108352,-4.71118820457059,2.46276665824163e-06,4.6845428922235e-06
"AENJPLPP_01919",2511.06816531158,-0.148646004396411,0.136812368847442,-1.08649536331152,0.277259891183754,0.336835416627592
"AENJPLPP_01920",1520.53853612475,0.0272851574689105,0.0852005787122007,0.320246151860977,0.748781739765329,0.794114530768369
"AENJPLPP_01921",4278.52183677812,0.873428807121526,0.0507467290360037,17.2115291707146,2.17608953346054e-66,1.49693099641932e-65
"AENJPLPP_01922",2027.84693473541,1.00166794355742,0.115673294228007,8.65945722599552,4.74015868676062e-18,1.39609952328541e-17
"AENJPLPP_01923",1446.53985551431,0.581477028513604,0.062761747500311,9.26483171155683,1.95385196489445e-20,6.15146914339288e-20
"AENJPLPP_01924",4674.48605983747,0.912384181645136,0.274154126709746,3.32799725685362,0.000874727277714077,0.00141316530174398
"AENJPLPP_01925",1156.49392851709,1.03126994499839,0.133342035659719,7.73401980775312,1.04202810284527e-14,2.74203552303301e-14
"AENJPLPP_01926",428.818050153229,-0.14382710898506,0.281342007068826,-0.511218038441998,0.609198389049586,0.668675681678107
"AENJPLPP_01927",72.7344771676376,-0.603126150886469,0.172177113761659,-3.50294030205062,0.000460152579968219,0.000760943865776205
"AENJPLPP_01928",321.378227700351,-0.40221545263962,0.0707821728894333,-5.68244003003283,1.32786481757778e-08,2.80172037490326e-08
"AENJPLPP_01929",290.436904192208,-0.10212381008136,0.16047176146848,-0.636397389464803,0.52451744196949,0.589910807261692
"AENJPLPP_01930",4.83231679817498,-1.81206122512504,0.540862349066018,-3.35031866842677,0.000807186396913183,0.00131037317559236
"AENJPLPP_01931",43.4804113892981,-1.30140072345128,0.25531551556106,-5.09722537070035,3.44667906226245e-07,6.81420210931546e-07
"AENJPLPP_01932",9.28982958104205,-1.22904342651854,0.374253497758681,-3.28398647942906,0.00102349832436098,0.00164031938898917
"AENJPLPP_01933",33.391133356064,-1.95046020086919,0.227732590144031,-8.5646951085728,1.08362196639741e-17,3.17293778887794e-17
"AENJPLPP_01934",1376.91278910032,-0.588938845361218,0.0918612440666988,-6.4111786351772,1.44398877327441e-10,3.33389898381288e-10
"AENJPLPP_01935",1289.79215008743,-0.236567205139424,0.118131883183732,-2.00256864416093,0.0452236082775122,0.0622565953856377
"AENJPLPP_01936",6512.02146165312,0.189649995255826,0.0660183782235882,2.87268485471618,0.00406999892168352,0.00621851255123349
"AENJPLPP_01937",0.838359097114726,-0.0801790038924174,1.41111516324437,-0.0568196033753004,0.954688897928782,0.963926868588734
"AENJPLPP_01938",198.588136169254,-0.169602288671876,0.0769068724437828,-2.20529431613347,0.0274334484388658,0.0385886928787594
"AENJPLPP_01939",54.7571692605674,-0.739035857051799,0.17598981496719,-4.19931038162394,2.67729123178352e-05,4.77318253335134e-05
"AENJPLPP_01940",25.0936285520256,-0.813814735098244,0.310383121793204,-2.62196839311532,0.00874235383249182,0.013007759060394
"AENJPLPP_01941",82.4679796135376,0.186721982544141,0.18110058652825,1.03104018669213,0.302521974880234,0.363436126870247
"AENJPLPP_01942",6623.82300854402,-2.57885767882674,0.0726486111486504,-35.4976872654867,5.33630859326085e-276,1.54599017225913e-274
"AENJPLPP_01943",164.040535166831,1.47995096378472,0.162040084934558,9.13323986705155,6.64793556876449e-20,2.06284550655895e-19
"AENJPLPP_01944",1242.0557911843,1.0171788702173,0.0918375773109723,11.0758460752184,1.64320654946703e-28,6.30698259050214e-28
"AENJPLPP_01945",83.4990446858922,0.383693829518795,0.131348984463141,2.92117850082402,0.00348709972724295,0.00534960869561253
"AENJPLPP_01946",15.758780403234,1.18400190188678,0.338105439652281,3.50187179213811,0.000462001876799666,0.00076274611221775
"AENJPLPP_01947",20.4633152885832,0.961955614031362,0.253929561454588,3.78827738102243,0.000151695433351417,0.000259544770407621
"AENJPLPP_01948",99.4453898077059,0.282752569809256,0.120921015319537,2.33832447620519,0.0193704222410219,0.0278982228547796
"AENJPLPP_01949",319.850706720077,0.354944864000952,0.0854957961169664,4.15160604523003,3.30150221962546e-05,5.8479871767969e-05
"AENJPLPP_01950",133.00706519297,-0.965177390882023,0.125721353201802,-7.67711583037744,1.62710298925857e-14,4.24455524384076e-14
"AENJPLPP_01951",27.0443481031661,-0.369491183555868,0.220973099297829,-1.67210934149892,0.0945027629033199,0.123744817308867
"AENJPLPP_01952",561.0237290444,0.956354268463259,0.050855020710446,18.8055034705121,6.80728305600754e-79,5.42601689093935e-78
"AENJPLPP_01953",1694.31171162697,1.2676068406957,0.0448499131560096,28.2633064703236,9.76814287127533e-176,1.65345025118835e-174
"AENJPLPP_01954",1337.58073205057,2.15342075867317,0.307851184236489,6.99500560315833,2.6524832821395e-12,6.45551868262222e-12
"AENJPLPP_01955",1.42786287366242,0.810925835685432,0.848817901067813,0.955359017128747,0.339396171703853,0.402757252990827
"AENJPLPP_01956",186.628406825971,1.33511945365373,0.137451158663351,9.71340996057909,2.64342422700644e-22,8.67607537687407e-22
"AENJPLPP_01957",218.027786786972,0.0529997110889711,0.144647964542991,0.366404817768582,0.714063025274324,0.764017008221427
"AENJPLPP_01958",616.866311341756,1.14819672720825,0.10328103083745,11.1172082414181,1.03458861772553e-28,3.98620908594248e-28
"AENJPLPP_01959",641.065830779923,1.05123365218138,0.0558816795393173,18.8117762538213,6.04770528537002e-79,4.83335173072145e-78
"AENJPLPP_01960",277.096483124197,1.37958305586724,0.279082410915634,4.94328199093956,7.68182441344526e-07,1.4961433068979e-06
"AENJPLPP_01961",1372.44934564427,-4.80681778185921,0.0873102308749157,-55.0544619306489,0,0
"AENJPLPP_01962",3011.25872868829,-4.32885897670048,0.267719330431923,-16.1693926610251,8.29116570538973e-59,5.31516644049772e-58
"AENJPLPP_01963",3008.9065262976,-3.6850443676623,0.163918477290635,-22.4809577820111,6.37491062562031e-112,6.76324144894155e-111
"AENJPLPP_01964",378.4429192177,-0.318923120177855,0.269061133420372,-1.18531842976957,0.235891569382109,0.290929716966146
"AENJPLPP_01965",923.631059239013,0.019532989951124,0.150647947620813,0.129659847741765,0.896835551184405,0.917075796386405
"AENJPLPP_01966",322.748445519726,-1.01994203536929,0.0900944578252265,-11.3208077387831,1.03513715722409e-29,4.09838141224202e-29
"AENJPLPP_01967",409.720059888526,-0.964296969040259,0.0857069118311299,-11.2510992221985,2.28723627136328e-29,8.93831762077503e-29
"AENJPLPP_01968",558.987331653491,-1.77253901039743,0.10322150504531,-17.1721872260956,4.28947258202684e-66,2.93731383855611e-65
"AENJPLPP_01969",1150.61803784269,-0.437533038506955,0.0679516748654797,-6.43888527211604,1.20354126700029e-10,2.78729426400606e-10
"AENJPLPP_01970",96.3895852591585,0.499885884653171,0.188292637650882,2.65483499986878,0.00793472095501914,0.0118353040779568
"AENJPLPP_01971",2696.06308649611,2.45530385798224,0.151742826451517,16.1806914725339,6.90149828309983e-59,4.4432081895256e-58
"AENJPLPP_01972",1542.64938407994,-2.23301086053419,0.0873982127897894,-25.5498458064016,5.51236824180382e-144,7.51527851246828e-143
"AENJPLPP_01973",2413.93371909129,-1.6091708551383,0.0794948930571392,-20.242443171559,4.14122660575483e-91,3.75828788046365e-90
"AENJPLPP_01974",775.987929647915,-0.577351158691028,0.131857113608323,-4.37861214227723,1.19437477882598e-05,2.18232335270023e-05
"AENJPLPP_01975",49.1131308598227,-0.947600209531551,0.196841182455561,-4.81403432813395,1.47913382229776e-06,2.83681107993836e-06
"AENJPLPP_01976",18.8381879400032,-0.765490017157107,0.329944822202533,-2.32005464443149,0.020337921468765,0.0292078919854095
"AENJPLPP_01977",93.5127852307075,-0.801881800847324,0.18192309793006,-4.40780643014118,1.04422804429588e-05,1.91611394486205e-05
"AENJPLPP_01978",86.2558629044468,-0.158299937479085,0.140715261359505,-1.12496637500217,0.260603283246627,0.318667894651821
"AENJPLPP_01979",1853.12108415982,0.27523211582711,0.220251016540354,1.24962926460175,0.211435007678472,0.263027943078133
"AENJPLPP_01980",1683.77676142279,2.50127523532559,0.0832089067540812,30.0601862576798,1.60697404500195e-198,3.10372615230185e-197
"AENJPLPP_01981",741.650469085997,3.93171425474611,0.402711706830953,9.76309898136766,1.62123900548894e-22,5.36790453136064e-22
"AENJPLPP_01982",949.371553882169,2.01475317890039,0.139881426227811,14.4032930835231,4.93356452184113e-47,2.73250549711532e-46
"AENJPLPP_01983",3039.01616181509,0.0497377281601041,0.122969697716014,0.404471419251337,0.685866090810708,0.73989063072419
"AENJPLPP_01984",623.518221312039,0.845633468865226,0.116417943614444,7.26377259905755,3.76440660069236e-13,9.43607078859076e-13
"AENJPLPP_01985",1325.04346334302,1.85460918553605,0.0487784118715531,38.0211063537645,2.58571449402484e-316,8.56127227679146e-315
"AENJPLPP_01986",1320.11714503641,0.303783805497113,0.243399526090888,1.24808708700475,0.211999166636251,0.263512165459993
"AENJPLPP_01987",64.2454436836396,-0.12691010604313,0.144501066718413,-0.878264146592343,0.379800387967555,0.44613589432602
"AENJPLPP_01988",175.110009913301,-0.299053500849252,0.0997083583660053,-2.99928216400374,0.00270616559931538,0.00419427826684014
"AENJPLPP_01989",488.731497403746,-0.110479847271722,0.0990005156390031,-1.11595224084061,0.264442578375722,0.322316136183678
"AENJPLPP_01990",603.458654685328,-0.853062172042989,0.271452610584737,-3.14258231005922,0.00167464621800938,0.00264035010720161
"AENJPLPP_01991",2983.35950820107,-0.05436469612195,0.0896459456030313,-0.60643786795096,0.544224028934568,0.608190473721685
"AENJPLPP_01992",693.620753451841,0.237507150969207,0.124732390193532,1.90413372661821,0.0568927702451913,0.0771457771146541
"AENJPLPP_01993",1202.78559880908,-0.187990826102703,0.110226535576745,-1.70549518878614,0.088102108829014,0.116069809314307
"AENJPLPP_01994",79.5084314393153,-1.06102459023017,0.366938831258387,-2.89155712027389,0.00383337901767121,0.0058629294315956
"AENJPLPP_01995",2495.85925091099,-1.22354636613099,0.145960753644902,-8.38270792371813,5.17237129736633e-17,1.48281205698999e-16
"AENJPLPP_01996",2635.24132741838,-0.680227906465386,0.0767885297195981,-8.85845723247097,8.11293509227837e-19,2.45178269137761e-18
"AENJPLPP_01997",1631.14201446981,-0.478295978206606,0.0691274432660754,-6.91904626597599,4.54694359922421e-12,1.095995285157e-11
"AENJPLPP_01998",844.237966770299,-2.12669437838522,0.127205615859228,-16.7185573059818,9.60155200122097e-63,6.40032658842451e-62
"AENJPLPP_01999",881.690244989386,-1.90759928712502,0.246087980860049,-7.75169628544305,9.067305071389e-15,2.39437249606442e-14
"AENJPLPP_02000",209.055268055805,-1.24110750619086,0.223900636407983,-5.54311736715817,2.97133552012273e-08,6.16997513585788e-08
"AENJPLPP_02001",722.97612262031,-1.04137895674589,0.104938831727982,-9.92367591289092,3.28432738608065e-23,1.11062608465331e-22
"AENJPLPP_02002",1367.3015395269,-0.588389168543562,0.281072296523381,-2.09337304252828,0.036315866914452,0.0506338301773456
"AENJPLPP_02003",2693.08102237737,-0.145195853478291,0.224486167414966,-0.646791983444994,0.517766581395876,0.584281164698791
"AENJPLPP_02004",450.456140750782,0.453805036792254,0.0834338294088305,5.4391011416794,5.35500501987898e-08,1.0975938860473e-07
"AENJPLPP_02005",1957.30991096624,0.39232024512691,0.103571764061853,3.78790733826468,0.000151921484365618,0.000259784013844271
"AENJPLPP_02006",351.593592177313,-0.0994874225415768,0.153607790711416,-0.647671723425049,0.517197296799098,0.583857420477963
"AENJPLPP_02007",3558.67375417277,-1.68288403549783,0.0549838467318086,-30.6068806663588,9.91328967580671e-206,1.95220534596115e-204
"AENJPLPP_02008",348.253858008664,0.146909246648473,0.165037156153714,0.890158616836825,0.373380722013642,0.439451607588712
"AENJPLPP_02009",821.391373270706,0.650159063809004,0.228903351720801,2.84032129246416,0.00450681167014139,0.00687545496817013
"AENJPLPP_02010",652.775350696094,0.953792023416189,0.12429277009257,7.67375304859507,1.67035522223744e-14,4.35361616315e-14
"AENJPLPP_02011",888.080353311655,0.56015602785494,0.0487878042115474,11.4814765064249,1.63464875579684e-30,6.60214035015532e-30
"AENJPLPP_02012",543.970663086742,1.10017233410478,0.236571638405994,4.65048279463118,3.31158873166078e-06,6.24394045587856e-06
"AENJPLPP_02013",2868.51892836829,-1.17223997559972,0.0874708384681946,-13.4014946710036,5.92576052662212e-41,2.9511266887128e-40
"AENJPLPP_02014",40.1855466798472,1.18110772748731,0.201903122898386,5.84987349641807,4.91947021435108e-09,1.06253503626092e-08
"AENJPLPP_02015",93.4917315816025,-0.035813050158004,0.140424317696479,-0.255034532091602,0.798696428124696,0.835168194275375
"AENJPLPP_02016",1233.40729496064,1.11843655842843,0.181566662608768,6.15992243487116,7.27805835003897e-10,1.62315246548241e-09
"AENJPLPP_02017",347.853640897679,0.150165971195974,0.11230128987895,1.33717049339182,0.181166991030567,0.227914882661836
"AENJPLPP_02018",748.42212605162,0.087470088470899,0.148961004114306,0.587201254388556,0.557068550022495,0.620727640982905
"AENJPLPP_02019",1904.71669487069,0.866672671167366,0.0493001401034647,17.5795174080339,3.53572867136061e-69,2.53646440162131e-68
"AENJPLPP_02020",867.551199026705,0.702674908283755,0.0579235921071265,12.1310658182973,7.23022261753247e-34,3.12548934671813e-33
"AENJPLPP_02021",391.082255923362,0.455561104146735,0.063263092527771,7.20105650773798,5.97477780171802e-13,1.4853139865162e-12
"AENJPLPP_02022",804.662931938148,0.330989055312336,0.233077513470378,1.42008145867062,0.155583967503587,0.197378734352972
"AENJPLPP_02023",996.46251300594,0.395783263777068,0.0483484416288441,8.18606040739373,2.69916289113197e-16,7.56518864277267e-16
"AENJPLPP_02024",589.140598112164,0.662644310919426,0.243514987897557,2.72116437941056,0.00650524046414234,0.00976596388563073
"AENJPLPP_02025",219.624047154548,-2.17001089010629,0.166848402851595,-13.0058835027412,1.13282059647688e-38,5.38357800817797e-38
"AENJPLPP_02026",693.360761966908,-0.729110405966743,0.123785807132936,-5.89009695743018,3.8596910050413e-09,8.36636618574780e-09
"AENJPLPP_02027",538.52291585954,-0.277997396098116,0.192362550565256,-1.44517420506862,0.148408959906978,0.189312530143829
"AENJPLPP_02028",513.418290300625,-0.500809165770352,0.161682382491118,-3.09748754350439,0.00195168598380568,0.00305635648087657
"AENJPLPP_02029",1496.81672625222,-0.433829205186186,0.0805685807034401,-5.3845953521639,7.26078054945112e-08,1.47915698414444e-07
"AENJPLPP_02030",4101.28963904798,-1.13595920365218,0.10085916970848,-11.2628252536236,2.00234478266502e-29,7.83514913009054e-29
"AENJPLPP_02031",2799.14957399276,5.22382429147504,0.233707891781688,22.3519379326512,1.15615463880734e-110,1.20954650233559e-109
"AENJPLPP_02032",1077.22903355223,4.6215996358232,0.340006691318093,13.5926725968445,4.4261780529911e-42,2.24135705439701e-41
"AENJPLPP_02033",673.0897088096,3.86235697391497,0.124683008512793,30.9774123995305,1.0862604137922e-210,2.16748518328206e-209
"AENJPLPP_02034",187.580344174554,1.65173802431359,0.132205980213931,12.493671024872,8.08358108184885e-36,3.62437943446586e-35
"AENJPLPP_02035",163.631655167348,-1.06325848493596,0.0920119884725509,-11.5556516339515,6.91211766815444e-31,2.81055472795537e-30
"AENJPLPP_02036",97.9539497534957,-1.67141727286577,0.213328127745625,-7.834959648916,4.68993299353645e-15,1.25051045217038e-14
"AENJPLPP_02037",94.5244550491206,-1.32574829153081,0.193452492949699,-6.85309489330553,7.22691109401135e-12,1.72952209104497e-11
"AENJPLPP_02038",277.835954204584,-0.670646762693465,0.123893668953019,-5.41308339934447,6.19486190064788e-08,1.2662902921745e-07
"AENJPLPP_02039",67.9286525063866,-2.50340185867084,0.53862917422811,-4.64772793315247,3.35611158177099e-06,6.3199776224225e-06
"AENJPLPP_02040",91.8654572042008,-1.3576258651909,0.124676743378978,-10.8891668838683,1.29822414492142e-27,4.86511113015952e-27
"AENJPLPP_02041",22.8061707634861,-1.08301674907516,0.236546481577129,-4.57845215813126,4.68429270344262e-06,8.77722258424914e-06
"AENJPLPP_02042",371.621067286635,-0.361124194573405,0.0947544007505044,-3.81116013307153,0.000138316127058808,0.00023705716201831
"AENJPLPP_02043",1014.19076111349,-0.758536542922559,0.0478108847616646,-15.8653525594398,1.10097501155572e-56,6.86798697684761e-56
"AENJPLPP_02044",1.4973088332897,0.00389311535652898,1.0101583224078,0.0038539655321053,0.996924988016287,0.996924988016287
"AENJPLPP_02045",6561.16695924755,0.0406579565138622,0.0912234242918268,0.445696451645972,0.655816528073252,0.712833765903574
"AENJPLPP_02046",25573.6932979105,0.314837082997505,0.223727643081892,1.40723371801787,0.15935809638728,0.201911667121477
"AENJPLPP_02047",208.88483175082,-0.329743241407331,0.140802694847553,-2.34188160790774,0.0191868001704484,0.0276469770031378
"AENJPLPP_02048",3266.18267749956,-2.34519966678911,0.0361252916155644,-64.9184978697499,0,0
"AENJPLPP_02049",81314.9926260418,-2.170569490691,0.110001762919408,-19.7321336775416,1.14245151124671e-86,9.91990317978773e-86
"AENJPLPP_02050",3374.96212265834,-0.146511623096616,0.0828722262507709,-1.76792189283383,0.0770739622671028,0.102481839501668
"AENJPLPP_02051",1850.99591435399,-0.182432601859115,0.0571310730696129,-3.19322904432103,0.00140691303772897,0.00222989425706333
"AENJPLPP_02052",16027.4244665593,-2.08056986734231,0.213633309981078,-9.73897688298979,2.05614008156806e-22,6.79292770368921e-22
"AENJPLPP_02053",8.68952670415685,0.631057390173016,0.38262868979852,1.64926835597537,0.0990926694577499,0.129305419262105
"AENJPLPP_02054",29.6171925166321,0.465775638248532,0.281170791799612,1.65655769316354,0.0976089317683684,0.127535000614958
"AENJPLPP_02055",49.5079856688038,1.03075109265434,0.205605930117199,5.01323620416392,5.35221275013606e-07,1.04851866164889e-06
"AENJPLPP_02056",80.5858105892973,1.14827940228364,0.151480918393784,7.58035675027142,3.44606064718313e-14,8.85164597609785e-14
"AENJPLPP_02057",1061.27747278565,2.81111752009477,0.193424517437089,14.5334084703563,7.4423195324174e-48,4.18352775208463e-47
"AENJPLPP_02058",181.178900417255,-1.79225414213518,0.174516234549568,-10.2698419247988,9.63624246190503e-25,3.37604634159533e-24
"AENJPLPP_02059",16.7909739348489,-3.62758858278253,0.441322296900403,-8.21981714556607,2.03813694335651e-16,5.74453377954459e-16
"AENJPLPP_02060",337.088196804702,-0.671902032963479,0.107723098198731,-6.23730698613898,4.45167853860233e-10,1.0009632415529e-09
"AENJPLPP_02061",3288.44260276949,1.42326944118589,0.129022922638756,11.0311362669316,2.70426518914788e-28,1.02878169380083e-27
"AENJPLPP_02062",2844.1238366058,1.56382783872575,0.125863571637069,12.4247851732279,1.91740804133992e-35,8.50832169154222e-35
"AENJPLPP_02063",4251.19531276131,1.80219780088615,0.111469551201716,16.1676240861945,8.53260198887014e-59,5.45832904298635e-58
"AENJPLPP_02064",5404.45526028376,-0.683191533596377,0.106329765769139,-6.42521431938175,1.31683852804283e-10,3.04266448235663e-10
"AENJPLPP_02065",1423.59430929858,-0.439017575066575,0.357782619497883,-1.22705115101091,0.219803366235557,0.272538083320055
"AENJPLPP_02066",3090.91876233142,-0.368769036332315,0.0706895473589812,-5.21674066548486,1.82098930155398e-07,3.65288999040089e-07
"AENJPLPP_02067",3073.54353395651,-0.194689303664537,0.179227895174491,-1.08626675258889,0.277360991919368,0.336835416627592
"AENJPLPP_02068",1399.78206996686,0.367708405969769,0.091145470889749,4.03430255371169,5.47647173675437e-05,9.63820639184633e-05
"AENJPLPP_02069",2638.02286589451,-0.533181471103459,0.240721537081159,-2.21493048594026,0.0267648362195486,0.0377716400606557
"AENJPLPP_02070",3842.48131930273,0.198052962998409,0.114470395023044,1.73016755081992,0.0836003440568858,0.110506018783796
"AENJPLPP_02071",930.512851437812,0.416754149485312,0.2116899889717,1.96870032215376,0.0489875142981661,0.0671516745133642
"AENJPLPP_02072",1079.02285595851,-1.04871213666629,0.28545702552588,-3.67380040737941,0.000238969425381462,0.000404048753464839
"AENJPLPP_02073",1063.44621776358,1.15475468743703,0.142225648786574,8.11917328055134,4.69369958775715e-16,1.30462332637567e-15
"AENJPLPP_02074",756.684381207345,-1.01145517824622,0.0788076879045921,-12.8344734522694,1.05115190879588e-37,4.91788928758073e-37
"AENJPLPP_02075",5425.0508773958,-0.241072250165574,0.0475738027166212,-5.06733194320303,4.03430410184031e-07,7.93948939179939e-07
"AENJPLPP_02076",622.094721993649,1.14828598940706,0.118188692143986,9.71570095731437,2.5846446650226e-22,8.49240389935997e-22
"AENJPLPP_02077",3360.35867838628,1.16174846937313,0.0649090733425612,17.8980905064218,1.22034872510323e-71,9.03417864554306e-71
"AENJPLPP_02078",1151.15135336552,-2.1570182652743,0.0791021143078788,-27.2687814244612,9.95286907389165e-164,1.52223322434698e-162
"AENJPLPP_02079",1414.94771608528,-1.43367211407654,0.10701521700966,-13.3968995637987,6.30421845857124e-41,3.1344241279992e-40
"AENJPLPP_02080",870.527508446891,-1.53773134304352,0.276682088501807,-5.55775529731656,2.73266121862738e-08,5.68612448323501e-08
"AENJPLPP_02081",952.227684792602,-1.03322613162048,0.14798849375401,-6.98180044549906,2.91420881747024e-12,7.08677253191108e-12
"AENJPLPP_02082",585.403961548524,-1.04509526994845,0.0725782717595201,-14.3995612545206,5.20730321984256e-47,2.87882653236434e-46
"AENJPLPP_02083",3343.09226634873,0.616692753263795,0.0758281446684522,8.13276859087344,4.19595155522794e-16,1.16842902365081e-15
"AENJPLPP_02084",2084.97271086126,0.842186136579039,0.12019165707959,7.0070265860579,2.4343602311835e-12,5.92944816213088e-12
"AENJPLPP_02085",2010.00370291087,0.430748964066498,0.0753424427021197,5.7172152722675,1.08283902172055e-08,2.29114745255899e-08
"AENJPLPP_02086",3075.68706327754,0.716918861956407,0.207631430742815,3.45284362483842,0.000554710467425419,0.000912803188614303
"AENJPLPP_02087",874.239938440811,-1.49162413361731,0.0614145894806841,-24.287781555333,2.63911280362376e-130,3.20630922472516e-129
"AENJPLPP_02088",102.425288443681,-1.54503450515646,0.131199834177815,-11.7761925145613,5.17796086693925e-32,2.15188911615007e-31
"AENJPLPP_02089",1197.38708826049,-1.28933340801887,0.150837851055083,-8.54781077163469,1.25445163938779e-17,3.65891847964706e-17
"AENJPLPP_02091",93.2548505613039,-1.80959143298702,0.149958586586185,-12.0672745334727,1.57256655936201e-33,6.78817054922314e-33
"AENJPLPP_02092",2088.3717271944,-2.94390366213131,0.0668461620543481,-44.0399803318225,0,0
"AENJPLPP_02093",326.043039388299,0.688625604739858,0.0690196556242733,9.97723907068695,1.91727436407501e-23,6.51268056252313e-23
"AENJPLPP_02094",29028.5670963341,-2.31623071769355,0.0640941421262006,-36.137947101826,5.75360797480065e-286,1.73356208280744e-284
"AENJPLPP_02095",8099.06696873089,-2.03415824201842,0.198100295814567,-10.2683251110463,9.78893399393984e-25,3.42555843481309e-24
"AENJPLPP_02096",25086.6494421684,-1.7277468612194,0.185185109243084,-9.32983687663284,1.06033971807907e-20,3.35236471203801e-20
"AENJPLPP_02097",7157.19415225973,0.77361139675418,0.0565902682986786,13.6703963421966,1.52561950613287e-42,7.77781991874509e-42
"AENJPLPP_02098",5614.95200543118,1.25755765251759,0.127880031916224,9.83388597636133,8.04530611960067e-23,2.66965939849745e-22
"AENJPLPP_02099",19327.471138464,1.55253804408671,0.0824570952721567,18.8284348237398,4.41621346050798e-79,3.54828030840281e-78
"AENJPLPP_02100",4745.36964488149,0.830152123403181,0.112432468605835,7.38356218356749,1.54109639150938e-13,3.90195246018298e-13
"AENJPLPP_02101",4945.30118323593,0.546096304256483,0.0478956699939521,11.4017886027159,4.09615967275448e-30,1.63683409734871e-29
"AENJPLPP_02102",536.311384457536,0.832229328421341,0.192775146164621,4.31709867676955,1.58093494051282e-05,2.86087506051959e-05
"AENJPLPP_02103",606.735624832549,-0.234553532065124,0.144186368931467,-1.62673860090485,0.103792626775174,0.135204143741288
"AENJPLPP_02104",5233.32945462879,0.915838340087305,0.213006928700116,4.29957065564133,1.71129312432531e-05,3.08380752607187e-05
"AENJPLPP_02105",9347.16747990422,1.02110299247708,0.21171601150293,4.82298426665264,1.41426130341305e-06,2.7192150451754e-06
"AENJPLPP_02106",4079.63048081222,0.756361334948741,0.145945217363519,5.18250168530569,2.1892938757385e-07,4.36266034894186e-07
"AENJPLPP_02107",1931.81430059728,0.80644459766779,0.0818088819102658,9.85766555949707,6.3508751199059e-23,2.11672419649076e-22
"AENJPLPP_02108",2250.68373903895,0.818119898675425,0.18837706143755,4.34299108624033,1.40555839121901e-05,2.55579205355635e-05
"AENJPLPP_02109",485.593599756287,0.440802779587177,0.337550679238929,1.30588621708909,0.191591254386435,0.24032658179281
"AENJPLPP_02110",1415.31395127226,0.356818486622861,0.122964599500347,2.90179846941927,0.00371027145519111,0.00568041051549331
"AENJPLPP_02111",1767.79047749605,0.421745542965419,0.1138270396992,3.70514373456364,0.000211270893181288,0.00035801979817504
"AENJPLPP_02112",1293.65665418022,0.188890909856106,0.0563766719150581,3.35051544264097,0.000806613117247454,0.00131014842170705
"AENJPLPP_02113",7164.46865862231,0.532224771576024,0.0605996477703667,8.78263803764686,1.59684412910716e-18,4.77784643594822e-18
"AENJPLPP_02114",104.325680603164,0.980247810206109,0.278501749816538,3.51971867628065,0.000432004750928789,0.000715574664402662
"AENJPLPP_02115",507.724399747769,1.07915439674889,0.175047445387305,6.16492513993097,7.05164927149819e-10,1.57613969830298e-09
"AENJPLPP_02116",65.0009643594723,0.12052349632662,0.329300874844916,0.365998105481439,0.714366489250984,0.764070369937244
"AENJPLPP_02117",3090.0134733486,0.548635290447755,0.101694957949791,5.39491142440539,6.85573640386923e-08,1.39758685959797e-07
"AENJPLPP_02118",7065.22487223564,0.527978068510844,0.140868186231458,3.7480291514745,0.000178229543412836,0.000303908100907117
"AENJPLPP_02119",1008.54452557727,0.822792404656887,0.102606401315852,8.01891884039567,1.06679960928405e-15,2.91940710515244e-15
"AENJPLPP_02120",6074.40216040413,-0.764070751766686,0.19918353668956,-3.83601358056785,0.000125047496079535,0.000215173104333318
"AENJPLPP_02121",2440.41433278293,-0.699054091268029,0.153556121204871,-4.55243389702041,5.30288255233752e-06,9.92396591937449e-06
"AENJPLPP_02122",2510.91416784228,-0.972524383245913,0.135130242595312,-7.19694099979107,6.15783917338753e-13,1.52830061197831e-12
"AENJPLPP_02123",1983.4846165928,-0.560609385903395,0.0644352568967622,-8.70035152962298,3.30857663532178e-18,9.77327588453384e-18
"AENJPLPP_02124",5234.41443924856,-0.44780236430723,0.0636011670525015,-7.04078848014813,1.91155003275471e-12,4.67112753340627e-12
"AENJPLPP_02125",13709.2865476986,-0.575427912875392,0.174025502963259,-3.30657233036055,0.000944449639280427,0.00152172554179247
"AENJPLPP_02126",13949.2064662848,-0.183464650358514,0.0550146110844008,-3.3348349964167,0.000853500274699592,0.00137961176377139
"AENJPLPP_02127",3793.77695392847,0.631020886226262,0.0489866982438554,12.8814741317132,5.72318672748164e-38,2.69016561776945e-37
"AENJPLPP_02128",9196.9302818289,0.545806391216177,0.0852615931933084,6.40155046104643,1.53806961951187e-10,3.54839491852164e-10
"AENJPLPP_02129",12520.2253247436,0.474424560226491,0.0549355579862908,8.63601968591789,5.82054860492265e-18,1.71095736064702e-17
"AENJPLPP_02130",16759.9469120228,0.0740950447757623,0.164557005501257,0.450269768522231,0.652515934732762,0.709758307346503
"AENJPLPP_02131",5414.36185903712,-2.14445895937499,0.108377595794573,-19.786921306501,3.85906581585262e-87,3.38004805324533e-86
"AENJPLPP_02132",3278.23151889792,-0.718765234089354,0.100885376077963,-7.12457307522851,1.04403787809444e-12,2.57843125139226e-12
"AENJPLPP_02133",838.023322434184,-1.59894252073137,0.134287400273571,-11.9068692779367,1.08993154633294e-32,4.59938900434335e-32
"AENJPLPP_02134",202.819353915965,0.276540909594421,0.203600531792245,1.35825239335133,0.174383610729345,0.219840091685154
"AENJPLPP_02135",1841.36826215799,-0.174388578132187,0.307160970828359,-0.567743283470851,0.570209296537259,0.632562816813977
"AENJPLPP_02136",1791.57948876537,-0.0978754612627978,0.0625209853152879,-1.56548174615644,0.117469994177868,0.15183916450361
"AENJPLPP_02137",2239.43727461262,-0.0554901948409836,0.0783105444168359,-0.70859161118351,0.478577943578056,0.547647301177623
"AENJPLPP_02138",2137.19875816957,0.953696944498627,0.0727558143208188,13.1081887186813,2.9557335446461e-39,1.43639115645463e-38
"AENJPLPP_02139",3764.56849837312,5.46301014010404,0.664237694010271,8.22448076850569,1.9603824487788e-16,5.546133632085e-16
"AENJPLPP_02140",1935.37542990634,5.66305074955189,0.205949262702105,27.4973101396493,1.89060183862452e-166,2.93628007204932e-165
"AENJPLPP_02141",2654.59900927184,5.2943167382517,0.144491362148369,36.6410604726344,6.35128253073762e-294,1.95269533317474e-292
"AENJPLPP_02142",93.8536239457505,5.59772901061957,0.346980807977302,16.132676165149,1.50361331537984e-58,9.59827737127005e-58
"AENJPLPP_02143",36.1403005618152,5.56724677912954,0.589835156453947,9.43864860921395,3.77618023246083e-21,1.20910000429378e-20
"AENJPLPP_02144",21.7664432608752,3.93299385603374,0.41723209455538,9.42639338477763,4.24432248725284e-21,1.35324271471881e-20
"AENJPLPP_02145",303.030701351151,0.982053579891782,0.072978080630195,13.4568293850887,2.80705019920067e-41,1.40726160568912e-40
"AENJPLPP_02146",1417.95237748273,2.70501761549857,0.41056938310441,6.58845429497278,4.44429016720315e-11,1.03964644982788e-10
"AENJPLPP_02148",679.777540011635,0.794072364295939,0.139525654077532,5.69122839484909,1.26128661519561e-08,2.6631090200311e-08
"AENJPLPP_02149",155.812580436959,0.854033991385693,0.13861685631694,6.16111210481495,7.22358284505081e-10,1.61219667497319e-09
"AENJPLPP_02150",611.498095356175,0.248586600282537,0.129252313123898,1.92326616270495,0.0544466318129664,0.0740956195358933
"AENJPLPP_02151",627.775623919817,-0.505875948530426,0.0845072050994383,-5.98618718883401,2.1481712941465e-09,4.72096288057141e-09
"AENJPLPP_02152",282.376955284754,-0.368218339900211,0.201944293986767,-1.82336590269958,0.0682479909762964,0.0914729523183189
"AENJPLPP_02153",494.424757680055,-0.0404372407340098,0.296017572900559,-0.13660418987218,0.891343664512865,0.913165066704271
"AENJPLPP_02154",824.828528225677,-0.132985768485097,0.0733823800424284,-1.81223024393876,0.0699506277556052,0.0936716628567282
"AENJPLPP_02155",960.24579049139,4.37560939097069,0.118765414215674,36.8424546815014,3.86268129588996e-297,1.21231861922046e-295
"AENJPLPP_02156",127.80968148208,4.26622909561728,0.300930395008982,14.1767969150805,1.27536279248552e-45,6.84967574645077e-45
"AENJPLPP_02157",97.1804905737689,3.37429392151193,0.569703078113909,5.92289922793301,3.16314694160806e-09,6.89122323576651e-09
"AENJPLPP_02158",63.1017735294683,3.79227198016865,0.271501366468489,13.9677822969955,2.4514180434091e-44,1.29128016866986e-43
"AENJPLPP_02159",438.370168651533,2.39911198835254,0.175521197110674,13.6685028808218,1.56583653642027e-42,7.96936737201735e-42
"AENJPLPP_02160",531.942646195491,3.30341374839437,0.0952654610230885,34.675880564875,1.82005611495699e-263,4.8103763810223e-262
"AENJPLPP_02161",131.483103557507,3.13449145741637,0.214187107249222,14.6343610391505,1.69561129674664e-48,9.58513477879477e-48
"AENJPLPP_02162",0,NA,NA,NA,NA,NA
"AENJPLPP_02163",190.071199077954,2.97538916776669,0.295321219394259,10.0750944137018,7.1192386756882e-24,2.4458684298573e-23
"AENJPLPP_02164",53.4357735510069,3.06389927001318,0.390576841800512,7.84454924641453,4.34511362243423e-15,1.15959498178869e-14
"AENJPLPP_02165",16.2325310008281,2.88757529696607,0.490745469196546,5.88405900454595,4.00325014305043e-09,8.67131033861319e-09
"AENJPLPP_02166",22.9960688767926,3.01351873051361,0.327516499823345,9.20112034703302,3.54236857644303e-20,1.11294645681156e-19
"AENJPLPP_02167",144.453734097306,2.58361259544518,0.411599438091177,6.27700710046367,3.45152327401269e-10,7.79568187751143e-10
"AENJPLPP_02168",106.903850806273,2.86400336090047,0.645330137261335,4.4380437167475,9.07801840739872e-06,1.67393325957725e-05
"AENJPLPP_02169",81.6924058649754,2.7555449003355,0.179899622892465,15.3171243832047,5.87601977700441e-53,3.51278721986395e-52
"AENJPLPP_02170",36.3492428481752,2.26246291662597,0.212421445479526,10.6508215849799,1.72832874332956e-26,6.32740522922475e-26
"AENJPLPP_02171",0,NA,NA,NA,NA,NA
"AENJPLPP_02172",0.143217037359592,1.28288652368281,3.11565407374059,0.411755122141207,0.680518918100853,0.73676015100175
"AENJPLPP_02173",0,NA,NA,NA,NA,NA
"AENJPLPP_02174",0,NA,NA,NA,NA,NA
"AENJPLPP_02175",0,NA,NA,NA,NA,NA
"AENJPLPP_02176",0,NA,NA,NA,NA,NA
"AENJPLPP_02177",7.42441980124452,-0.438014279049331,1.62170534261729,-0.270094860970497,0.787087275591878,0.827169152897917
"AENJPLPP_02178",22.8076946822381,4.02733312978473,0.48935724806183,8.22984260626682,1.87459591172091e-16,5.31341249484019e-16
"AENJPLPP_02179",34.6994454769901,2.72558383678088,0.239787308529257,11.366672629583,6.12792970078211e-30,2.43581163436102e-29
"AENJPLPP_02180",29.7898864330307,2.08474068178942,0.377950774487982,5.51590530437107,3.46989069591424e-08,7.17063145870344e-08
"AENJPLPP_02181",27.6582648607681,2.48503933144621,0.250986817996914,9.90107508943661,4.1182387211617e-23,1.38639701305701e-22
"AENJPLPP_02182",225.042501241354,2.27027823573991,0.10112005263613,22.4513158029028,1.24239375461197e-111,1.3088574764496e-110
"AENJPLPP_02183",122.955733292587,3.39518336560695,0.175012493354567,19.3996628499457,7.76791452025377e-84,6.57436136222601e-83
"AENJPLPP_02184",99.3425873944715,5.71073899670713,0.355911716567648,16.0453807246935,6.15801549986018e-58,3.88161102533028e-57
"AENJPLPP_02185",201.75389373517,3.33993821357628,0.128522677628386,25.9871508686853,6.91923239471026e-149,9.60721069366914e-148
"AENJPLPP_02186",174.914680664064,4.59445876732889,0.210892133334238,21.7858233718336,3.16210519929984e-105,3.20788652036715e-104
"AENJPLPP_02187",55.4478773763265,5.10772955446966,0.367494444889739,13.8987939151085,6.44176939534191e-44,3.38136780281623e-43
"AENJPLPP_02188",38.6069763860222,4.95699461083683,0.696711747043169,7.1148428770926,1.1204040026856e-12,2.76250184950223e-12
"AENJPLPP_02189",8.13976091041521,5.107420177086,0.8816255031689,5.79318560854691,6.90637075203312e-09,1.47163331512559e-08
"AENJPLPP_02190",49.1363742649676,4.68924945744632,0.39631397406592,11.8321577443705,2.66209267857781e-32,1.11556122956258e-31
"AENJPLPP_02191",129.477548624133,4.35496356755963,0.187632500536708,23.2100705107195,3.60281015833011e-119,3.96177627994476e-118
"AENJPLPP_02192",23.5807639988589,4.97632283350738,0.491474874765,10.1252843004168,4.26736775022052e-24,1.47111888231286e-23
"AENJPLPP_02193",485.804868064623,3.9589705314341,0.0897529727665307,44.1096312400966,0,0
"AENJPLPP_02194",0.0576601572364535,-0.169842466048218,3.11653965008542,-0.0544971298675963,0.956539095227313,0.963926868588734
"AENJPLPP_02195",41.9265764022504,2.93575573158931,0.274722753379145,10.686248938171,1.18049298781318e-26,4.33759191741598e-26
"AENJPLPP_02196",138.390162112152,1.82004725992575,0.121666419151913,14.9593229801005,1.35396425817784e-50,7.92134817454335e-50
"AENJPLPP_02197",249.938122524491,1.35913828607498,0.130964152930766,10.3779412584258,3.12440048088263e-25,1.11012012369096e-24
"AENJPLPP_02198",98.6497259621568,1.5353005961341,0.254018293017973,6.04405524457829,1.50288013577315e-09,3.32221412258584e-09
"AENJPLPP_02199",0,NA,NA,NA,NA,NA
"AENJPLPP_02200",0,NA,NA,NA,NA,NA
"AENJPLPP_02201",0,NA,NA,NA,NA,NA
"AENJPLPP_02202",0,NA,NA,NA,NA,NA
"AENJPLPP_02203",0,NA,NA,NA,NA,NA
"AENJPLPP_02205",0,NA,NA,NA,NA,NA
"AENJPLPP_02206",0,NA,NA,NA,NA,NA
"AENJPLPP_02207",0,NA,NA,NA,NA,NA
"AENJPLPP_02208",0,NA,NA,NA,NA,NA
"AENJPLPP_02209",0,NA,NA,NA,NA,NA
"AENJPLPP_02210",0,NA,NA,NA,NA,NA
"AENJPLPP_02211",18.7374678801716,-0.0657979758211727,0.45035660926501,-0.146101943365628,0.883840912296806,0.907638946404321
"AENJPLPP_02212",62.8109233749811,0.286313643882531,0.184235132416474,1.55406648084526,0.120168559599977,0.155127622139988
"AENJPLPP_02213",0.184579784527048,-0.169840130586139,3.11653965008542,-0.0544963804909345,0.956539692256166,0.963926868588734
"AENJPLPP_02214",35.2369949293034,0.831934938638174,0.332285633600366,2.50367411201029,0.0122911187942784,0.0180034715251147
"AENJPLPP_02215",222.95067967145,1.37811686741724,0.274391639609798,5.022444814197,5.10178587601433e-07,1.00076047164265e-06
"AENJPLPP_02216",352.35492902691,0.26439377533183,0.101762787007194,2.59813811224666,0.00937307857043238,0.0139050151318133
"AENJPLPP_02217",388.761526535454,0.307504601213682,0.139019479100725,2.21195334066014,0.0269698890583755,0.0380253980968111
"AENJPLPP_02218",3858.6722765055,-0.393698645885953,0.0652373371085206,-6.03486689272809,1.59093770986651e-09,3.51171818302403e-09
"AENJPLPP_02219",3622.94785531975,0.270004409615478,0.141874673170427,1.90311916554081,0.0570249976625137,0.0772902914787017
"AENJPLPP_02220",300.899416610302,0.500756711600776,0.12403109865004,4.03734802844636,5.40588417670973e-05,9.51953771152917e-05
"AENJPLPP_02221",39.016773541796,-0.0882106047232528,0.186293709163295,-0.473502863405505,0.635854458599556,0.69288588924429
"AENJPLPP_02222",27.8618424444808,0.131215360273871,0.266743754906255,0.491915397681889,0.622779152719246,0.680853986626664
"AENJPLPP_02223",50.0796924085886,0.0925019952303789,0.272032143234209,0.34004068096739,0.733825892347818,0.781752138259446
"AENJPLPP_02224",27.1655592791186,0.299775253858662,0.195646502548901,1.53222904551403,0.125465923381304,0.161550780832423
"AENJPLPP_02225",18.5284603145722,0.305813461578945,0.379248604907737,0.806366741028204,0.420031418082881,0.488494004330997
"AENJPLPP_02226",124.523298158724,0.425947061737548,0.221170438123326,1.92587700848174,0.0541197328891814,0.0736840285563053
"AENJPLPP_02227",104.459382116048,0.529775492588849,0.157240775515371,3.36919918419674,0.000753869292703672,0.001227124894066
"AENJPLPP_02228",692.45172635666,-0.00430904717618692,0.077298163350122,-0.0557457899312445,0.955544321102466,0.963926868588734
"AENJPLPP_02229",139.671070035346,0.768078720860332,0.106300872760615,7.22551660126075,4.99200481507486e-13,1.24717334227368e-12
"AENJPLPP_02230",22.5756953000572,-0.690945245505674,0.243344627705708,-2.83936921895509,0.00452028201541944,0.00689251503666941
"AENJPLPP_02231",2.44689765646838,-0.514062781333752,0.754778991102985,-0.681077225775103,0.495822626715104,0.564770864941387
"AENJPLPP_02232",29.7419782176071,-0.127872806188169,0.210083802682995,-0.608675226529111,0.542739730834547,0.607231640922573
"AENJPLPP_02233",182.844088451073,0.503822225730209,0.140213988670391,3.5932379537007,0.000326594082556061,0.000545167850826267
"AENJPLPP_02234",968.123063139962,0.185971177077006,0.187318112783234,0.992809367518093,0.320802864001354,0.382999006032084
"AENJPLPP_02235",1025.27869575098,-0.451980540567756,0.191781273000572,-2.3567501325659,0.018435647016147,0.0266282859346362
"AENJPLPP_02236",272.474858466115,0.656723104373945,0.827933121493022,0.793207914172667,0.427656697297105,0.49673462951279
"AENJPLPP_02237",735.692629775305,0.387414758321808,0.0963207328765207,4.02213258508382,5.7673576127071e-05,0.000101442197823038
"AENJPLPP_02238",851.399029220402,0.880285021928819,0.0645624082888733,13.6346373262617,2.49226759191865e-42,1.26630729417384e-41
"AENJPLPP_02239",1498.1402461896,1.16155739347072,0.239620659717537,4.84748433144268,1.25036904557111e-06,2.4072600219206e-06
"AENJPLPP_02240",1773.91044730894,-1.38766867757332,0.164972674303966,-8.41150622930747,4.04778677694684e-17,1.16262931925079e-16
"AENJPLPP_02241",276.361240109886,0.906566296597755,0.517650401676379,1.75130994520992,0.0798925355574759,0.106084580182407
"AENJPLPP_02242",237.845114442653,-1.59212912571813,0.0900381387998999,-17.6828302643669,5.68684147946247e-70,4.12878394641456e-69
"AENJPLPP_02243",621.038892030598,-0.976151800932547,0.154061562430056,-6.33611515770341,2.35630702431568e-10,5.38661082265792e-10
"AENJPLPP_02244",32.35160521854,-0.252846932986764,0.347414679456952,-0.727795766667061,0.466738616342902,0.535523020198463
"AENJPLPP_02245",782.377776632632,-0.598760016007433,0.123551680169065,-4.84623127089897,1.25828827889171e-06,2.42095950466203e-06
"AENJPLPP_02246",4076.27741660589,1.0890799199267,0.243424809795819,4.47398899413829,7.6773695234846e-06,1.42350242303133e-05
"AENJPLPP_02247",517.341039089211,0.109525901764249,0.125412449115514,0.87332559515976,0.382485633416323,0.448765270048046
"AENJPLPP_02248",3056.40545485315,0.170520664217894,0.092057704093876,1.85232366911959,0.0639793588682409,0.0860195485363721
"AENJPLPP_02249",60.3681065038549,1.12624979417433,0.141416024592533,7.96408891721738,1.66445542426923e-15,4.52209575592712e-15
"AENJPLPP_02250",196.859500725415,0.655923129044963,0.134568960956396,4.87425275771803,1.09221077539187e-06,2.10815571188707e-06
"AENJPLPP_02251",152.732484586728,0.0514807062792255,0.0961544525374022,0.535395968888706,0.592376077015961,0.653783560457543
"AENJPLPP_02252",75.1364116427364,0.0162018508839349,0.127190479244726,0.127382575961216,0.898637606261058,0.917517827063561
"AENJPLPP_02253",27.9319201497565,-1.74118093975196,0.22664044332236,-7.6825694224195,1.55928992274938e-14,4.07470991955237e-14
"AENJPLPP_02254",13.1010790524393,-1.20009395987363,0.37887757936957,-3.16749796034518,0.00153756788644396,0.00243185933955677
"AENJPLPP_02255",13.4879098759052,2.11534908874205,0.42968547942073,4.92301739307971,8.52198750020697e-07,1.65123783524911e-06
"AENJPLPP_02256",3.60927186898251,0.735041293744072,0.758967736355414,0.968475020129002,0.332807188623004,0.39587369100715
"AENJPLPP_02257",20.2832784706852,-0.747660253762062,0.241783894256389,-3.09226657160728,0.00198634386808639,0.00310901510365938
"AENJPLPP_02258",1153.07172299032,-0.613963644377463,0.0853198312927597,-7.19602506327933,6.19932386129391e-13,1.53733027111758e-12
"AENJPLPP_02259",1762.29241762205,-1.08585893512507,0.0391831955904804,-27.7123628831561,4.95493742287139e-169,7.98354355888316e-168
"AENJPLPP_02260",480.565858679774,0.557763987672219,0.102116559567701,5.46203270099827,4.70713341365415e-08,9.6743471864529e-08
"AENJPLPP_02261",407.392502808856,0.657077572152088,0.0908645956879813,7.23139268025159,4.7806580876743e-13,1.19735019269848e-12
"AENJPLPP_02262",1855.30901680495,0.914383907095064,0.114980815253588,7.95249107495377,1.82798005272133e-15,4.9529711320588e-15
"AENJPLPP_02263",2037.65458409482,0.701434655387357,0.0992996519144886,7.06381786706961,1.6198903898637e-12,3.97777485302308e-12
"AENJPLPP_02264",475.915856196556,0.617137122498321,0.109288938576872,5.64683974915025,1.63424030189529e-08,3.43852376369449e-08
"AENJPLPP_02265",78.4787408226038,0.256544077931174,0.201980355205732,1.2701437111043,0.204033443822257,0.254432977835214
"AENJPLPP_02266",1315.00491845004,0.446403477465679,0.0844968982137215,5.28307531877173,1.27033132814395e-07,2.56707464231906e-07
"AENJPLPP_02267",54.6977641822245,-0.324232268910873,0.514026214473115,-0.630769909747145,0.528190980690474,0.592935702243069
"AENJPLPP_02268",107.296722763741,0.0407397869571531,0.485409793620796,0.0839286464602714,0.933113163325695,0.945985855013567
"AENJPLPP_02269",1257.83560186592,-1.62325322929316,0.0974690105049074,-16.6540444073907,2.82825590233623e-62,1.8811335615318e-61
"AENJPLPP_02270",3292.99447299991,-0.980779584996321,0.0610115538785499,-16.0753090627501,3.80093017191181e-58,2.40592491764082e-57
"AENJPLPP_02271",734.640969462621,-1.93784792916655,0.078434281977386,-24.7066445986625,9.07341541155746e-135,1.1343651715777e-133
"AENJPLPP_02272",1097.05421027751,-1.84819779767301,0.15067711258428,-12.2659491277365,1.37985877784246e-34,6.03412844359846e-34
"AENJPLPP_02273",217.184500847704,-0.21093819571619,0.285687513179012,-0.738352871530707,0.460300045475523,0.529345052296852
"AENJPLPP_02274",5482.91436811644,0.831756675793079,0.0484418048905831,17.1702247195742,4.436988657111e-66,3.03143918908741e-65
"AENJPLPP_02275",2428.93969020488,2.15753549405456,0.407806088766603,5.29059166472958,1.2192129714395e-07,2.4670844076207e-07
"AENJPLPP_02276",4969.76304109325,0.949171686330281,0.284232162212184,3.33942393761093,0.000839523379808162,0.00135847687613426
"AENJPLPP_02277",1092.83190519585,2.17316357643386,0.264875838625688,8.20446133444768,2.31627047793936e-16,6.50412204103568e-16
"AENJPLPP_02279",1287.21868410022,1.82349123956694,0.256428704646045,7.1111042037355,1.1511817883429e-12,2.83143732920584e-12
"AENJPLPP_02280",64.1337526960415,-1.87896323935208,0.222128619291442,-8.45889757630377,2.69916975239374e-17,7.78984527199458e-17
"AENJPLPP_02281",380.760724672078,1.00763080552487,0.240114263149361,4.19646376816059,2.7111480975198e-05,4.83068552207401e-05
"AENJPLPP_02282",3210.07151620015,-1.14235287412893,0.0947849347061152,-12.0520510740536,1.89182955125104e-33,8.1429749113134e-33
"AENJPLPP_02283",271.870626281047,0.96298110514916,0.105363989028803,9.13956574751468,6.27036060921133e-20,1.9517145160696e-19
"AENJPLPP_02284",148.704837424904,-0.914583615983799,0.107801954395755,-8.48392425823973,2.17723513494137e-17,6.29559449287749e-17
"AENJPLPP_02285",135.848125756582,-0.846304991666149,0.126536808133706,-6.68821194519062,2.2591379497628e-11,5.33029181099086e-11
"AENJPLPP_02286",564.788454926049,-0.902228001165956,0.126486438507521,-7.1330018602137,9.82032291620346e-13,2.42728736230689e-12
"AENJPLPP_02287",1393.87827031622,0.441942077751453,0.0630443949582695,7.01001378542825,2.3829464455058e-12,5.80891394847004e-12
"AENJPLPP_02288",4581.51813386648,-0.374845176311053,0.0441471656762391,-8.49080955864858,2.05202595414788e-17,5.94495596139188e-17
"AENJPLPP_02289",1590.66478893561,-1.19101938950424,0.169524886948278,-7.02563152198191,2.13100167390284e-12,5.19895388135162e-12
"AENJPLPP_02290",1737.54164619433,3.42033401272676,0.104625371328202,32.6912484926571,2.079682982378e-234,4.7832708594694e-233
"AENJPLPP_02291",236.907200661843,0.997537218181089,0.100894812054617,9.88690298209882,4.74479759261077e-23,1.59199055083923e-22
"AENJPLPP_02292",58978.3333908121,7.1860381321051,0.121771242869314,59.0126039841543,0,0
"AENJPLPP_02293",2852.34067748022,6.45040895715506,0.178990422810664,36.037732387382,2.14676534929373e-284,6.34137646806079e-283
"AENJPLPP_02294",4975.5306609856,6.835217896038,0.0925757069757632,73.8338179564483,0,0
"AENJPLPP_02295",4293.42248611575,6.18370184588617,0.101144638564559,61.1372182811171,0,0
"AENJPLPP_02296",12042.8510584025,6.04213296499569,0.2042516076403,29.5818135034524,2.56101114862455e-192,4.85303559170175e-191
"AENJPLPP_02297",8859.45246024773,5.93881361534216,0.091333434375995,65.0234348014734,0,0
"AENJPLPP_02298",13390.5174643134,5.91463528538263,0.130918432958841,45.1780177298802,0,0
"AENJPLPP_02299",2788.7585919016,1.23962646309831,0.0431123514071727,28.7533948540806,8.21429561817941e-182,1.47319480342706e-180
"AENJPLPP_02300",216.409288123587,0.605756032528445,0.223714406796438,2.70772026353955,0.00677470986801574,0.0101553237971798
"AENJPLPP_02301",10966.2022325023,-0.591315494023608,0.100254394843834,-5.89815034986447,3.67598948562811e-09,7.98540470093547e-09
"AENJPLPP_02302",403.458790099821,0.571712565649732,0.120135334067813,4.75890436469771,1.94646626813601e-06,3.71418800879911e-06
"AENJPLPP_02303",1135.18447485775,-0.491193877559664,0.158509311739726,-3.09883294658556,0.00194284533931992,0.00304679962429207
"AENJPLPP_02304",677.018503590366,-0.793545661366961,0.0938047684300527,-8.45954501725233,2.68422715084013e-17,7.75414803977115e-17
"AENJPLPP_02305",796.242195536382,-0.356542654595264,0.167950123801161,-2.12290795937359,0.0337615653566789,0.047247374091813
"AENJPLPP_02306",1760.45589734151,-0.751644215632931,0.121170497319565,-6.20319493820847,5.53282346998063e-10,1.24220544821547e-09
"AENJPLPP_02307",6551.38248802307,5.70283927657608,0.174476414020517,32.685445242504,2.51454362457491e-234,5.73963631882136e-233
"AENJPLPP_02308",953.242614913908,2.27396002819759,0.119017286932211,19.1061322838989,2.24504491534547e-81,1.8381305244391e-80
"AENJPLPP_02309",323.468760160065,2.22658263336751,0.077370996902331,28.7780010922986,4.04388975980583e-182,7.29595200376944e-181
"AENJPLPP_02310",47849.674238484,3.86256484728861,0.419818434626718,9.20056035824871,3.56087913828272e-20,1.11759675454644e-19
"AENJPLPP_02311",1247.88524079559,0.21899538097822,0.191233559587276,1.14517232985078,0.252137778079248,0.309209251121877
"AENJPLPP_02312",1586.52152933273,-0.138298921671136,0.0529109010410226,-2.61380772109533,0.00895394114737299,0.0133028721287154
"AENJPLPP_02313",29.3499889542227,1.24340881395041,0.351023974099061,3.54223331082084,0.0003967543850068,0.000658634138857019
"AENJPLPP_02314",87.5481523140705,-0.0743082321310448,0.119297205057909,-0.622883261137379,0.533361238585331,0.598071236270042
"AENJPLPP_02315",10.9033737343875,3.83096247957293,0.608063461561033,6.30026752427782,2.97132353725176e-10,6.75158206466029e-10
"AENJPLPP_02316",19.7392313177089,2.76071352178592,0.356379598542266,7.7465532064078,9.44204598551978e-15,2.49114575782584e-14
"AENJPLPP_02317",12.0581160958498,1.22766857133862,0.404213761791535,3.03717658176063,0.00238805516265401,0.00371269876422938
"AENJPLPP_02318",11.2097530397209,-0.578361962816909,0.377697639023591,-1.53128297098194,0.125699472360397,0.161782362333138
"AENJPLPP_02319",20.359056434715,-1.19995489679221,0.314075721058473,-3.82059107513378,0.000133132231247152,0.00022856262834625
"AENJPLPP_02320",38.613898200389,-0.528487694693136,0.196844699025407,-2.6847951573485,0.00725742710269389,0.0108627063390048
"AENJPLPP_02321",1884.16165210288,-0.262299228129868,0.0685966741974188,-3.82378929006063,0.000131416235282876,0.000225745220585694
"AENJPLPP_02322",1.94641295801404,1.36078356696794,1.36433684739571,0.997395598869482,0.318572526782535,0.380896437776102
"AENJPLPP_02323",2363.62716406118,0.01493139006643,0.0721277668097829,0.207013064827134,0.835999655247072,0.866185337434467
"AENJPLPP_02324",386.763574511073,-0.241222672088229,0.15023430935134,-1.60564303273829,0.108352364653711,0.140839376489056
"AENJPLPP_02325",54.3119847121143,-2.88034313060164,0.308135455809979,-9.34765239212813,8.96146413552791e-21,2.83921045639807e-20
"AENJPLPP_02326",5790.06076350896,-0.326679055236394,0.0821887891826353,-3.97473984572843,7.04562282554147e-05,0.000123277941773266
"AENJPLPP_02327",3828.83214278775,-0.488569065300022,0.0776517581121702,-6.29179656942564,3.13812571925752e-10,7.11450172469744e-10
"AENJPLPP_02328",16891.6597937038,3.18189146901055,0.450833859673211,7.0577916914159,1.69169396082114e-12,4.14396252353993e-12
"AENJPLPP_02329",15.1148003857314,-0.282614677574245,0.264338720581288,-1.06913840300342,0.285007309415619,0.344731843945909
"AENJPLPP_02330",18.970263673065,-0.982388324661897,0.293661536922815,-3.3453081222554,0.000821912067434734,0.00133332619462186
"AENJPLPP_02331",9048.18277794448,0.45827994794666,0.156158269872664,2.93471455799527,0.00333854650007195,0.00512693201055901
"AENJPLPP_02332",64.3725952409485,0.0290215425607014,0.136614542305458,0.212433772210075,0.831768640568064,0.863285881512772
"AENJPLPP_02333",851.439026099406,0.216143753212065,0.1431545333132,1.50986314026938,0.13107834972292,0.16834572366375
"AENJPLPP_02334",776.996868420553,0.269085593191206,0.196673208868958,1.36818631647229,0.17125376364156,0.216165726791797
"AENJPLPP_02335",1218.15006131389,0.380295904580306,0.132602483558588,2.86793953155695,0.00413154488151042,0.00630934856968621
"AENJPLPP_02336",3162.54809438222,-0.651615923813696,0.105578057083634,-6.17188781280107,6.7479376558389e-10,1.5105153162736e-09
"AENJPLPP_02337",4768.91135482231,0.27175732008855,0.0780083143408146,3.48369686468617,0.00049453926762801,0.000815570231725886
"AENJPLPP_02338",61.8571410731867,-1.71739177625589,0.207526138582172,-8.27554441088332,1.27870026354629e-16,3.6380773315061e-16
"AENJPLPP_02339",49.2621822656845,-2.31128046747544,0.197789772752215,-11.6855408412393,1.51114576128858e-31,6.22005762126022e-31
"AENJPLPP_02340",817.936662229379,-1.7519316574553,0.0905149048809274,-19.3551731591606,1.84373951819916e-83,1.55172825931119e-82
"AENJPLPP_02341",2387.71196019499,2.37513070690865,0.0896181082019662,26.5027989829464,8.99844770529924e-155,1.32255233834471e-153
"AENJPLPP_02342",267.04601516006,0.615208887023378,0.142277858872549,4.32399596042893,1.53228102800256e-05,2.77616520587596e-05
"AENJPLPP_02343",541.659116185251,-0.819928295061482,0.0828696467459652,-9.89419319687643,4.41153110265988e-23,1.48182198576524e-22
"AENJPLPP_02344",172.504111857963,1.9438294939503,0.539653409763157,3.60199613081924,0.000315783065667327,0.000527706254495649
"AENJPLPP_02345",835.227836810385,0.313758618770909,0.0635762145375823,4.9351572919686,8.00861906311415e-07,1.55576848724455e-06
"AENJPLPP_02346",1606.52815810869,-0.299913173598289,0.0720458916595023,-4.16280743690029,3.14358462928042e-05,5.57810393876436e-05
"AENJPLPP_02347",2620.16295127594,0.11878401192824,0.17446925197016,0.680830636842274,0.495978662009595,0.564770864941387
"AENJPLPP_02348",920.749145602998,-0.12068331944566,0.239458482425831,-0.503984315874213,0.614272398547036,0.673509001754811
"AENJPLPP_02349",614.839066841977,1.44253690944933,0.0619170415242175,23.2978978636296,4.65620305816585e-120,5.17680435950321e-119
"AENJPLPP_02350",633.501638231326,1.18647292061009,0.0503345058200679,23.5717605900694,7.5111251795069e-123,8.50790231799034e-122
"AENJPLPP_02351",3294.25719931428,-0.488929500165085,0.249763959710074,-1.95756625868934,0.0502809298322829,0.0687370424612833
"AENJPLPP_02352",961.742226932061,0.331721991477063,0.0830495917229675,3.99426396439857,6.4895533646942e-05,0.000113746505455635
"AENJPLPP_02353",645.425371486347,-0.443777506935077,0.184885868599009,-2.40027812995036,0.0163826188268869,0.0237883520604387
"AENJPLPP_02354",4655.24930881059,2.38600313598052,0.0614951046190169,38.7998874180738,0,0
"AENJPLPP_02356",0.564962285228477,0.984403277597301,2.69993048441403,0.364603193778505,0.715407630444142,0.764641075036608
"AENJPLPP_02357",0.736454073759037,2.64393728558897,1.81899554676285,1.45351498539632,0.146080822070471,0.186421650528729
"AENJPLPP_02358",540.314966963428,2.84683647362236,0.27969071384337,10.178516242111,2.47303319353309e-24,8.5450103349945e-24
"AENJPLPP_02359",96.7460401161335,1.38057141448572,0.138982432678654,9.93342387147437,2.97848848636615e-23,1.00833548420463e-22
"AENJPLPP_02362",287.602010151446,1.80550260489727,0.125547648400646,14.3810149206107,6.80886776455606e-47,3.75734772428707e-46
"AENJPLPP_02363",5167.67720059086,2.71341310021517,0.0463357841871663,58.5597750812797,0,0
"AENJPLPP_02364",471.1598003345,0.766675866453082,0.183136727287738,4.18635779839238,2.83466385676186e-05,5.04479751944682e-05
"AENJPLPP_02365",876.66481901862,0.420138161059537,0.0845188112889971,4.97094261800428,6.66281685631829e-07,1.30019865207817e-06
"AENJPLPP_02366",1053.6428804658,-1.14749025853779,0.0647737836864485,-17.7153501498764,3.1923482604665e-70,2.33459837591882e-69
"AENJPLPP_02367",1114.68572944307,1.43144375525744,0.0558295955447477,25.6395150509398,5.53466451351631e-145,7.57997462692029e-144
"AENJPLPP_02368",1080.31631582445,1.35456986901923,0.0930577676230948,14.5562257038612,5.33215683541496e-48,3.00295112992622e-47
"AENJPLPP_02369",988.287438557418,1.06864557345649,0.0618059611401895,17.2903317696583,5.56311709738457e-67,3.84442014092195e-66
"AENJPLPP_02370",19713.313845214,-0.49285343428324,0.0358658912533954,-13.7415638385002,5.72262021442734e-43,2.95244087432698e-42
"AENJPLPP_02371",1380.7469114117,-1.31254267431911,0.0556426211239248,-23.5888002363489,5.02218749476871e-123,5.7101324232974e-122
"AENJPLPP_02372",419.28187064,-0.902953226868629,0.0766108279544824,-11.7862350659506,4.59632614653453e-32,1.9128081049045e-31
"AENJPLPP_02373",2017.7063574844,-0.519165226512454,0.088557706928014,-5.86245110134196,4.56083945100969e-09,9.86490255986518e-09
"AENJPLPP_02374",271.18105315014,2.53654594870539,0.208141954119611,12.1866154252003,3.66321858920625e-34,1.59268075169963e-33
"AENJPLPP_02375",9730.98466954625,-0.843702530537019,0.089031227490921,-9.47647869533255,2.63008813809972e-21,8.4662986753146e-21
"AENJPLPP_02376",1971.86942132212,0.139955423640038,0.0524731593180964,2.66718119241911,0.00764904212061413,0.0114204974774085
"AENJPLPP_02377",909.755766492792,0.649680216952973,0.0567299657626843,11.4521524597908,2.29378010431013e-30,9.22718218195782e-30
"AENJPLPP_02378",188.753611049398,-1.72748909532602,0.153063472281337,-11.2860963466896,1.53713004682238e-29,6.05408213212527e-29
"AENJPLPP_02379",56141.3299063708,0.0619694714645837,0.486080493960803,0.127488085274989,0.898554102807049,0.917517827063561
"AENJPLPP_02380",7764.33259391516,-0.307886708030774,0.070654128212708,-4.35766056165699,1.31460053539995e-05,2.39184264079714e-05
"AENJPLPP_02381",2108.36364880219,-0.631300769057134,0.312634834871008,-2.01929119420619,0.0434569625957801,0.0600461006003856
"AENJPLPP_02382",1137.02781896422,-0.191579694662937,0.119381418007058,-1.60476980304933,0.108544473765218,0.141028244697974
"AENJPLPP_02383",1828.17412192534,-0.230500780518521,0.0964900872866402,-2.3888545134567,0.0169009936446172,0.0245174260237033
"AENJPLPP_02384",434.623482918703,0.738551678579107,0.168678736022347,4.37845158195437,1.19525487678061e-05,2.18260784469089e-05
"AENJPLPP_02385",490.105486707661,0.340113488774027,0.062747056453029,5.42038954494427,5.9469307032346e-08,1.21643599516944e-07
"AENJPLPP_02386",2563.98585006504,-1.01437594226583,0.102710006724777,-9.87611601451813,5.28414398126607e-23,1.76901397950607e-22
"AENJPLPP_02387",750.290644058201,-0.679064014895677,0.066093452647785,-10.2743008224194,9.20091481236301e-25,3.22728245979624e-24
"AENJPLPP_02388",654.473437981203,-0.26987355139223,0.0574556165125538,-4.69707868043264,2.63908811323096e-06,5.01360181914558e-06
"AENJPLPP_02389",1116.13567351942,0.242694512224233,0.131002230278583,1.85259832376998,0.0639399529003155,0.0860049455752905
"AENJPLPP_02390",1898.69608398028,0.935991361480741,0.110160269822557,8.49663279681877,1.95169617847636e-17,5.66518360862165e-17
"AENJPLPP_02391",6.4094977731393,0.778214950963957,1.5847186056311,0.491074534115184,0.62337373219582,0.681256820858181
"AENJPLPP_02392",156.966610398116,2.04282396843768,0.16365553885573,12.4824615330528,9.3064370048369e-36,4.16646280766323e-35
"AENJPLPP_02393",486.350497377294,1.1680175584601,0.102265005365195,11.4214784841503,3.26629485762532e-30,1.30868968165227e-29
"AENJPLPP_02394",59.5213482585119,0.264424175344098,0.158391731494046,1.66943168592129,0.0950318584504779,0.124329565571555
"AENJPLPP_02395",14.5270209332997,0.595430276594878,0.370411187587721,1.60748459157667,0.107948106804009,0.140435080224732
"AENJPLPP_02396",12.4883398092175,-0.696250955276177,0.354984336325917,-1.96135683755054,0.0498374112995706,0.0682235893891895
"AENJPLPP_02397",16.8991072286785,-1.22102652351367,0.326354038315915,-3.74141692811442,0.000182985663787059,0.000311489155361814
"AENJPLPP_02398",87.3916154647929,0.40665401898878,0.158871016972069,2.55964886949941,0.0104777968628116,0.0154299129753916
"AENJPLPP_02399",89.4796172462257,0.251649951996663,0.146828461838764,1.71390443545615,0.0865462783326874,0.114219858351462
"AENJPLPP_02400",144.019992651144,0.847142717864714,0.101179310366953,8.37268721038251,5.63189508158999e-17,1.61301329665691e-16
"AENJPLPP_02401",3084.4933465464,0.742423313090386,0.0482593021712182,15.3840457629569,2.09441440008257e-53,1.26209411748975e-52
"AENJPLPP_02402",2431.94807717934,0.221683895521653,0.0812574551681895,2.72816685020228,0.00636873853443703,0.00957535389434071
"AENJPLPP_02403",191.416169083754,2.27437874420397,0.132292658558687,17.192025385105,3.04699401867134e-66,2.09125124789448e-65
"AENJPLPP_02404",42.8288805984187,-0.257629964453274,0.283301889579137,-0.909383148965227,0.363147913567863,0.428412162717294
"AENJPLPP_02405",60.8600603840333,-0.296818965604878,0.250360319302433,-1.18556713153223,0.235793288866538,0.290927591873414
"AENJPLPP_02406",7.87968543475968,-1.24766489534214,0.507010740510832,-2.46082537439951,0.0138617816467215,0.020225447022553
"AENJPLPP_02407",136.334324422972,0.0737386654900203,0.120958985460756,0.609617096316866,0.542115483826306,0.606758526288507
"AENJPLPP_02408",266.629224223279,0.208803386592286,0.112956550334229,1.84852835868707,0.0645259458042027,0.0866770729862072
"AENJPLPP_02409",200.704674524305,0.833812335439224,0.137517205152999,6.0633310174646,1.33330857274006e-09,2.96039700049065e-09
"AENJPLPP_02410",573.259055754546,0.5883011173772,0.119155009948414,4.93727555082991,7.92214998714245e-07,1.54095790259911e-06
"AENJPLPP_02412",1481.9039308819,-1.48211854096089,0.069366740986486,-21.3664145076333,2.74414543863678e-101,2.70199679954661e-100
"AENJPLPP_02413",5370.92400364336,1.70453321305126,0.283811663291835,6.0058603416116,1.90319964891524e-09,4.1979066926659e-09
"AENJPLPP_02414",7520.10251602445,1.51342599295126,0.151284650596765,10.0038304413655,1.46613802240015e-23,4.98586214615311e-23
"AENJPLPP_02415",11209.4731895893,1.65888063704186,0.116267361285367,14.2678101463944,3.47314452179094e-46,1.87874047471384e-45
"AENJPLPP_02416",1319.48242384468,0.644635847350048,0.0703692293198795,9.1607632139853,5.15315545046031e-20,1.61062835811586e-19
"AENJPLPP_02417",601.448212084562,0.0378355664151678,0.0666119077566689,0.568000042175339,0.570034939299759,0.632562816813977
"AENJPLPP_02418",5.05836029449822,-0.393157213581278,0.531692684633293,-0.73944446659528,0.459637149372343,0.528784547941531
"AENJPLPP_02419",6.32066114365149,-0.55251680285686,0.430520138816144,-1.28337040022375,0.199362338907817,0.249244285115872
"AENJPLPP_02420",1.21284587071661,-0.0193168885474272,1.12203995260694,-0.0172158651771235,0.986264405484012,0.988232342442078
"AENJPLPP_02421",9.65843445921548,0.234163315303364,0.474876828254177,0.493103266723363,0.621939622778323,0.680182970392409
"AENJPLPP_02422",2.80280548927118,-2.3695355849696,0.815497422449996,-2.90563221873935,0.00366511964658403,0.00561699160486149
"AENJPLPP_02423",6.80436301396201,-1.16614196763134,0.433663830194108,-2.6890459531969,0.00716565541862693,0.0107306758331625
"AENJPLPP_02424",36.6823214003611,-1.1332585311922,0.224561064954213,-5.04654950502333,4.49860370156959e-07,8.83591457159659e-07
"AENJPLPP_02425",134.515652265961,-0.480716040470401,0.188780439583386,-2.54642928860256,0.010883125815971,0.0160033470392975
"AENJPLPP_02426",35.1421671556196,-0.895368961103079,0.17939980566521,-4.99091377375283,6.00943213448671e-07,1.17497852181755e-06
"AENJPLPP_02427",25.8942844705544,-0.578564188636306,0.254323763390525,-2.27491202915198,0.022911207591895,0.032654431634049
"AENJPLPP_02428",1.80060173611897,-2.54761473257599,0.983768401811676,-2.58964887252364,0.00960738712330596,0.0142385919343438
"AENJPLPP_02429",10.3164034087018,-1.84216228231251,0.427450450583239,-4.30965104797282,1.63512346428866e-05,2.95184361767628e-05
"AENJPLPP_02430",4.82708386216972,-1.70038812732244,0.749049553024614,-2.2700609331604,0.0232038862458767,0.0330403162848896
"AENJPLPP_02431",20.8491193409451,-0.809473407722902,0.302833137578189,-2.6730014231481,0.00751759315437361,0.0112409469846788
"AENJPLPP_02432",157.265555230226,-1.26615442209616,0.0964168907193301,-13.1320810352819,2.15647720815222e-39,1.05136987510722e-38
"AENJPLPP_02433",46.7434395900121,-1.2251357612096,0.248070099275302,-4.93866759754053,7.8658159077156e-07,1.53098858720589e-06
"AENJPLPP_02434",2.93869743947129,-0.402612757357935,0.607619151701525,-0.662607089046639,0.507582228776792,0.574941825302434
"AENJPLPP_02435",1690.22598644752,-0.487927336196788,0.0894154309706241,-5.4568582950418,4.84632808898449e-08,9.94685731070182e-08
"AENJPLPP_02436",134.325450666528,0.57964594636546,0.256579893911278,2.25912458505379,0.0238756362460271,0.03396472710542
"AENJPLPP_02437",428.035113646407,1.16954653602216,0.126053454326587,9.27817918414223,1.7239940148539e-20,5.43915598613068e-20
"AENJPLPP_02438",32.3365203590237,0.349869253534017,0.189517721854462,1.84610309848857,0.0648772370480805,0.0870713208133035
"AENJPLPP_02439",32.5347247353124,0.238313887439425,0.211937041679363,1.1244560438848,0.260819607999196,0.318673754623511
"AENJPLPP_02440",234.606505564559,1.16679906586767,0.0806438342840096,14.4685464949306,1.91475733618708e-47,1.0663888824273e-46
"AENJPLPP_02441",168.210524475602,0.814279439835072,0.147582211488536,5.51746332855517,3.43927821146056e-08,7.11224794175063e-08
"AENJPLPP_02442",7.26649003737899,1.24559969119237,0.401776597652618,3.10022957651041,0.00193370699023981,0.00303450997999612
"AENJPLPP_02443",7.92595478915544,-0.257856520106707,0.422441109361071,-0.610396370979866,0.541599271538306,0.606406021978787
"AENJPLPP_02444",5.91204273080454,0.00832107681624395,0.477672042522626,0.0174200624602178,0.986101504054624,0.988232342442078
"AENJPLPP_02445",125.917927678838,-0.312125314235841,0.341346993211437,-0.914393038296093,0.360510358575596,0.425800748878193
"AENJPLPP_02446",381.822772964368,0.693340917228911,0.0855453381523407,8.10495267426726,5.27660522204161e-16,1.45990923177331e-15
"AENJPLPP_02447",337.142252079145,0.259336770109832,0.191778241671858,1.35227420925868,0.176287611695548,0.222054587808815
"AENJPLPP_02448",298.494790653211,-0.242565177351457,0.0942971171108543,-2.57234987434771,0.0101010753639156,0.0148969848612226
"AENJPLPP_02449",288.629400923552,0.227901703177035,0.0803289002863194,2.83710722249049,0.00455243210208978,0.00693802626383233
"AENJPLPP_02450",478.290398378422,-0.629952146346097,0.0625983886399119,-10.0633923657333,8.0186642002832e-24,2.75173522043887e-23
"AENJPLPP_02451",89.3594816383522,0.0500757385547336,0.120161277033382,0.416737736074677,0.676870249340098,0.733073350561364
"AENJPLPP_02452",449.23112137216,-0.137618164487878,0.0545845886113698,-2.52119083405921,0.0116958403046613,0.0171565563962729
"AENJPLPP_02453",851.069584971539,-1.01366833166747,0.182469137329037,-5.55528648025325,2.77156820756841e-08,5.76310214589621e-08
"AENJPLPP_02454",445.1525515141,-0.352322121364264,0.0588493137462463,-5.98685182436367,2.13941519275008e-09,4.70515180712117e-09
"AENJPLPP_02455",8502.06261903958,-0.043750523905617,0.0840035713986832,-0.520817426892196,0.602493961923086,0.663249655562389
"AENJPLPP_02456",1559.59281081114,0.0303979703767137,0.0473844765816735,0.641517487785662,0.521186522646129,0.586602537442207
"AENJPLPP_02457",1779.00707969504,0.207929467754564,0.0479207734436037,4.33902570456775,1.43115784385615e-05,2.59763770092686e-05
"AENJPLPP_02458",2245.03336004896,0.69105157159091,0.157220651057618,4.39542494540144,1.10556259603362e-05,2.02373031704088e-05
"AENJPLPP_02459",2988.34332964709,1.1141813117689,0.206453873008295,5.39675664851359,6.78563227840655e-08,1.38423223120101e-07
"AENJPLPP_02460",1356.81880805617,0.0774349307191956,0.119999682082764,0.64529279890749,0.518737458413409,0.584719776356005
"AENJPLPP_02461",997.390190800398,0.52879555942036,0.102723624387998,5.14775021394344,2.63629221841118e-07,5.23264061533128e-07
"AENJPLPP_02462",1398.62070928627,-0.0166517050278096,0.147180647590467,-0.113137870368279,0.909921251515383,0.926526776213534
"AENJPLPP_02463",5587.04461940877,0.100384246829254,0.0469847174599716,2.13652975384552,0.0326362584285452,0.0457622431288019
"AENJPLPP_02464",1078.75333573738,0.377054386406051,0.36309195606463,1.03845425410343,0.299058622204474,0.359849691973675
"AENJPLPP_02465",2017.88683421879,0.275730159473358,0.256148186352116,1.07644783045359,0.281727020855738,0.341724441963904
"AENJPLPP_02466",3679.32504201156,0.412856687246622,0.0969109578010151,4.26016517238774,2.04275887509119e-05,3.66577277584858e-05
"AENJPLPP_02467",1065.96901736939,0.210510723007238,0.0632988391419741,3.32566482830878,0.000882079288368314,0.00142427915104701
"AENJPLPP_02468",7965.08908418667,0.124627592618701,0.0538503867349231,2.31433050299483,0.0206495998262432,0.0296131576756167
"AENJPLPP_02469",11501.8046600035,0.391238525465611,0.173924088056841,2.24947866529993,0.0244820586895811,0.0347945485055226
"AENJPLPP_02470",5036.9527480693,0.473853158884905,0.059847262235046,7.91770819897959,2.41928312152182e-15,6.50249781012065e-15
"AENJPLPP_02471",4241.84640552408,0.227061856783373,0.080207136215531,2.83094332371146,0.00464109441617783,0.00706600175641426
"AENJPLPP_02472",86.3017979079025,-1.2270223001666,0.152177147207401,-8.06311803502468,7.4372649390733e-16,2.04830706228774e-15
"AENJPLPP_02473",74.8080942033546,-2.3008632300086,0.195695143972004,-11.7573854072627,6.47071499819202e-32,2.67438467620748e-31
"AENJPLPP_02474",119.406307846311,-0.79760437688488,0.121466031407819,-6.56648091355636,5.15182473812992e-11,1.20329053767329e-10
"AENJPLPP_02475",2460.02301622389,1.61755045929759,0.123471183018625,13.100631416592,3.26529794999287e-39,1.58172712593706e-38
"AENJPLPP_02476",287.48805341395,0.450341009750376,0.124621343316165,3.61367481497818,0.000301887647909685,0.000505326379528823
"AENJPLPP_02477",1299.18314873349,-0.656935505764462,0.0629151230633574,-10.4416152075695,1.60063748671022e-25,5.72090242877566e-25
"AENJPLPP_02478",1179.90584748051,-0.0302483883913509,0.0704952218542117,-0.429084235721769,0.667861924118639,0.724358523171152
"AENJPLPP_02479",212.009238087897,-0.95158383331489,0.0899262922306968,-10.5818199517634,3.61860083092855e-26,1.31518025375003e-25
"AENJPLPP_02480",477.961351380353,0.0970724569829724,0.172391307090458,0.563093688546813,0.57337108901031,0.635602314638728
"AENJPLPP_02481",14720.1491741686,-1.16408973221916,0.277865792454392,-4.1893956141083,2.79698407865509e-05,4.98068145921264e-05
"AENJPLPP_02482",112.566337226005,0.61780255407322,0.186687999038149,3.30927835348952,0.000935367933802461,0.00150870641571029
"AENJPLPP_02483",276.32431035566,0.524384319478857,0.0955088825387191,5.49042461329472,4.0096860775345e-08,8.26346385199141e-08
"AENJPLPP_02484",323.976568154624,0.674853760407659,0.141818767336996,4.75856456151563,1.94974531817779e-06,3.7180902808036e-06
"AENJPLPP_02486",1158.2113270156,2.0946186826606,0.135760419421749,15.4287876509391,1.04820762543671e-53,6.3674386601629e-53
"AENJPLPP_02487",3370.26204527723,-1.61386797087464,0.0763996365146254,-21.1240268213277,4.78381607286875e-99,4.60499611103948e-98
"AENJPLPP_02488",83107.9517411485,-1.36345661918042,0.0783053792687649,-17.4120428495809,6.68551453001462e-68,4.69544412096365e-67
"AENJPLPP_02489",34810.5460857542,-0.694827191729895,0.100108755045487,-6.94072353026645,3.90096789814795e-12,9.41796176051265e-12
"AENJPLPP_02490",26447.7054392793,-1.44105423896625,0.226455904588846,-6.36350922967822,1.97195537532314e-10,4.51825212612062e-10
"AENJPLPP_02491",58494.7314162854,-0.94603497123401,0.0339262354903149,-27.8850558442913,4.05000039499863e-171,6.6681154044431e-170
"AENJPLPP_02492",0.259104094681021,1.14248974795683,2.78739727439409,0.409876897868883,0.681896253031943,0.737701270389604
"AENJPLPP_02493",0,NA,NA,NA,NA,NA
"AENJPLPP_02494",2.51482891425584,-0.462863366938694,0.647277133758374,-0.715093030169483,0.474551560424581,0.543452623169617
"AENJPLPP_02495",1580.39208165719,0.941623546204056,0.114722885995616,8.2078090873694,2.25261006452759e-16,6.33126317576643e-16
"AENJPLPP_02496",1408.06075488879,-0.489742474777359,0.230293626591866,-2.12660021045783,0.0334533150046664,0.0468595249228544
"AENJPLPP_02497",4990.10795320097,-0.533937239269978,0.112053120641052,-4.76503676305791,1.88819219569919e-06,3.60756061232826e-06
"AENJPLPP_02498",909.293537766727,0.823290841201767,0.0828382645355037,9.93853318654343,2.82962900654922e-23,9.59018244851834e-23
"AENJPLPP_02499",1287.34134886812,1.15129239749155,0.233526460410534,4.93002975109377,8.22170948993156e-07,1.59510693452439e-06
"AENJPLPP_02500",948.087384503472,0.60420436559872,0.563054378877031,1.07308350359296,0.283233651811062,0.342861789034443
"AENJPLPP_02501",854.35766461496,0.611727614383573,0.151117951446366,4.04801420697319,5.16540118106108e-05,9.10670202371973e-05
"AENJPLPP_02502",6864.46927274789,0.583757790602706,0.0784334601084869,7.4427137320637,9.86376860896396e-14,2.51221765163216e-13
"AENJPLPP_02503",1345.88215355702,0.419756669318668,0.271082572413215,1.54844579488064,0.12151500274786,0.156731465444907
"AENJPLPP_02504",3116.94919568586,-0.0948755062506051,0.26576501329527,-0.356990203767704,0.721099139461236,0.769904928134906
"AENJPLPP_02505",1387.52075859293,-0.0692455461044475,0.104319480042658,-0.663783466674988,0.506828908993828,0.574304438810983
"AENJPLPP_02506",2883.5600925183,-0.288192395480786,0.0916354304163153,-3.14498872511952,0.00166093231011523,0.00262009897925507
"AENJPLPP_02507",1794.92800323512,-0.150867384600477,0.203210940408033,-0.742417629176587,0.457834341640112,0.527113057455734
"AENJPLPP_02508",11546.8052144977,-0.0454714921043603,0.178469585001231,-0.25478566616293,0.798888646746218,0.835168194275375
"AENJPLPP_02509",7677.65881300641,-0.314349855868998,0.113429104091326,-2.77133332214193,0.00558272458621991,0.00843145322219579
"AENJPLPP_02510",13091.0067585591,-0.124492472466229,0.109956824986458,-1.13219413603076,0.257552824900313,0.315193607402373
"AENJPLPP_02511",5113.34694074415,0.318618100523084,0.102859266986125,3.09761200773543,0.00195086658164716,0.00305635648087657
"AENJPLPP_02512",630.229263862254,0.502545206445206,0.725465599686055,0.692720932133354,0.488484700294796,0.557079637391454
"AENJPLPP_02513",10945.3432382063,0.161503950412736,0.115679659278072,1.39613093106119,0.162675070935842,0.20602773801164
"AENJPLPP_02514",476.729512455645,0.401475303909654,0.236532882100619,1.69733400423739,0.0896335319000947,0.117932677561129
"AENJPLPP_02515",310.785607137203,0.464727504709904,0.197889387330209,2.34842055443042,0.018853220670867,0.027218377518602
"AENJPLPP_02516",375.198099365488,0.419519961296095,0.181789971781492,2.30771784155592,0.0210148350825712,0.0301066736351125
"AENJPLPP_02517",141.372395359314,0.388247536687289,0.138217710067511,2.80895651141705,0.00497023600372155,0.00753664875652393
"AENJPLPP_02518",370.071370321408,-1.74089955374319,0.225819726320379,-7.70924481271095,1.26564423053944e-14,3.31598788401334e-14
"AENJPLPP_02521",2622.28667242922,2.75717401604495,0.143604769700595,19.199738433434,3.71960347353713e-82,3.07045623719654e-81
"AENJPLPP_02522",823.881165832008,0.777122008305702,0.171419495232518,4.53345173634768,5.80275298470647e-06,1.0825817178279e-05
"AENJPLPP_02523",423.149151338044,0.490703053056684,0.0994099015532126,4.93615872654313,7.96762698510183e-07,1.54880387781366e-06
"AENJPLPP_02524",87.99600405917,0.0826139208700878,0.224635494502468,0.367768776047901,0.713045652905932,0.763470700854859
"AENJPLPP_02525",612.963497078155,0.446387020516738,0.359837670060932,1.24052331830948,0.214781894816613,0.266641058542421
"AENJPLPP_02526",45.6916858724905,-1.31595801169138,0.172738799630037,-7.61819588019501,2.57245728053962e-14,6.65305904400505e-14
"AENJPLPP_02527",44.8978947043489,-1.14757419747193,0.228691074464673,-5.01801043244999,5.22093425944295e-07,1.02346616289536e-06
"AENJPLPP_02528",26709.4367159136,2.48125996335164,0.278273706227253,8.91661665412724,4.80750307344927e-19,1.46018213309503e-18
"AENJPLPP_02529",15251.3712796272,0.648522072695274,0.118669910808586,5.4649242447088,4.63104534666989e-08,9.52446391093269e-08
"AENJPLPP_02530",1754.94904320924,-0.20146089222239,0.167347057835886,-1.20385081654652,0.2286472445158,0.282405984331606
"AENJPLPP_02531",2769.09247655789,0.656972725555787,0.129648602983989,5.06733362670264,4.03426843404286e-07,7.93948939179939e-07
"AENJPLPP_02532",3398.15567606251,0.964769255646203,0.0875978825693394,11.0136138836749,3.28554670860078e-28,1.24520153874392e-27
"AENJPLPP_02533",1138.41137150792,0.640261441220722,0.060103808059104,10.6525936025736,1.6957351016805e-26,6.21563243474861e-26
"AENJPLPP_02534",896.229501751102,0.523946779917915,0.0997188711483371,5.25423898088975,1.48637778169391e-07,2.99362049214154e-07
"AENJPLPP_02535",1612.10531389892,1.25922349134404,0.0526243791310113,23.9285196735363,1.5466534057429e-126,1.81325552976785e-125
"AENJPLPP_02536",1054.27832935622,1.41807345328616,0.0987320099452749,14.3628540943527,8.85058654639256e-47,4.86620752997824e-46
"AENJPLPP_02537",2186.82847035237,1.19710358283437,0.134101465380977,8.92684937806942,4.3831358780717e-19,1.33263253285873e-18
"AENJPLPP_02538",2009.55017143815,0.983055011789362,0.0447975900714028,21.9443726821571,9.80106175546178e-107,1.01132188593172e-105
"AENJPLPP_02539",3136.99357582969,0.894645684027379,0.0780300101987902,11.4654051915176,1.96836147743408e-30,7.93932146118993e-30
"AENJPLPP_02540",152.380346317794,-0.109398018937536,0.123343337340097,-0.886939021569448,0.375111731424238,0.441316535252335
"AENJPLPP_02541",63.3154642418222,-0.947472136560033,0.181085243859235,-5.2321885337965,1.67514763143171e-07,3.36481320900249e-07
"AENJPLPP_02542",6774.48827644519,0.510748321302632,0.0660188827142526,7.73639753210135,1.0227333902656e-14,2.69361512663484e-14
"AENJPLPP_02543",2083.92419214784,0.773981789013007,0.257478000046202,3.00601134416969,0.00264699122371065,0.00410678916428434
"AENJPLPP_02544",123.039015258576,0.58030197994561,0.244888042214245,2.36966237591103,0.0178043352435225,0.0257411046491042
"AENJPLPP_02545",0.305349260936642,-1.62262006754681,2.67194642461482,-0.607280165724403,0.543664998845997,0.607815451399996
"AENJPLPP_02546",1525.46929523877,0.41438929984128,0.125745705253882,3.29545489450016,0.000982624764520347,0.0015798550776413
"AENJPLPP_02547",1205.55821996946,0.160837646481579,0.143162099873151,1.12346526506729,0.261239944759368,0.318928668379245
"AENJPLPP_02548",3906.31116709561,0.801653865135036,0.105277491994259,7.61467479847217,2.6435620211957e-14,6.81939415227965e-14
"AENJPLPP_02549",6375.65853201342,0.756157061280011,0.169361362730661,4.46475541462515,8.01602708323963e-06,1.4844677075477e-05
"AENJPLPP_02550",1039.64867851325,1.65316205061175,0.105247020707071,15.7074474840757,1.3448570504056e-55,8.27543104128897e-55
"AENJPLPP_02551",9495.79161586381,1.82174386745842,0.0719418326063108,25.3224556764852,1.80774635315907e-141,2.38892094827556e-140
"AENJPLPP_02552",3060.51619086102,0.144312159154386,0.0439701445943602,3.28204877390591,0.00103055777786166,0.00165075522844082
"AENJPLPP_02553",9288.13808793509,-0.304363453901135,0.0445297381278732,-6.83506049434008,8.19704309977836e-12,1.9554782945077e-11
"AENJPLPP_02554",10046.2529660156,1.21135490327074,0.0722053958744175,16.7765149487938,3.62495042835649e-63,2.43251127853855e-62
"AENJPLPP_02555",1920.2304857752,-2.6556623577975,0.204059154166644,-13.014178994532,1.01628692560908e-38,4.83739732521352e-38
"AENJPLPP_02556",0.252956223513119,-0.572793606535016,2.11922818545657,-0.27028406401249,0.78694172434922,0.827169152897917
"AENJPLPP_02557",345.553630601201,-0.12173140549957,0.0859521157330451,-1.41627002967153,0.15669645914641,0.198706410525308
"AENJPLPP_02558",2590.74729526383,-0.634735988021575,0.0791848193515407,-8.01587972567907,1.09351473801299e-15,2.98980027734403e-15
"AENJPLPP_02559",1068.53927993657,-0.248476089955264,0.112027227363308,-2.21799731907537,0.0265550152122123,0.0375282649317053
"AENJPLPP_02560",1993.94013401784,1.93885406508165,0.152977067749306,12.6741484433405,8.22470186885821e-37,3.77759553824234e-36
"AENJPLPP_02561",1345.29177141687,1.86458549418253,0.20399567257412,9.14031886389674,6.22684567141601e-20,1.94017435449601e-19
"AENJPLPP_02562",30.1658604286509,1.05737056355686,0.257821986470468,4.10116521880872,4.11074912519999e-05,7.26433261831528e-05
"AENJPLPP_02563",78.7533488658116,-0.200137209893455,0.135681356298521,-1.47505313444185,0.140198258818632,0.179294292793097
"AENJPLPP_02564",55.0997478542847,-0.17216923590902,0.35248066415255,-0.488450157465962,0.625231021854792,0.683038821192346
"AENJPLPP_02565",433.905272119476,2.29266185576283,0.071979232153884,31.8517131561137,1.24633765419798e-222,2.62602472174722e-221
"AENJPLPP_02566",504.376951008579,1.51459654174915,0.148361870404453,10.2087991855331,1.81092052505362e-24,6.27161326665122e-24
"AENJPLPP_02567",2782.74647852375,-0.247810585638728,0.0381037106069539,-6.50358145417741,7.84299222838030e-11,1.82619285812286e-10
"AENJPLPP_02568",7962.52258509643,-0.516660812339155,0.0549710742619861,-9.39877597946888,5.52014808541576e-21,1.7563047709987e-20
"AENJPLPP_02569",247.02811549252,-0.706906206289814,0.0853806031450624,-8.27947074921424,1.23723919398957e-16,3.52344205244857e-16
"AENJPLPP_02570",428.534066372173,-0.041827636022063,0.0780204212817849,-0.536111383851606,0.591881572950041,0.653716707953985
"AENJPLPP_02571",275.265184219929,-1.28946417192196,0.152511385690747,-8.45487152373437,2.79394811050033e-17,8.05566091572967e-17
"AENJPLPP_02572",21758.9178975437,0.0300449537488178,0.564071040493098,0.0532644854849368,0.957521176491556,0.963926868588734
"AENJPLPP_02573",25675.0818277883,0.0957831235464708,0.0554243975341979,1.72817617886366,0.0839566431090966,0.110899327351034
"AENJPLPP_02574",124.306241841407,-0.0529871055021293,0.152047287486388,-0.348490962108567,0.727471500148665,0.77615850918836
"AENJPLPP_02575",1905.55785235412,0.510018802908476,0.1090569225841,4.67662933102821,2.91628702049715e-06,5.52627219670309e-06
"AENJPLPP_02576",7116.11282697865,0.444296058584614,0.0560551313550329,7.92605507907212,2.2621728719547e-15,6.08564898499956e-15
"AENJPLPP_02577",1359.87942645636,0.597882115333971,0.113898125343375,5.24927090355088,1.5270237463055e-07,3.07342855552335e-07
"AENJPLPP_02578",774.867600325284,0.233084751014856,0.157896485081452,1.47618707848131,0.13989367738166,0.178980743078956
"AENJPLPP_02579",5537.30451300891,0.0791976199801298,0.157514497399695,0.502795750788352,0.615107881453613,0.67410764068785
"AENJPLPP_02580",548.592103418574,-0.39371147303965,0.147539511730689,-2.66851549406176,0.00761872644184741,0.011380873956017
"AENJPLPP_02581",1303.83358661404,-3.26397383714393,0.104541465334717,-31.2218106632947,5.39001333123386e-214,1.08994027966494e-212
"AENJPLPP_02582",5541.86732721045,-2.0445582289487,0.0444515746279305,-45.995181184516,0,0
"AENJPLPP_02583",561.732574396858,-1.41683146729248,0.10594250180309,-13.3735889107647,8.62754843533543e-41,4.27546109139238e-40
"AENJPLPP_02584",1507.20822895851,-0.996389505206202,0.138933627761521,-7.17169429215872,7.40752119578742e-13,1.83392451626191e-12
"AENJPLPP_02585",1370.87746672086,-0.849178717273279,0.146463994068825,-5.79786672261742,6.71637939134669e-09,1.43520929830692e-08
"AENJPLPP_02586",920.101032604408,-0.638191846478605,0.0918898494516964,-6.94518328506003,3.77969278130203e-12,9.13981890053212e-12
"AENJPLPP_02587",648.210590321017,-1.32835752149421,0.140630768442592,-9.44571046724008,3.53001333569508e-21,1.13148193409035e-20
"AENJPLPP_02588",1220.37984082304,-1.19397639715335,0.0836946678235296,-14.2658597997049,3.5716263551997e-46,1.92855021652629e-45
"AENJPLPP_02589",817.675664026233,-0.875494860736209,0.193642031149371,-4.52120263116262,6.14892931228205e-06,1.14574669251118e-05
"AENJPLPP_02590",540.172387839075,-0.863972562587147,0.0674049963007266,-12.8176338551009,1.30626199522135e-37,6.09251918204632e-37
"AENJPLPP_02591",1476.29490903042,-0.740706313593943,0.0635429131243429,-11.6567887302319,2.11883705331079e-31,8.69762403491202e-31
"AENJPLPP_02592",1181.59969857266,-0.90210354434126,0.229377226234784,-3.93283831681657,8.3948705839449e-05,0.000146122155224876
"AENJPLPP_02593",663.962566624536,-1.47235167623617,0.076614334283448,-19.2177050157344,2.63154639843096e-82,2.17825530177816e-81
"AENJPLPP_02594",271.053400321742,-1.80572031854917,0.175990773170988,-10.260312435782,1.06362043839392e-24,3.71342801956071e-24
"AENJPLPP_02595",518.559093779531,-1.48348981799779,0.141881281673565,-10.4558529532525,1.3775365865216e-25,4.94698180594706e-25
"AENJPLPP_02596",391.154620673484,-1.29111646207316,0.0902334678400524,-14.3086206590418,1.93309447250229e-46,1.05133820318581e-45
"AENJPLPP_02597",619.219604048096,-1.14516355500276,0.0758469178091741,-15.0983532103957,1.66028329527108e-51,9.77037806377297e-51
"AENJPLPP_02598",334.033029276548,-0.647196959336434,0.0842010525563382,-7.6863286109565,1.51417293227591e-14,3.96024569873898e-14
"AENJPLPP_02599",208.270176285335,-0.988565362071669,0.392620328311613,-2.51786596563352,0.0118068241677318,0.0173109300327864
"AENJPLPP_02600",474.567510588301,-0.525735782673162,0.117256014582794,-4.48365727373364,7.33744775852125e-06,1.36299199114824e-05
"AENJPLPP_02601",5.05234747642394,-0.188377140468218,1.57158426326196,-0.119864486347824,0.90459049738345,0.922345573135815
"AENJPLPP_02602",405.79412074369,-0.978767279753472,0.0694432904383294,-14.0944830461726,4.10643879277308e-45,2.18985842170359e-44
"AENJPLPP_02603",764.546938085926,-0.759326302799172,0.0983622729153773,-7.71969048999542,1.16612522685917e-14,3.06323915303111e-14
"AENJPLPP_02604",19.4091427922494,1.91265891503126,0.275953518565251,6.93109087710002,4.17607657493808e-12,1.00740742356192e-11
"AENJPLPP_02605",29.5545797022977,2.76250832341077,0.276060966022019,10.006877695235,1.42168691258167e-23,4.84016120633738e-23
"AENJPLPP_02606",19.9873993097476,0.943621313399568,0.258322096863746,3.65288655076723,0.000259308816881689,0.000436723010209352
"AENJPLPP_02607",5.41630812465149,0.175209243403787,0.474973241450298,0.36888234560077,0.712215422971924,0.763080982174452
"AENJPLPP_02608",16.7016596292998,0.0364671361653458,0.288425953801011,0.126435002414883,0.899387596540396,0.91797250283747
"AENJPLPP_02609",3024.50363518216,-1.98297751050827,0.130066251138866,-15.2459034772297,1.75291358902082e-52,1.04584725618212e-51
"AENJPLPP_02610",1197.77056033097,3.08496912435559,0.0822020870228149,37.5290851617839,3.09094156851083e-308,9.80316520623488e-307
"AENJPLPP_02611",706.8571703884,0.750999616697769,0.0878133700104462,8.55222407030309,1.20739098915364e-17,3.52848598479137e-17
"AENJPLPP_02612",6581.18352430694,1.89688836303953,0.283719951043963,6.68577714066221,2.29702365754254e-11,5.41543996883856e-11
"AENJPLPP_02613",4920.65279360265,0.298913701299277,0.16068914996652,1.86019841016992,0.0628574599138246,0.0846622828432515
"AENJPLPP_02614",292.850161506095,-1.01305900749452,0.117713231015655,-8.60616091117051,7.55481937788577e-18,2.21858389722903e-17
"AENJPLPP_02615",957.515443953577,0.50427657697878,0.145147568466533,3.4742337216283,0.000512314573341805,0.000843960530059519
"AENJPLPP_02616",3932.10584628222,-0.952908025599098,0.0544937356219523,-17.4865608812332,1.81377915059122e-68,1.28586272487796e-67
"AENJPLPP_02617",31.1765206081201,0.28365356785662,0.361032668602107,0.785672856018562,0.43205916948971,0.500882754010195
"AENJPLPP_02618",4554.66005965283,2.73609934732256,0.13423632486221,20.3827045334494,2.38127424871116e-92,2.174175548899e-91
"AENJPLPP_02619",37.3728767622581,-0.636830422273129,0.28874071343821,-2.20554425695637,0.0274159257644336,0.0385820571360292
"AENJPLPP_02620",115.088122237429,0.0635208311441069,0.431233327329354,0.147300375732771,0.882894935922227,0.907285962460324
"AENJPLPP_02621",11190.188797769,-0.349508106647416,0.173796256669487,-2.0110220631051,0.0443231263342401,0.0611472434272277
"AENJPLPP_02622",1775.9164519455,-0.555618608218114,0.114546630029323,-4.8505888656513,1.23095466670669e-06,2.37139796086141e-06
"AENJPLPP_02623",795.431315020189,-0.170686206168235,0.21928027878303,-0.778392872881758,0.436337439115931,0.505453557884006
"AENJPLPP_02624",3268.65370535166,-0.421644568389817,0.19868409587158,-2.12218580727441,0.0338221379095742,0.0473101678373013
"AENJPLPP_02625",6104.21580824427,-0.572239843604854,0.0895666656644062,-6.38898232238495,1.66993360604648e-10,3.84378147824144e-10
"AENJPLPP_02626",350.431210030599,0.356798008870388,0.0823132466366751,4.33463656761432,1.46001127363838e-05,2.6484129846312e-05
"AENJPLPP_02627",395.225214250022,0.569104636300842,0.304365277686605,1.86980801695399,0.0615104826822175,0.0829221853787567
"AENJPLPP_02628",83.5312400431946,0.800271917939367,0.125198821734675,6.39200838195847,1.6372092165304e-10,3.77133896743585e-10
"AENJPLPP_02629",1005.54366324848,0.766853639525218,0.0440700269382679,17.4007980662096,8.13614451232682e-68,5.7009775385211e-67
"AENJPLPP_02630",4442.9807184938,-1.12875682744557,0.0909746134312422,-12.4073825089532,2.38316928948711e-35,1.05285763478367e-34
"AENJPLPP_02631",0.517196220380955,-0.287748243867686,2.05571088856221,-0.139975054599696,0.888679699870233,0.910745556363609
"AENJPLPP_02632",50.9052182485579,1.94565091216848,0.163816840593584,11.8769896008157,1.55880603736541e-32,6.55961255667873e-32
"AENJPLPP_02633",270.357962854432,-0.277356512589923,0.116395741028572,-2.38287509610717,0.0171780216527061,0.0248953243095736
"AENJPLPP_02634",103.794543580306,0.369227732291298,0.124120509407483,2.97475198944871,0.00293225511448142,0.00453071008201667
"AENJPLPP_02635",1331.03959249275,0.246865370502445,0.0512533199251721,4.81657326516329,1.46044556567256e-06,2.80275317794358e-06
"AENJPLPP_02636",2017.17772818715,0.774155748955064,0.0391517489635441,19.7732098679912,5.06486754528135e-87,4.42331765621238e-86
"AENJPLPP_02637",41.0302226107674,0.502640657304163,0.228478295206291,2.19994926367221,0.0278104949290441,0.039100803183019
"AENJPLPP_02638",94.5784046615082,0.75693650306919,0.130029340217993,5.8212746584747,5.84005058073507e-09,1.25596519627086e-08
"AENJPLPP_02639",16.8253936532071,1.73473474744052,0.323367240968994,5.36459643296662,8.11304067128714e-08,1.65054635669063e-07
"AENJPLPP_02640",6.778861361369,1.46210746148442,0.428866858425644,3.4092339679773,0.000651455819712455,0.00106444489413971
"AENJPLPP_02641",51.4184014152447,1.99575020253144,0.216957559357743,9.19880463459965,3.61953710139185e-20,1.13482469162265e-19
"AENJPLPP_02642",36.8546726378644,0.822864308446417,0.203730388332105,4.03898659980489,5.36826315675188e-05,9.45881689549322e-05
"AENJPLPP_02643",18.1255235156526,0.517243762638947,0.260441112086801,1.98602961911235,0.0470300351833612,0.0646089115977145
"AENJPLPP_02644",1631.88025652606,0.369181846457895,0.063671038394041,5.7982696021563,6.70026746403786e-09,1.43278253152208e-08
"AENJPLPP_02645",44.666021130998,-0.383186624088774,0.434314138598102,-0.882279875404563,0.377625476535777,0.443927257433592
"AENJPLPP_02646",54.3816477682095,-0.39548790542661,0.337358623764863,-1.17230708678212,0.241073787384944,0.296713775077956
"AENJPLPP_02647",0.242427441670805,-0.565092813283839,2.83171988786014,-0.199558160998356,0.841826152206017,0.871323324148653
"AENJPLPP_02648",0.0633010622070557,-0.169842466048218,3.11653965008542,-0.0544971298675962,0.956539095227313,0.963926868588734
"AENJPLPP_02649",0.7403954604033,0.559910167906876,1.41706087119149,0.395120759658047,0.692753768793199,0.745452537633539
"AENJPLPP_02650",0.0576601572364535,-0.169842466048218,3.11653965008542,-0.0544971298675963,0.956539095227313,0.963926868588734
"AENJPLPP_02651",4.28162040214343,-0.851141974084379,0.825322444329743,-1.03128417254617,0.302407578301134,0.363436126870247
"AENJPLPP_02652",134.912956580075,-1.64895569641871,0.132835136607689,-12.4135506502973,2.20646340977746e-35,9.77657978479335e-35
"AENJPLPP_02653",248.28937593064,2.62299910725607,0.134132528143396,19.5552797189651,3.71959828166187e-85,3.19292012041231e-84
"AENJPLPP_02654",6.37438193448252,-1.09817842501519,1.64316916097816,-0.668329500756611,0.503923286151217,0.571872264095524
"AENJPLPP_02655",2296.43097870765,0.497715947804088,0.157164700643284,3.16684310005305,0.00154103438888464,0.00243606328106476
"AENJPLPP_02656",3.6940121065068,-1.10391010129216,1.49258698094711,-0.739595156184255,0.459545681673668,0.528784547941531
"AENJPLPP_02657",5.91617269844162,-0.831356691607262,1.56768902361305,-0.530307145795559,0.595898993059219,0.657190214526876
"AENJPLPP_02658",40.6912327809191,0.0446973623662139,0.175110804679946,0.255251881503876,0.798528562153432,0.835168194275375
"AENJPLPP_02659",184.236670898043,0.0959726692460656,0.113640432303988,0.844529251607729,0.398373724591741,0.465954981442125
"AENJPLPP_02660",196.293114457544,-1.51049452096284,0.259117031141857,-5.82939112225278,5.56299786276257e-09,1.19809239174436e-08
"AENJPLPP_02661",361.298248316791,1.79277966729539,0.163541419408708,10.9622361954376,5.80470420841269e-28,2.18893288860418e-27
"AENJPLPP_02662",0.137763632296293,1.26550956540392,3.11587038994993,0.406149616969228,0.684632670967287,0.738913001588725
"AENJPLPP_02663",33.8262536992034,-0.193425679252645,0.569889710287186,-0.339408969421771,0.73430166257849,0.781752138259446
"AENJPLPP_02664",428.279867046669,-1.32492474909225,0.0778103430635025,-17.0276173697236,5.1248780142182e-65,3.47776068847735e-64
"AENJPLPP_02665",3430.59280015027,1.40597397383735,0.03725086333789,37.7433929808348,9.65416691662603e-312,3.09446860848875e-310
"AENJPLPP_02666",1367.69638961836,1.21284743607467,0.216037597652058,5.61405722548367,1.97636805436557e-08,4.13814937303924e-08
"AENJPLPP_02667",1049.33361470322,0.357773044577138,0.143114966737639,2.49989957537435,0.012422851639551,0.0181787527877451
"AENJPLPP_02668",597.96416641419,0.219226598809923,0.0664901700876263,3.29712795923079,0.000976789885079436,0.00157215166866685
"AENJPLPP_02669",4537.71310550088,0.443099056990511,0.0764490278373773,5.79600643101798,6.79126603836835e-09,1.45018317318241e-08
"AENJPLPP_02670",277.928051783577,-0.33135449917961,0.0852389201938247,-3.88736152952364,0.000101339763054285,0.000175279394995729
"AENJPLPP_02671",277.07593508909,-0.187277295322251,0.0744272237387123,-2.51624722668301,0.0118611948443209,0.0173821887480248
"AENJPLPP_02672",467.73775544676,0.670790978632797,0.145968021884572,4.59546529419467,4.31784659820822e-06,8.10571451738402e-06
"AENJPLPP_02673",7623.24650683453,-2.16857718561541,0.220352755448246,-9.8413890092005,7.46726671693917e-23,2.48058154554991e-22
"AENJPLPP_02674",1175.99284568697,-2.45815936081549,0.274936497411451,-8.94082591419929,3.86272471242194e-19,1.17580659064528e-18
"AENJPLPP_02675",308.401355789309,-0.0107123072929061,0.108066609122556,-0.0991268938655927,0.921037519027552,0.935635504112556
"AENJPLPP_02676",915.985913752707,-0.768756261021001,0.235761538051452,-3.26073653647962,0.00111123239667428,0.00177338093812479
"AENJPLPP_02677",1865.60802865016,-0.195490077033247,0.050829554367667,-3.84599234569719,0.000120065510838171,0.000206955025260532
"AENJPLPP_02678",21487.7188394787,-2.0371508026523,0.52799653548667,-3.85826547284935,0.000114194573514908,0.000197173782235196
"AENJPLPP_02679",146.69483967883,-1.58279739067131,0.185376837669246,-8.53826945465199,1.36246906872668e-17,3.96629884451545e-17
"AENJPLPP_02680",11.2916192080214,0.357426770130001,0.344699134388317,1.03692389818231,0.29977132533073,0.360563274739117
"AENJPLPP_02681",0.474609253058227,-1.33649131998012,1.62251815961594,-0.823714244465819,0.410101943769568,0.478372882918199
"AENJPLPP_02682",0.590526491903972,1.62587763281104,1.63581218649629,0.993926837220525,0.320258487684041,0.38260857390643
"AENJPLPP_02683",0.502759459043562,1.10854884314289,1.46631630671052,0.756009353554666,0.449643587708225,0.519284842794772
"AENJPLPP_02684",25.126272558061,0.238223037937723,0.217001897329713,1.09779241964768,0.272295142278951,0.331101095942155
"AENJPLPP_02685",0.0742090869905875,0.791942550544679,3.11653965008542,0.254109570055678,0.799410910152732,0.835168194275375
"AENJPLPP_02686",24.6087378380746,-0.127909611160131,0.266524390473044,-0.479917094766108,0.631286345220221,0.688655234666374
"AENJPLPP_02687",5.04566020531245,-1.08200347734186,0.481961239378853,-2.24500102692145,0.0247680666392607,0.0351844341273421
"AENJPLPP_02688",0.230017073995137,-0.16983888535575,2.79290717761428,-0.0608107876685064,0.95150989890607,0.962692856079244
"AENJPLPP_02689",2.49016273563406,0.0391792107514859,0.734484123557891,0.0533424882783022,0.957459027620394,0.963926868588734
"AENJPLPP_02690",0.115446074315475,-0.650733806613627,3.11653965008542,-0.208800105140902,0.834604289254131,0.865037056595355
"AENJPLPP_02691",0,NA,NA,NA,NA,NA
"AENJPLPP_02692",3.83146265251851,-0.358289408406088,0.651506592710734,-0.549939804776721,0.58236066142398,0.643909237750625
"AENJPLPP_02693",1168.00055383426,1.11414294564137,0.09119043583581,12.2177609464155,2.49872194457937e-34,1.08795508945341e-33
"AENJPLPP_02694",530.947206880519,1.35324763656379,0.142885041800082,9.47088386240731,2.77485670023227e-21,8.91326571194011e-21
"AENJPLPP_02695",5.19380587110225,-0.843753965661132,0.531263158988276,-1.58820341931474,0.112240348176346,0.145516423862019
"AENJPLPP_02696",31.7225775987675,-0.761175242534034,0.256595372101563,-2.96644181966287,0.00301267355391948,0.00465258094206017
"AENJPLPP_02697",0.275527264592587,1.91413428438508,3.09747815739438,0.617965385749567,0.536598156002474,0.601477025310809
"AENJPLPP_02698",21.3409470535464,-0.872449560420221,0.256705258086262,-3.39864312450915,0.000677210191595655,0.00110592645380906
"AENJPLPP_02699",5.215427184146,-0.518037672376793,0.506402870556611,-1.02297538678522,0.306319483403459,0.367266455827546
"AENJPLPP_02700",5.84718995402301,-1.05176987332882,0.49457723315599,-2.12660390090599,0.0334530081133466,0.0468595249228544
"AENJPLPP_02701",30.8606058513592,-0.900631328751313,0.278396267373644,-3.23506969848323,0.00121613040122813,0.00193463616626207
"AENJPLPP_02702",63.8029483799504,-1.09907895004477,0.168264599039355,-6.53184898261162,6.496264275932e-11,1.51495698632996e-10
"AENJPLPP_02703",37.6628760348728,-0.194523224840684,0.169736723178441,-1.14602910435702,0.251783109803018,0.309011205636046
"AENJPLPP_02704",26.4997291980465,-0.985430113049533,0.585316336673459,-1.68358552684528,0.0922617977371673,0.121126273020516
"AENJPLPP_02705",345.901247318511,-3.22282013742475,0.201797640683726,-15.9705540981811,2.04957043437516e-57,1.28653244141091e-56
"AENJPLPP_02706",186.720065165942,-1.78765897400573,0.14907813418669,-11.9914230464344,3.94076277053221e-33,1.67705059712056e-32
"AENJPLPP_02707",550.162473168754,-2.00079930715113,0.159440034663305,-12.5489141505537,4.0299834205762e-36,1.82591579642046e-35
"AENJPLPP_02708",1472.80396777045,-0.5124552961334,0.116517714997846,-4.3980891329947,1.09208131044529e-05,2.00026807803749e-05
"AENJPLPP_02709",85.7220784943173,-0.24127194585474,0.168689190461257,-1.43027508280178,0.152638083333243,0.194213912619536
"AENJPLPP_02710",25.7152628839369,0.243342196451823,0.221754661002468,1.0973487337392,0.272488974891052,0.331185672185051
"AENJPLPP_02711",9.16885244956219,-0.425710748831937,0.360876732007108,-1.17965696060325,0.238136678294152,0.293458409693366
"AENJPLPP_02712",19.7883734038021,-0.0487043165974037,0.252260936711616,-0.193071179518699,0.846903223385786,0.87477525267788
"AENJPLPP_02713",23.8730746976683,-0.485929774083257,0.304300137778834,-1.59687661540407,0.110293213355479,0.143176842671288
"AENJPLPP_02714",2.56360717029302,0.145152385102822,0.702776419283016,0.206541342481167,0.83636807421668,0.866269167279085
"AENJPLPP_02715",9.4233291428921,0.641437924299463,0.361682352956424,1.77348416104986,0.076148514167807,0.101340756708305
"AENJPLPP_02716",13.3490600265255,0.915732063696053,0.304127356568724,3.01101510244812,0.00260375901869885,0.00404179594195757
"AENJPLPP_02717",9.36236564627517,0.338245676729148,0.363260525808955,0.931137992425408,0.351782188094323,0.416144378770395
"AENJPLPP_02718",7.11249993529168,-0.366870680142056,0.512271907371356,-0.716163964611286,0.473890111077807,0.542901484668226
"AENJPLPP_02719",42.5386155370483,-0.272518157516501,0.208066270513505,-1.30976614731417,0.190274958557354,0.238973926691666
"AENJPLPP_02720",28.5316680781477,-0.215793656387215,0.203619357627238,-1.05978949595875,0.289240376566095,0.349011315415957
"AENJPLPP_02721",0.0633010622070557,-0.169842466048218,3.11653965008542,-0.0544971298675962,0.956539095227313,0.963926868588734
"AENJPLPP_02722",0,NA,NA,NA,NA,NA
"AENJPLPP_02723",491.45591957889,1.64394008331689,0.739950666639961,2.2216887657955,0.0263043462893101,0.0372438888015467
"AENJPLPP_02724",6.65886785355176,0.197805190076523,0.438230732213763,0.451372246481419,0.651721282614291,0.709149954682867
"AENJPLPP_02725",1.86805386624194,1.68954987135095,0.879951466105316,1.92004893045855,0.0548517191389648,0.0746067408600478
"AENJPLPP_02726",48.4200199951083,-0.121914818845694,0.165351571582617,-0.737306683443161,0.460935868766765,0.529874007094339
"AENJPLPP_02727",50.8347696126769,0.286486599556894,0.222762392473821,1.28606357821624,0.198420873921756,0.24817023375934
"AENJPLPP_02728",762.390059001768,0.945761681301178,0.0586900163120551,16.1145240831517,2.01710902225084e-58,1.28218343545185e-57
"AENJPLPP_02729",86.2516900991004,1.33605216656505,0.128037106899995,10.434882503309,1.71826196527396e-25,6.13403234759532e-25
"AENJPLPP_02730",39.4148745122424,-0.56447975586825,0.18216523439536,-3.098723846742,0.0019435608622268,0.00304679962429207
"AENJPLPP_02731",7.65686691147991,-0.721218589977626,0.480172374212412,-1.50199934171678,0.133097278836182,0.170673527312887
"AENJPLPP_02732",15.1040274487924,-0.183663040725248,0.354020273515681,-0.518792437792726,0.603905491970958,0.664318089561335
"AENJPLPP_02733",8.36214595781055,-0.58681433447244,0.430369112432125,-1.36351405693639,0.172720557343865,0.217834675293874
"AENJPLPP_02734",33.8606286340338,-0.343493326696958,0.190470829267704,-1.80339072401572,0.071326873375877,0.0953028246037772
"AENJPLPP_02735",43.3487884732256,-0.150804185552327,0.178855745996015,-0.843160977090929,0.399138419609404,0.4666682414758
"AENJPLPP_02736",0.238736200795392,-0.16983881261487,2.77283448982505,-0.0612509737736227,0.951159334705311,0.962692856079244
"AENJPLPP_02737",485.83246716389,-1.11744251514911,0.128688784969042,-8.68329369507936,3.84469951204146e-18,1.13458174630567e-17
"AENJPLPP_02738",38.9468900361068,-0.395535094920427,0.199368095503488,-1.98394378960955,0.0472621065572176,0.0648750464951694
"AENJPLPP_02739",156.340139146388,0.12532137074959,0.152470277966688,0.821939675199976,0.411111230857828,0.479364604711547
"AENJPLPP_02740",103.970169477536,0.267973954290928,0.104256430320259,2.57033502363121,0.0101600206103887,0.0149765861541591
"AENJPLPP_02741",312.241319482979,0.319729566858441,0.178843848712215,1.78775825481664,0.0738150185670704,0.0983656129777015
"AENJPLPP_02742",210.761913923899,0.251510077945345,0.120243266560453,2.09167702391799,0.0364674171767558,0.0508216132995214
"AENJPLPP_02743",0,NA,NA,NA,NA,NA
"AENJPLPP_02744",9.77905386852594,-0.885496969592899,0.355514948539387,-2.49074468803889,0.0127475685570436,0.0186177528174369
"AENJPLPP_02745",10.2279297181394,-0.56045751304325,0.576623950758984,-0.97196363818316,0.331068638455121,0.394116873830612
"AENJPLPP_02746",7.64128259892087,1.00103229197079,1.03111071779731,0.970829101756621,0.33163338814276,0.394633253741759
"AENJPLPP_02747",1002.68108327152,-2.67179037000107,0.110082162565569,-24.2708746606396,3.98136550279688e-130,4.81761215258113e-129
"AENJPLPP_02748",191.388478579466,-2.22841840200921,0.166140142144673,-13.4128836850803,5.08235176144181e-41,2.53528573795102e-40
"AENJPLPP_02749",1192.44407357882,-1.93005430904351,0.162781631922504,-11.8567081939709,1.98631703124969e-32,8.34696403787354e-32
"AENJPLPP_02750",784.535066873424,0.334392590272852,0.0480465961095468,6.95975609823499,3.40862347141411e-12,8.25577372939767e-12
"AENJPLPP_02751",1094.03805420469,4.43697819415327,0.225492434393913,19.6768384095863,3.40598164889811e-86,2.94046495934957e-85
"AENJPLPP_02752",24.5309193127299,1.18498112622032,0.267349059384782,4.43233699399268,9.32171712706797e-06,1.71676856380537e-05
"AENJPLPP_02753",1.37761997222868,0.361639561201133,0.946622998502617,0.382031243455082,0.702438190179372,0.754257400930309
"AENJPLPP_02754",0.137763632296293,1.26550956540392,3.11587038994993,0.406149616969228,0.684632670967287,0.738913001588725
"AENJPLPP_02756",0.765784018717804,-2.92226539374558,1.51469915211458,-1.92927116230704,0.0536972078155179,0.0731418115497991
"AENJPLPP_02757",0.806819805980312,-0.82864534969121,1.61405284418228,-0.513394188224998,0.607675610155229,0.667490562667774
"AENJPLPP_02758",202.777800085411,-0.769526362896981,0.164534544378997,-4.67698966075122,2.91116929542562e-06,5.52004599566859e-06
"AENJPLPP_02759",474.13244767549,-1.0209078720853,0.0711084405552368,-14.3570561260201,9.62286688627096e-47,5.26201414307339e-46
"AENJPLPP_02760",194.783285256565,1.76261989806994,0.146330788005942,12.0454480023601,2.04959837961097e-33,8.78440955585756e-33
"AENJPLPP_02761",113.817129550092,1.33287121074975,0.195076803938335,6.83254586829851,8.34207198702174e-12,1.98850181146333e-11
"AENJPLPP_02762",33.2373926628585,1.57588648323569,0.368592644438501,4.27541489775611,1.90781667934987e-05,3.43179203276486e-05
"AENJPLPP_02763",183.241245935312,1.76919651353832,0.19557958424045,9.04591611854146,1.48415377647378e-19,4.55836424925126e-19
"AENJPLPP_02764",189.411708237303,1.02062281929544,0.139906756507549,7.29502166137611,2.9861103206556e-13,7.50387856224797e-13
"AENJPLPP_02765",268.030617140711,0.648126255333828,0.0851066137005372,7.61546285479499,2.62748197573751e-14,6.78372167343369e-14
"AENJPLPP_02766",92.6469743420138,2.15046880072992,0.205780236976831,10.4503174470153,1.46035596882013e-25,5.23815777863695e-25
"AENJPLPP_02767",857.365573563085,2.34045738896682,0.072454426704399,32.3024761277246,6.45666538546032e-229,1.43043623576411e-227
"AENJPLPP_02768",456.412039616862,2.18656796112554,0.213053299472138,10.2630091462699,1.03432376185524e-24,3.61533352026663e-24
"AENJPLPP_02769",429.333983717336,2.58013968008355,0.0893435056809314,28.8788721734056,2.19975483885023e-183,3.9926875478649e-182
"AENJPLPP_02770",50.1753095818422,1.65807855730292,0.477644043041187,3.47136865090129,0.000517812586076767,0.000852551541994153
"AENJPLPP_02771",901.159544882697,1.79338049514391,0.0531339544845195,33.7520614180225,9.9715848052544e-250,2.48300702630013e-248
"AENJPLPP_02772",747.652461706238,0.0151611685414286,0.0906467321639701,0.167255544458058,0.867168981721411,0.892647810702635
"AENJPLPP_02773",70.8031921525022,0.495345449308654,0.242384405077577,2.04363580713914,0.0409895391389199,0.0568345519675866
"AENJPLPP_02774",82.4278643095141,1.9525793736047,0.291831022599905,6.69078755304795,2.21972718944633e-11,5.24140910799514e-11
"AENJPLPP_02775",307.59852875791,1.45702495589719,0.181463096983104,8.02931824773641,9.80157992192411e-16,2.68718474110622e-15
"AENJPLPP_02776",285.376686923656,1.70107186661215,0.0842836793525531,20.1826958632961,1.38957119677452e-90,1.25352635206037e-89
"AENJPLPP_02777",0,NA,NA,NA,NA,NA
"AENJPLPP_02778",90.2623639877655,1.1414444382154,0.124926688690049,9.13691421892565,6.42597109226339e-20,1.9960258660814e-19
"AENJPLPP_02779",28.7145848198099,1.08255778437529,0.247745082735356,4.36964387919534,1.2444932172678e-05,2.26702422226594e-05
"AENJPLPP_02780",0,NA,NA,NA,NA,NA
"AENJPLPP_02781",0,NA,NA,NA,NA,NA
"AENJPLPP_02782",0,NA,NA,NA,NA,NA
"AENJPLPP_02783",0,NA,NA,NA,NA,NA
"AENJPLPP_02784",23.451579740979,0.80031037808707,0.456251024033846,1.75410100126745,0.0794132021518829,0.105499108502479
"AENJPLPP_02785",73.1781378039732,1.27528573940841,0.218701312049699,5.83117553093878,5.50382493599169e-09,1.18619631846516e-08
"AENJPLPP_02786",93.5326589939306,1.19493202614585,0.16339313410176,7.31323279105263,2.60790629363566e-13,6.5644291250829e-13
"AENJPLPP_02787",7.09228742442924,1.30014630431949,0.475526957672178,2.73411692721697,0.00625478285346172,0.00941812130808604
"AENJPLPP_02788",112.112995724855,1.09624611867446,0.215466173432535,5.08778756874198,3.6226482431039e-07,7.15271242232768e-07
"AENJPLPP_02789",22.4571835140207,1.08344639011125,0.253476154753918,4.27435231989806,1.91693711788382e-05,3.44614053471596e-05
"AENJPLPP_02790",15.7211324044879,1.12565225930342,0.516734772888489,2.17839463949977,0.0293766686370991,0.0412835366621173
"AENJPLPP_02791",24.3363443341447,1.09729286913137,0.240427801543741,4.56391840746313,5.02075982482927e-06,9.4018330343136e-06
"AENJPLPP_02792",139.527705299467,1.50561422711146,0.109903805732571,13.699382083047,1.0239194516828e-42,5.24671651006849e-42
"AENJPLPP_02793",24.0136818856542,1.48960137187939,0.39509952222485,3.77019279469456,0.000163121485085339,0.000278619634105513
"AENJPLPP_02794",33.5328802745792,1.11125078654736,0.331148506657532,3.35574753986915,0.000791507866594574,0.00128700118836991
"AENJPLPP_02795",5.92656737494442,1.99300600050708,1.5258506149275,1.30616063001802,0.191497938154358,0.240309574202033
"AENJPLPP_02796",140.033086103722,1.66178691848399,0.461730332950665,3.59904212457609,0.000319391455269841,0.00053344038510423
"AENJPLPP_02797",116.713409139696,1.39428494571865,0.182752014766829,7.62938207547318,2.35881585737625e-14,6.11101649034794e-14
"AENJPLPP_02798",152.896691288064,1.36262811418122,0.145659511622604,9.3548859185504,8.36899823616618e-21,2.65429386163881e-20
"AENJPLPP_02799",47.4520686236218,1.30942015282544,0.445297266567905,2.94055286464635,0.0032762709029761,0.00503900164914089
"AENJPLPP_02800",511.028215701398,1.07195905457052,0.0943160259010448,11.3656088064526,6.2030476261774e-30,2.46242193645224e-29
"AENJPLPP_02801",713.687892664928,0.99816533846812,0.125205815661886,7.97219628490447,1.55878963664356e-15,4.23883860578254e-15
"AENJPLPP_02802",99.6596244738741,0.805077628938317,0.112260494151593,7.17151331840003,7.417321967388e-13,1.8348432748555e-12
"AENJPLPP_02803",304.343972146729,1.36141316359278,0.340149762188383,4.00239340117134,6.2704922188531e-05,0.000110034904224836
"AENJPLPP_02804",26.5492718769275,1.51852798141525,0.271171543718564,5.59987954706359,2.14500798369671e-08,4.47569879146688e-08
"AENJPLPP_02805",3.81553441152073,0.627992978155182,0.584345919328846,1.07469387118587,0.28251180859867,0.342400675505951
"AENJPLPP_02806",2.66401254814509,0.863287382450586,0.65699316959174,1.31399750013693,0.188847045491616,0.237378451425214
"AENJPLPP_02807",2.33951498511998,0.237853233083465,0.900513056680058,0.264130798902977,0.791679132249869,0.831363427467398
"AENJPLPP_02808",2.24651279707307,0.314237866944711,0.786255595957437,0.399663758910431,0.689404188536258,0.74290944923453
"AENJPLPP_02809",12.0271956703441,1.36764085598958,0.464347980559199,2.94529299845899,0.00322648963472831,0.00497004768376094
"AENJPLPP_02810",21.4693001908852,1.10039059555281,0.552864456819046,1.99034425523393,0.0465530260870755,0.0640183786400541
"AENJPLPP_02811",14.2316398956844,0.966298721758475,0.282520904026461,3.4202733602607,0.000625582384957898,0.00102494819242966
"AENJPLPP_02812",12.372297464645,0.228216406665775,0.351622881253207,0.649037417168065,0.516314191369275,0.583297584775263
"AENJPLPP_02813",20.183383969877,-1.46676728889614,0.401207768599352,-3.65587958083847,0.000256301654156598,0.000432383473669557
"AENJPLPP_02814",129.46852349116,-1.56698091433257,0.317539421405285,-4.93476024928754,8.02492752199065e-07,1.55793212781945e-06
"AENJPLPP_02815",1.71754280477374,0.821086007505513,1.02451684274971,0.801437295361384,0.422878531379794,0.4915636632127
"AENJPLPP_02816",780.145005806054,0.527521815737562,0.12238171239879,4.310462775832,1.62913251930933e-05,2.94455685703599e-05
"AENJPLPP_02817",106.520383877517,-0.260671571505323,0.138005643770266,-1.88884718323009,0.0589123083638588,0.0796333715120263
"AENJPLPP_02818",461.298545061444,-1.08928199249378,0.118732551044276,-9.17424904049761,4.54732833499063e-20,1.42275184562064e-19
"AENJPLPP_02819",63.8049416165197,-0.960679999325311,0.534911753873858,-1.79595978657791,0.0725009128050818,0.0967856669391721
"AENJPLPP_02820",162.562662034002,-0.98862890518749,0.102304682721102,-9.6635743241846,4.30573102901976e-22,1.41012691200397e-21
"AENJPLPP_02821",477.532959776543,-0.485904142867986,0.0823798818739484,-5.89833502810164,3.6718783434318e-09,7.98222903950938e-09
"AENJPLPP_02822",183.239343324378,-0.440780925068278,0.425352222795387,-1.03627276747608,0.300074907100404,0.360784395488235
"AENJPLPP_02823",3562.79822709488,1.17290970267366,0.0986121269241923,11.8941730521169,1.26903770350088e-32,5.34770713377364e-32
"AENJPLPP_02824",8.22723255224586,0.170214259461248,0.417416138149522,0.407780734630523,0.683434658760046,0.738854907371374
"AENJPLPP_02825",8.62752428460537,1.01972394423297,0.459104730866785,2.22111399790576,0.026343241181707,0.0372814399626507
"AENJPLPP_02826",109.736566374318,-0.453328929896748,0.135515938935111,-3.34520746016315,0.000822210444609165,0.00133332619462186
"AENJPLPP_02827",164.145386435774,0.510891282748209,0.130281913630242,3.92142906495976,8.80253625881782e-05,0.000153020866256721
"AENJPLPP_02828",97.4846423433748,3.21446304925136,0.531760340515898,6.04494695135178,1.49459170242572e-09,3.3063177675541e-09
"AENJPLPP_02829",0.275086281586633,1.20445975937069,2.77329466148936,0.434306450048786,0.66406592062613,0.720760309382755
"AENJPLPP_02830",382.644155521926,-2.2549272404802,0.0815494082158898,-27.6510558422524,2.7103888307425e-168,4.34383061012082e-167
"AENJPLPP_02831",70.6601091701936,-0.075967668435537,1.69398149332074,-0.0448456306843213,0.964230353630854,0.969554229747
"AENJPLPP_02832",2011.3516611386,-4.38243515283077,0.107908037778511,-40.6126850515625,0,0
"AENJPLPP_02833",2900.84615983673,-2.7518406815229,0.171042311612213,-16.0886546468213,3.06423770114186e-58,1.94369435653483e-57
"AENJPLPP_02834",1073.10829557653,-2.47262944081071,0.0872433827537859,-28.3417419495166,1.05806298595722e-176,1.83215159579834e-175
"AENJPLPP_02835",248.237953562402,0.755689204313226,0.202966363116337,3.72322385202358,0.000196694979485564,0.000334071010817365
"AENJPLPP_02836",99.0634662091188,0.476982484791348,0.156824425789243,3.04150633672568,0.00235397610473844,0.00366160557747905
"AENJPLPP_02837",38.1696005278067,0.0289556287043544,0.223650494214857,0.12946820800019,0.89698717953891,0.917075796386405
"AENJPLPP_02838",5.18218809112265,0.181338024221787,0.661759949670264,0.274023872723248,0.784066275798347,0.825145542780447
"AENJPLPP_02839",0.459600082922335,0.010471804226503,2.06703465185039,0.00506609998875863,0.99595785432602,0.996619400559382
"AENJPLPP_02840",62.3995485105659,-0.399889782899891,0.298512737134208,-1.33960710266143,0.180373113453746,0.227010940198888
"AENJPLPP_02841",332.955907486245,-0.963013540549139,0.0828575580196861,-11.6225189779348,3.16659765996932e-31,1.29281283868395e-30
"AENJPLPP_02842",176.34745012849,-1.75659266014032,0.217255859207681,-8.08536380351952,6.19789055403978e-16,1.71166308334756e-15
"AENJPLPP_02843",252.862574389601,-0.743419899491378,0.0912724971827831,-8.14505927237423,3.7909616567568e-16,1.0576080992415e-15
"AENJPLPP_02844",0,NA,NA,NA,NA,NA
"AENJPLPP_02845",90.0736022632744,-0.278239913853294,0.135487027866602,-2.05362770321631,0.0400117387351981,0.055555469497305
"AENJPLPP_02846",0.127109090611411,1.25498959264728,3.11600231794509,0.402756309075826,0.687127505411082,0.740720992416311
"AENJPLPP_02847",1230.920148687,1.02511044986102,0.0687424501225394,14.9123350714685,2.74000170292603e-50,1.59375002527339e-49
"AENJPLPP_02848",553.361773197466,-0.294449249986321,0.128366545309747,-2.29381611288064,0.0218010634977942,0.0311016118933967
"AENJPLPP_02849",35.9546764528869,-1.15369647496838,0.270621538258478,-4.26313619526638,2.01577570218992e-05,3.61950666906927e-05
"AENJPLPP_02850",357.935449021686,-0.783203686690673,0.103015686127917,-7.60276144468089,2.89877555431669e-14,7.45859158424951e-14
"AENJPLPP_02851",310.825693978371,0.473142884588439,0.138494465331231,3.41633063427369,0.000634711318992848,0.00103933978485079
"AENJPLPP_02852",499.047956768228,0.981221728393499,0.0869231015632754,11.2883883656547,1.49757405898654e-29,5.9137492001657e-29
"AENJPLPP_02853",1090.40047643251,0.595642521714836,0.0839713120485765,7.09340496395083,1.30851825625876e-12,3.21579568198013e-12
"AENJPLPP_02854",395.945669296374,-0.31126510638175,0.124588493565671,-2.49834553315056,0.0124774507235584,0.0182497859369328
"AENJPLPP_02855",12.3159623418427,1.36233882570354,1.35815682585237,1.00307917301711,0.315822662606148,0.377908531545799
"AENJPLPP_02856",0.421302301449418,-0.666588514418496,2.00527681765506,-0.332417204721887,0.739574249000464,0.785732444371791
"AENJPLPP_02857",5.64529941451484,-0.469324691353772,1.56562904492634,-0.299767491459544,0.764354513654654,0.807089459909967
"AENJPLPP_02858",1.59522836347079,0.550169900326613,1.30095232366584,0.422897819019484,0.672369814135373,0.728723111507151
"AENJPLPP_02859",301.058902064326,-0.279968492866716,0.0776378094626874,-3.6060843911531,0.000310852080951712,0.000520042931653253
"AENJPLPP_02860",38.1065363040009,1.02115524598493,0.176956293399532,5.77066362753976,7.89599509113068e-09,1.6789437692009e-08
"AENJPLPP_02861",111.567544904397,-0.00275875843412224,0.33087672973352,-0.00833772274146954,0.993347536829651,0.99466803870646
"AENJPLPP_02862",417.066695049568,0.285508593465012,0.109889343219185,2.59814632703316,0.0093728543279019,0.0139050151318133
"AENJPLPP_02863",132.759905251862,0.779998973370778,0.134463332357306,5.80083030590158,6.59873529473326e-09,1.41207311385166e-08
"AENJPLPP_02864",8.59731040434517,1.04548554026373,1.44875650731433,0.721643378293998,0.470513762235318,0.539443670325348
"AENJPLPP_02865",1.77097530283319,0.761783663857794,1.3353180302811,0.570488562711484,0.56834637725323,0.631193378055283
"AENJPLPP_02866",0.293445859458275,0.305021429523734,2.08658092879384,0.146182410331936,0.883777390911673,0.907638946404321
"AENJPLPP_02867",0.2530839467692,0.303953365586264,2.82123791224398,0.107737587201394,0.914203852756466,0.930258766752865
"AENJPLPP_02868",133.823682861015,-0.368775149727208,0.153083357510025,-2.40898263355021,0.0159970591694938,0.0232621328560254
"AENJPLPP_02869",106.000638795478,-0.385662103284633,0.112947954135042,-3.41451163270767,0.000638964649809682,0.00104573627912905
"AENJPLPP_02870",1.37635203274702,-0.519070468836393,1.31273232915232,-0.39541226898219,0.69253865593167,0.745452537633539
"AENJPLPP_02871",48.1235996831618,-0.995212909256347,2.3574528674508,-0.42215601550181,0.672911143844863,0.729047564331022
"AENJPLPP_02872",2048.66367044065,-1.17854861152685,0.135141494472029,-8.7208493300389,2.76122665642152e-18,8.17247143005702e-18
"AENJPLPP_02873",2212.80327954116,-1.13622233541747,0.467264176133222,-2.43164871918947,0.0150302765149988,0.0218879763845778
"AENJPLPP_02874",22.5129948832285,-0.669873431262913,0.638096374797507,-1.04979977589669,0.293810178319525,0.353816973332026
"AENJPLPP_02875",496.228726583692,-1.04691478707006,0.0972558617924614,-10.7645417743983,5.06127052266078e-27,1.86882452019325e-26
"AENJPLPP_02876",769.600014617866,-1.06283508152731,0.102433466616098,-10.3758577800615,3.19331536906856e-25,1.13326963568947e-24
"AENJPLPP_02877",64.5465968548641,-1.44303307724832,0.442302256200771,-3.26254966376046,0.00110414824221159,0.00176300935547617
"AENJPLPP_02878",212.175010553118,-1.1463939361496,0.119568669819458,-9.5877451666945,9.0030995580112e-22,2.93575097059391e-21
"AENJPLPP_02879",286.655628054576,-1.79554177822085,0.0802099526036485,-22.3855234909985,5.44622552916406e-111,5.71758798584367e-110
"AENJPLPP_02880",132.835498237614,-0.982160811088643,0.120525758598303,-8.14897016630328,3.67036478403021e-16,1.02491279835802e-15
"AENJPLPP_02881",166.878527956155,-0.240181313693945,0.127251933824541,-1.88744725895573,0.0591001937853637,0.0798157256276561
"AENJPLPP_02882",205.686596726155,-0.0716505036813136,0.086843245739598,-0.82505557077127,0.409340042051081,0.477669073082845
"AENJPLPP_02883",28.228968904465,-0.364604832569755,0.223071147205004,-1.63447777598364,0.102158568993167,0.133248384578533
"AENJPLPP_02884",66.4612559691914,0.283415315579928,0.148307116210418,1.9110028083738,0.0560042199934453,0.076009331009122
"AENJPLPP_02885",17.8949337455051,0.00588358331077652,0.288594522303372,0.0203870235090314,0.983734635440107,0.98720459338019
"AENJPLPP_02886",13.0316500212564,-0.189993087456467,0.329159854418047,-0.577206135275439,0.563800212982592,0.62729842798493
"AENJPLPP_02887",471.532091381413,2.59043257649009,0.266560304790153,9.71799825382621,2.52700268576742e-22,8.31937764936324e-22
"AENJPLPP_02888",208.802894511211,0.108635392111573,0.359860488362028,0.301881967109107,0.762742042983678,0.806082699231787
"AENJPLPP_02889",10.75303306735,-0.152662934096207,0.564105679682775,-0.270628252107047,0.786676964371656,0.827169152897917
"AENJPLPP_02890",169.533541476296,1.08567736748885,0.156166426247767,6.95205361084693,3.60006530797525e-12,8.71244720717224e-12
"AENJPLPP_02891",74.3735559138048,1.11249206796846,0.172926603536572,6.43331936912287,1.24846941259795e-10,2.8891231491226e-10
"AENJPLPP_02892",91.6155690543514,1.54176103221503,0.243511737348523,6.33136229490413,2.43005993041741e-10,5.53421811817661e-10
"AENJPLPP_02893",120.381342446139,1.69098016437292,0.283187017041894,5.97124890129678,2.35444219124015e-09,5.16297985604554e-09
"AENJPLPP_02894",213.838226261051,1.38532883113041,0.136873323284911,10.1212478654204,4.44709196807554e-24,1.53132435426418e-23
"AENJPLPP_02895",692.086907264869,1.66330474518629,0.213713231787029,7.78288144013384,7.08910636023805e-15,1.87693123579941e-14
"AENJPLPP_02896",287.749220580304,1.75277049912664,0.272501287671048,6.43215492340173,1.25807412122449e-10,2.90911537010698e-10
"AENJPLPP_02897",100.513080258441,1.60472432748006,0.158056528847766,10.1528506236251,3.21823168551747e-24,1.1107138680944e-23
"AENJPLPP_02898",130.890906359009,0.772561116341034,0.17700920543398,4.36452507905969,1.27399233870024e-05,2.31935886193584e-05
"AENJPLPP_02899",8.30488053806729,2.51079988500394,0.908480026805423,2.76373702329254,0.00571435730438762,0.00862593114134264
"AENJPLPP_02900",1.7775464213862,1.18633503491998,0.856619444622291,1.3849032290448,0.166082059542643,0.209989612002511
"AENJPLPP_02901",9.13891849421633,-1.17889441473184,1.63772531274553,-0.719836474137113,0.47162568477146,0.540512814080034
"AENJPLPP_02902",32.7581819505093,0.999307439659771,0.521873908672867,1.91484460719836,0.0555123237993443,0.0753756789578297
"AENJPLPP_02903",0.426502223414067,-1.40468363925359,1.91338809839839,-0.734134199135754,0.462866952075428,0.531485566540879
"AENJPLPP_02904",49.8865585912651,-0.190759085410944,0.530088134801544,-0.359862960302555,0.71894961728412,0.768154325133707
"AENJPLPP_02905",2050.75051340603,-0.49927868340148,0.22490200003813,-2.219983296355,0.0264199015044545,0.0373723771046579
"AENJPLPP_02906",224.054978172918,-0.320496225491841,0.177627279354251,-1.80431872095873,0.0711813566205417,0.0951505889519486
"AENJPLPP_02907",172.671961638271,-0.11749474819484,0.179822376851409,-0.65339336656599,0.513502714175088,0.580338963919558
"AENJPLPP_02908",57.4960928574641,0.470578506518878,0.666624133271014,0.705912797080759,0.480242368806027,0.549343301903022
"AENJPLPP_02909",9.91071644195847,0.671616204833548,1.6631139719866,0.403830534855828,0.686337340800616,0.740134004234881
"AENJPLPP_02910",371.368526437201,0.0707148776402069,0.0640957192382302,1.10326989821855,0.26990997472353,0.328581314683635
"AENJPLPP_02911",483.54951764091,-0.396263611904636,0.277203951544555,-1.42950203161496,0.152859991425019,0.194414163851238
"AENJPLPP_02912",11.7795806144277,-2.74703600472049,1.63324373634756,-1.68195104232495,0.0925783337617898,0.12148890227538
"AENJPLPP_02913",238.434538281346,-0.427140061661529,0.555400960456743,-0.769066119925798,0.441854059691813,0.511254332508231
"AENJPLPP_02914",50.830185537892,-1.28704037174971,0.574264347401655,-2.24119846125416,0.0250132224912263,0.03551594692086
"AENJPLPP_02915",442.578564764316,0.260219252656711,0.128830625993106,2.01985553241537,0.0433983749332872,0.0600088589600708
"AENJPLPP_02916",133.585691829366,-0.744335321391039,0.204871929649143,-3.6331737718572,0.00027995633930926,0.000470445315303291
"AENJPLPP_02917",53.471182027867,0.590477764788364,1.34853438497912,0.437866302383906,0.66148320446421,0.718215818036276
"AENJPLPP_02918",0.0576601572364535,-0.169842466048218,3.11653965008542,-0.0544971298675963,0.956539095227313,0.963926868588734
"AENJPLPP_02919",419.265924326511,0.477656776648484,0.216245070248219,2.2088678188141,0.0271838361611771,0.0382912100764968
"AENJPLPP_02920",9.62911957947915,-0.617112768040739,1.02196857861921,-0.603847105431094,0.545945298257493,0.609686131819802
"AENJPLPP_02921",621.76244138598,0.591432132925902,0.0897486081187969,6.58987526740298,4.40196239476954e-11,1.03054488698062e-10
"AENJPLPP_02922",41.5488704259206,0.889749516022366,0.315322616608912,2.82171169829503,0.00477680984730143,0.00725795666662593
"AENJPLPP_02923",14.1261145344854,2.10563000404478,0.689344314378274,3.05454032205062,0.00225405712019527,0.00351162052903223
"AENJPLPP_02924",146.873101633484,2.26164277077265,0.138004375588556,16.388196107024,2.32234566080951e-60,1.51783676269393e-59
"AENJPLPP_02925",94.3334911314938,2.37100755936138,0.163659100847408,14.4874776109888,1.45384327159312e-47,8.11190699501865e-47
"AENJPLPP_02926",1235.05263203328,3.9663393115179,0.0723797950147494,54.798985140945,0,0
"AENJPLPP_02927",4508.59366234001,4.64923171098802,0.0944425683620674,49.2281371803032,0,0
"AENJPLPP_02928",15767.0124608701,5.15313177442572,0.132748411613955,38.8187829275993,0,0
"AENJPLPP_02929",102.253857482182,-0.973094300197148,0.404266174728165,-2.40706336821643,0.0160813792256348,0.0233734662840509
"AENJPLPP_02930",21.3718654191052,1.356812887564,2.13431099577835,0.63571470617345,0.524962389353756,0.590190925045845
"AENJPLPP_02931",5.20010254084495,-0.960371505510628,0.858323111067057,-1.11889274927796,0.263185896613662,0.321174202712419
"AENJPLPP_02932",1.80732441328637,0.419841457706105,1.35036272529176,0.310910135360403,0.755868939178806,0.80022245739485
"AENJPLPP_02933",187.165938732681,0.148895313537978,0.219934431502964,0.676998651463862,0.498406809980687,0.56717353170156
"AENJPLPP_02934",195.784481901386,0.578350503027406,0.13626474248554,4.24431509191588,2.19262080680222e-05,3.92535145032388e-05
"AENJPLPP_02935",129.583418808944,0.428558599633476,0.742863556865209,0.576900826097782,0.564006452509517,0.62729842798493
"AENJPLPP_02936",387.490187215893,0.448704553785664,0.0914574800963624,4.90615478704307,9.28792370677785e-07,1.79618190812077e-06
"AENJPLPP_02937",225.047058202031,0.731454047015159,0.076002417617247,9.62408920593563,6.32648923427722e-22,2.06967557685964e-21
"AENJPLPP_02938",5.5963417727462,-0.690072142422433,1.39532498991501,-0.494560154379851,0.620910634444388,0.679797871214005
"AENJPLPP_02939",2067.63508151725,0.267334235265428,0.19377827572955,1.37958826529419,0.167713452553844,0.211785680027129
"AENJPLPP_02940",2172.27704568931,0.417413240396917,0.122864772707789,3.39733864473633,0.000680447032963727,0.00111061046062823
"AENJPLPP_02941",7709.47516768201,3.2817585512872,0.0852519679162285,38.4948128647537,0,0
"AENJPLPP_02942",28.1564582792213,2.30389837965338,2.16634954990821,1.06349336825675,0.287558271046434,0.347259747760684
"AENJPLPP_02943",47.2218736068869,-0.18229491471656,0.214102589644198,-0.851437224647786,0.394526520939626,0.461634333045085
"AENJPLPP_02944",55.6145387170266,1.12841732103101,0.239199432650973,4.71747490587712,2.3878984271196e-06,4.54787481726381e-06
"AENJPLPP_02945",0.505307411106476,1.03441660528694,2.09749649026333,0.493167263968616,0.621894406485084,0.680182970392409
"AENJPLPP_02946",6.77706046315869,0.887253368929036,0.511430433069228,1.73484664102681,0.0827679724164131,0.10976228032159
"AENJPLPP_02947",8.47269024049172,0.779739747876499,0.464993174562164,1.6768842867655,0.0935651113879456,0.12265469916549
"AENJPLPP_02948",89.4867720115094,0.0322777057792127,0.116867651244962,0.276190249700122,0.782401945706293,0.823681712932585
"AENJPLPP_02949",246.321708153148,0.448814030117861,0.08858899847783,5.0662501871514,4.05728596500095e-07,7.97950562176753e-07
"AENJPLPP_02950",48.1097583053683,1.45836602212765,0.800128425152684,1.82266493263173,0.0683541545736185,0.0915745076613217
"AENJPLPP_02951",7.6195262305124,0.983981900283205,0.874223573380193,1.12554949356791,0.260356256533961,0.318495087672279
"AENJPLPP_02952",109.415526422351,-0.0774699328192594,0.114497164399796,-0.676610056025085,0.498653397105023,0.56717353170156
"AENJPLPP_02953",65.4884393023876,0.61445317644262,0.294488571904807,2.08650941008754,0.0369325037073303,0.0514221967052616
"AENJPLPP_02954",258.851878080576,0.345157201865343,0.082700966644048,4.17355704378801,2.99880532592801e-05,5.33061973275582e-05
"AENJPLPP_02955",6.83446595632,0.0470300193887381,0.502002305210874,0.0936848673812015,0.925359491482926,0.939706150265607
"AENJPLPP_02956",211.88422413875,1.27790981642132,0.193049923990054,6.61958207498265,3.60215800648916e-11,8.4461494735812e-11
"AENJPLPP_02957",86.2244600239828,2.46058714110067,0.139409045458532,17.6501254492313,1.01530428134815e-69,7.35363413389898e-69
"AENJPLPP_02958",209.859142021334,3.29018848945036,0.220036925345845,14.9528924941983,1.49128477417859e-50,8.70783144302345e-50
"AENJPLPP_02959",386.703003271492,4.01755291357628,0.116510979144626,34.4821830789806,1.48375472946396e-260,3.78860423718213e-259
"AENJPLPP_02960",138.46397852641,5.00745103230906,0.256440606946261,19.5267477016945,6.50527102147436e-85,5.52123425005697e-84
"AENJPLPP_02961",429.055563606246,4.18316897961335,0.10221141063228,40.9266338634431,0,0
"AENJPLPP_02962",114.82660618431,-0.176522304533085,0.159009032621514,-1.11014010728094,0.266938656665741,0.325226919746816
"AENJPLPP_02963",5.42910109364662,1.84202828311242,1.52962297744345,1.20423680232047,0.228498065293646,0.28238911842894
"AENJPLPP_02964",0.0690079503690043,0.791942550544679,3.11653965008542,0.254109570055678,0.799410910152732,0.835168194275375
"AENJPLPP_02965",285.501428278406,-0.234498957130355,0.0681040325751887,-3.44324628459352,0.000574775622129316,0.000943759645490805
"AENJPLPP_02966",67.845613451808,-0.00742846945423389,0.166461349770093,-0.0446257912992635,0.964405584650435,0.969554229747
"AENJPLPP_02967",4.33925193042479,-0.0939497408283627,0.516757442226989,-0.181806265669793,0.855734767180433,0.8826870433121
"AENJPLPP_02968",725.002991778819,1.89819843416449,0.181759189275834,10.443479868761,1.56949629448462e-25,5.61626168085768e-25
"AENJPLPP_02969",0.460421057626085,1.25536926642694,1.62594315426485,0.772086811973775,0.440063012614769,0.509573350118485
"AENJPLPP_02970",62.3080198302125,-0.823228802134778,0.165080723287718,-4.98682575251368,6.13793757272585e-07,1.19932593428165e-06
"AENJPLPP_02971",49.7879479648396,-0.803323299179661,0.336313420214601,-2.38861505635744,0.0169120119277589,0.0245216034351961
"AENJPLPP_02972",103.211660474382,-0.624786250882436,0.189214257318864,-3.30200408645499,0.000959966715884138,0.00154590043557398
"AENJPLPP_02973",40.5870557015179,-0.710092613396746,0.196255947283553,-3.61819666219234,0.000296662938572713,0.000497133166807333
"AENJPLPP_02974",144.873481525341,-0.586536129814123,0.122783882628825,-4.77697982223952,1.77947621893627e-06,3.40416625247936e-06
"AENJPLPP_02975",80.8546295172649,-1.04921121922867,0.135201774644682,-7.76033614932981,8.47045731059291e-15,2.24069252649837e-14
"AENJPLPP_02976",26.0220102647532,-0.76204065737851,0.325370786545274,-2.34206846124606,0.0191771968478302,0.0276463608145992
"AENJPLPP_02977",8.35798393879469,-1.14322792299708,0.511739296024958,-2.23400456419381,0.0254827727487275,0.0361485848831996
"AENJPLPP_02978",27.1508510769659,-0.596240955204874,0.238250871076833,-2.50257618161066,0.0123293087825177,0.0180506352583702
"AENJPLPP_02979",18.2203188061767,-0.930531684518776,0.274798607593399,-3.38623143933691,0.000708595955231528,0.00115592832328781
"AENJPLPP_02980",43.4762846489149,-0.470600982571904,0.212659911396959,-2.21292757756051,0.0269026390658661,0.037948338719782
"AENJPLPP_02981",33.6403986425726,-0.559390179529773,0.205616532214073,-2.7205505973001,0.00651732970664864,0.00977924024209778
"AENJPLPP_02982",1436.25059537058,-0.924388990032855,0.0712219724045339,-12.9789861025249,1.60997676724831e-38,7.61516483472397e-38
"AENJPLPP_02983",82.9115121438474,-2.27104056361556,0.773755940804539,-2.93508643210438,0.00333454790281468,0.00512340276959747
"AENJPLPP_02984",263.238803341654,-0.621740646102888,0.0866573956161151,-7.17469803566619,7.24669543182123e-13,1.795583333559e-12
"AENJPLPP_02985",193.295134120355,-1.35059762967825,0.0979911499451126,-13.7828531498483,3.23240146110281e-43,1.67340646087676e-42
"AENJPLPP_02986",25.8356421540516,-1.48095229759992,0.722256847878124,-2.050451029922,0.0403204378335702,0.0559583045566775
"AENJPLPP_02987",90.6818169097101,0.0554079732651096,0.431254120561448,0.12848102922002,0.897768310280987,0.917251922304718
"AENJPLPP_02988",11.9587722900959,-0.266219843750966,0.322598940698197,-0.825234711480422,0.409238350118256,0.477669073082845
"AENJPLPP_02989",293.337380840643,0.410795784666429,0.271744917523604,1.5116962937522,0.130611141922387,0.167817215612858
"AENJPLPP_02990",635.460582224415,0.529482789824424,0.16383098719837,3.23188426609012,0.00122976852739956,0.00195529951084689
"AENJPLPP_02991",171.064534111887,-0.178115238681673,0.155291711438631,-1.146971960265,0.251393209765217,0.308658411174653
"AENJPLPP_02992",3620.08647015009,2.62982110421779,0.0936425808887184,28.0836034126716,1.55362294063095e-173,2.58622426526026e-172
"AENJPLPP_02993",4034.54203715048,2.11789983561649,0.166130350732646,12.7484221051506,3.18119014872267e-37,1.47460398740022e-36
"AENJPLPP_02994",96.1885060326417,-0.319664393391439,0.495079659972348,-0.645682744084646,0.518484838113653,0.584653748965733
"AENJPLPP_02995",21.5927240681586,0.203317510737705,0.514180745415822,0.395420311924127,0.692532721171873,0.745452537633539
"AENJPLPP_02996",345.304536975712,0.168955853355477,0.151290867222137,1.11676174813251,0.264096208237994,0.322024231250941
"AENJPLPP_02997",57.2104646781615,0.205535022656077,0.313724421054494,0.655145117377952,0.512374326017165,0.579657842244609
"AENJPLPP_02998",25.7829356910863,0.650201772264123,0.220008441641224,2.95534920121125,0.00312315333382827,0.00481825959796446
"AENJPLPP_02999",10.5345336589074,0.585448041810204,0.364461548481813,1.60633692154611,0.108199902178118,0.140701901278666
"AENJPLPP_03000",12.4445071131431,0.284201965770277,0.295113700004147,0.963025321312712,0.33553481620009,0.398331915370714
"AENJPLPP_03001",251.684784874381,1.6094216893482,0.271657541399001,5.92445061918724,3.13343147371605e-09,6.83142476867326e-09
"AENJPLPP_03002",176.173562390435,0.0657985989693062,0.407440446400298,0.161492555662138,0.871705474124727,0.897011131672746
"AENJPLPP_03003",342.262963633619,-0.0304693421011115,0.0987824514577169,-0.308448936541666,0.757740749909605,0.801640758243553
"AENJPLPP_03004",144.092816212433,-0.89657931503521,0.158874236517874,-5.64332729261826,1.66794836058654e-08,3.50699819291503e-08
"AENJPLPP_03005",6.12410041490697,-0.695339004853041,0.582911322987019,-1.19287270195732,0.232919231659592,0.287499240061594
"AENJPLPP_03006",97.3285601734229,-0.772894992030345,0.155208884851756,-4.97970842821632,6.3680138762362e-07,1.24347542508747e-06
"AENJPLPP_03007",47.6061938591117,-0.926075884457606,0.18796651064227,-4.92681319291007,8.35815933833751e-07,1.62053629899684e-06
"AENJPLPP_03008",38.1999728523619,-0.3538564924311,0.206960103892467,-1.70978118862444,0.0873063428388319,0.11517250918275
"AENJPLPP_03009",0,NA,NA,NA,NA,NA
"AENJPLPP_03010",0.13256249567471,1.26550956540392,3.11587038994993,0.406149616969228,0.684632670967287,0.738913001588725
"AENJPLPP_03011",4.02180505077625,-0.818605616111858,0.57193117382334,-1.43130092147191,0.15234398996043,0.193921606147349
"AENJPLPP_03012",39.9241999937838,-0.687645594007874,0.246695289377663,-2.7874289604094,0.00531281013181134,0.00803185997348096
"AENJPLPP_03013",0,NA,NA,NA,NA,NA
"AENJPLPP_03014",32.8886506950336,-0.543396316767231,0.333297140973607,-1.63036597067678,0.103024172268809,0.134261172597717
"AENJPLPP_03015",35.0112666136171,-0.620032001901076,0.183385043536395,-3.38103909645185,0.000722122673619299,0.00117735693485657
"AENJPLPP_03016",12.1129025672048,-1.25688834822374,0.392799402492536,-3.1998224545355,0.00137512268445398,0.00218065507803149
"AENJPLPP_03017",119.124974517073,2.66133545116292,0.209599546332646,12.6972386044158,6.1253084677748e-37,2.82195021611705e-36
"AENJPLPP_03018",76.3896730057996,2.11048062121296,0.351512273546807,6.00400264809511,1.92511558549641e-09,4.24314064308755e-09
"AENJPLPP_03019",10.5767156524904,2.41287776059282,0.585617438425096,4.1202286719497,3.78496557919284e-05,6.69647756318734e-05
"AENJPLPP_03020",7.79084276399261,0.405321880983239,0.540450752740397,0.749970055417673,0.453272739825511,0.522660070835922
"AENJPLPP_03021",9.84388944703644,-1.00823383107119,0.498195941442328,-2.02376966009047,0.0429938573119734,0.0594768099545343
"AENJPLPP_03022",19.8656250808731,-0.480460747744298,0.281254728711757,-1.70827615928441,0.0875851128185898,0.115439171007179
"AENJPLPP_03023",23.3415125581014,-1.07919831663657,0.34018378075921,-3.17239791452741,0.00151185701617964,0.00239245020470024
"AENJPLPP_03024",42.6319576205826,-1.2361912909281,0.234275086895011,-5.27666559561279,1.31555634328665e-07,2.6566831516908e-07
"AENJPLPP_03025",18.0141813536147,-0.494164502410545,0.392989738042835,-1.25744887098472,0.208591142160987,0.259704591459113
"AENJPLPP_03026",0,NA,NA,NA,NA,NA
"AENJPLPP_03027",0,NA,NA,NA,NA,NA
"AENJPLPP_03028",0,NA,NA,NA,NA,NA
"AENJPLPP_03029",0,NA,NA,NA,NA,NA
"AENJPLPP_03030",0,NA,NA,NA,NA,NA
"AENJPLPP_03031",0,NA,NA,NA,NA,NA
"AENJPLPP_03032",0,NA,NA,NA,NA,NA
"AENJPLPP_03033",0,NA,NA,NA,NA,NA
"AENJPLPP_03034",0,NA,NA,NA,NA,NA
"AENJPLPP_03035",0.0742090869905875,0.791942550544679,3.11653965008542,0.254109570055678,0.799410910152732,0.835168194275375
"AENJPLPP_03036",0,NA,NA,NA,NA,NA
"AENJPLPP_03037",0,NA,NA,NA,NA,NA
"AENJPLPP_03038",0,NA,NA,NA,NA,NA
"AENJPLPP_03039",0.287069744648562,-0.632872839722603,2.07997204913026,-0.304269877081877,0.760922292455456,0.804724067100136
"AENJPLPP_03040",0,NA,NA,NA,NA,NA
"AENJPLPP_03041",0,NA,NA,NA,NA,NA
"AENJPLPP_03042",0,NA,NA,NA,NA,NA
"AENJPLPP_03043",0.528735756547421,0.889985442484052,1.44121283024916,0.617525339633693,0.536888272775061,0.601578417951379
"AENJPLPP_03044",86.0037238060462,1.05175495044279,0.455816081398215,2.30741080309527,0.0210319295545005,0.0301066736351125
"AENJPLPP_03045",0,NA,NA,NA,NA,NA
"AENJPLPP_03046",0,NA,NA,NA,NA,NA
"AENJPLPP_03047",460.835045777113,1.45280271483009,0.463794367876871,3.13242854043406,0.00173366624335964,0.00272912037160011
"AENJPLPP_03048",132.926958090582,1.46080042083883,1.12195417475968,1.3020143368616,0.192911484643195,0.241881940586744
"AENJPLPP_03049",433.823990897826,0.675477915728749,0.22513209929104,3.00036253317891,0.00269658442594834,0.00418157945207531
"AENJPLPP_03050",9808.80085608101,1.89083184719809,0.283087728773243,6.67931406066939,2.40063209639746e-11,5.65528108400746e-11
"AENJPLPP_03051",36.400147603506,-1.54355751433741,0.343712488786998,-4.49083918883717,7.09431003156698e-06,1.31864010642266e-05
"AENJPLPP_03052",228.200295841592,-0.0318362772100275,0.0970332897324621,-0.328096442961026,0.742838743379247,0.788644515081632
"AENJPLPP_03053",110.629834804116,-0.18491858812995,0.475319150637032,-0.389040895747874,0.697245894264861,0.749483367613281
"AENJPLPP_03054",498.992876893253,0.701716505372328,0.0884755360327959,7.93119247237132,2.17051513454076e-15,5.85475568520261e-15
"AENJPLPP_03055",1.1443002418665,1.31444327355135,1.40838399576142,0.933298928067349,0.350665648462074,0.41514954766846
"AENJPLPP_03056",25.6025415245508,2.17291873228714,1.10158942586175,1.9725304920999,0.0485490789676972,0.0666112818441128
"AENJPLPP_03057",206.010626206619,0.483713762485213,0.240677598085101,2.0097996919272,0.0444523934241546,0.0612823316200857
"AENJPLPP_03058",369.264424034893,0.519171330310934,0.0911168548641424,5.69786271799035,1.21318676180831e-08,2.56334622253047e-08
"AENJPLPP_03059",67432.1844327849,2.71196427686217,0.0408864818303117,66.3291179739416,0,0
"AENJPLPP_03060",19251.4102114598,2.7090197608896,0.178702282590114,15.1594021163301,6.56643563096924e-52,3.87934716786477e-51
"AENJPLPP_03061",1337.3702936144,1.02535279942936,0.0784424731637951,13.071398160641,4.79755496552963e-39,2.31280529778252e-38
"AENJPLPP_03062",445.415711817382,1.26490936589269,0.225732274009651,5.60358225886038,2.09966399291538e-08,4.38716200461445e-08
"AENJPLPP_03063",425.37821152748,1.9407110132101,0.148975613222581,13.0270382596816,8.58768382349857e-39,4.09409673420905e-38
"AENJPLPP_03064",195.38844957634,0.988392488185643,0.106623556522296,9.26992608785249,1.86274960531715e-20,5.87077882931023e-20
"AENJPLPP_03065",1925.46764417076,0.835825565731624,0.0565707269721801,14.7748775818748,2.12743397183807e-49,1.22327453380689e-48
"AENJPLPP_03066",12.8026205150723,1.27803631856223,1.00227326309604,1.2751375953244,0.202260544604165,0.252553261870017
"AENJPLPP_03067",357.287496331378,1.24850675774329,0.0869368833850341,14.3610710337268,9.08127825048131e-47,4.98395106898e-46
"AENJPLPP_03068",268.588479716887,-0.668878876376627,0.086687900173405,-7.71594276754476,1.20091194926507e-14,3.15187082154674e-14
"AENJPLPP_03069",0,NA,NA,NA,NA,NA
"AENJPLPP_03070",535.589831637066,-0.260966714859245,0.210328182266299,-1.24075961693441,0.214694563476818,0.266641058542421
"AENJPLPP_03071",685.304729146073,-0.0965344288320995,0.118022876347331,-0.817929810048074,0.413397267397887,0.481843700839394
"AENJPLPP_03072",421.011832376805,1.76687648171087,0.136086936344775,12.9834393305357,1.51903057610484e-38,7.19628793365392e-38
"AENJPLPP_03073",186.454719725947,0.862467149583899,0.676711724218876,1.27449712886154,0.202487289541981,0.252731650120128
"AENJPLPP_03074",368.19011305033,1.14880895598655,0.153375860834292,7.49015490271787,6.87923748222904e-14,1.75951973972463e-13
"AENJPLPP_03075",111.575142629817,0.368108091907742,0.345233471105555,1.0662584097913,0.286306844651208,0.346164736329891
"AENJPLPP_03076",0,NA,NA,NA,NA,NA
"AENJPLPP_03077",6.70267216478731,2.43059283144306,0.674147120993969,3.60543382260443,0.00031163189963894,0.000521058220650458
"AENJPLPP_03078",770.943880134228,0.438183948251742,0.122311744347958,3.58251736648587,0.000340298985689739,0.000567102236661053
"AENJPLPP_03079",1614.11878824886,0.463273745146973,0.125565402029129,3.6895015478826,0.000224693861254638,0.000380124988186537
"AENJPLPP_03080",60.9267151726861,-0.67328765123848,0.515335482075907,-1.30650357806977,0.191381363036832,0.240263352845822
"AENJPLPP_03081",0,NA,NA,NA,NA,NA
"AENJPLPP_03082",0,NA,NA,NA,NA,NA
"AENJPLPP_03083",0.201318177601999,1.62054947170532,3.10620643895687,0.521713383689185,0.601869904738718,0.663047174763348
"AENJPLPP_03084",0,NA,NA,NA,NA,NA
"AENJPLPP_03085",0.879734065840299,3.45815164255413,2.2907286996292,1.50962950920985,0.131137987240771,0.16835055626606
"AENJPLPP_03086",0.697397057647105,0.957447866898585,1.46383418868418,0.654068523812263,0.513067659295408,0.580064862085203
"AENJPLPP_03087",0,NA,NA,NA,NA,NA
"AENJPLPP_03088",0,NA,NA,NA,NA,NA
"AENJPLPP_03089",0,NA,NA,NA,NA,NA
"AENJPLPP_03090",0,NA,NA,NA,NA,NA
"AENJPLPP_03091",0,NA,NA,NA,NA,NA
"AENJPLPP_03092",0,NA,NA,NA,NA,NA
"AENJPLPP_03093",0,NA,NA,NA,NA,NA
"AENJPLPP_03094",0,NA,NA,NA,NA,NA
"AENJPLPP_03095",35.2565113472414,-0.89061933752184,0.271404138929394,-3.28152452293122,0.00103247546047599,0.00165294822657501
"AENJPLPP_03096",70.5417926654733,-1.15136493221581,0.140876519128926,-8.17286613365365,3.01148072313018e-16,8.43270577954575e-16
"AENJPLPP_03097",0.465874462689384,1.26099142773501,1.67402507324838,0.753269140281222,0.451288199018187,0.520770334600459
"AENJPLPP_03098",0.396299020715279,0.325469618798798,2.11542272986883,0.153855593117778,0.877723598662282,0.902587441218244
"AENJPLPP_03099",15.3787195965662,-1.40672079281586,0.325302571210406,-4.32434575472812,1.52985198492169e-05,2.77343202801989e-05
"AENJPLPP_03100",53.4375463341594,-1.04099482244566,0.175279615019674,-5.93905242391603,2.86674192597667e-09,6.26359203986055e-09
"AENJPLPP_03101",15.7523860729151,-0.604670468729403,0.349222815981899,-1.73147469482849,0.0833671344149302,0.110411066370191
"AENJPLPP_03102",2.2960336919004,-1.0174581729822,0.802288029390232,-1.26819563013486,0.20472809718763,0.255000312867437
"AENJPLPP_03103",26.1741323144334,-0.989697303357257,0.267164021835376,-3.70445577424007,0.000211845062730284,0.000358790991571864
"AENJPLPP_03104",8.82253118903818,-1.78514313606754,0.480201591926667,-3.71748691816115,0.000201214402515389,0.0003415543632557
"AENJPLPP_03105",15.4184706711067,-1.65304246861995,0.344063984262614,-4.80446237975968,1.55167871603136e-06,2.97405087239344e-06
"AENJPLPP_03106",24.8010056408065,-1.66688702327093,0.519504099168002,-3.20861187802077,0.00133377406420099,0.00211619866005139
"AENJPLPP_03107",12.5777952449695,-1.9868202052727,0.354867971883523,-5.59875887003076,2.1589183755522e-08,4.50160627372926e-08
"AENJPLPP_03108",0,NA,NA,NA,NA,NA
"AENJPLPP_03109",22.1391812611677,-0.428059689139661,1.43515867004901,-0.298266455182299,0.765499804602649,0.807863716731272
"AENJPLPP_03110",1.97032108025557,-1.0605185801706,1.52772020496341,-0.694183775749696,0.487566965898293,0.556487165585357
"AENJPLPP_03111",1.27605544483771,2.88385357165601,1.21624572452395,2.3711109634402,0.0177347058490791,0.0256527454264404
"AENJPLPP_03112",0,NA,NA,NA,NA,NA
"AENJPLPP_03113",0,NA,NA,NA,NA,NA
"AENJPLPP_03114",0,NA,NA,NA,NA,NA
"AENJPLPP_03115",1640.31026723695,3.10712614781416,0.223986422176464,13.8719397257316,9.37079516434883e-44,4.90177184551789e-43
"AENJPLPP_03116",9.08825427070428,2.33673211809893,0.600993826111241,3.88811334921502,0.000101026447894849,0.000174837844633647
"AENJPLPP_03117",0,NA,NA,NA,NA,NA
"AENJPLPP_03118",270.185004202188,1.10510479947739,0.342312544589831,3.22835028088601,0.0012450641429547,0.0019785750330815
"AENJPLPP_03119",41.1597997113563,0.240268149448772,0.161222971198724,1.49028483759065,0.136149357523464,0.174412421011138
"AENJPLPP_03120",416.145543436253,0.56105080780259,0.0998494647564135,5.61896660308891,1.9210298128658e-08,4.02507846047611e-08
"AENJPLPP_03121",125.510469759696,-0.07462484056981,0.219270483202098,-0.340332357917182,0.733606251859931,0.781752138259446
"AENJPLPP_03122",5.17391858578715,0.301630562697236,0.451805703064475,0.667611233438087,0.504381785210272,0.57217707787596
"AENJPLPP_03123",11.1159578113879,0.52352044571425,0.356771079025274,1.46738476432716,0.142271416704335,0.18186838291479
"AENJPLPP_03124",826.196126865656,0.759936886508808,0.0723701028624124,10.5007020364967,8.5740072219137e-26,3.09383039037437e-25
"AENJPLPP_03125",960.303347625568,1.23446410090877,0.175259860930878,7.04362136516611,1.87306703377265e-12,4.58080436100405e-12
"AENJPLPP_03126",902.351286393498,-0.876676263695504,0.0630059989117654,-13.914171330308,5.1958637349768e-44,2.73213567774609e-43
"AENJPLPP_03127",1.67352946449762,3.34566051300267,1.2772088487989,2.61950934347893,0.00880563604240408,0.0130954498498339
"AENJPLPP_03128",1.47665801270991,2.29232334475379,1.43189944335983,1.60089687539443,0.109399761779765,0.142078225104497
"AENJPLPP_03129",0,NA,NA,NA,NA,NA
"AENJPLPP_03130",0,NA,NA,NA,NA,NA
"AENJPLPP_03131",0,NA,NA,NA,NA,NA
"AENJPLPP_03132",0.666427702371289,0.378404834514655,1.43424115296386,0.263836268909647,0.79190608590489,0.831363427467398
"AENJPLPP_03133",1662.71732234201,2.94514943132699,0.293457968210304,10.0360179322729,1.05861790889681e-23,3.61224887826285e-23
"AENJPLPP_03134",1.58553221970509,0.821871314504635,0.94959611560883,0.865495657569846,0.386766798312016,0.453258795532518
"AENJPLPP_03135",0.0690079503690043,0.791942550544679,3.11653965008542,0.254109570055678,0.799410910152732,0.835168194275375
"AENJPLPP_03136",106.120563393198,1.43620743784064,0.198722184614016,7.22721240524924,4.93008712122517e-13,1.23375020732985e-12
"AENJPLPP_03137",181.557330089339,1.2428702374986,0.0933130102137763,13.3193670920189,1.78615249058968e-40,8.79359061135083e-40
"AENJPLPP_03138",30.0218655113538,1.73690339552725,0.220552352103798,7.87524312916788,3.40080886413112e-15,9.11622518472158e-15
"AENJPLPP_03139",48.7969374537436,0.404774095270054,0.283461133994403,1.42797035193561,0.153300392320487,0.194809819511442
"AENJPLPP_03140",11.9166424682892,0.217740434606732,0.375168901943513,0.580379752902641,0.561658555879235,0.625148588424136
"AENJPLPP_03141",13.9460334488035,0.515465332603889,0.565004613836623,0.912320572222691,0.361599987856178,0.426920361838035
"AENJPLPP_03142",21.0437444739386,0.674788276462454,0.323854341136391,2.08361658545212,0.0371950571489711,0.0517638370391916
"AENJPLPP_03143",28.1529319750281,0.265963211342214,0.234561448135887,1.13387435768275,0.256847254624378,0.314457853792463
"AENJPLPP_03144",7.56624370704296,0.533346607789539,0.384212582572353,1.38815497456828,0.165089859449258,0.208910435329951
"AENJPLPP_03145",16.0090812948352,0.273450488239396,0.407322079055164,0.671337259383777,0.50200570376216,0.570125588177681
"AENJPLPP_03146",11.6507464605144,0.0982949183016831,0.350319186133422,0.28058673972897,0.779027387785689,0.820702629160238
"AENJPLPP_03147",19.3959088688643,-0.255415642334542,0.753204699261829,-0.33910521613163,0.73453046910471,0.781752138259446
"AENJPLPP_03148",13.3197983369707,0.210347019004973,0.41385950029166,0.508257074820645,0.611273069105264,0.670464418352443
"AENJPLPP_03149",24.5190935751962,-0.53827130205783,0.338443063947296,-1.5904338407173,0.111737047415168,0.144988683833722
"AENJPLPP_03150",3.18694176462939,0.0200377779196499,0.728388507792763,0.0275097392466699,0.978053171992739,0.98196408104436
"AENJPLPP_03151",50.2276205608902,0.0223489566110164,0.189297480714918,0.118062620414235,0.906018040845304,0.923488618764175
"AENJPLPP_03152",33.0796105234101,0.255780865688227,0.198280247142991,1.2899967060449,0.197051801777939,0.246662683322363
"AENJPLPP_03153",37.1813746302434,0.44082090551105,0.197679371297666,2.22997929737069,0.0257488173117987,0.0364916211479066
"AENJPLPP_03154",0.592983553300795,1.70072254754561,1.59892350915822,1.06366723473907,0.287479472481886,0.347259747760684
"AENJPLPP_03155",42.6673215242696,0.384326172514698,0.191735027199338,2.00446511067137,0.0450202606709281,0.0620237976230025
"AENJPLPP_03156",325.997213521077,0.366433109961557,0.0630048252699951,5.81595311773786,6.02893633110347e-09,1.29381660723752e-08
"AENJPLPP_03157",2.19360343957424,-1.54486530923523,0.904291787216906,-1.7083703856139,0.0875676386432644,0.115439171007179
"AENJPLPP_03158",7.956275429488,-1.34962146603714,0.415038723250847,-3.25179649615834,0.00114678097602187,0.0018291429755182
"AENJPLPP_03159",11.1367464621892,-0.979565609056593,0.462624103698234,-2.11741152530945,0.0342249368942931,0.0478513850870094
"AENJPLPP_03160",20.0876498990308,0.0506378771032503,0.264726794544784,0.191283535126566,0.848303459985203,0.875921290245174
"AENJPLPP_03161",5.86576010247584,-0.272517134699745,0.429543317588195,-0.634434580963517,0.525797247543304,0.590909029036917
"AENJPLPP_03162",7.96257472129225,0.413310697234624,0.471102066825388,0.877327284976263,0.380308896280173,0.446559121002401
"AENJPLPP_03163",2.29212434162578,1.55276562802628,0.91199860491629,1.70259649483653,0.0886436064920431,0.116681164858246
"AENJPLPP_03164",32.2408635012403,0.0285111779117989,0.219388472143054,0.129957502476283,0.896600049585354,0.917075796386405
"AENJPLPP_03165",31.2827458006512,0.275403750738995,0.220637846767616,1.24821627283673,0.211951866211972,0.263512165459993
"AENJPLPP_03166",72.056084907687,0.453195194108493,0.178508741795167,2.53878431695249,0.0111238376933561,0.0163438395756784
"AENJPLPP_03167",9.04614559997836,0.00580657886886247,0.450256086485485,0.0128961696313453,0.98971063056466,0.991355761267061
"AENJPLPP_03168",22.2916792485061,1.13352774170938,0.267500031503526,4.23748638584528,2.26036120888038e-05,4.0418209628229e-05
"AENJPLPP_03169",0,NA,NA,NA,NA,NA
"AENJPLPP_03170",0,NA,NA,NA,NA,NA
"AENJPLPP_03171",0,NA,NA,NA,NA,NA
"AENJPLPP_03172",0,NA,NA,NA,NA,NA
"AENJPLPP_03173",0,NA,NA,NA,NA,NA
"AENJPLPP_03174",157.676109301831,0.661295052991368,0.365623525045958,1.80867752672163,0.0705011163364753,0.0943367999832584
"AENJPLPP_03175",0,NA,NA,NA,NA,NA
"AENJPLPP_03176",139.037327889796,0.00896253301132243,0.138165229479994,0.0648682236844558,0.948278921114307,0.960492850654033
"AENJPLPP_03177",0.057785917079022,-0.169842466048218,3.11653965008542,-0.0544971298675962,0.956539095227313,0.963926868588734
"AENJPLPP_03178",266.614058856216,-0.0398530071568985,0.153944405205855,-0.258879217491581,0.795728433739781,0.835085256307196
"AENJPLPP_03179",553.456371136563,0.217157934552653,0.204312093560555,1.06287362029449,0.287839267475443,0.347459820874803
"AENJPLPP_03180",207.037936035472,0.0134635626704615,0.109637645722188,0.122800545212152,0.902265042512147,0.920285908290149
"AENJPLPP_03181",53.6413044595498,-0.24776810243333,0.173803537256478,-1.42556421085783,0.153994173071728,0.195526524848342
"AENJPLPP_03182",0,NA,NA,NA,NA,NA
"AENJPLPP_03183",0.178747136522531,-1.04480368999937,2.92081424747938,-0.357709734845693,0.720560547180858,0.769602597892919
"AENJPLPP_03184",0,NA,NA,NA,NA,NA
"AENJPLPP_03185",0.175560898430905,0.31105120997927,3.11653965008542,0.0998065947823716,0.920497872317484,0.935635504112556
"AENJPLPP_03186",0,NA,NA,NA,NA,NA
"AENJPLPP_03187",0.833037472827318,1.54274228436723,1.27211900099905,1.21273425139916,0.225231440076266,0.27869500162209
"AENJPLPP_03188",0,NA,NA,NA,NA,NA
"AENJPLPP_03189",0.293633359365578,0.293803322982826,2.74520683908653,0.107024111553135,0.91476985135909,0.930520446368986
