"","baseMean","log2FoldChange","lfcSE","stat","pvalue","padj"
"AENJPLPP_00001",0,NA,NA,NA,NA,NA
"AENJPLPP_00003",0.475219774881354,2.4935186716542,3.9936330910906,0.624373500213878,0.532382324136618,0.989954701282218
"AENJPLPP_00004",0,NA,NA,NA,NA,NA
"AENJPLPP_00005",0,NA,NA,NA,NA,NA
"AENJPLPP_00006",9.74032289381256,6.85398619749693,3.68732053695494,1.85879858526134,0.0630556930828133,0.646398858256339
"AENJPLPP_00007",0,NA,NA,NA,NA,NA
"AENJPLPP_00008",79.0770897056479,-0.518632540177205,2.71806557529508,-0.1908094289156,0.848674901205696,0.99002642209915
"AENJPLPP_00009",0,NA,NA,NA,NA,NA
"AENJPLPP_00010",12.377924648226,-7.17041453925777,3.6476554820663,-1.96575980777547,NA,NA
"AENJPLPP_00011",0,NA,NA,NA,NA,NA
"AENJPLPP_00012",0,NA,NA,NA,NA,NA
"AENJPLPP_00013",0,NA,NA,NA,NA,NA
"AENJPLPP_00014",10.5487246291446,-6.9391968503394,3.67736272072483,-1.88700364291822,0.0591598356721083,0.646398858256339
"AENJPLPP_00015",0.811440356088046,-3.2344545394052,3.95676050185314,-0.817450168614035,0.413671215586864,0.989954701282218
"AENJPLPP_00016",0,NA,NA,NA,NA,NA
"AENJPLPP_00017",0,NA,NA,NA,NA,NA
"AENJPLPP_00018",0,NA,NA,NA,NA,NA
"AENJPLPP_00019",0,NA,NA,NA,NA,NA
"AENJPLPP_00020",0,NA,NA,NA,NA,NA
"AENJPLPP_00021",0,NA,NA,NA,NA,NA
"AENJPLPP_00022",0,NA,NA,NA,NA,NA
"AENJPLPP_00023",0,NA,NA,NA,NA,NA
"AENJPLPP_00024",0,NA,NA,NA,NA,NA
"AENJPLPP_00025",0,NA,NA,NA,NA,NA
"AENJPLPP_00026",0,NA,NA,NA,NA,NA
"AENJPLPP_00027",0,NA,NA,NA,NA,NA
"AENJPLPP_00028",0,NA,NA,NA,NA,NA
"AENJPLPP_00029",0,NA,NA,NA,NA,NA
"AENJPLPP_00030",0,NA,NA,NA,NA,NA
"AENJPLPP_00031",45.1830043030703,-0.465889419374802,2.64532942333612,-0.176117732356847,0.8602014502602,0.99002642209915
"AENJPLPP_00032",12.1294409932549,-3.94030545894148,2.93631570003298,-1.34192159885847,0.179621417729072,0.752657550386698
"AENJPLPP_00034",58.0027647639926,-0.742702171467167,1.89666547682539,-0.391583112858832,0.695366267425638,0.989954701282218
"AENJPLPP_00035",0,NA,NA,NA,NA,NA
"AENJPLPP_00036",2.48315358749943,0.887674004388838,3.54187761097578,0.250622438685646,0.802106031726179,0.989954701282218
"AENJPLPP_00037",0,NA,NA,NA,NA,NA
"AENJPLPP_00038",0,NA,NA,NA,NA,NA
"AENJPLPP_00039",0,NA,NA,NA,NA,NA
"AENJPLPP_00040",0,NA,NA,NA,NA,NA
"AENJPLPP_00041",0,NA,NA,NA,NA,NA
"AENJPLPP_00042",0,NA,NA,NA,NA,NA
"AENJPLPP_00043",0,NA,NA,NA,NA,NA
"AENJPLPP_00044",0,NA,NA,NA,NA,NA
"AENJPLPP_00045",0,NA,NA,NA,NA,NA
"AENJPLPP_00046",0,NA,NA,NA,NA,NA
"AENJPLPP_00047",0,NA,NA,NA,NA,NA
"AENJPLPP_00048",0,NA,NA,NA,NA,NA
"AENJPLPP_00049",4.36147620209535,-0.155439873891322,2.58909317317074,-0.0600364156462405,0.952126631494397,0.99832883126056
"AENJPLPP_00050",0,NA,NA,NA,NA,NA
"AENJPLPP_00051",0,NA,NA,NA,NA,NA
"AENJPLPP_00052",0,NA,NA,NA,NA,NA
"AENJPLPP_00053",0.590322599625004,2.81519366086472,3.97643523404001,0.70796919732665,0.47896438616464,0.989954701282218
"AENJPLPP_00054",0,NA,NA,NA,NA,NA
"AENJPLPP_00055",0,NA,NA,NA,NA,NA
"AENJPLPP_00056",0,NA,NA,NA,NA,NA
"AENJPLPP_00057",0,NA,NA,NA,NA,NA
"AENJPLPP_00058",86.9934099855059,1.72992836454519,2.33645087365769,0.740408618922514,0.459052090614223,0.989954701282218
"AENJPLPP_00059",53.8833810354384,-2.12650832934291,2.59911886747676,-0.818165092775205,0.413262924467153,0.989954701282218
"AENJPLPP_00060",0,NA,NA,NA,NA,NA
"AENJPLPP_00061",20.5169502273011,-2.40991913492252,3.35252838019886,-0.718836311470562,NA,NA
"AENJPLPP_00062",0,NA,NA,NA,NA,NA
"AENJPLPP_00063",0,NA,NA,NA,NA,NA
"AENJPLPP_00064",0,NA,NA,NA,NA,NA
"AENJPLPP_00065",11.0708933580017,-7.00968163874994,3.21603590907457,-2.17960303831527,0.0292868993973638,0.433749079005785
"AENJPLPP_00066",0,NA,NA,NA,NA,NA
"AENJPLPP_00067",0,NA,NA,NA,NA,NA
"AENJPLPP_00068",0,NA,NA,NA,NA,NA
"AENJPLPP_00069",0,NA,NA,NA,NA,NA
"AENJPLPP_00070",35.7084032045685,-1.57122138757342,2.45341913562626,-0.640421102435212,0.521898867259633,0.989954701282218
"AENJPLPP_00071",0,NA,NA,NA,NA,NA
"AENJPLPP_00072",0,NA,NA,NA,NA,NA
"AENJPLPP_00073",7.86515110416633,3.64266833501199,3.04471461814694,1.19639072683566,0.231544118371413,0.821885940830759
"AENJPLPP_00074",0,NA,NA,NA,NA,NA
"AENJPLPP_00075",95.6947597516412,-0.408083942154398,2.3072140653393,-0.176873029808955,0.859608123686142,0.99002642209915
"AENJPLPP_00076",0,NA,NA,NA,NA,NA
"AENJPLPP_00077",50.5511884025017,0.302085986380201,2.29553871415036,0.131596990509485,0.895303066049287,0.99832883126056
"AENJPLPP_00078",0,NA,NA,NA,NA,NA
"AENJPLPP_00079",0,NA,NA,NA,NA,NA
"AENJPLPP_00080",0,NA,NA,NA,NA,NA
"AENJPLPP_00081",0,NA,NA,NA,NA,NA
"AENJPLPP_00082",0,NA,NA,NA,NA,NA
"AENJPLPP_00083",0,NA,NA,NA,NA,NA
"AENJPLPP_00084",0,NA,NA,NA,NA,NA
"AENJPLPP_00085",83.0303386820175,-0.426331728044092,1.85717086722668,-0.229559775876053,0.818433866335751,0.989954701282218
"AENJPLPP_00086",0,NA,NA,NA,NA,NA
"AENJPLPP_00087",0,NA,NA,NA,NA,NA
"AENJPLPP_00088",0.147580649906251,0.990670070261673,4.0804728567969,0.242783154067916,0.808173386299497,0.989954701282218
"AENJPLPP_00089",0,NA,NA,NA,NA,NA
"AENJPLPP_00090",0,NA,NA,NA,NA,NA
"AENJPLPP_00091",0,NA,NA,NA,NA,NA
"AENJPLPP_00092",0,NA,NA,NA,NA,NA
"AENJPLPP_00093",0,NA,NA,NA,NA,NA
"AENJPLPP_00094",0,NA,NA,NA,NA,NA
"AENJPLPP_00095",0.147580649906251,0.990670070261673,4.0804728567969,0.242783154067916,0.808173386299497,0.989954701282218
"AENJPLPP_00096",6.30204662740981,6.22368931841733,3.81291325897502,1.63226616912087,0.102623426817379,0.650003426459854
"AENJPLPP_00097",2.66686144450474,-3.91616748324845,3.17930430596039,-1.23176868471087,0.218035504264687,0.800985981599415
"AENJPLPP_00098",710.373650780127,0.914071189107716,1.85849431541171,0.491834266872764,0.622836510069567,0.989954701282218
"AENJPLPP_00099",0,NA,NA,NA,NA,NA
"AENJPLPP_00100",5.96741387411577,6.14776916756761,3.82226890620766,1.60840833505543,0.107745777375754,0.665853401192608
"AENJPLPP_00101",0,NA,NA,NA,NA,NA
"AENJPLPP_00102",0,NA,NA,NA,NA,NA
"AENJPLPP_00103",0,NA,NA,NA,NA,NA
"AENJPLPP_00104",0,NA,NA,NA,NA,NA
"AENJPLPP_00105",0,NA,NA,NA,NA,NA
"AENJPLPP_00106",0,NA,NA,NA,NA,NA
"AENJPLPP_00107",0,NA,NA,NA,NA,NA
"AENJPLPP_00108",0,NA,NA,NA,NA,NA
"AENJPLPP_00109",0,NA,NA,NA,NA,NA
"AENJPLPP_00110",0,NA,NA,NA,NA,NA
"AENJPLPP_00111",0,NA,NA,NA,NA,NA
"AENJPLPP_00112",0,NA,NA,NA,NA,NA
"AENJPLPP_00113",27.2162841791162,-0.479038700996692,3.39146306008834,-0.141248391183778,NA,NA
"AENJPLPP_00114",19.7991446885483,-21.9408555708413,3.59968596236603,-6.09521380482308,NA,NA
"AENJPLPP_00115",11.1032858228239,-0.592010787310902,3.4117780249979,-0.173519725777373,0.862242924128518,0.99002642209915
"AENJPLPP_00116",0,NA,NA,NA,NA,NA
"AENJPLPP_00117",0,NA,NA,NA,NA,NA
"AENJPLPP_00118",0,NA,NA,NA,NA,NA
"AENJPLPP_00119",0,NA,NA,NA,NA,NA
"AENJPLPP_00120",46.746016136058,2.90080239296121,2.58371119474039,1.12272702880504,0.261553444987437,0.856063592026633
"AENJPLPP_00121",5.0137523842302,2.91219321357796,3.26158685396492,0.892876180819093,0.371923484058736,0.975291829097552
"AENJPLPP_00122",5.01774209681253,5.89738054528313,3.89344014679972,1.51469659810504,0.129849256330464,0.68852167399919
"AENJPLPP_00123",6.70045289878664,2.73587723925491,3.08237350304786,0.887587839873937,0.374762497083217,0.975291829097552
"AENJPLPP_00124",0,NA,NA,NA,NA,NA
"AENJPLPP_00125",0,NA,NA,NA,NA,NA
"AENJPLPP_00126",0,NA,NA,NA,NA,NA
"AENJPLPP_00127",1.47580649906251,4.13363316662575,3.93485868847195,1.05051629394879,0.293480803575485,0.890034650183353
"AENJPLPP_00128",0,NA,NA,NA,NA,NA
"AENJPLPP_00129",0,NA,NA,NA,NA,NA
"AENJPLPP_00130",0,NA,NA,NA,NA,NA
"AENJPLPP_00131",0,NA,NA,NA,NA,NA
"AENJPLPP_00132",2.90255057636363,-5.07911411480781,3.92074964146616,-1.29544464178245,0.195166886489434,0.759181831148535
"AENJPLPP_00133",0,NA,NA,NA,NA,NA
"AENJPLPP_00134",0,NA,NA,NA,NA,NA
"AENJPLPP_00135",0,NA,NA,NA,NA,NA
"AENJPLPP_00136",0,NA,NA,NA,NA,NA
"AENJPLPP_00137",0,NA,NA,NA,NA,NA
"AENJPLPP_00138",0,NA,NA,NA,NA,NA
"AENJPLPP_00139",0.900292375344259,3.40725973297586,3.95313103866636,0.861914188942581,0.388734740381065,0.982490975108618
"AENJPLPP_00140",0,NA,NA,NA,NA,NA
"AENJPLPP_00141",0,NA,NA,NA,NA,NA
"AENJPLPP_00142",0,NA,NA,NA,NA,NA
"AENJPLPP_00143",27.6695571773329,1.60933085612493,2.36677899850952,0.679966679245678,0.496525559375158,0.989954701282218
"AENJPLPP_00144",95.3980122946755,1.28094711163485,1.93406809578242,0.662307141319472,0.507774401034856,0.989954701282218
"AENJPLPP_00145",14.2428922606668,1.55121964531751,2.9958612440048,0.517787547210924,0.604606507682031,0.989954701282218
"AENJPLPP_00146",1.16102023054545,-3.75883198162776,3.94159300799727,-0.953632699774254,0.340269597508952,0.939844322380031
"AENJPLPP_00147",0,NA,NA,NA,NA,NA
"AENJPLPP_00148",0,NA,NA,NA,NA,NA
"AENJPLPP_00149",29.5266707031349,-8.42457701216118,3.13094079300064,-2.69074938465611,0.00712917284660822,0.244958379009459
"AENJPLPP_00150",0,NA,NA,NA,NA,NA
"AENJPLPP_00151",0,NA,NA,NA,NA,NA
"AENJPLPP_00152",0,NA,NA,NA,NA,NA
"AENJPLPP_00153",9.61083332507599,0.272483087292955,3.42842137843626,0.0794777121058663,0.936652658688425,0.99832883126056
"AENJPLPP_00154",20.1395397835349,-0.975028727828267,2.19973246625464,-0.443248778106364,0.657585800656341,0.989954701282218
"AENJPLPP_00155",0,NA,NA,NA,NA,NA
"AENJPLPP_00156",0,NA,NA,NA,NA,NA
"AENJPLPP_00157",0,NA,NA,NA,NA,NA
"AENJPLPP_00158",0,NA,NA,NA,NA,NA
"AENJPLPP_00159",7.23767770126577,6.42368926647342,3.34051071230434,1.9229662227433,0.0544842919830267,0.646398858256339
"AENJPLPP_00160",0,NA,NA,NA,NA,NA
"AENJPLPP_00161",59.0863951506466,-6.61675012401641,2.40965632754261,-2.74593104767111,0.0060339443875691,0.244958379009459
"AENJPLPP_00162",31.3373366398525,8.53898802555551,3.1467430833477,2.71359554923411,0.00665573710305112,0.244958379009459
"AENJPLPP_00163",0,NA,NA,NA,NA,NA
"AENJPLPP_00164",0,NA,NA,NA,NA,NA
"AENJPLPP_00165",0,NA,NA,NA,NA,NA
"AENJPLPP_00166",0,NA,NA,NA,NA,NA
"AENJPLPP_00167",0,NA,NA,NA,NA,NA
"AENJPLPP_00168",0,NA,NA,NA,NA,NA
"AENJPLPP_00169",763.32782089532,-0.184191005056581,1.83122578156279,-0.100583449026908,0.919881135829621,0.99832883126056
"AENJPLPP_00170",0,NA,NA,NA,NA,NA
"AENJPLPP_00171",0,NA,NA,NA,NA,NA
"AENJPLPP_00172",0,NA,NA,NA,NA,NA
"AENJPLPP_00173",0,NA,NA,NA,NA,NA
"AENJPLPP_00174",22.3957538280301,-22.1038438564223,3.59199317713768,-6.15364305174877,NA,NA
"AENJPLPP_00175",0,NA,NA,NA,NA,NA
"AENJPLPP_00176",6.53573900498393,6.27893643527147,3.79179299274404,1.65592806550537,0.0977363872403653,0.650003426459854
"AENJPLPP_00177",48.1458404027332,-2.52814822173846,2.19364413867021,-1.15248785214133,0.249120658775109,0.844795083303574
"AENJPLPP_00178",0,NA,NA,NA,NA,NA
"AENJPLPP_00179",0,NA,NA,NA,NA,NA
"AENJPLPP_00180",0,NA,NA,NA,NA,NA
"AENJPLPP_00181",0,NA,NA,NA,NA,NA
"AENJPLPP_00182",0,NA,NA,NA,NA,NA
"AENJPLPP_00183",3.83709689756252,5.51058527113866,3.91760451891947,1.40662112383375,0.159539765864967,0.732859138385061
"AENJPLPP_00184",14.439995728859,-0.98125668726393,3.39591903845565,-0.2889517318146,0.772618315073823,0.989954701282218
"AENJPLPP_00185",3.98467754746878,5.56499560532908,3.91720369869385,1.42065514928026,0.155417037289522,0.72169230115799
"AENJPLPP_00186",0,NA,NA,NA,NA,NA
"AENJPLPP_00187",0,NA,NA,NA,NA,NA
"AENJPLPP_00188",0,NA,NA,NA,NA,NA
"AENJPLPP_00189",0,NA,NA,NA,NA,NA
"AENJPLPP_00190",24.0842599056123,-1.6696608452176,2.69630177681146,-0.619241087765804,0.535757547926204,0.989954701282218
"AENJPLPP_00191",0,NA,NA,NA,NA,NA
"AENJPLPP_00192",0,NA,NA,NA,NA,NA
"AENJPLPP_00193",0,NA,NA,NA,NA,NA
"AENJPLPP_00194",65.8114100243964,1.21913685691045,2.66817899622914,0.456917192824551,0.647730565824156,0.989954701282218
"AENJPLPP_00195",0,NA,NA,NA,NA,NA
"AENJPLPP_00196",0,NA,NA,NA,NA,NA
"AENJPLPP_00197",0,NA,NA,NA,NA,NA
"AENJPLPP_00198",0,NA,NA,NA,NA,NA
"AENJPLPP_00199",0.295161299812502,1.82024248426405,4.04434109836666,0.450071455397065,0.652658918209726,0.989954701282218
"AENJPLPP_00200",0,NA,NA,NA,NA,NA
"AENJPLPP_00201",0,NA,NA,NA,NA,NA
"AENJPLPP_00202",16.9982538094312,1.28794053654923,3.38542452538279,0.380436936901911,0.703621100434343,0.989954701282218
"AENJPLPP_00203",0,NA,NA,NA,NA,NA
"AENJPLPP_00204",0,NA,NA,NA,NA,NA
"AENJPLPP_00205",0,NA,NA,NA,NA,NA
"AENJPLPP_00206",94.2400411670994,-2.56010158889028,1.90593760815939,-1.3432242366856,0.179199375967702,0.752657550386698
"AENJPLPP_00207",0,NA,NA,NA,NA,NA
"AENJPLPP_00208",0,NA,NA,NA,NA,NA
"AENJPLPP_00209",1.44588521964712,-2.95247905836247,3.93805003559095,-0.749731220192437,0.453416600391222,0.989954701282218
"AENJPLPP_00210",39.916708207247,2.39200073352094,2.95991720440723,0.808130960541503,0.419015196276068,0.989954701282218
"AENJPLPP_00211",47.449695248823,-0.637245040317445,1.97760389710631,-0.322230878109556,0.747277793641446,0.989954701282218
"AENJPLPP_00212",0,NA,NA,NA,NA,NA
"AENJPLPP_00213",55.3345800828042,1.00219738071425,2.40175920908344,0.417276376800782,0.676476265463122,0.989954701282218
"AENJPLPP_00214",17.6856041242955,-4.00311548694973,2.56005907611995,-1.56368090263639,0.117892524806952,0.670660124564052
"AENJPLPP_00215",45.9790443336968,-1.15994353908992,2.63206409366592,-0.440697299842103,NA,NA
"AENJPLPP_00216",0,NA,NA,NA,NA,NA
"AENJPLPP_00217",0,NA,NA,NA,NA,NA
"AENJPLPP_00218",0,NA,NA,NA,NA,NA
"AENJPLPP_00219",0,NA,NA,NA,NA,NA
"AENJPLPP_00220",9.55783565943951,-6.79677504918513,3.38378871413394,-2.00862867731525,0.0445765276991666,0.598300582712252
"AENJPLPP_00221",0,NA,NA,NA,NA,NA
"AENJPLPP_00222",96.7200132174661,-0.80051208055683,2.17298752646356,-0.368392395634055,0.712580666802802,0.989954701282218
"AENJPLPP_00223",37.9947911191145,-0.897945224348991,2.35452190883762,-0.381370511346097,0.702928339131182,0.989954701282218
"AENJPLPP_00224",0,NA,NA,NA,NA,NA
"AENJPLPP_00225",0,NA,NA,NA,NA,NA
"AENJPLPP_00226",0,NA,NA,NA,NA,NA
"AENJPLPP_00227",0,NA,NA,NA,NA,NA
"AENJPLPP_00228",0,NA,NA,NA,NA,NA
"AENJPLPP_00229",0,NA,NA,NA,NA,NA
"AENJPLPP_00230",10.0618604154918,-6.87100741046569,3.68648434402902,-1.86383740421809,0.062344541278339,0.646398858256339
"AENJPLPP_00231",0,NA,NA,NA,NA,NA
"AENJPLPP_00232",0,NA,NA,NA,NA,NA
"AENJPLPP_00233",9.67654174552275,0.645424875188862,3.42672425175993,0.188350397572077,0.850601980701631,0.99002642209915
"AENJPLPP_00234",0,NA,NA,NA,NA,NA
"AENJPLPP_00235",24.4926129392299,-8.15496374878648,2.8284515449952,-2.88319019048294,0.0039366967500494,0.244958379009459
"AENJPLPP_00236",0,NA,NA,NA,NA,NA
"AENJPLPP_00237",11.0355888427974,-7.00430859585746,3.66915788978479,-1.90896898041863,0.0562660933549588,0.646398858256339
"AENJPLPP_00238",12.0578504973494,-3.93342596768457,3.35314490521488,-1.17305576671238,NA,NA
"AENJPLPP_00239",0,NA,NA,NA,NA,NA
"AENJPLPP_00240",14.842990237768,-1.23320036257716,3.38555926332833,-0.364253072139344,0.715669039212758,0.989954701282218
"AENJPLPP_00241",0,NA,NA,NA,NA,NA
"AENJPLPP_00242",0,NA,NA,NA,NA,NA
"AENJPLPP_00243",0,NA,NA,NA,NA,NA
"AENJPLPP_00244",0,NA,NA,NA,NA,NA
"AENJPLPP_00245",0,NA,NA,NA,NA,NA
"AENJPLPP_00246",0,NA,NA,NA,NA,NA
"AENJPLPP_00247",0,NA,NA,NA,NA,NA
"AENJPLPP_00248",0,NA,NA,NA,NA,NA
"AENJPLPP_00249",0,NA,NA,NA,NA,NA
"AENJPLPP_00250",0,NA,NA,NA,NA,NA
"AENJPLPP_00251",0,NA,NA,NA,NA,NA
"AENJPLPP_00252",3.24677429793752,5.26975933822528,3.91957124426623,1.34447341553854,0.178795347410009,0.752657550386698
"AENJPLPP_00253",16.8147749895824,-0.303172988637213,3.38932755152923,-0.089449303446763,0.928724841989934,0.99832883126056
"AENJPLPP_00254",35.217822988682,5.74847342374351,2.47057007702047,2.32678015378387,0.0199769692205493,0.381338145787819
"AENJPLPP_00255",18.4277695138845,-1.92499864012633,2.59195287560622,-0.742682730941281,0.457673787367733,0.989954701282218
"AENJPLPP_00256",0,NA,NA,NA,NA,NA
"AENJPLPP_00257",0,NA,NA,NA,NA,NA
"AENJPLPP_00258",11.4072767217505,-0.884234354565231,3.05971463086207,-0.288992426171489,0.772587173439517,0.989954701282218
"AENJPLPP_00259",20.8508687255232,0.818084020847367,2.99986701095682,0.272706762619599,0.785078635863456,0.989954701282218
"AENJPLPP_00260",0,NA,NA,NA,NA,NA
"AENJPLPP_00261",0.145127528818181,-0.932883281380817,4.0804728567969,-0.228621366719031,0.819163216114424,0.989954701282218
"AENJPLPP_00262",0,NA,NA,NA,NA,NA
"AENJPLPP_00263",0,NA,NA,NA,NA,NA
"AENJPLPP_00264",0,NA,NA,NA,NA,NA
"AENJPLPP_00265",0,NA,NA,NA,NA,NA
"AENJPLPP_00266",5.01774209681253,5.89738054528313,3.89344014679972,1.51469659810504,0.129849256330464,0.68852167399919
"AENJPLPP_00267",0,NA,NA,NA,NA,NA
"AENJPLPP_00268",0,NA,NA,NA,NA,NA
"AENJPLPP_00269",25.0469569654866,-1.3417684387506,3.37979444332304,-0.396997054481029,NA,NA
"AENJPLPP_00270",2.73241931552326,-4.99094605015829,3.78471511275385,-1.31871115829555,0.187265694955843,0.759181831148535
"AENJPLPP_00271",8.00036593117049,-6.54082417699795,3.73644755773483,-1.75054622764818,0.0800241046527377,0.646398858256339
"AENJPLPP_00272",22.8709696200465,0.0724650629352464,1.92009549565886,0.037740343175161,0.969894709692995,0.99832883126056
"AENJPLPP_00273",154.081700183328,-0.497285273213411,2.29064391536167,-0.217094097375189,0.828135013891661,0.99002642209915
"AENJPLPP_00274",0,NA,NA,NA,NA,NA
"AENJPLPP_00275",0,NA,NA,NA,NA,NA
"AENJPLPP_00276",0,NA,NA,NA,NA,NA
"AENJPLPP_00277",0,NA,NA,NA,NA,NA
"AENJPLPP_00278",9.12254762069468,3.83237499842884,3.12251722049371,1.22733510427939,0.21969666669634,0.800985981599415
"AENJPLPP_00279",824.156666535414,0.169102354474486,1.83166468597544,0.0923216764341513,0.926442466611467,0.99832883126056
"AENJPLPP_00280",0,NA,NA,NA,NA,NA
"AENJPLPP_00281",0,NA,NA,NA,NA,NA
"AENJPLPP_00282",0,NA,NA,NA,NA,NA
"AENJPLPP_00283",12.6919358919376,7.23575963650798,3.64088800154379,1.98736122436063,NA,NA
"AENJPLPP_00284",61.6943764019427,0.362025023559287,1.85694346474908,0.194957482783788,0.845426232705477,0.99002642209915
"AENJPLPP_00285",57.298982549562,-1.17678916302598,2.36667296659407,-0.497233534010202,0.619024376328212,0.989954701282218
"AENJPLPP_00286",0,NA,NA,NA,NA,NA
"AENJPLPP_00287",9.99595008041351,4.39397866478426,3.39432014533143,1.2945092026242,0.195489592641912,0.759181831148535
"AENJPLPP_00288",21.5931272546253,0.131765204510734,1.94215564565267,0.0678448222240467,0.945909162961616,0.99832883126056
"AENJPLPP_00289",0.147580649906251,0.990670070261673,4.0804728567969,0.242783154067916,0.808173386299497,0.989954701282218
"AENJPLPP_00290",0,NA,NA,NA,NA,NA
"AENJPLPP_00291",0.147580649906251,0.990670070261673,4.0804728567969,0.242783154067916,0.808173386299497,0.989954701282218
"AENJPLPP_00292",0.147580649906251,0.990670070261673,4.0804728567969,0.242783154067916,0.808173386299497,0.989954701282218
"AENJPLPP_00293",0,NA,NA,NA,NA,NA
"AENJPLPP_00294",0,NA,NA,NA,NA,NA
"AENJPLPP_00295",65.1688879091354,1.77664919044251,2.63774914712186,0.673547441909354,0.500599077266676,0.989954701282218
"AENJPLPP_00296",15.565896137734,0.122721424607573,2.77191490077218,0.0442731573661897,0.964686668006563,0.99832883126056
"AENJPLPP_00297",111.185334658737,1.1871087900203,2.32132348027667,0.5113930910994,0.609075831736287,0.989954701282218
"AENJPLPP_00298",0,NA,NA,NA,NA,NA
"AENJPLPP_00299",0,NA,NA,NA,NA,NA
"AENJPLPP_00300",0,NA,NA,NA,NA,NA
"AENJPLPP_00301",0,NA,NA,NA,NA,NA
"AENJPLPP_00302",0,NA,NA,NA,NA,NA
"AENJPLPP_00303",0,NA,NA,NA,NA,NA
"AENJPLPP_00304",35.8316365387015,22.0327458386085,3.57982477134009,6.15469953026798,NA,NA
"AENJPLPP_00305",0,NA,NA,NA,NA,NA
"AENJPLPP_00306",17.6180790569132,21.0438210585097,3.60170435884665,5.84273970372417,NA,NA
"AENJPLPP_00308",0,NA,NA,NA,NA,NA
"AENJPLPP_00309",7.11124891209088,-6.37125632518632,3.76811736642386,-1.69083277022047,0.0908687464586663,0.646398858256339
"AENJPLPP_00310",0,NA,NA,NA,NA,NA
"AENJPLPP_00311",9.50688300582387,-0.197925231983662,3.43146845492188,-0.0576794554820315,0.954003958596806,0.99832883126056
"AENJPLPP_00312",0,NA,NA,NA,NA,NA
"AENJPLPP_00313",0,NA,NA,NA,NA,NA
"AENJPLPP_00314",0,NA,NA,NA,NA,NA
"AENJPLPP_00315",0.142081282717042,0.990670070261673,4.0804728567969,0.242783154067916,0.808173386299497,0.989954701282218
"AENJPLPP_00316",0,NA,NA,NA,NA,NA
"AENJPLPP_00317",0,NA,NA,NA,NA,NA
"AENJPLPP_00318",0,NA,NA,NA,NA,NA
"AENJPLPP_00319",0,NA,NA,NA,NA,NA
"AENJPLPP_00320",0,NA,NA,NA,NA,NA
"AENJPLPP_00321",22.451551349467,2.84860862410994,2.73929242943685,1.03990672682419,0.298383236922493,0.893070385074639
"AENJPLPP_00322",0,NA,NA,NA,NA,NA
"AENJPLPP_00323",0,NA,NA,NA,NA,NA
"AENJPLPP_00324",0,NA,NA,NA,NA,NA
"AENJPLPP_00325",0,NA,NA,NA,NA,NA
"AENJPLPP_00326",0,NA,NA,NA,NA,NA
"AENJPLPP_00327",0,NA,NA,NA,NA,NA
"AENJPLPP_00328",0,NA,NA,NA,NA,NA
"AENJPLPP_00329",0,NA,NA,NA,NA,NA
"AENJPLPP_00330",91.21056560453,3.99298510883367,2.81798441954879,1.41696493462977,NA,NA
"AENJPLPP_00331",66.7599492939279,-1.06074900111403,1.96474715592397,-0.539890844435496,0.589272312257068,0.989954701282218
"AENJPLPP_00332",0,NA,NA,NA,NA,NA
"AENJPLPP_00333",4.79366478246875,2.00935564831236,3.27360759332286,0.613804676043281,0.539344406912811,0.989954701282218
"AENJPLPP_00334",0,NA,NA,NA,NA,NA
"AENJPLPP_00335",0,NA,NA,NA,NA,NA
"AENJPLPP_00336",348.190355323745,0.364342647531001,1.80992241910571,0.201302908724134,0.840461728288086,0.99002642209915
"AENJPLPP_00337",0,NA,NA,NA,NA,NA
"AENJPLPP_00338",0,NA,NA,NA,NA,NA
"AENJPLPP_00339",0,NA,NA,NA,NA,NA
"AENJPLPP_00340",0,NA,NA,NA,NA,NA
"AENJPLPP_00341",63.1360797405878,0.552684980352992,2.65618210361797,0.208074958264414,0.835170439642466,0.99002642209915
"AENJPLPP_00342",54.8707317508583,-1.2102712131144,3.02363038971254,-0.400270885367526,0.688957009606092,0.989954701282218
"AENJPLPP_00343",0,NA,NA,NA,NA,NA
"AENJPLPP_00344",0,NA,NA,NA,NA,NA
"AENJPLPP_00345",0.180058475068852,0.990670070261673,4.0804728567969,0.242783154067916,0.808173386299497,0.989954701282218
"AENJPLPP_00346",15.6988312611647,-21.6284407741828,3.61730695135901,-5.97915550574358,NA,NA
"AENJPLPP_00347",0,NA,NA,NA,NA,NA
"AENJPLPP_00348",0,NA,NA,NA,NA,NA
"AENJPLPP_00349",0,NA,NA,NA,NA,NA
"AENJPLPP_00350",0,NA,NA,NA,NA,NA
"AENJPLPP_00351",0,NA,NA,NA,NA,NA
"AENJPLPP_00352",0,NA,NA,NA,NA,NA
"AENJPLPP_00353",0,NA,NA,NA,NA,NA
"AENJPLPP_00354",0,NA,NA,NA,NA,NA
"AENJPLPP_00355",0.442741949718753,2.40193634805184,3.99925526544251,0.600595908144932,0.548109164003412,0.989954701282218
"AENJPLPP_00356",0,NA,NA,NA,NA,NA
"AENJPLPP_00357",0,NA,NA,NA,NA,NA
"AENJPLPP_00358",3.98467754746878,5.56499560532908,3.91720369869385,1.42065514928026,0.155417037289522,0.72169230115799
"AENJPLPP_00359",6.19838729606254,6.2021183194974,3.81122979448596,1.62732730744038,0.103667601193248,0.650003426459854
"AENJPLPP_00360",0,NA,NA,NA,NA,NA
"AENJPLPP_00361",1.26888972711816,-1.70689915114854,3.91109611637823,-0.436424751619036,0.662528583910076,0.989954701282218
"AENJPLPP_00362",0.737903249531255,3.1360028234189,3.96264965798362,0.791390381206358,0.428716221238058,0.989954701282218
"AENJPLPP_00363",0,NA,NA,NA,NA,NA
"AENJPLPP_00364",0,NA,NA,NA,NA,NA
"AENJPLPP_00365",0,NA,NA,NA,NA,NA
"AENJPLPP_00366",0,NA,NA,NA,NA,NA
"AENJPLPP_00367",8.56252420027269,-6.63911485903217,3.71781273071032,-1.78575827776127,0.0741384048234141,0.646398858256339
"AENJPLPP_00368",51.9925435577473,-2.49743129541627,2.58275976304757,-0.966962290162589,0.333562885368793,0.936374243567951
"AENJPLPP_00369",1.03306454934376,3.62009802205987,3.94680576441246,0.917222239488334,0.359026195266251,0.963760942917842
"AENJPLPP_00370",3.24677429793752,5.26975933822528,3.91957124426623,1.34447341553854,0.178795347410009,0.752657550386698
"AENJPLPP_00371",0,NA,NA,NA,NA,NA
"AENJPLPP_00372",0.811440356088046,-3.2344545394052,3.95676050185314,-0.817450168614035,0.413671215586864,0.989954701282218
"AENJPLPP_00373",0,NA,NA,NA,NA,NA
"AENJPLPP_00374",0,NA,NA,NA,NA,NA
"AENJPLPP_00375",0,NA,NA,NA,NA,NA
"AENJPLPP_00376",0,NA,NA,NA,NA,NA
"AENJPLPP_00377",0,NA,NA,NA,NA,NA
"AENJPLPP_00378",2.75742304754544,-5.00517327896354,3.92148368191209,-1.27634683322794,0.20183294160404,0.770553319279425
"AENJPLPP_00379",0,NA,NA,NA,NA,NA
"AENJPLPP_00380",8.7551174341111,-6.67087549361554,3.71397151421656,-1.79615688167784,0.0724695700784697,0.646398858256339
"AENJPLPP_00381",0,NA,NA,NA,NA,NA
"AENJPLPP_00382",21.2023825334367,-1.86048239904896,2.97892183937816,-0.624548913790009,0.532267157600041,0.989954701282218
"AENJPLPP_00383",0,NA,NA,NA,NA,NA
"AENJPLPP_00384",113.603154575558,1.08745130824543,1.8806278318261,0.578238442419256,0.563103148014121,0.989954701282218
"AENJPLPP_00385",17.5879891654728,-2.49693878963135,2.35865980892919,-1.0586260808696,0.289770104258172,0.889613535413906
"AENJPLPP_00386",29.6245770701174,-0.225656204122933,3.02040537800522,-0.0747105689077948,0.94044499840489,0.99832883126056
"AENJPLPP_00387",0,NA,NA,NA,NA,NA
"AENJPLPP_00388",73.0643652909532,-2.21911319446349,2.23909148928842,-0.99107749954814,0.321647738939393,0.925427025949779
"AENJPLPP_00389",0,NA,NA,NA,NA,NA
"AENJPLPP_00390",20.1923951976634,-0.662623704813766,3.38484446170232,-0.195761935979923,NA,NA
"AENJPLPP_00391",0,NA,NA,NA,NA,NA
"AENJPLPP_00392",0,NA,NA,NA,NA,NA
"AENJPLPP_00393",0,NA,NA,NA,NA,NA
"AENJPLPP_00394",10.4330344797391,-1.65684086279736,3.00774298056372,-0.550858525314165,0.581730660690069,0.989954701282218
"AENJPLPP_00395",72.480864955144,-0.0875009204774887,1.98446280341377,-0.0440930010514511,0.96483027171241,0.99832883126056
"AENJPLPP_00396",0,NA,NA,NA,NA,NA
"AENJPLPP_00397",0,NA,NA,NA,NA,NA
"AENJPLPP_00398",0.292708178724432,0.028897398048041,4.0804728567969,0.00708187483710526,0.994349528637277,0.998517118667814
"AENJPLPP_00399",26.2457633655557,-0.383226001037179,2.71408670722064,-0.141198879172737,0.887712831495868,0.99832883126056
"AENJPLPP_00400",14.1450809379443,-1.81245916968298,2.6837373283505,-0.6753489436304,0.499454095173402,0.989954701282218
"AENJPLPP_00401",0,NA,NA,NA,NA,NA
"AENJPLPP_00402",22.4100722618583,-1.19385100703336,2.3175018779663,-0.515145648158444,0.60645124622711,0.989954701282218
"AENJPLPP_00403",0.735450128443185,1.85342015529489,3.97643489087559,0.466100968872339,0.641143229810432,0.989954701282218
"AENJPLPP_00404",0,NA,NA,NA,NA,NA
"AENJPLPP_00405",399.352792489506,-0.157143576768102,1.85973263951084,-0.0844979398809898,0.932660540722073,0.99832883126056
"AENJPLPP_00406",0,NA,NA,NA,NA,NA
"AENJPLPP_00407",0,NA,NA,NA,NA,NA
"AENJPLPP_00408",0,NA,NA,NA,NA,NA
"AENJPLPP_00409",0,NA,NA,NA,NA,NA
"AENJPLPP_00410",0,NA,NA,NA,NA,NA
"AENJPLPP_00411",55.8379441077975,22.6506553332041,3.57416714345102,6.33732403217549,NA,NA
"AENJPLPP_00412",3.24677429793752,5.26975933822528,3.91957124426623,1.34447341553854,0.178795347410009,0.752657550386698
"AENJPLPP_00413",123.750211411045,2.08092948894863,2.26150312520166,0.920153266983913,0.357492671748922,0.963760942917842
"AENJPLPP_00414",0,NA,NA,NA,NA,NA
"AENJPLPP_00415",11.2842063866086,-2.57033924650711,3.38008771952083,-0.7604356631524,0.446994212602033,0.989954701282218
"AENJPLPP_00416",0,NA,NA,NA,NA,NA
"AENJPLPP_00417",43.2491604053967,5.57977068213339,2.68240425924012,2.08013786993988,0.0375128889552902,0.537059526876571
"AENJPLPP_00418",0,NA,NA,NA,NA,NA
"AENJPLPP_00419",0,NA,NA,NA,NA,NA
"AENJPLPP_00420",0,NA,NA,NA,NA,NA
"AENJPLPP_00421",325.296678529631,-0.661969453952886,1.90710053853156,-0.347107790375118,0.728510341070896,0.989954701282218
"AENJPLPP_00422",0,NA,NA,NA,NA,NA
"AENJPLPP_00423",0.145127528818181,-0.932883281380817,4.0804728567969,-0.228621366719031,0.819163216114424,0.989954701282218
"AENJPLPP_00424",0,NA,NA,NA,NA,NA
"AENJPLPP_00425",0,NA,NA,NA,NA,NA
"AENJPLPP_00426",0,NA,NA,NA,NA,NA
"AENJPLPP_00427",4.80636899339941,-5.80639693350465,3.56499040920532,-1.62872722420563,0.103370776871824,0.650003426459854
"AENJPLPP_00428",0,NA,NA,NA,NA,NA
"AENJPLPP_00429",0,NA,NA,NA,NA,NA
"AENJPLPP_00430",2.186725416625,-1.43122365528864,3.82406477107083,-0.374267629072574,0.708205213126705,0.989954701282218
"AENJPLPP_00431",0,NA,NA,NA,NA,NA
"AENJPLPP_00432",0.290255057636363,-1.76592009758669,4.04358882072695,-0.43672098620285,0.662313707642504,0.989954701282218
"AENJPLPP_00433",0,NA,NA,NA,NA,NA
"AENJPLPP_00434",0,NA,NA,NA,NA,NA
"AENJPLPP_00435",0,NA,NA,NA,NA,NA
"AENJPLPP_00436",0,NA,NA,NA,NA,NA
"AENJPLPP_00437",0,NA,NA,NA,NA,NA
"AENJPLPP_00438",0,NA,NA,NA,NA,NA
"AENJPLPP_00439",16.0876316734597,-7.54864648370805,3.20790267411179,-2.35314074352276,0.0186155865558059,0.363925832095959
"AENJPLPP_00440",3.77331574927271,-5.45736155422128,3.91752880437561,-1.393062266224,0.163600962402511,0.737175096141395
"AENJPLPP_00441",0,NA,NA,NA,NA,NA
"AENJPLPP_00442",0,NA,NA,NA,NA,NA
"AENJPLPP_00443",11.2231571803038,-5.23698255183334,2.98677385360493,-1.7533910528621,0.079534905733093,0.646398858256339
"AENJPLPP_00444",0,NA,NA,NA,NA,NA
"AENJPLPP_00445",0,NA,NA,NA,NA,NA
"AENJPLPP_00446",0,NA,NA,NA,NA,NA
"AENJPLPP_00447",0.30741560003579,-1.83731395555253,4.03709078421083,-0.455108406959366,0.649031250149439,0.989954701282218
"AENJPLPP_00448",0,NA,NA,NA,NA,NA
"AENJPLPP_00449",50.2364534187378,2.59486286683424,2.50426736008686,1.03617645152083,0.300119830639553,0.895149078192278
"AENJPLPP_00450",0,NA,NA,NA,NA,NA
"AENJPLPP_00451",0.442741949718753,2.40193634805184,3.99925526544251,0.600595908144932,0.548109164003412,0.989954701282218
"AENJPLPP_00452",0,NA,NA,NA,NA,NA
"AENJPLPP_00453",0,NA,NA,NA,NA,NA
"AENJPLPP_00454",0,NA,NA,NA,NA,NA
"AENJPLPP_00455",0,NA,NA,NA,NA,NA
"AENJPLPP_00456",9.90321612878685,6.87629943408984,3.69140934542762,1.86278431640403,0.0624926174749623,0.646398858256339
"AENJPLPP_00457",3.62818822045453,-5.40081350744156,3.91795847095925,-1.37847645590773,0.168056232132603,0.74635110615867
"AENJPLPP_00458",0,NA,NA,NA,NA,NA
"AENJPLPP_00459",0,NA,NA,NA,NA,NA
"AENJPLPP_00460",29.3604923195866,-0.977240843162722,3.39026704636186,-0.288248928417427,NA,NA
"AENJPLPP_00461",13.4804904250486,7.32181326444012,3.19259038447474,2.2933769706397,0.0218263113099643,0.383140662653343
"AENJPLPP_00462",11.4694972660981,-7.06012803846359,3.22246374441491,-2.1909099988169,0.0284583060333069,0.433749079005785
"AENJPLPP_00463",0,NA,NA,NA,NA,NA
"AENJPLPP_00464",0,NA,NA,NA,NA,NA
"AENJPLPP_00465",0,NA,NA,NA,NA,NA
"AENJPLPP_00466",0,NA,NA,NA,NA,NA
"AENJPLPP_00467",0,NA,NA,NA,NA,NA
"AENJPLPP_00468",0,NA,NA,NA,NA,NA
"AENJPLPP_00469",0,NA,NA,NA,NA,NA
"AENJPLPP_00470",0,NA,NA,NA,NA,NA
"AENJPLPP_00471",0,NA,NA,NA,NA,NA
"AENJPLPP_00472",0,NA,NA,NA,NA,NA
"AENJPLPP_00473",0.162288071217609,-0.932883281380817,4.0804728567969,-0.228621366719031,0.819163216114424,0.989954701282218
"AENJPLPP_00474",0,NA,NA,NA,NA,NA
"AENJPLPP_00475",0,NA,NA,NA,NA,NA
"AENJPLPP_00476",0,NA,NA,NA,NA,NA
"AENJPLPP_00477",0,NA,NA,NA,NA,NA
"AENJPLPP_00478",7.30296320479241,-6.40852250628841,3.76443482313407,-1.70238636272975,0.0886829647783058,0.646398858256339
"AENJPLPP_00479",0,NA,NA,NA,NA,NA
"AENJPLPP_00480",0,NA,NA,NA,NA,NA
"AENJPLPP_00481",0,NA,NA,NA,NA,NA
"AENJPLPP_00482",0,NA,NA,NA,NA,NA
"AENJPLPP_00483",1.32822584915626,3.9819024740488,3.93796145691454,1.01115831569583,0.311940663065656,0.919212707339163
"AENJPLPP_00484",0,NA,NA,NA,NA,NA
"AENJPLPP_00485",5.74417623070447,-0.029412628477389,3.53352290798836,-0.00832388221140291,0.993358579591701,0.998517118667814
"AENJPLPP_00486",0,NA,NA,NA,NA,NA
"AENJPLPP_00487",0,NA,NA,NA,NA,NA
"AENJPLPP_00488",7.24561442822988,-6.39787674902035,3.76402790575857,-1.69974211382234,0.0891794440653493,0.646398858256339
"AENJPLPP_00489",0,NA,NA,NA,NA,NA
"AENJPLPP_00490",0,NA,NA,NA,NA,NA
"AENJPLPP_00491",0,NA,NA,NA,NA,NA
"AENJPLPP_00492",0,NA,NA,NA,NA,NA
"AENJPLPP_00493",0,NA,NA,NA,NA,NA
"AENJPLPP_00494",4.72167853279764,5.81046312854204,3.48751459915377,1.66607564308173,0.0956983491419225,0.650003426459854
"AENJPLPP_00495",0,NA,NA,NA,NA,NA
"AENJPLPP_00496",0,NA,NA,NA,NA,NA
"AENJPLPP_00497",0,NA,NA,NA,NA,NA
"AENJPLPP_00498",0,NA,NA,NA,NA,NA
"AENJPLPP_00499",0,NA,NA,NA,NA,NA
"AENJPLPP_00500",0,NA,NA,NA,NA,NA
"AENJPLPP_00501",0,NA,NA,NA,NA,NA
"AENJPLPP_00502",0,NA,NA,NA,NA,NA
"AENJPLPP_00503",1.27807867473781,3.92202232314054,3.93927781658934,0.995619630233711,0.319434993187055,0.925427025949779
"AENJPLPP_00504",0,NA,NA,NA,NA,NA
"AENJPLPP_00505",0,NA,NA,NA,NA,NA
"AENJPLPP_00506",0,NA,NA,NA,NA,NA
"AENJPLPP_00507",0,NA,NA,NA,NA,NA
"AENJPLPP_00508",0,NA,NA,NA,NA,NA
"AENJPLPP_00509",0.725637644090906,-3.08231572848198,3.96228120427866,-0.777914430998373,0.436619460201105,0.989954701282218
"AENJPLPP_00510",1.98913795803859,4.56479695586853,3.92762063110943,1.16222960020941,0.245142214115593,0.838952836355753
"AENJPLPP_00511",0,NA,NA,NA,NA,NA
"AENJPLPP_00512",0,NA,NA,NA,NA,NA
"AENJPLPP_00513",0,NA,NA,NA,NA,NA
"AENJPLPP_00514",0,NA,NA,NA,NA,NA
"AENJPLPP_00515",0.295161299812502,1.82024248426405,4.04434109836666,0.450071455397065,0.652658918209726,0.989954701282218
"AENJPLPP_00516",0,NA,NA,NA,NA,NA
"AENJPLPP_00517",0,NA,NA,NA,NA,NA
"AENJPLPP_00518",0,NA,NA,NA,NA,NA
"AENJPLPP_00519",0,NA,NA,NA,NA,NA
"AENJPLPP_00520",0,NA,NA,NA,NA,NA
"AENJPLPP_00521",0,NA,NA,NA,NA,NA
"AENJPLPP_00522",0,NA,NA,NA,NA,NA
"AENJPLPP_00523",0,NA,NA,NA,NA,NA
"AENJPLPP_00524",0,NA,NA,NA,NA,NA
"AENJPLPP_00525",0,NA,NA,NA,NA,NA
"AENJPLPP_00527",0,NA,NA,NA,NA,NA
"AENJPLPP_00528",0,NA,NA,NA,NA,NA
"AENJPLPP_00529",34.2529232383247,0.1795489445926,3.40451694182905,0.0527384494365708,NA,NA
"AENJPLPP_00530",0,NA,NA,NA,NA,NA
"AENJPLPP_00531",0,NA,NA,NA,NA,NA
"AENJPLPP_00532",0,NA,NA,NA,NA,NA
"AENJPLPP_00533",0,NA,NA,NA,NA,NA
"AENJPLPP_00534",0,NA,NA,NA,NA,NA
"AENJPLPP_00535",0,NA,NA,NA,NA,NA
"AENJPLPP_00537",0,NA,NA,NA,NA,NA
"AENJPLPP_00538",0,NA,NA,NA,NA,NA
"AENJPLPP_00539",21.527527299318,-0.0435863235498842,2.78921460877088,-0.0156267371513199,0.987532175123206,0.998517118667814
"AENJPLPP_00540",0,NA,NA,NA,NA,NA
"AENJPLPP_00541",7.54663149854543,-6.45696146619471,3.75083887185591,-1.72147129929893,0.0851653358980883,0.646398858256339
"AENJPLPP_00542",0,NA,NA,NA,NA,NA
"AENJPLPP_00543",0,NA,NA,NA,NA,NA
"AENJPLPP_00544",0,NA,NA,NA,NA,NA
"AENJPLPP_00545",1.59640281699999,-4.21752831848791,3.9321383482097,-1.07257882226045,0.283460130873762,0.879408286919123
"AENJPLPP_00546",0,NA,NA,NA,NA,NA
"AENJPLPP_00547",8.90573504826125,-6.69551110850556,3.26720150214949,-2.04931073400297,0.0404317397071253,0.569358432924928
"AENJPLPP_00548",0,NA,NA,NA,NA,NA
"AENJPLPP_00549",0,NA,NA,NA,NA,NA
"AENJPLPP_00550",0,NA,NA,NA,NA,NA
"AENJPLPP_00551",0,NA,NA,NA,NA,NA
"AENJPLPP_00552",0,NA,NA,NA,NA,NA
"AENJPLPP_00553",0,NA,NA,NA,NA,NA
"AENJPLPP_00554",14.6343721198553,20.789385137095,3.62069055791658,5.74182874911509,NA,NA
"AENJPLPP_00555",11.6393374185987,0.0420700089122662,3.41096222318173,0.0123337657117244,0.990159328259433,0.998517118667814
"AENJPLPP_00556",0,NA,NA,NA,NA,NA
"AENJPLPP_00557",0,NA,NA,NA,NA,NA
"AENJPLPP_00558",0,NA,NA,NA,NA,NA
"AENJPLPP_00559",28.9803277568766,8.42612427456384,3.15361445134726,2.67189423582331,0.00754244167943756,0.249190669332187
"AENJPLPP_00560",0,NA,NA,NA,NA,NA
"AENJPLPP_00561",1.16347335163352,-2.60478289194497,3.94653243326972,-0.66001811361953,0.509242205402431,0.989954701282218
"AENJPLPP_00562",37.9196394005175,-8.78551017578676,3.12519614102156,-2.81118681175479,0.00493591181757719,0.244958379009459
"AENJPLPP_00563",0,NA,NA,NA,NA,NA
"AENJPLPP_00564",0,NA,NA,NA,NA,NA
"AENJPLPP_00565",0,NA,NA,NA,NA,NA
"AENJPLPP_00566",0,NA,NA,NA,NA,NA
"AENJPLPP_00567",0,NA,NA,NA,NA,NA
"AENJPLPP_00568",0,NA,NA,NA,NA,NA
"AENJPLPP_00569",0,NA,NA,NA,NA,NA
"AENJPLPP_00570",4.21948985165784,-5.6167616563418,3.91640425192398,-1.4341628940839,0.151525783225068,0.72169230115799
"AENJPLPP_00571",0,NA,NA,NA,NA,NA
"AENJPLPP_00572",4.37755871705555,-5.67096258115662,3.91604924597867,-1.44813362267598,0.147579683894038,0.720289479914652
"AENJPLPP_00573",0,NA,NA,NA,NA,NA
"AENJPLPP_00574",27.8815598287273,1.58512473513026,2.60114742666645,0.609394422968829,0.542263033649205,0.989954701282218
"AENJPLPP_00575",38.2847077775021,-2.48086591467482,2.24868835423979,-1.10325021695304,0.269918519195015,0.856063592026633
"AENJPLPP_00576",0,NA,NA,NA,NA,NA
"AENJPLPP_00577",0,NA,NA,NA,NA,NA
"AENJPLPP_00578",0,NA,NA,NA,NA,NA
"AENJPLPP_00579",0,NA,NA,NA,NA,NA
"AENJPLPP_00580",0,NA,NA,NA,NA,NA
"AENJPLPP_00581",57.9048691715436,-2.03397722611773,1.92216830194627,-1.0581681240182,0.289978800833404,0.889613535413906
"AENJPLPP_00582",11.3199472478181,-7.04177678701373,3.66053110796475,-1.92370357724646,NA,NA
"AENJPLPP_00583",0,NA,NA,NA,NA,NA
"AENJPLPP_00584",0,NA,NA,NA,NA,NA
"AENJPLPP_00585",0.145127528818181,-0.932883281380817,4.0804728567969,-0.228621366719031,0.819163216114424,0.989954701282218
"AENJPLPP_00586",40.679380716894,-7.91976348512454,2.93186477813187,-2.70127174493049,0.00690748752531466,0.244958379009459
"AENJPLPP_00587",0,NA,NA,NA,NA,NA
"AENJPLPP_00588",0,NA,NA,NA,NA,NA
"AENJPLPP_00589",0.592155658812607,-2.78793475021678,3.97473849024132,-0.701413377776084,0.483045075694959,0.989954701282218
"AENJPLPP_00590",0,NA,NA,NA,NA,NA
"AENJPLPP_00591",27.178143749786,0.268297490672377,3.00709970129056,0.089221348582899,0.92890599932149,0.99832883126056
"AENJPLPP_00592",0,NA,NA,NA,NA,NA
"AENJPLPP_00593",0,NA,NA,NA,NA,NA
"AENJPLPP_00594",47.5680429873501,2.38895728604658,3.14162470871055,0.760420962893148,NA,NA
"AENJPLPP_00595",0,NA,NA,NA,NA,NA
"AENJPLPP_00596",0,NA,NA,NA,NA,NA
"AENJPLPP_00597",0,NA,NA,NA,NA,NA
"AENJPLPP_00598",0,NA,NA,NA,NA,NA
"AENJPLPP_00599",0,NA,NA,NA,NA,NA
"AENJPLPP_00600",4.93433597981816,-5.84417948181948,3.90244652214432,-1.4975681149394,0.134245496088621,0.698809988619965
"AENJPLPP_00601",27.3886447807152,-0.342622247484952,2.69382813517186,-0.127187864367262,0.898791710205797,0.99832883126056
"AENJPLPP_00602",0,NA,NA,NA,NA,NA
"AENJPLPP_00603",0,NA,NA,NA,NA,NA
"AENJPLPP_00604",0,NA,NA,NA,NA,NA
"AENJPLPP_00605",41.4030906550066,8.94096664016691,2.68416301341146,3.33100731792117,0.000865323275559822,0.171263693455394
"AENJPLPP_00606",0,NA,NA,NA,NA,NA
"AENJPLPP_00607",8.43599224977162,6.64535962054154,3.28128568785431,2.02523042877351,0.0428437085154424,0.584170565313731
"AENJPLPP_00608",0,NA,NA,NA,NA,NA
"AENJPLPP_00609",0,NA,NA,NA,NA,NA
"AENJPLPP_00610",0,NA,NA,NA,NA,NA
"AENJPLPP_00611",0,NA,NA,NA,NA,NA
"AENJPLPP_00612",0,NA,NA,NA,NA,NA
"AENJPLPP_00613",0,NA,NA,NA,NA,NA
"AENJPLPP_00614",25.2728293998786,0.665359619965846,2.72370815434805,0.244284476258473,0.807010505493758,0.989954701282218
"AENJPLPP_00615",0,NA,NA,NA,NA,NA
"AENJPLPP_00616",27.8488415592929,-1.7881686767673,2.36098372630979,-0.75738288953063,0.44882050408635,0.989954701282218
"AENJPLPP_00617",116.774670498946,-0.225946804896439,2.09995921561537,-0.107595806250088,0.914316323806767,0.99832883126056
"AENJPLPP_00618",0,NA,NA,NA,NA,NA
"AENJPLPP_00620",331.875187638013,-0.844949216494677,1.86585930786288,-0.452847228584702,0.650658752648836,0.989954701282218
"AENJPLPP_00621",6.64112924578129,6.30161861465779,3.78798472217898,1.66358078947924,0.0961962335521329,0.650003426459854
"AENJPLPP_00622",0,NA,NA,NA,NA,NA
"AENJPLPP_00623",0,NA,NA,NA,NA,NA
"AENJPLPP_00624",0,NA,NA,NA,NA,NA
"AENJPLPP_00625",49.2208185352541,0.854620618307008,2.66805961334373,0.320315413506057,0.7487292399292,0.989954701282218
"AENJPLPP_00626",0,NA,NA,NA,NA,NA
"AENJPLPP_00627",0,NA,NA,NA,NA,NA
"AENJPLPP_00628",0,NA,NA,NA,NA,NA
"AENJPLPP_00629",0,NA,NA,NA,NA,NA
"AENJPLPP_00630",6.19838729606254,6.2021183194974,3.81122979448596,1.62732730744038,0.103667601193248,0.650003426459854
"AENJPLPP_00631",12.8207576261911,-7.22067815923986,3.64519824754735,-1.98087392478537,NA,NA
"AENJPLPP_00632",261.085171505158,0.382075201395126,1.86617279759193,0.204737311511639,0.837777367469676,0.99002642209915
"AENJPLPP_00633",0,NA,NA,NA,NA,NA
"AENJPLPP_00634",0,NA,NA,NA,NA,NA
"AENJPLPP_00635",0,NA,NA,NA,NA,NA
"AENJPLPP_00636",0,NA,NA,NA,NA,NA
"AENJPLPP_00637",0,NA,NA,NA,NA,NA
"AENJPLPP_00638",0,NA,NA,NA,NA,NA
"AENJPLPP_00639",17.3339164914791,20.9818988064685,3.60314405787848,5.82321951868406,NA,NA
"AENJPLPP_00640",0,NA,NA,NA,NA,NA
"AENJPLPP_00641",3.78558135471306,-2.04211309707474,3.68356046478527,-0.554385659363347,0.579314938330841,0.989954701282218
"AENJPLPP_00642",0.360116950137704,2.07079513413306,4.02274693271069,0.514771415843868,0.606712761912681,0.989954701282218
"AENJPLPP_00643",17.3624249904259,0.184756686924021,3.38770958105573,0.0545373452190799,0.95650705566751,0.99832883126056
"AENJPLPP_00644",0,NA,NA,NA,NA,NA
"AENJPLPP_00645",71.4482836560835,8.9184410394592,3.37089000906739,2.6457229442282,NA,NA
"AENJPLPP_00646",1.49051392037387,3.02012868994824,3.93796130843161,0.766926958749395,0.443124944052942,0.989954701282218
"AENJPLPP_00647",59.4938175185594,2.54404549046615,2.30065339061735,1.10579259824249,0.268816299452698,0.856063592026633
"AENJPLPP_00648",3.57441342291262,5.40828577631506,3.69717421067429,1.46281605035017,0.143517719995429,0.714440244893755
"AENJPLPP_00649",0,NA,NA,NA,NA,NA
"AENJPLPP_00650",0,NA,NA,NA,NA,NA
"AENJPLPP_00651",0,NA,NA,NA,NA,NA
"AENJPLPP_00652",0,NA,NA,NA,NA,NA
"AENJPLPP_00653",0,NA,NA,NA,NA,NA
"AENJPLPP_00654",0,NA,NA,NA,NA,NA
"AENJPLPP_00655",0,NA,NA,NA,NA,NA
"AENJPLPP_00656",0,NA,NA,NA,NA,NA
"AENJPLPP_00657",15.2674987845768,3.6899806507371,2.38111222369239,1.5496878366426,0.121216458957284,0.676135962625373
"AENJPLPP_00658",3.13663572597168,2.51396170513534,2.83482263854456,0.886814459202302,0.375178801635657,0.975291829097552
"AENJPLPP_00659",0,NA,NA,NA,NA,NA
"AENJPLPP_00660",4.49895339336362,-5.71097405728308,3.91579558376897,-1.458445400203,0.144717814448793,0.714440244893755
"AENJPLPP_00661",0,NA,NA,NA,NA,NA
"AENJPLPP_00662",0,NA,NA,NA,NA,NA
"AENJPLPP_00663",0,NA,NA,NA,NA,NA
"AENJPLPP_00664",0,NA,NA,NA,NA,NA
"AENJPLPP_00665",0,NA,NA,NA,NA,NA
"AENJPLPP_00666",169.445399607497,0.4977873607651,1.93965175149204,0.256637491952969,0.79745862968671,0.989954701282218
"AENJPLPP_00667",116.718908917431,2.79912463462141,2.63635892860883,1.06173882632077,0.288354267933812,0.889613535413906
"AENJPLPP_00668",0,NA,NA,NA,NA,NA
"AENJPLPP_00669",0,NA,NA,NA,NA,NA
"AENJPLPP_00670",2.06612909868751,4.61834710503316,3.92686261842456,1.17609082715657,0.239558583033288,0.83650740986014
"AENJPLPP_00671",0,NA,NA,NA,NA,NA
"AENJPLPP_00672",0,NA,NA,NA,NA,NA
"AENJPLPP_00673",3.48306069163635,-5.34195801658151,3.91842386716726,-1.36329253742612,0.172790332990152,0.750181823816095
"AENJPLPP_00674",8.23595605253004,1.10573783080121,3.05101190892088,0.362416753460756,0.717040621798645,0.989954701282218
"AENJPLPP_00675",21.2617403925992,-1.63855445810005,2.96921862552378,-0.551847022652635,0.581053167413757,0.989954701282218
"AENJPLPP_00676",0,NA,NA,NA,NA,NA
"AENJPLPP_00677",0,NA,NA,NA,NA,NA
"AENJPLPP_00678",0,NA,NA,NA,NA,NA
"AENJPLPP_00679",63.5156265492708,0.021493536372097,2.68985356653253,0.00799059719812336,0.993624493709729,0.998517118667814
"AENJPLPP_00680",0,NA,NA,NA,NA,NA
"AENJPLPP_00681",0,NA,NA,NA,NA,NA
"AENJPLPP_00682",31.9070027235862,-8.53633440582755,3.1298619126604,-2.72738371341489,0.00638387546052952,0.244958379009459
"AENJPLPP_00683",0,NA,NA,NA,NA,NA
"AENJPLPP_00684",0.147580649906251,0.990670070261673,4.0804728567969,0.242783154067916,0.808173386299497,0.989954701282218
"AENJPLPP_00685",0,NA,NA,NA,NA,NA
"AENJPLPP_00686",0,NA,NA,NA,NA,NA
"AENJPLPP_00687",0,NA,NA,NA,NA,NA
"AENJPLPP_00688",1.56289410988746,4.21768747866493,3.93327419545139,1.07230954901198,0.283581019181138,0.879408286919123
"AENJPLPP_00689",0,NA,NA,NA,NA,NA
"AENJPLPP_00690",0,NA,NA,NA,NA,NA
"AENJPLPP_00691",0,NA,NA,NA,NA,NA
"AENJPLPP_00692",136.629530892289,-0.455270577674852,2.31656369793477,-0.196528408901827,0.844196599119291,0.99002642209915
"AENJPLPP_00693",176.201688722432,0.160757980037767,1.83378567676139,0.0876645412138231,0.930143303094748,0.99832883126056
"AENJPLPP_00694",0,NA,NA,NA,NA,NA
"AENJPLPP_00695",0,NA,NA,NA,NA,NA
"AENJPLPP_00696",0,NA,NA,NA,NA,NA
"AENJPLPP_00697",0,NA,NA,NA,NA,NA
"AENJPLPP_00698",0,NA,NA,NA,NA,NA
"AENJPLPP_00699",18.1054463568935,1.06514017994214,2.63143247892158,0.404775797393309,0.685642320678736,0.989954701282218
"AENJPLPP_00700",0,NA,NA,NA,NA,NA
"AENJPLPP_00701",5.82533259139872,6.11302459580985,3.83128522737168,1.59555455494069,0.11058828064151,0.668934826884634
"AENJPLPP_00702",28.512767745032,7.43310879797277,2.60992938000384,2.84801146533774,0.00439933396165286,0.244958379009459
"AENJPLPP_00703",17.8020785713271,2.03857481485259,2.95341154627369,0.690244072968651,0.490040711738009,0.989954701282218
"AENJPLPP_00704",0,NA,NA,NA,NA,NA
"AENJPLPP_00705",0,NA,NA,NA,NA,NA
"AENJPLPP_00706",0,NA,NA,NA,NA,NA
"AENJPLPP_00707",0,NA,NA,NA,NA,NA
"AENJPLPP_00708",1.32331960698012,1.82528793933666,3.90865730549122,0.466985922959361,0.640509949601108,0.989954701282218
"AENJPLPP_00709",0,NA,NA,NA,NA,NA
"AENJPLPP_00710",0,NA,NA,NA,NA,NA
"AENJPLPP_00711",10.3629294522045,-0.944693815704702,3.4155208279644,-0.276588509714264,0.782096088547852,0.989954701282218
"AENJPLPP_00712",0,NA,NA,NA,NA,NA
"AENJPLPP_00713",0,NA,NA,NA,NA,NA
"AENJPLPP_00714",0,NA,NA,NA,NA,NA
"AENJPLPP_00715",0,NA,NA,NA,NA,NA
"AENJPLPP_00716",8.85277925790906,-6.68719668422013,3.70988511043233,-1.80253471068834,0.0714613186700295,0.646398858256339
"AENJPLPP_00717",0,NA,NA,NA,NA,NA
"AENJPLPP_00718",0,NA,NA,NA,NA,NA
"AENJPLPP_00719",0,NA,NA,NA,NA,NA
"AENJPLPP_00720",0,NA,NA,NA,NA,NA
"AENJPLPP_00721",0,NA,NA,NA,NA,NA
"AENJPLPP_00722",0,NA,NA,NA,NA,NA
"AENJPLPP_00723",0,NA,NA,NA,NA,NA
"AENJPLPP_00724",0,NA,NA,NA,NA,NA
"AENJPLPP_00725",0,NA,NA,NA,NA,NA
"AENJPLPP_00726",134.574447347472,-0.0859087764290271,2.30476804019504,-0.0372743698848571,0.970266241156218,0.99832883126056
"AENJPLPP_00727",0.442741949718753,2.40193634805184,3.99925526544251,0.600595908144932,0.548109164003412,0.989954701282218
"AENJPLPP_00728",0,NA,NA,NA,NA,NA
"AENJPLPP_00729",0,NA,NA,NA,NA,NA
"AENJPLPP_00730",0,NA,NA,NA,NA,NA
"AENJPLPP_00731",1.03306454934376,3.62009802205987,3.94680576441246,0.917222239488334,0.359026195266251,0.963760942917842
"AENJPLPP_00732",0,NA,NA,NA,NA,NA
"AENJPLPP_00733",90.6308108357172,-3.0539215022515,2.63660500766381,-1.15827797238292,0.246750617580479,0.84110627183187
"AENJPLPP_00734",0,NA,NA,NA,NA,NA
"AENJPLPP_00735",0,NA,NA,NA,NA,NA
"AENJPLPP_00736",0,NA,NA,NA,NA,NA
"AENJPLPP_00737",12.9830456974087,-7.23882931381157,3.64340561926224,-1.98683047408742,NA,NA
"AENJPLPP_00738",8.45132980285299,4.73153297570274,2.72776389892551,1.73458303248552,0.0828146869849109,0.646398858256339
"AENJPLPP_00739",0.720233900275407,3.0827798454268,3.96473331408016,0.777550367506124,0.436834130441357,0.989954701282218
"AENJPLPP_00740",23.6542853378604,8.13380128999381,3.14914068065164,2.58286374437573,0.00979840120896287,0.273563586638319
"AENJPLPP_00741",0,NA,NA,NA,NA,NA
"AENJPLPP_00742",0,NA,NA,NA,NA,NA
"AENJPLPP_00743",0,NA,NA,NA,NA,NA
"AENJPLPP_00744",4.15885276911868,5.62746172816426,3.53734764254098,1.5908704195446,0.111638740879846,0.668934826884634
"AENJPLPP_00745",0,NA,NA,NA,NA,NA
"AENJPLPP_00746",17.8595760971397,-1.12656677341189,3.01184178510633,-0.374045801138294,0.708370240941202,0.989954701282218
"AENJPLPP_00747",600.861732356736,-0.591663335401707,1.94575923274648,-0.304078390298352,0.761068169846989,0.989954701282218
"AENJPLPP_00748",0,NA,NA,NA,NA,NA
"AENJPLPP_00749",14.6780118897777,-2.60682587844265,2.95044409005518,-0.883536782557332,0.376946318114537,0.975291829097552
"AENJPLPP_00750",0,NA,NA,NA,NA,NA
"AENJPLPP_00751",0.324576142435218,-1.90618731625743,4.03111028641738,-0.472869056120898,0.636306602773936,0.989954701282218
"AENJPLPP_00752",0,NA,NA,NA,NA,NA
"AENJPLPP_00753",0,NA,NA,NA,NA,NA
"AENJPLPP_00754",0,NA,NA,NA,NA,NA
"AENJPLPP_00755",0,NA,NA,NA,NA,NA
"AENJPLPP_00756",0,NA,NA,NA,NA,NA
"AENJPLPP_00757",0,NA,NA,NA,NA,NA
"AENJPLPP_00758",0,NA,NA,NA,NA,NA
"AENJPLPP_00759",0,NA,NA,NA,NA,NA
"AENJPLPP_00760",0,NA,NA,NA,NA,NA
"AENJPLPP_00761",0,NA,NA,NA,NA,NA
"AENJPLPP_00762",43.3727418624782,1.88400985468234,2.99773152456852,0.628478514250376,0.529690517415384,0.989954701282218
"AENJPLPP_00763",0,NA,NA,NA,NA,NA
"AENJPLPP_00764",0,NA,NA,NA,NA,NA
"AENJPLPP_00765",9.17427182905675,-2.38007106667298,3.41117253836196,-0.697728138904369,0.485347227105737,0.989954701282218
"AENJPLPP_00766",0,NA,NA,NA,NA,NA
"AENJPLPP_00767",0,NA,NA,NA,NA,NA
"AENJPLPP_00768",0,NA,NA,NA,NA,NA
"AENJPLPP_00769",0,NA,NA,NA,NA,NA
"AENJPLPP_00770",0,NA,NA,NA,NA,NA
"AENJPLPP_00771",0,NA,NA,NA,NA,NA
"AENJPLPP_00772",0,NA,NA,NA,NA,NA
"AENJPLPP_00773",0,NA,NA,NA,NA,NA
"AENJPLPP_00774",197.175740518694,0.292215373928479,1.94086021470602,0.150559721774059,0.880323036478075,0.99832883126056
"AENJPLPP_00775",4.06357080690908,-5.56421294976119,3.91676137404504,-1.42061576348082,0.155428493264526,0.72169230115799
"AENJPLPP_00776",0,NA,NA,NA,NA,NA
"AENJPLPP_00777",0,NA,NA,NA,NA,NA
"AENJPLPP_00778",0,NA,NA,NA,NA,NA
"AENJPLPP_00779",0,NA,NA,NA,NA,NA
"AENJPLPP_00796",0,NA,NA,NA,NA,NA
"AENJPLPP_00797",0,NA,NA,NA,NA,NA
"AENJPLPP_00798",7.92257290302948,6.55412742721809,3.74350129775389,1.75080143050854,0.0799801201225795,0.646398858256339
"AENJPLPP_00799",0,NA,NA,NA,NA,NA
"AENJPLPP_00800",0,NA,NA,NA,NA,NA
"AENJPLPP_00801",0,NA,NA,NA,NA,NA
"AENJPLPP_00802",0,NA,NA,NA,NA,NA
"AENJPLPP_00803",0,NA,NA,NA,NA,NA
"AENJPLPP_00804",0,NA,NA,NA,NA,NA
"AENJPLPP_00805",0,NA,NA,NA,NA,NA
"AENJPLPP_00806",0,NA,NA,NA,NA,NA
"AENJPLPP_00807",0,NA,NA,NA,NA,NA
"AENJPLPP_00808",0,NA,NA,NA,NA,NA
"AENJPLPP_00809",14.3186196046121,-4.19391173866224,3.01118537655803,-1.39277766533794,0.163687034340428,0.737175096141395
"AENJPLPP_00810",0,NA,NA,NA,NA,NA
"AENJPLPP_00811",0,NA,NA,NA,NA,NA
"AENJPLPP_00812",0,NA,NA,NA,NA,NA
"AENJPLPP_00813",0.580510115272725,-2.76138161109217,3.97598997825704,-0.69451422820303,0.487359781095347,0.989954701282218
"AENJPLPP_00814",0,NA,NA,NA,NA,NA
"AENJPLPP_00815",0,NA,NA,NA,NA,NA
"AENJPLPP_00816",8.76355584575089,-6.67164160453492,3.71646937683213,-1.79515581269817,0.0726288784184295,0.646398858256339
"AENJPLPP_00817",0,NA,NA,NA,NA,NA
"AENJPLPP_00818",0,NA,NA,NA,NA,NA
"AENJPLPP_00819",0,NA,NA,NA,NA,NA
"AENJPLPP_00820",0,NA,NA,NA,NA,NA
"AENJPLPP_00821",0,NA,NA,NA,NA,NA
"AENJPLPP_00822",3.53948247666195,4.37217656580343,3.76125386112398,1.16242527817489,0.245062760262832,0.838952836355753
"AENJPLPP_00823",0,NA,NA,NA,NA,NA
"AENJPLPP_00824",50.6374560796473,-0.366195420246614,1.91501992601954,-0.191222772813529,0.848351062686434,0.99002642209915
"AENJPLPP_00825",0,NA,NA,NA,NA,NA
"AENJPLPP_00826",0,NA,NA,NA,NA,NA
"AENJPLPP_00827",0,NA,NA,NA,NA,NA
"AENJPLPP_00828",0,NA,NA,NA,NA,NA
"AENJPLPP_00829",0,NA,NA,NA,NA,NA
"AENJPLPP_00830",0,NA,NA,NA,NA,NA
"AENJPLPP_00831",0,NA,NA,NA,NA,NA
"AENJPLPP_00832",0,NA,NA,NA,NA,NA
"AENJPLPP_00833",0,NA,NA,NA,NA,NA
"AENJPLPP_00834",0.568325130868168,2.76446849164947,3.9789040544385,0.694781390510203,0.487192312269092,0.989954701282218
"AENJPLPP_00835",0,NA,NA,NA,NA,NA
"AENJPLPP_00836",0,NA,NA,NA,NA,NA
"AENJPLPP_00837",0,NA,NA,NA,NA,NA
"AENJPLPP_00838",0,NA,NA,NA,NA,NA
"AENJPLPP_00839",0,NA,NA,NA,NA,NA
"AENJPLPP_00840",0,NA,NA,NA,NA,NA
"AENJPLPP_00841",0,NA,NA,NA,NA,NA
"AENJPLPP_00842",25.2238432197927,8.22592004782414,3.13819058982241,2.62123023200119,0.00876130715820471,0.26565014724961
"AENJPLPP_00843",5.11492617781351,5.92551363082427,3.88468928055532,1.52535073023323,0.127171640760858,0.687046788764634
"AENJPLPP_00844",0,NA,NA,NA,NA,NA
"AENJPLPP_00845",0,NA,NA,NA,NA,NA
"AENJPLPP_00846",6.14441863212501,-0.112995936197176,3.51660858495414,-0.0321320765355096,0.97436672323467,0.99832883126056
"AENJPLPP_00847",0,NA,NA,NA,NA,NA
"AENJPLPP_00848",0,NA,NA,NA,NA,NA
"AENJPLPP_00849",5.51484609509089,-6.00458932917619,3.85551286015337,-1.55740352761716,0.119374709145135,0.674395810921208
"AENJPLPP_00850",10.9402587692122,7.02179729243896,3.66349291645301,1.91669465523014,NA,NA
"AENJPLPP_00851",153.925748066779,0.956148641462587,1.82342523490056,0.524369534413475,0.600021542023414,0.989954701282218
"AENJPLPP_00852",0,NA,NA,NA,NA,NA
"AENJPLPP_00853",0,NA,NA,NA,NA,NA
"AENJPLPP_00854",0,NA,NA,NA,NA,NA
"AENJPLPP_00855",0,NA,NA,NA,NA,NA
"AENJPLPP_00856",0,NA,NA,NA,NA,NA
"AENJPLPP_00857",12.1873256362174,-1.55000447293152,3.39508020370562,-0.456544287595839,0.647998631354568,0.989954701282218
"AENJPLPP_00858",0,NA,NA,NA,NA,NA
"AENJPLPP_00859",0,NA,NA,NA,NA,NA
"AENJPLPP_00860",0,NA,NA,NA,NA,NA
"AENJPLPP_00861",0,NA,NA,NA,NA,NA
"AENJPLPP_00862",0,NA,NA,NA,NA,NA
"AENJPLPP_00863",0,NA,NA,NA,NA,NA
"AENJPLPP_00864",0,NA,NA,NA,NA,NA
"AENJPLPP_00865",0,NA,NA,NA,NA,NA
"AENJPLPP_00866",0,NA,NA,NA,NA,NA
"AENJPLPP_00867",0,NA,NA,NA,NA,NA
"AENJPLPP_00868",0,NA,NA,NA,NA,NA
"AENJPLPP_00869",0,NA,NA,NA,NA,NA
"AENJPLPP_00870",0,NA,NA,NA,NA,NA
"AENJPLPP_00871",0,NA,NA,NA,NA,NA
"AENJPLPP_00872",0,NA,NA,NA,NA,NA
"AENJPLPP_00873",0,NA,NA,NA,NA,NA
"AENJPLPP_00874",0,NA,NA,NA,NA,NA
"AENJPLPP_00875",4.13225819737503,5.61742849006903,3.91683144796715,1.43417672286728,0.15152183786864,0.72169230115799
"AENJPLPP_00876",0,NA,NA,NA,NA,NA
"AENJPLPP_00877",0,NA,NA,NA,NA,NA
"AENJPLPP_00878",0,NA,NA,NA,NA,NA
"AENJPLPP_00879",0,NA,NA,NA,NA,NA
"AENJPLPP_00880",0,NA,NA,NA,NA,NA
"AENJPLPP_00881",0,NA,NA,NA,NA,NA
"AENJPLPP_00882",0,NA,NA,NA,NA,NA
"AENJPLPP_00883",0,NA,NA,NA,NA,NA
"AENJPLPP_00884",0,NA,NA,NA,NA,NA
"AENJPLPP_00885",0.142081282717042,0.990670070261673,4.0804728567969,0.242783154067916,0.808173386299497,0.989954701282218
"AENJPLPP_00886",0,NA,NA,NA,NA,NA
"AENJPLPP_00887",0,NA,NA,NA,NA,NA
"AENJPLPP_00888",0,NA,NA,NA,NA,NA
"AENJPLPP_00889",0,NA,NA,NA,NA,NA
"AENJPLPP_00890",0.295161299812502,1.82024248426405,4.04434109836666,0.450071455397065,0.652658918209726,0.989954701282218
"AENJPLPP_00891",0,NA,NA,NA,NA,NA
"AENJPLPP_00892",0,NA,NA,NA,NA,NA
"AENJPLPP_00893",3.12578821977492,5.21576726178061,3.92005890457231,1.33053287941592,0.183342760704382,0.759181831148535
"AENJPLPP_00894",0,NA,NA,NA,NA,NA
"AENJPLPP_00895",0,NA,NA,NA,NA,NA
"AENJPLPP_00896",0.440288828630683,0.858469479839473,4.04434037985118,0.212264398940393,0.831900768093081,0.99002642209915
"AENJPLPP_00897",0,NA,NA,NA,NA,NA
"AENJPLPP_00898",0,NA,NA,NA,NA,NA
"AENJPLPP_00899",0,NA,NA,NA,NA,NA
"AENJPLPP_00900",0,NA,NA,NA,NA,NA
"AENJPLPP_00901",0.580510115272725,-2.76138161109217,3.97598997825704,-0.69451422820303,0.487359781095347,0.989954701282218
"AENJPLPP_00902",0,NA,NA,NA,NA,NA
"AENJPLPP_00903",0.284162565434084,1.77295021440859,4.0488392325666,0.437890988643847,0.661465308296341,0.989954701282218
"AENJPLPP_00904",0,NA,NA,NA,NA,NA
"AENJPLPP_00905",0,NA,NA,NA,NA,NA
"AENJPLPP_00906",0,NA,NA,NA,NA,NA
"AENJPLPP_00907",0,NA,NA,NA,NA,NA
"AENJPLPP_00908",0,NA,NA,NA,NA,NA
"AENJPLPP_00909",0,NA,NA,NA,NA,NA
"AENJPLPP_00910",42.572408746706,-2.14244065111627,2.27171820205279,-0.94309261121397,0.345633534742121,0.951600020331673
"AENJPLPP_00911",20.5243117775904,-1.23434912645981,2.84819653561793,-0.433379196633289,NA,NA
"AENJPLPP_00912",0,NA,NA,NA,NA,NA
"AENJPLPP_00913",0,NA,NA,NA,NA,NA
"AENJPLPP_00914",0,NA,NA,NA,NA,NA
"AENJPLPP_00915",0,NA,NA,NA,NA,NA
"AENJPLPP_00916",0,NA,NA,NA,NA,NA
"AENJPLPP_00917",0,NA,NA,NA,NA,NA
"AENJPLPP_00918",0,NA,NA,NA,NA,NA
"AENJPLPP_00920",0,NA,NA,NA,NA,NA
"AENJPLPP_00921",0,NA,NA,NA,NA,NA
"AENJPLPP_00922",0,NA,NA,NA,NA,NA
"AENJPLPP_00923",0,NA,NA,NA,NA,NA
"AENJPLPP_00924",0,NA,NA,NA,NA,NA
"AENJPLPP_00925",0,NA,NA,NA,NA,NA
"AENJPLPP_00926",0,NA,NA,NA,NA,NA
"AENJPLPP_00927",0,NA,NA,NA,NA,NA
"AENJPLPP_00928",0,NA,NA,NA,NA,NA
"AENJPLPP_00929",247.578345395469,0.978074887674455,1.86201460652096,0.525277774003029,0.599390105829731,0.989954701282218
"AENJPLPP_00930",18.9117524739402,0.148461945551788,2.37225098549209,0.0625827311105494,0.950098781035817,0.99832883126056
"AENJPLPP_00931",0,NA,NA,NA,NA,NA
"AENJPLPP_00932",1.84705667532155,4.45811264621765,3.92921675198056,1.1346059348776,0.256540465370178,0.847570229819166
"AENJPLPP_00933",0,NA,NA,NA,NA,NA
"AENJPLPP_00934",0,NA,NA,NA,NA,NA
"AENJPLPP_00935",47.21392586117,0.608995920204456,1.90595528944344,0.319522668541867,0.749330204563782,0.989954701282218
"AENJPLPP_00936",0,NA,NA,NA,NA,NA
"AENJPLPP_00937",0,NA,NA,NA,NA,NA
"AENJPLPP_00938",0,NA,NA,NA,NA,NA
"AENJPLPP_00939",54.4261708811445,-0.297835825825978,2.34149029399941,-0.127199257066855,0.898782693380494,0.99832883126056
"AENJPLPP_00940",0,NA,NA,NA,NA,NA
"AENJPLPP_00941",0,NA,NA,NA,NA,NA
"AENJPLPP_00942",0,NA,NA,NA,NA,NA
"AENJPLPP_00943",125.952063238882,0.378397304984518,1.87722061899123,0.201573166817153,0.840250424383063,0.99002642209915
"AENJPLPP_00944",0,NA,NA,NA,NA,NA
"AENJPLPP_00945",0,NA,NA,NA,NA,NA
"AENJPLPP_00946",429.2668773404,-0.741536753050953,1.89219991802639,-0.391891335575362,0.695138505193148,0.989954701282218
"AENJPLPP_00947",225.527304775122,0.408815074843456,1.84509970133045,0.221568013126158,0.824650185400142,0.99002642209915
"AENJPLPP_00948",7.67419379512505,6.51013512684058,3.74465423231374,1.73851435218309,0.0821202234090062,0.646398858256339
"AENJPLPP_00949",0,NA,NA,NA,NA,NA
"AENJPLPP_00950",0,NA,NA,NA,NA,NA
"AENJPLPP_00951",0,NA,NA,NA,NA,NA
"AENJPLPP_00952",0,NA,NA,NA,NA,NA
"AENJPLPP_00953",0,NA,NA,NA,NA,NA
"AENJPLPP_00954",0,NA,NA,NA,NA,NA
"AENJPLPP_00955",0,NA,NA,NA,NA,NA
"AENJPLPP_00956",0,NA,NA,NA,NA,NA
"AENJPLPP_00957",0,NA,NA,NA,NA,NA
"AENJPLPP_00958",0,NA,NA,NA,NA,NA
"AENJPLPP_00959",0,NA,NA,NA,NA,NA
"AENJPLPP_00960",0,NA,NA,NA,NA,NA
"AENJPLPP_00961",0,NA,NA,NA,NA,NA
"AENJPLPP_00962",0,NA,NA,NA,NA,NA
"AENJPLPP_00963",0,NA,NA,NA,NA,NA
"AENJPLPP_00964",0,NA,NA,NA,NA,NA
"AENJPLPP_00965",1615.69442593364,-0.542760347213315,1.86764674997108,-0.290611887511232,0.771348167384293,0.989954701282218
"AENJPLPP_00966",3.12578821977492,5.21576726178061,3.92005890457231,1.33053287941592,0.183342760704382,0.759181831148535
"AENJPLPP_00967",0,NA,NA,NA,NA,NA
"AENJPLPP_00968",0,NA,NA,NA,NA,NA
"AENJPLPP_00969",0,NA,NA,NA,NA,NA
"AENJPLPP_00970",0,NA,NA,NA,NA,NA
"AENJPLPP_00971",0,NA,NA,NA,NA,NA
"AENJPLPP_00972",0,NA,NA,NA,NA,NA
"AENJPLPP_00973",0,NA,NA,NA,NA,NA
"AENJPLPP_00974",0,NA,NA,NA,NA,NA
"AENJPLPP_00975",0,NA,NA,NA,NA,NA
"AENJPLPP_00976",0,NA,NA,NA,NA,NA
"AENJPLPP_00977",35.2730502603732,-0.00440777042633576,2.63704349729492,-0.00167148188145446,0.998666351034129,0.999204271121478
"AENJPLPP_00978",0,NA,NA,NA,NA,NA
"AENJPLPP_00979",0,NA,NA,NA,NA,NA
"AENJPLPP_00980",0,NA,NA,NA,NA,NA
"AENJPLPP_00981",0,NA,NA,NA,NA,NA
"AENJPLPP_00982",0.725637644090906,-3.08231572848198,3.96228120427866,-0.777914430998373,0.436619460201105,0.989954701282218
"AENJPLPP_00983",0,NA,NA,NA,NA,NA
"AENJPLPP_00984",0,NA,NA,NA,NA,NA
"AENJPLPP_00985",20.4657623555169,-0.0968269748887239,3.12459467887562,-0.0309886512779849,0.975278590295737,0.99832883126056
"AENJPLPP_00986",0,NA,NA,NA,NA,NA
"AENJPLPP_00987",17.7548514078066,-2.6014294441141,3.35106955721281,-0.776298253348638,NA,NA
"AENJPLPP_00988",202.401262412796,2.24973796938209,2.03323784357392,1.1064804722637,0.268518611634664,0.856063592026633
"AENJPLPP_00989",0,NA,NA,NA,NA,NA
"AENJPLPP_00990",58.4407749232887,6.30602604017363,2.86292063076458,2.2026548596597,0.0276190841236192,0.431359877494344
"AENJPLPP_00991",0,NA,NA,NA,NA,NA
"AENJPLPP_00992",0,NA,NA,NA,NA,NA
"AENJPLPP_00993",0,NA,NA,NA,NA,NA
"AENJPLPP_00994",0,NA,NA,NA,NA,NA
"AENJPLPP_00995",11.2771233921711,6.08468634281573,2.67015783215411,2.27877403707893,0.0226805010170371,0.383140662653343
"AENJPLPP_00996",0,NA,NA,NA,NA,NA
"AENJPLPP_00997",0,NA,NA,NA,NA,NA
"AENJPLPP_00999",0,NA,NA,NA,NA,NA
"AENJPLPP_01000",0,NA,NA,NA,NA,NA
"AENJPLPP_01001",0,NA,NA,NA,NA,NA
"AENJPLPP_01002",0,NA,NA,NA,NA,NA
"AENJPLPP_01003",0,NA,NA,NA,NA,NA
"AENJPLPP_01004",0,NA,NA,NA,NA,NA
"AENJPLPP_01005",0,NA,NA,NA,NA,NA
"AENJPLPP_01006",0,NA,NA,NA,NA,NA
"AENJPLPP_01007",0,NA,NA,NA,NA,NA
"AENJPLPP_01008",9.18298222851144,6.76728670317303,3.70748511753658,1.82530380800814,0.0679551958577535,0.646398858256339
"AENJPLPP_01009",0,NA,NA,NA,NA,NA
"AENJPLPP_01010",0,NA,NA,NA,NA,NA
"AENJPLPP_01011",0,NA,NA,NA,NA,NA
"AENJPLPP_01012",4.27766971201696,2.2885243109023,3.62404299130876,0.631483764511258,0.527724261569666,0.989954701282218
"AENJPLPP_01013",2.61229551872726,-4.92723652721255,3.92229905404869,-1.25621133404566,0.209039358526602,0.787564951641892
"AENJPLPP_01014",0,NA,NA,NA,NA,NA
"AENJPLPP_01015",2.01414103469656,-1.81765333316785,3.68709642432435,-0.49297689129487,0.62202891563168,0.989954701282218
"AENJPLPP_01016",0,NA,NA,NA,NA,NA
"AENJPLPP_01017",0,NA,NA,NA,NA,NA
"AENJPLPP_01018",12.5579706532379,-2.46819137104807,2.9662332030843,-0.832096198128196,0.405354647640377,0.989954701282218
"AENJPLPP_01019",43.0156771825403,-0.457072356760775,2.266032282812,-0.201706021678375,0.840146554743515,0.99002642209915
"AENJPLPP_01020",0,NA,NA,NA,NA,NA
"AENJPLPP_01021",0,NA,NA,NA,NA,NA
"AENJPLPP_01022",0,NA,NA,NA,NA,NA
"AENJPLPP_01023",0,NA,NA,NA,NA,NA
"AENJPLPP_01024",0,NA,NA,NA,NA,NA
"AENJPLPP_01025",0.313238371805732,-1.86118662550511,4.03498646005666,-0.461262173722132,0.644610519902551,0.989954701282218
"AENJPLPP_01026",5.58181272713441,6.04843176490242,3.85667368353741,1.56830270362793,0.116810505276711,0.668934826884634
"AENJPLPP_01027",0,NA,NA,NA,NA,NA
"AENJPLPP_01028",0,NA,NA,NA,NA,NA
"AENJPLPP_01029",0,NA,NA,NA,NA,NA
"AENJPLPP_01030",0,NA,NA,NA,NA,NA
"AENJPLPP_01031",0,NA,NA,NA,NA,NA
"AENJPLPP_01032",32.2634525551231,0.662204114104348,2.64358504878723,0.250494726624415,NA,NA
"AENJPLPP_01033",9.24910577335011,-0.102689190942114,3.15056865008548,-0.0325938591877146,0.973998466888598,0.99832883126056
"AENJPLPP_01034",0,NA,NA,NA,NA,NA
"AENJPLPP_01035",0,NA,NA,NA,NA,NA
"AENJPLPP_01036",0,NA,NA,NA,NA,NA
"AENJPLPP_01037",0,NA,NA,NA,NA,NA
"AENJPLPP_01038",0,NA,NA,NA,NA,NA
"AENJPLPP_01039",0,NA,NA,NA,NA,NA
"AENJPLPP_01040",12.9870971917501,7.26891886630157,3.63758883290692,1.99827940985093,NA,NA
"AENJPLPP_01041",0,NA,NA,NA,NA,NA
"AENJPLPP_01042",18.4199322701252,-7.7437681051568,3.15110675227303,-2.45747564711062,0.013991729677215,0.333437903792154
"AENJPLPP_01043",53.8636908741892,0.574992928796851,3.10090060005023,0.185427720187979,NA,NA
"AENJPLPP_01044",0,NA,NA,NA,NA,NA
"AENJPLPP_01045",0,NA,NA,NA,NA,NA
"AENJPLPP_01046",0,NA,NA,NA,NA,NA
"AENJPLPP_01047",0,NA,NA,NA,NA,NA
"AENJPLPP_01048",23.8275580470203,-1.44274748065803,2.71402474887552,-0.53158965527333,0.595010231076921,0.989954701282218
"AENJPLPP_01049",0,NA,NA,NA,NA,NA
"AENJPLPP_01050",0,NA,NA,NA,NA,NA
"AENJPLPP_01051",0,NA,NA,NA,NA,NA
"AENJPLPP_01052",0,NA,NA,NA,NA,NA
"AENJPLPP_01053",42.9938722316763,-1.89731306732994,2.98805332051548,-0.634966268608162,0.525450414851151,0.989954701282218
"AENJPLPP_01054",0,NA,NA,NA,NA,NA
"AENJPLPP_01055",0.580510115272725,-2.76138161109217,3.97598997825704,-0.69451422820303,0.487359781095347,0.989954701282218
"AENJPLPP_01056",0,NA,NA,NA,NA,NA
"AENJPLPP_01057",0,NA,NA,NA,NA,NA
"AENJPLPP_01058",0,NA,NA,NA,NA,NA
"AENJPLPP_01059",0.147580649906251,0.990670070261673,4.0804728567969,0.242783154067916,0.808173386299497,0.989954701282218
"AENJPLPP_01060",0,NA,NA,NA,NA,NA
"AENJPLPP_01061",7.2314518454063,6.42443334927235,3.76161670597532,1.70789154011018,0.0876564692249203,0.646398858256339
"AENJPLPP_01062",0,NA,NA,NA,NA,NA
"AENJPLPP_01063",0,NA,NA,NA,NA,NA
"AENJPLPP_01064",0,NA,NA,NA,NA,NA
"AENJPLPP_01065",2.90255057636363,-5.07911411480781,3.92074964146616,-1.29544464178245,0.195166886489434,0.759181831148535
"AENJPLPP_01066",0,NA,NA,NA,NA,NA
"AENJPLPP_01067",0,NA,NA,NA,NA,NA
"AENJPLPP_01068",0,NA,NA,NA,NA,NA
"AENJPLPP_01069",0,NA,NA,NA,NA,NA
"AENJPLPP_01070",253.734760974944,-0.387627652891859,1.82061805312517,-0.21290992486122,0.831397220946358,0.99002642209915
"AENJPLPP_01071",0,NA,NA,NA,NA,NA
"AENJPLPP_01072",0,NA,NA,NA,NA,NA
"AENJPLPP_01073",0,NA,NA,NA,NA,NA
"AENJPLPP_01074",41.7433907244556,-2.36324758217256,2.96987077929434,-0.795740878239182,0.426182661689754,0.989954701282218
"AENJPLPP_01075",0,NA,NA,NA,NA,NA
"AENJPLPP_01076",0,NA,NA,NA,NA,NA
"AENJPLPP_01077",0,NA,NA,NA,NA,NA
"AENJPLPP_01078",0,NA,NA,NA,NA,NA
"AENJPLPP_01079",0,NA,NA,NA,NA,NA
"AENJPLPP_01080",0,NA,NA,NA,NA,NA
"AENJPLPP_01081",17.0326334075011,-1.07795474599177,2.46168419502323,-0.437893190430789,0.661463712132449,0.989954701282218
"AENJPLPP_01082",7.31249973659819,-0.862334981619323,2.73762900993865,-0.314993367796993,0.752766689472825,0.989954701282218
"AENJPLPP_01083",0,NA,NA,NA,NA,NA
"AENJPLPP_01084",0,NA,NA,NA,NA,NA
"AENJPLPP_01085",0,NA,NA,NA,NA,NA
"AENJPLPP_01086",0,NA,NA,NA,NA,NA
"AENJPLPP_01087",28.4004124630816,-22.4251520383906,3.58220043017101,-6.26016117063558,NA,NA
"AENJPLPP_01088",0,NA,NA,NA,NA,NA
"AENJPLPP_01089",132.731700330832,-0.638969148987561,1.9003812434574,-0.336232085634076,0.736695859106752,0.989954701282218
"AENJPLPP_01090",9.4725393105909,-1.5891128854949,3.4181148021818,-0.464909161178717,0.641996509703873,0.989954701282218
"AENJPLPP_01091",0,NA,NA,NA,NA,NA
"AENJPLPP_01092",0,NA,NA,NA,NA,NA
"AENJPLPP_01093",0,NA,NA,NA,NA,NA
"AENJPLPP_01094",2.95161299812502,5.13237332008333,3.92084877926698,1.30899547751567,0.190535882671326,0.759181831148535
"AENJPLPP_01095",0.298530950494373,0.0288973980480415,4.0804728567969,0.00708187483710537,0.994349528637277,0.998517118667814
"AENJPLPP_01096",0,NA,NA,NA,NA,NA
"AENJPLPP_01097",0,NA,NA,NA,NA,NA
"AENJPLPP_01098",0,NA,NA,NA,NA,NA
"AENJPLPP_01099",0,NA,NA,NA,NA,NA
"AENJPLPP_01100",0,NA,NA,NA,NA,NA
"AENJPLPP_01101",0,NA,NA,NA,NA,NA
"AENJPLPP_01102",207.080121787048,-0.605829045522831,1.91591875738338,-0.316208108088167,0.751844553895342,0.989954701282218
"AENJPLPP_01103",1.84705667532155,4.45811264621765,3.92921675198056,1.1346059348776,0.256540465370178,0.847570229819166
"AENJPLPP_01104",89.4585102949863,-1.36007763520377,1.88277888072282,-0.722377783779697,0.470062241947574,0.989954701282218
"AENJPLPP_01105",9.23528337660773,6.77748530992694,3.69729698792071,1.83309194042821,0.066788899484377,0.646398858256339
"AENJPLPP_01106",0.162288071217609,-0.932883281380817,4.0804728567969,-0.228621366719031,0.819163216114424,0.989954701282218
"AENJPLPP_01107",0,NA,NA,NA,NA,NA
"AENJPLPP_01108",273.601261208448,0.50412020985047,1.90804954293089,0.264207086088607,0.791620351112579,0.989954701282218
"AENJPLPP_01109",77.1685131219563,-4.58158785255101,2.66858542674856,-1.71686010371917,0.0860047360001378,0.646398858256339
"AENJPLPP_01110",272.824097691299,0.107387745455049,1.82436513474632,0.0588630770287009,0.953061167296364,0.99832883126056
"AENJPLPP_01111",0,NA,NA,NA,NA,NA
"AENJPLPP_01112",0,NA,NA,NA,NA,NA
"AENJPLPP_01113",0,NA,NA,NA,NA,NA
"AENJPLPP_01114",36.6507866346329,-0.772004865567369,2.67428753577043,-0.288676836443829,0.772828690221494,0.989954701282218
"AENJPLPP_01115",0.435382586454544,-2.34793412854927,3.99869439519106,-0.587175186824221,0.557086055353087,0.989954701282218
"AENJPLPP_01116",156.97993475871,-1.62054520747434,2.66949218219143,-0.607061229954232,NA,NA
"AENJPLPP_01117",0,NA,NA,NA,NA,NA
"AENJPLPP_01118",0,NA,NA,NA,NA,NA
"AENJPLPP_01119",0,NA,NA,NA,NA,NA
"AENJPLPP_01120",30.2011266828641,-3.66320650073597,2.21362332473041,-1.65484635972658,0.0979556673209085,0.650003426459854
"AENJPLPP_01121",0,NA,NA,NA,NA,NA
"AENJPLPP_01122",0,NA,NA,NA,NA,NA
"AENJPLPP_01123",24.5557333001163,-1.35123701263013,2.26742649894861,-0.595934207021348,0.551219180267874,0.989954701282218
"AENJPLPP_01124",0,NA,NA,NA,NA,NA
"AENJPLPP_01125",0,NA,NA,NA,NA,NA
"AENJPLPP_01126",41.3093173620272,-1.87305768228165,2.61162422100684,-0.717200302867287,0.473250512436521,0.989954701282218
"AENJPLPP_01127",0,NA,NA,NA,NA,NA
"AENJPLPP_01128",146.128431376835,-0.455358592155678,1.88328166170204,-0.241789957081694,0.808942921148709,0.989954701282218
"AENJPLPP_01129",0,NA,NA,NA,NA,NA
"AENJPLPP_01130",0,NA,NA,NA,NA,NA
"AENJPLPP_01131",64.350961461782,-1.15988207835214,3.03840641476901,-0.381740267764777,0.702654028584735,0.989954701282218
"AENJPLPP_01132",1.47580649906251,4.13363316662575,3.93485868847195,1.05051629394879,0.293480803575485,0.890034650183353
"AENJPLPP_01133",113.660973290661,0.128143581541968,1.83600079863193,0.0697949486936239,0.944356867733463,0.99832883126056
"AENJPLPP_01134",6.12969990559659,-0.974616804099068,3.51266776280022,-0.277457724416876,0.781428662978182,0.989954701282218
"AENJPLPP_01135",13.3517326512727,-7.27988691031965,3.63532558033395,-2.0025405563952,NA,NA
"AENJPLPP_01136",0,NA,NA,NA,NA,NA
"AENJPLPP_01137",14.7560052541591,-0.584256548445589,3.39207882033775,-0.172241442310416,0.863247718454323,0.99002642209915
"AENJPLPP_01138",83.1870154818096,23.035822838507,3.59341757169677,6.41056108256012,NA,NA
"AENJPLPP_01139",150.112307734784,-1.06236121154896,2.36203420099195,-0.449765380663334,0.652879622698711,0.989954701282218
"AENJPLPP_01140",585.525851529869,-0.331840595455684,1.81467176346002,-0.182865354571323,0.854903667517503,0.99002642209915
"AENJPLPP_01141",0,NA,NA,NA,NA,NA
"AENJPLPP_01142",7.56245595289178,6.48695793120804,3.75620387914603,1.72699835789607,0.0841679583919642,0.646398858256339
"AENJPLPP_01143",0,NA,NA,NA,NA,NA
"AENJPLPP_01144",0,NA,NA,NA,NA,NA
"AENJPLPP_01145",142.660714481056,-1.07246319910856,1.8886205918857,-0.567855292755095,0.570133231221118,0.989954701282218
"AENJPLPP_01146",23.8757252997058,0.539276341419156,2.99846723405545,0.179850670133814,0.857269803121053,0.99002642209915
"AENJPLPP_01147",0,NA,NA,NA,NA,NA
"AENJPLPP_01148",0,NA,NA,NA,NA,NA
"AENJPLPP_01149",13.8042757801266,-7.32803782989204,3.32994092906241,-2.20065099832127,NA,NA
"AENJPLPP_01150",9.33917102406454,-3.53636110766818,3.39729970194819,-1.0409329225915,0.297906680675048,0.893070385074639
"AENJPLPP_01151",0,NA,NA,NA,NA,NA
"AENJPLPP_01152",0,NA,NA,NA,NA,NA
"AENJPLPP_01153",21.8805175384245,21.3479735243108,3.58615436781009,5.95288750421169,NA,NA
"AENJPLPP_01154",0,NA,NA,NA,NA,NA
"AENJPLPP_01155",0,NA,NA,NA,NA,NA
"AENJPLPP_01156",0,NA,NA,NA,NA,NA
"AENJPLPP_01157",13.6744041319851,-0.678144707826604,3.39384440642903,-0.199816086601372,0.841624419748068,0.99002642209915
"AENJPLPP_01158",0,NA,NA,NA,NA,NA
"AENJPLPP_01159",4.33250214183746,-1.74133844872274,3.62183739092396,-0.480788688384077,0.630666690479189,0.989954701282218
"AENJPLPP_01160",0,NA,NA,NA,NA,NA
"AENJPLPP_01161",0,NA,NA,NA,NA,NA
"AENJPLPP_01162",57.8701971900357,-1.47955212055901,2.31816727625723,-0.638242173337813,0.523316048100861,0.989954701282218
"AENJPLPP_01163",1.72518218110507,3.25591365380267,3.93327406993867,0.827787129985946,0.40779106458849,0.989954701282218
"AENJPLPP_01164",0,NA,NA,NA,NA,NA
"AENJPLPP_01165",0,NA,NA,NA,NA,NA
"AENJPLPP_01166",0,NA,NA,NA,NA,NA
"AENJPLPP_01167",0.147580649906251,0.990670070261673,4.0804728567969,0.242783154067916,0.808173386299497,0.989954701282218
"AENJPLPP_01194",0,NA,NA,NA,NA,NA
"AENJPLPP_01195",0,NA,NA,NA,NA,NA
"AENJPLPP_01196",0,NA,NA,NA,NA,NA
"AENJPLPP_01197",9.57499620183894,-6.79943406972729,3.69666479810167,-1.83934287826664,0.0658647700825454,0.646398858256339
"AENJPLPP_01198",0,NA,NA,NA,NA,NA
"AENJPLPP_01199",0,NA,NA,NA,NA,NA
"AENJPLPP_01200",0,NA,NA,NA,NA,NA
"AENJPLPP_01201",0,NA,NA,NA,NA,NA
"AENJPLPP_01202",0,NA,NA,NA,NA,NA
"AENJPLPP_01203",0,NA,NA,NA,NA,NA
"AENJPLPP_01204",0,NA,NA,NA,NA,NA
"AENJPLPP_01205",30.6711413473779,-8.47954021569038,3.12953076478741,-2.70952447922856,0.00673797328075868,0.244958379009459
"AENJPLPP_01206",0,NA,NA,NA,NA,NA
"AENJPLPP_01207",0,NA,NA,NA,NA,NA
"AENJPLPP_01208",3675.34128401754,1.70163021358856,1.84379937533481,0.922893367007229,0.356062777609878,0.963760942917842
"AENJPLPP_01209",8.22677023795243,-0.275135216042059,2.90776618224018,-0.0946208184559361,0.924616013288797,0.99832883126056
"AENJPLPP_01210",39.0755065680341,-1.44761363976448,2.61592285146903,-0.55338544825645,0.579999501125624,0.989954701282218
"AENJPLPP_01211",0,NA,NA,NA,NA,NA
"AENJPLPP_01212",0,NA,NA,NA,NA,NA
"AENJPLPP_01213",0,NA,NA,NA,NA,NA
"AENJPLPP_01214",0,NA,NA,NA,NA,NA
"AENJPLPP_01215",0,NA,NA,NA,NA,NA
"AENJPLPP_01216",0,NA,NA,NA,NA,NA
"AENJPLPP_01217",0.597061900988747,-0.0237666500932484,4.0025694556259,-0.00593784826390524,0.995262310386133,0.998517118667814
"AENJPLPP_01218",0,NA,NA,NA,NA,NA
"AENJPLPP_01219",0,NA,NA,NA,NA,NA
"AENJPLPP_01220",0,NA,NA,NA,NA,NA
"AENJPLPP_01221",0,NA,NA,NA,NA,NA
"AENJPLPP_01222",0,NA,NA,NA,NA,NA
"AENJPLPP_01223",0,NA,NA,NA,NA,NA
"AENJPLPP_01224",0,NA,NA,NA,NA,NA
"AENJPLPP_01225",0,NA,NA,NA,NA,NA
"AENJPLPP_01226",0,NA,NA,NA,NA,NA
"AENJPLPP_01227",130.326013609963,-1.41559343292384,1.87214276792474,-0.756135406539008,0.449568015526085,0.989954701282218
"AENJPLPP_01228",0,NA,NA,NA,NA,NA
"AENJPLPP_01229",43.7368325153515,-3.08137468203697,2.24467876898513,-1.37274639231793,0.169831201387113,0.748128215341181
"AENJPLPP_01230",0,NA,NA,NA,NA,NA
"AENJPLPP_01231",9.73728427305655,-6.8236884164523,3.69314374484494,-1.84766391126181,0.064650977784703,0.646398858256339
"AENJPLPP_01232",0,NA,NA,NA,NA,NA
"AENJPLPP_01233",0,NA,NA,NA,NA,NA
"AENJPLPP_01234",10.7110127003622,-6.96122905924384,3.67453218927097,-1.89445314414974,0.0581648881119258,0.646398858256339
"AENJPLPP_01235",0,NA,NA,NA,NA,NA
"AENJPLPP_01236",0,NA,NA,NA,NA,NA
"AENJPLPP_01237",0,NA,NA,NA,NA,NA
"AENJPLPP_01238",103.098586516166,-0.501792363898662,2.00854331530999,-0.249828997997594,0.802719593504735,0.989954701282218
"AENJPLPP_01239",291.657744261758,0.22952946157475,1.83922662626023,0.124796726133452,0.9006844792975,0.99832883126056
"AENJPLPP_01240",0,NA,NA,NA,NA,NA
"AENJPLPP_01241",0,NA,NA,NA,NA,NA
"AENJPLPP_01242",0,NA,NA,NA,NA,NA
"AENJPLPP_01243",0,NA,NA,NA,NA,NA
"AENJPLPP_01244",0,NA,NA,NA,NA,NA
"AENJPLPP_01245",0,NA,NA,NA,NA,NA
"AENJPLPP_01246",0,NA,NA,NA,NA,NA
"AENJPLPP_01247",68.4490658511726,-2.69397642344759,2.21005830592644,-1.21896169717491,0.222858730619628,0.800985981599415
"AENJPLPP_01248",0,NA,NA,NA,NA,NA
"AENJPLPP_01249",0,NA,NA,NA,NA,NA
"AENJPLPP_01250",0,NA,NA,NA,NA,NA
"AENJPLPP_01251",0,NA,NA,NA,NA,NA
"AENJPLPP_01252",2.06612909868751,4.61834710503316,3.92686261842456,1.17609082715657,0.239558583033288,0.83650740986014
"AENJPLPP_01253",0,NA,NA,NA,NA,NA
"AENJPLPP_01254",0,NA,NA,NA,NA,NA
"AENJPLPP_01255",0,NA,NA,NA,NA,NA
"AENJPLPP_01256",0,NA,NA,NA,NA,NA
"AENJPLPP_01257",0.811440356088046,-3.2344545394052,3.95676050185314,-0.817450168614035,0.413671215586864,0.989954701282218
"AENJPLPP_01258",0,NA,NA,NA,NA,NA
"AENJPLPP_01259",290.863771696833,-1.35843378187951,1.82936680715521,-0.74257047660768,0.457741768394178,0.989954701282218
"AENJPLPP_01260",0,NA,NA,NA,NA,NA
"AENJPLPP_01261",0,NA,NA,NA,NA,NA
"AENJPLPP_01262",4.97849215940342,0.194157457800776,3.57974981070478,0.0542377171779361,0.956745770933112,0.99832883126056
"AENJPLPP_01263",0,NA,NA,NA,NA,NA
"AENJPLPP_01264",0,NA,NA,NA,NA,NA
"AENJPLPP_01265",6.1125280579801,-2.29431552898173,3.49864868034965,-0.655771910414404,0.511970892339315,0.989954701282218
"AENJPLPP_01266",41.6613242645791,8.94984192764856,3.20173123973071,2.79531330318697,NA,NA
"AENJPLPP_01267",0,NA,NA,NA,NA,NA
"AENJPLPP_01268",0,NA,NA,NA,NA,NA
"AENJPLPP_01269",1.49111247660862,-1.10193521289967,3.85667556308145,-0.285721522299696,0.775091419168917,0.989954701282218
"AENJPLPP_01270",0,NA,NA,NA,NA,NA
"AENJPLPP_01271",0,NA,NA,NA,NA,NA
"AENJPLPP_01272",0,NA,NA,NA,NA,NA
"AENJPLPP_01273",0,NA,NA,NA,NA,NA
"AENJPLPP_01274",0,NA,NA,NA,NA,NA
"AENJPLPP_01275",0,NA,NA,NA,NA,NA
"AENJPLPP_01276",128.286929492242,0.7849331048233,1.94639439827298,0.403275464376473,0.686745589367057,0.989954701282218
"AENJPLPP_01277",0,NA,NA,NA,NA,NA
"AENJPLPP_01278",0,NA,NA,NA,NA,NA
"AENJPLPP_01279",0,NA,NA,NA,NA,NA
"AENJPLPP_01280",32.6858179496569,0.528469831332303,2.43155349944074,0.217338352396463,0.827944670445942,0.99002642209915
"AENJPLPP_01281",0,NA,NA,NA,NA,NA
"AENJPLPP_01282",0,NA,NA,NA,NA,NA
"AENJPLPP_01283",0,NA,NA,NA,NA,NA
"AENJPLPP_01284",25.8964406917518,1.0174720649971,3.38305974882159,0.300754979379692,NA,NA
"AENJPLPP_01285",0,NA,NA,NA,NA,NA
"AENJPLPP_01286",52.2452213941086,1.59187780241217,2.18995774500366,0.726898866447994,0.467287911645936,0.989954701282218
"AENJPLPP_01287",0,NA,NA,NA,NA,NA
"AENJPLPP_01288",16.3546182045022,-0.797994886821083,3.09040118517976,-0.258217247213056,0.796239247822922,0.989954701282218
"AENJPLPP_01289",5.75564534634379,6.09524322552795,3.83729690494467,1.58842106214761,0.112191157893486,0.668934826884634
"AENJPLPP_01290",0,NA,NA,NA,NA,NA
"AENJPLPP_01291",0,NA,NA,NA,NA,NA
"AENJPLPP_01292",0,NA,NA,NA,NA,NA
"AENJPLPP_01293",0,NA,NA,NA,NA,NA
"AENJPLPP_01294",0,NA,NA,NA,NA,NA
"AENJPLPP_01295",45.1779457868825,-2.15297715006755,2.2433536933543,-0.95971364499745,0.337199353974641,0.939844322380031
"AENJPLPP_01296",0,NA,NA,NA,NA,NA
"AENJPLPP_01297",98.2640841638836,-1.29170630043407,1.88948514571574,-0.683628714077438,0.494209648083405,0.989954701282218
"AENJPLPP_01298",0,NA,NA,NA,NA,NA
"AENJPLPP_01299",166.63297467364,-0.323746275379718,2.32422301583421,-0.139292259466555,0.889219206305223,0.99832883126056
"AENJPLPP_01300",0,NA,NA,NA,NA,NA
"AENJPLPP_01301",0,NA,NA,NA,NA,NA
"AENJPLPP_01302",0,NA,NA,NA,NA,NA
"AENJPLPP_01303",29.9528020722512,0.68592549473525,3.13331492232379,0.218913678241618,NA,NA
"AENJPLPP_01304",0,NA,NA,NA,NA,NA
"AENJPLPP_01305",0,NA,NA,NA,NA,NA
"AENJPLPP_01306",4.55978628898975,1.08965346129367,3.61109280196675,0.301751719230311,0.762841338591451,0.989954701282218
"AENJPLPP_01307",0,NA,NA,NA,NA,NA
"AENJPLPP_01308",0,NA,NA,NA,NA,NA
"AENJPLPP_01309",0,NA,NA,NA,NA,NA
"AENJPLPP_01310",0,NA,NA,NA,NA,NA
"AENJPLPP_01311",28.2804238521953,-0.879739183665503,2.80713179266797,-0.313394328675027,0.753981092431851,0.989954701282218
"AENJPLPP_01312",0,NA,NA,NA,NA,NA
"AENJPLPP_01313",0,NA,NA,NA,NA,NA
"AENJPLPP_01314",0,NA,NA,NA,NA,NA
"AENJPLPP_01315",0,NA,NA,NA,NA,NA
"AENJPLPP_01316",184.925183743599,-0.762336921166144,1.88665322471584,-0.404068384788076,0.686162432646878,0.989954701282218
"AENJPLPP_01317",268.524877527974,-0.878988582297013,1.83117508396256,-0.480013402320292,0.631217863141456,0.989954701282218
"AENJPLPP_01318",0,NA,NA,NA,NA,NA
"AENJPLPP_01319",0,NA,NA,NA,NA,NA
"AENJPLPP_01320",0,NA,NA,NA,NA,NA
"AENJPLPP_01321",66.9142984190919,-0.628111690317125,2.06521101911416,-0.304139230569544,0.761021819930615,0.989954701282218
"AENJPLPP_01322",41.2333907907671,22.2272307688654,3.57937447995608,6.2098086951601,NA,NA
"AENJPLPP_01323",0,NA,NA,NA,NA,NA
"AENJPLPP_01324",0,NA,NA,NA,NA,NA
"AENJPLPP_01325",389.478661486351,0.197990808509304,1.82155000671649,0.108693589404224,0.913445526644333,0.99832883126056
"AENJPLPP_01326",0,NA,NA,NA,NA,NA
"AENJPLPP_01327",0,NA,NA,NA,NA,NA
"AENJPLPP_01328",0,NA,NA,NA,NA,NA
"AENJPLPP_01329",0,NA,NA,NA,NA,NA
"AENJPLPP_01330",0,NA,NA,NA,NA,NA
"AENJPLPP_01331",0,NA,NA,NA,NA,NA
"AENJPLPP_01332",170.614048331669,-1.12287963256769,2.27780128697037,-0.492966458044808,0.62203628768254,0.989954701282218
"AENJPLPP_01333",0,NA,NA,NA,NA,NA
"AENJPLPP_01334",0.30741560003579,-1.83731395555253,4.03709078421083,-0.455108406959366,0.649031250149439,0.989954701282218
"AENJPLPP_01335",0,NA,NA,NA,NA,NA
"AENJPLPP_01336",93.959968528023,2.04843787897265,2.30814057534666,0.887484021056646,0.374818365312628,0.975291829097552
"AENJPLPP_01337",5.31290339662503,5.9798096099171,3.87041582228737,1.54500443479045,0.122345190673233,0.67802915347295
"AENJPLPP_01338",0,NA,NA,NA,NA,NA
"AENJPLPP_01339",0,NA,NA,NA,NA,NA
"AENJPLPP_01340",0,NA,NA,NA,NA,NA
"AENJPLPP_01341",0,NA,NA,NA,NA,NA
"AENJPLPP_01342",0,NA,NA,NA,NA,NA
"AENJPLPP_01343",0.360116950137704,2.07079513413306,4.02274693271069,0.514771415843868,0.606712761912681,0.989954701282218
"AENJPLPP_01344",0,NA,NA,NA,NA,NA
"AENJPLPP_01345",19.0117062751817,-21.8834835781023,3.59849243549136,-6.08129208839484,NA,NA
"AENJPLPP_01346",0,NA,NA,NA,NA,NA
"AENJPLPP_01347",4.79317030625736,5.83189369687721,3.45919886151481,1.6859087697327,0.0918133725463704,0.646398858256339
"AENJPLPP_01348",0,NA,NA,NA,NA,NA
"AENJPLPP_01349",0,NA,NA,NA,NA,NA
"AENJPLPP_01350",0,NA,NA,NA,NA,NA
"AENJPLPP_01351",0,NA,NA,NA,NA,NA
"AENJPLPP_01352",10.229852355627,6.92497658445973,3.67602457501482,1.88382216798206,NA,NA
"AENJPLPP_01353",0,NA,NA,NA,NA,NA
"AENJPLPP_01354",0,NA,NA,NA,NA,NA
"AENJPLPP_01355",0,NA,NA,NA,NA,NA
"AENJPLPP_01356",4.06357080690908,-5.56421294976119,3.91676137404504,-1.42061576348082,0.155428493264526,0.72169230115799
"AENJPLPP_01357",0,NA,NA,NA,NA,NA
"AENJPLPP_01358",0,NA,NA,NA,NA,NA
"AENJPLPP_01359",0.301900601176245,-1.81511972754879,4.03907761907919,-0.449389662376083,0.65315058732858,0.989954701282218
"AENJPLPP_01360",64.5231385137693,-0.0595012048464761,1.8762725110678,-0.0317124535457878,0.974701363389282,0.99832883126056
"AENJPLPP_01361",2.80403234821877,5.05844063533981,3.92158810286173,1.28989595609199,0.197086785036232,0.759181831148535
"AENJPLPP_01362",588.511129655868,-0.724194931610354,1.80925973469078,-0.400271402565715,0.68895662871012,0.989954701282218
"AENJPLPP_01363",0,NA,NA,NA,NA,NA
"AENJPLPP_01364",18.3693544975914,-7.73997186941814,3.21248928386655,-2.40933780177542,0.0159814980767118,0.352002739689627
"AENJPLPP_01365",0,NA,NA,NA,NA,NA
"AENJPLPP_01366",129.173543316353,-0.0673672341384841,1.92881288609639,-0.0349267856016996,0.972138121818029,0.99832883126056
"AENJPLPP_01367",1.15314836330396,3.77960901980871,3.94263484273561,0.958650539694976,0.337734822940955,0.939844322380031
"AENJPLPP_01368",14.4299437906412,-1.69907631161709,3.38131780291692,-0.502489387466441,0.615323315667818,0.989954701282218
"AENJPLPP_01369",85.27180814462,1.835725167914,3.04167405388459,0.603524616837086,0.546159744288567,0.989954701282218
"AENJPLPP_01370",0,NA,NA,NA,NA,NA
"AENJPLPP_01371",5.60806469643754,6.05778249790401,3.84739153663028,1.5745167707079,0.115368027466709,0.668934826884634
"AENJPLPP_01372",13.2089621896981,7.29369953569846,3.19169555506715,2.28521154660849,0.0223004264787738,0.383140662653343
"AENJPLPP_01373",4.42741949718753,5.71690146523138,3.91616125759499,1.45982279308444,0.144338782554406,0.714440244893755
"AENJPLPP_01374",11.1737223049862,0.0619766895155981,2.78599718003243,0.0222457832907342,0.982251896829816,0.998517118667814
"AENJPLPP_01375",0.147580649906251,0.990670070261673,4.0804728567969,0.242783154067916,0.808173386299497,0.989954701282218
"AENJPLPP_01376",5.42187909247322,1.43961802909744,3.55441736543851,0.405022224766177,0.685461174493717,0.989954701282218
"AENJPLPP_01377",0,NA,NA,NA,NA,NA
"AENJPLPP_01378",11.208392403755,-1.62559626040273,2.66604915733305,-0.609739792655915,0.54203419022906,0.989954701282218
"AENJPLPP_01379",0,NA,NA,NA,NA,NA
"AENJPLPP_01380",0,NA,NA,NA,NA,NA
"AENJPLPP_01381",0,NA,NA,NA,NA,NA
"AENJPLPP_01382",0,NA,NA,NA,NA,NA
"AENJPLPP_01383",16.1951303191167,-1.17244587026427,2.9988650464979,-0.39096319843851,0.695824438541338,0.989954701282218
"AENJPLPP_01384",0,NA,NA,NA,NA,NA
"AENJPLPP_01385",254.250787771097,-0.770328941102467,1.92635088615003,-0.399890251895922,0.689237352452863,0.989954701282218
"AENJPLPP_01386",14.3721269789811,0.0195834845113932,3.39945417262675,0.00576077320561761,0.995403593424079,0.998517118667814
"AENJPLPP_01387",0,NA,NA,NA,NA,NA
"AENJPLPP_01388",0,NA,NA,NA,NA,NA
"AENJPLPP_01389",0,NA,NA,NA,NA,NA
"AENJPLPP_01390",28.4623760723008,-0.678386361721658,2.6312182754802,-0.257822153351322,0.796544166442435,0.989954701282218
"AENJPLPP_01391",3.83709689756252,5.51058527113866,3.91760451891947,1.40662112383375,0.159539765864967,0.732859138385061
"AENJPLPP_01392",7.1406751335748,-6.3760898732566,3.77107274680969,-1.69078941228348,0.090877030056142,0.646398858256339
"AENJPLPP_01393",0,NA,NA,NA,NA,NA
"AENJPLPP_01403",0,NA,NA,NA,NA,NA
"AENJPLPP_01404",0,NA,NA,NA,NA,NA
"AENJPLPP_01405",0,NA,NA,NA,NA,NA
"AENJPLPP_01406",2.61229551872726,-4.92723652721255,3.92229905404869,-1.25621133404566,0.209039358526602,0.787564951641892
"AENJPLPP_01407",0,NA,NA,NA,NA,NA
"AENJPLPP_01408",0,NA,NA,NA,NA,NA
"AENJPLPP_01409",0,NA,NA,NA,NA,NA
"AENJPLPP_01410",0,NA,NA,NA,NA,NA
"AENJPLPP_01411",0,NA,NA,NA,NA,NA
"AENJPLPP_01412",0,NA,NA,NA,NA,NA
"AENJPLPP_01413",0,NA,NA,NA,NA,NA
"AENJPLPP_01414",0,NA,NA,NA,NA,NA
"AENJPLPP_01415",0,NA,NA,NA,NA,NA
"AENJPLPP_01416",0,NA,NA,NA,NA,NA
"AENJPLPP_01417",0,NA,NA,NA,NA,NA
"AENJPLPP_01418",5.06411657889194,-0.642653077934279,3.58356645808407,-0.179333377921465,0.857675939865344,0.99002642209915
"AENJPLPP_01419",0,NA,NA,NA,NA,NA
"AENJPLPP_01420",0,NA,NA,NA,NA,NA
"AENJPLPP_01421",0,NA,NA,NA,NA,NA
"AENJPLPP_01422",0,NA,NA,NA,NA,NA
"AENJPLPP_01423",0,NA,NA,NA,NA,NA
"AENJPLPP_01424",0,NA,NA,NA,NA,NA
"AENJPLPP_01425",0,NA,NA,NA,NA,NA
"AENJPLPP_01426",0.142081282717042,0.990670070261673,4.0804728567969,0.242783154067916,0.808173386299497,0.989954701282218
"AENJPLPP_01427",0,NA,NA,NA,NA,NA
"AENJPLPP_01428",0,NA,NA,NA,NA,NA
"AENJPLPP_01429",0,NA,NA,NA,NA,NA
"AENJPLPP_01430",0,NA,NA,NA,NA,NA
"AENJPLPP_01431",0,NA,NA,NA,NA,NA
"AENJPLPP_01432",0,NA,NA,NA,NA,NA
"AENJPLPP_01433",0,NA,NA,NA,NA,NA
"AENJPLPP_01434",3.36091511377628,3.39032199839771,3.07402608001982,1.10289304974792,0.270073612851243,0.856063592026633
"AENJPLPP_01435",0,NA,NA,NA,NA,NA
"AENJPLPP_01436",0,NA,NA,NA,NA,NA
"AENJPLPP_01437",28.580417119614,-2.68740089693175,2.9396675900155,-0.914185299745944,0.360619487134135,0.965022241271721
"AENJPLPP_01438",16.0495916138469,0.652627316204323,3.11695496651297,0.209379770710783,0.83415178341533,0.99002642209915
"AENJPLPP_01439",1.7851687833937,-4.37449647697493,3.92953022002207,-1.11323650208507,0.265606869509815,0.856063592026633
"AENJPLPP_01440",0,NA,NA,NA,NA,NA
"AENJPLPP_01441",1.84705667532155,4.45811264621765,3.92921675198056,1.1346059348776,0.256540465370178,0.847570229819166
"AENJPLPP_01442",0,NA,NA,NA,NA,NA
"AENJPLPP_01443",0,NA,NA,NA,NA,NA
"AENJPLPP_01444",0,NA,NA,NA,NA,NA
"AENJPLPP_01445",20.7900046595584,0.349293614864472,2.99952741247,0.116449549156426,0.907296267921502,0.99832883126056
"AENJPLPP_01446",0,NA,NA,NA,NA,NA
"AENJPLPP_01447",8.18811725102848,6.60194483584123,3.29999874241472,2.00059010659209,0.0454365806368533,0.600461888723953
"AENJPLPP_01448",0,NA,NA,NA,NA,NA
"AENJPLPP_01449",0,NA,NA,NA,NA,NA
"AENJPLPP_01450",0,NA,NA,NA,NA,NA
"AENJPLPP_01451",31.8071088756926,-1.92075267118789,2.60982416147717,-0.735970146778295,0.46174886583603,0.989954701282218
"AENJPLPP_01452",0,NA,NA,NA,NA,NA
"AENJPLPP_01453",0,NA,NA,NA,NA,NA
"AENJPLPP_01454",0,NA,NA,NA,NA,NA
"AENJPLPP_01455",28.1983534917102,0.233255509634373,1.97640770906863,0.118019935139948,0.906051862314087,0.99832883126056
"AENJPLPP_01456",0,NA,NA,NA,NA,NA
"AENJPLPP_01457",73.619255729784,-0.092679117185392,1.93003199055417,-0.0480194720289485,0.961700724072128,0.99832883126056
"AENJPLPP_01458",0,NA,NA,NA,NA,NA
"AENJPLPP_01459",0,NA,NA,NA,NA,NA
"AENJPLPP_01460",0,NA,NA,NA,NA,NA
"AENJPLPP_01461",0,NA,NA,NA,NA,NA
"AENJPLPP_01462",0,NA,NA,NA,NA,NA
"AENJPLPP_01463",994.582788798893,0.634064578105877,1.82861033117531,0.346746689163866,0.728781630883957,0.989954701282218
"AENJPLPP_01464",137.260344741423,0.673255689514149,1.98321595851169,0.339476740606402,0.734250616178622,0.989954701282218
"AENJPLPP_01465",0,NA,NA,NA,NA,NA
"AENJPLPP_01466",0,NA,NA,NA,NA,NA
"AENJPLPP_01467",0.870765172909088,-3.34466701678211,3.95310528352704,-0.846085994906247,0.397504772999558,0.989729275381508
"AENJPLPP_01468",0,NA,NA,NA,NA,NA
"AENJPLPP_01469",0,NA,NA,NA,NA,NA
"AENJPLPP_01470",0,NA,NA,NA,NA,NA
"AENJPLPP_01471",0.890378836396585,-2.15211831628245,3.96108712789189,-0.543315066494843,0.586912892480593,0.989954701282218
"AENJPLPP_01472",0,NA,NA,NA,NA,NA
"AENJPLPP_01473",0,NA,NA,NA,NA,NA
"AENJPLPP_01474",0,NA,NA,NA,NA,NA
"AENJPLPP_01475",0,NA,NA,NA,NA,NA
"AENJPLPP_01476",0,NA,NA,NA,NA,NA
"AENJPLPP_01477",0,NA,NA,NA,NA,NA
"AENJPLPP_01478",0,NA,NA,NA,NA,NA
"AENJPLPP_01479",0,NA,NA,NA,NA,NA
"AENJPLPP_01480",0,NA,NA,NA,NA,NA
"AENJPLPP_01481",0,NA,NA,NA,NA,NA
"AENJPLPP_01482",0,NA,NA,NA,NA,NA
"AENJPLPP_01483",0,NA,NA,NA,NA,NA
"AENJPLPP_01484",0.442741949718753,2.40193634805184,3.99925526544251,0.600595908144932,0.548109164003412,0.989954701282218
"AENJPLPP_01485",0,NA,NA,NA,NA,NA
"AENJPLPP_01486",0,NA,NA,NA,NA,NA
"AENJPLPP_01487",0,NA,NA,NA,NA,NA
"AENJPLPP_01488",0,NA,NA,NA,NA,NA
"AENJPLPP_01489",0,NA,NA,NA,NA,NA
"AENJPLPP_01490",0,NA,NA,NA,NA,NA
"AENJPLPP_01491",0,NA,NA,NA,NA,NA
"AENJPLPP_01492",0,NA,NA,NA,NA,NA
"AENJPLPP_01493",0,NA,NA,NA,NA,NA
"AENJPLPP_01494",0,NA,NA,NA,NA,NA
"AENJPLPP_01495",0,NA,NA,NA,NA,NA
"AENJPLPP_01496",0,NA,NA,NA,NA,NA
"AENJPLPP_01497",0,NA,NA,NA,NA,NA
"AENJPLPP_01498",0,NA,NA,NA,NA,NA
"AENJPLPP_01499",0,NA,NA,NA,NA,NA
"AENJPLPP_01500",0,NA,NA,NA,NA,NA
"AENJPLPP_01501",0,NA,NA,NA,NA,NA
"AENJPLPP_01502",0,NA,NA,NA,NA,NA
"AENJPLPP_01503",0,NA,NA,NA,NA,NA
"AENJPLPP_01504",0,NA,NA,NA,NA,NA
"AENJPLPP_01505",0,NA,NA,NA,NA,NA
"AENJPLPP_01506",1.18064519925001,3.8123149283436,3.94183459872376,0.967142286887914,0.333472908534452,0.936374243567951
"AENJPLPP_01507",0,NA,NA,NA,NA,NA
"AENJPLPP_01508",0,NA,NA,NA,NA,NA
"AENJPLPP_01509",0,NA,NA,NA,NA,NA
"AENJPLPP_01510",70.5632596390571,2.56158877519448,3.0005067580679,0.853718715449235,0.39326086175605,0.987751696632885
"AENJPLPP_01511",0,NA,NA,NA,NA,NA
"AENJPLPP_01512",0,NA,NA,NA,NA,NA
"AENJPLPP_01513",0,NA,NA,NA,NA,NA
"AENJPLPP_01514",0,NA,NA,NA,NA,NA
"AENJPLPP_01515",0,NA,NA,NA,NA,NA
"AENJPLPP_01516",0,NA,NA,NA,NA,NA
"AENJPLPP_01517",0,NA,NA,NA,NA,NA
"AENJPLPP_01518",1.91854844878126,4.5115704679773,3.92840229801627,1.14844919784705,0.25078317373971,0.844795083303574
"AENJPLPP_01519",0,NA,NA,NA,NA,NA
"AENJPLPP_01520",0,NA,NA,NA,NA,NA
"AENJPLPP_01521",0,NA,NA,NA,NA,NA
"AENJPLPP_01522",0,NA,NA,NA,NA,NA
"AENJPLPP_01523",3.68951624765627,5.45404197246275,3.91803733265886,1.39203420217579,0.163912041167644,0.737175096141395
"AENJPLPP_01524",0,NA,NA,NA,NA,NA
"AENJPLPP_01525",0,NA,NA,NA,NA,NA
"AENJPLPP_01526",1.91854844878126,4.5115704679773,3.92840229801627,1.14844919784705,0.25078317373971,0.844795083303574
"AENJPLPP_01527",0,NA,NA,NA,NA,NA
"AENJPLPP_01528",5.3990887432476,6.00346633414179,3.86255675220995,1.55427265391167,0.120119393563382,0.674395810921208
"AENJPLPP_01529",44.4550753437221,-8.0483988767849,2.76840732737223,-2.90723073776302,NA,NA
"AENJPLPP_01530",210.363473944892,-0.378818714098251,1.93962182027762,-0.195305450855379,0.845153830076582,0.99002642209915
"AENJPLPP_01531",0,NA,NA,NA,NA,NA
"AENJPLPP_01532",0.290255057636363,-1.76592009758669,4.04358882072695,-0.43672098620285,0.662313707642504,0.989954701282218
"AENJPLPP_01533",113.302055459863,-1.40786208920439,2.32031782867716,-0.606753985081013,0.544014189604006,0.989954701282218
"AENJPLPP_01534",0,NA,NA,NA,NA,NA
"AENJPLPP_01535",12.0313726758174,-7.12940242560799,3.20472861058398,-2.22465091180024,0.0261046820187431,0.423092865171703
"AENJPLPP_01536",16.5445382852727,-21.6970180486852,3.61050300292739,-6.00941697904511,NA,NA
"AENJPLPP_01537",46.0493597753069,-2.16092829799423,2.97543879596336,-0.726255334482383,0.467682255477686,0.989954701282218
"AENJPLPP_01538",0,NA,NA,NA,NA,NA
"AENJPLPP_01539",0,NA,NA,NA,NA,NA
"AENJPLPP_01540",26.2116801332344,-5.09897544243666,2.56951338289219,-1.98441287614442,0.0472098317735632,0.614443113537739
"AENJPLPP_01541",0,NA,NA,NA,NA,NA
"AENJPLPP_01542",0,NA,NA,NA,NA,NA
"AENJPLPP_01543",0,NA,NA,NA,NA,NA
"AENJPLPP_01544",0,NA,NA,NA,NA,NA
"AENJPLPP_01545",31.6217890940357,-1.05954162236677,2.70949223170407,-0.391048038436484,0.695761727780565,0.989954701282218
"AENJPLPP_01546",430.987326598245,-0.159453837268736,1.93158552065571,-0.0825507519929052,0.934208761761585,0.99832883126056
"AENJPLPP_01547",0,NA,NA,NA,NA,NA
"AENJPLPP_01548",12.581995427326,-2.60633184211047,2.96193721181807,-0.879941624593276,0.378890933954719,0.97651670405311
"AENJPLPP_01549",38.7845503869357,-0.692487410596423,2.68923035332794,-0.257503939645581,0.796789774427531,0.989954701282218
"AENJPLPP_01550",0,NA,NA,NA,NA,NA
"AENJPLPP_01551",0,NA,NA,NA,NA,NA
"AENJPLPP_01552",0,NA,NA,NA,NA,NA
"AENJPLPP_01553",0,NA,NA,NA,NA,NA
"AENJPLPP_01554",0.835643393161044,-0.42150202333599,3.93266791978942,-0.107179663254801,0.914646448855191,0.99832883126056
"AENJPLPP_01555",0,NA,NA,NA,NA,NA
"AENJPLPP_01556",0,NA,NA,NA,NA,NA
"AENJPLPP_01557",0,NA,NA,NA,NA,NA
"AENJPLPP_01558",844.204355493068,-1.53341871666331,1.82622577560914,-0.839665465871458,0.401095982019049,0.989954701282218
"AENJPLPP_01559",0.145127528818181,-0.932883281380817,4.0804728567969,-0.228621366719031,0.819163216114424,0.989954701282218
"AENJPLPP_01560",25.57612983438,-2.14143266680169,2.95581271292954,-0.724481851449678,0.4687699650934,0.989954701282218
"AENJPLPP_01561",8.60126777453328,-6.64466611123065,3.72092849703698,-1.78575485030736,0.0741389600178339,0.646398858256339
"AENJPLPP_01562",0,NA,NA,NA,NA,NA
"AENJPLPP_01563",0,NA,NA,NA,NA,NA
"AENJPLPP_01564",36.0116950137704,22.0407259166099,3.5797837718264,6.15699922718092,NA,NA
"AENJPLPP_01565",166.382771591782,-1.63319814699867,2.39919583594343,-0.68072731810009,0.496044047307676,0.989954701282218
"AENJPLPP_01566",0,NA,NA,NA,NA,NA
"AENJPLPP_01567",0,NA,NA,NA,NA,NA
"AENJPLPP_01568",6.71330575524469,1.19990020585878,3.49443676208162,0.343374422704964,0.731316798851785,0.989954701282218
"AENJPLPP_01569",0,NA,NA,NA,NA,NA
"AENJPLPP_01570",0,NA,NA,NA,NA,NA
"AENJPLPP_01571",0,NA,NA,NA,NA,NA
"AENJPLPP_01572",0,NA,NA,NA,NA,NA
"AENJPLPP_01573",10.229852355627,6.92497658445973,3.67602457501482,1.88382216798206,NA,NA
"AENJPLPP_01574",0.147580649906251,0.990670070261673,4.0804728567969,0.242783154067916,0.808173386299497,0.989954701282218
"AENJPLPP_01575",9.86867195963633,-6.8438830026103,3.68617651814485,-1.85663463725135,0.0633631525413649,0.646398858256339
"AENJPLPP_01576",0,NA,NA,NA,NA,NA
"AENJPLPP_01577",101.379551051124,-0.368318940534003,2.58877498878992,-0.142275378172658,0.886862494037101,0.99832883126056
"AENJPLPP_01578",0,NA,NA,NA,NA,NA
"AENJPLPP_01579",8.20333347919625,5.61710108806591,3.07433573209966,1.82709423353371,0.0676856021278141,0.646398858256339
"AENJPLPP_01580",0,NA,NA,NA,NA,NA
"AENJPLPP_01581",0,NA,NA,NA,NA,NA
"AENJPLPP_01582",0,NA,NA,NA,NA,NA
"AENJPLPP_01583",0,NA,NA,NA,NA,NA
"AENJPLPP_01584",0,NA,NA,NA,NA,NA
"AENJPLPP_01585",0,NA,NA,NA,NA,NA
"AENJPLPP_01586",0,NA,NA,NA,NA,NA
"AENJPLPP_01587",27.929593858277,8.37278804228863,3.17576578510747,2.63646270186304,0.00837754095505564,0.26565014724961
"AENJPLPP_01588",0,NA,NA,NA,NA,NA
"AENJPLPP_01589",0,NA,NA,NA,NA,NA
"AENJPLPP_01590",0,NA,NA,NA,NA,NA
"AENJPLPP_01591",83.4572916448122,-3.91659720223241,2.07095067052248,-1.89120738508189,0.058596665908774,0.646398858256339
"AENJPLPP_01592",0,NA,NA,NA,NA,NA
"AENJPLPP_01593",0,NA,NA,NA,NA,NA
"AENJPLPP_01594",0,NA,NA,NA,NA,NA
"AENJPLPP_01595",42.3397532357247,-7.976592633474,2.54766639883324,-3.1309407845262,0.00174247291177105,0.171263693455394
"AENJPLPP_01596",50.3475933508934,1.36692680233774,2.67300377795341,0.51138229343781,0.60908339104354,0.989954701282218
"AENJPLPP_01597",1.7049753926045,4.34290286790895,3.93107738459936,1.10476147961955,0.26926295581046,0.856063592026633
"AENJPLPP_01598",0,NA,NA,NA,NA,NA
"AENJPLPP_01599",0,NA,NA,NA,NA,NA
"AENJPLPP_01600",0,NA,NA,NA,NA,NA
"AENJPLPP_01601",0,NA,NA,NA,NA,NA
"AENJPLPP_01602",0,NA,NA,NA,NA,NA
"AENJPLPP_01603",0,NA,NA,NA,NA,NA
"AENJPLPP_01604",11.8436651783297,-0.497186434041825,2.39210349704086,-0.207844867354974,0.835350098438037,0.99002642209915
"AENJPLPP_01605",0,NA,NA,NA,NA,NA
"AENJPLPP_01606",93.4751220094645,-0.929329300414075,2.35544638284545,-0.394544875732395,0.693178802417225,0.989954701282218
"AENJPLPP_01607",0,NA,NA,NA,NA,NA
"AENJPLPP_01608",0,NA,NA,NA,NA,NA
"AENJPLPP_01609",13.5410163596761,-2.03327469577134,3.37410374311036,-0.602611789848821,NA,NA
"AENJPLPP_01610",0,NA,NA,NA,NA,NA
"AENJPLPP_01611",0,NA,NA,NA,NA,NA
"AENJPLPP_01612",0,NA,NA,NA,NA,NA
"AENJPLPP_01613",0.180058475068852,0.990670070261673,4.0804728567969,0.242783154067916,0.808173386299497,0.989954701282218
"AENJPLPP_01614",0.324576142435218,-1.90618731625743,4.03111028641738,-0.472869056120898,0.636306602773936,0.989954701282218
"AENJPLPP_01615",0,NA,NA,NA,NA,NA
"AENJPLPP_01616",100.991415833787,-0.355761384394103,2.05934042124173,-0.172755014530132,0.862843998490459,0.99002642209915
"AENJPLPP_01617",0,NA,NA,NA,NA,NA
"AENJPLPP_01618",0,NA,NA,NA,NA,NA
"AENJPLPP_01619",0,NA,NA,NA,NA,NA
"AENJPLPP_01620",0,NA,NA,NA,NA,NA
"AENJPLPP_01621",0,NA,NA,NA,NA,NA
"AENJPLPP_01622",9.81176953822796,-6.83525119944024,3.68884426137,-1.85295195869876,0.0638892447879798,0.646398858256339
"AENJPLPP_01623",84.539124275552,-0.741210675388215,1.90739987203643,-0.388597423253921,0.69757397320495,0.989954701282218
"AENJPLPP_01624",0,NA,NA,NA,NA,NA
"AENJPLPP_01625",169.066150606979,0.0161912185476194,1.8445085135478,0.00877806658451069,0.992996206144219,0.998517118667814
"AENJPLPP_01626",5.82533259139872,6.11302459580985,3.83128522737168,1.59555455494069,0.11058828064151,0.668934826884634
"AENJPLPP_01627",0,NA,NA,NA,NA,NA
"AENJPLPP_01628",10.3207312621317,-4.46785921594285,3.0025182187559,-1.48803733747005,0.136741047228942,0.703356644129708
"AENJPLPP_01629",0,NA,NA,NA,NA,NA
"AENJPLPP_01630",0,NA,NA,NA,NA,NA
"AENJPLPP_01631",0,NA,NA,NA,NA,NA
"AENJPLPP_01632",0,NA,NA,NA,NA,NA
"AENJPLPP_01633",74.3435939644776,-0.942655742620244,2.31846044919155,-0.406586941325202,0.684311389943167,0.989954701282218
"AENJPLPP_01634",0,NA,NA,NA,NA,NA
"AENJPLPP_01635",0,NA,NA,NA,NA,NA
"AENJPLPP_01636",84.1923384441306,0.872570895048926,2.69846307449792,0.323358471455562,0.746423776507237,0.989954701282218
"AENJPLPP_01637",70.531287006315,0.255296884636401,2.31356324612866,0.110347916817747,0.912133457137913,0.99832883126056
"AENJPLPP_01638",0,NA,NA,NA,NA,NA
"AENJPLPP_01639",0,NA,NA,NA,NA,NA
"AENJPLPP_01640",293.112976602044,-0.485577869847368,1.84269747689064,-0.263514698390281,0.792153896104121,0.989954701282218
"AENJPLPP_01641",0,NA,NA,NA,NA,NA
"AENJPLPP_01642",60.9692872349016,-1.42469898925231,2.26607916981087,-0.628706626066914,0.529541139376187,0.989954701282218
"AENJPLPP_01643",0,NA,NA,NA,NA,NA
"AENJPLPP_01644",0,NA,NA,NA,NA,NA
"AENJPLPP_01645",2.88093560110163,5.09263443104684,3.92124147334045,1.2987301255662,0.194036561688939,0.759181831148535
"AENJPLPP_01646",7.45204055464255,-0.606232495921674,3.08598368652021,-0.196447083816334,0.844260246581518,0.99002642209915
"AENJPLPP_01647",0,NA,NA,NA,NA,NA
"AENJPLPP_01648",0,NA,NA,NA,NA,NA
"AENJPLPP_01649",0,NA,NA,NA,NA,NA
"AENJPLPP_01650",0,NA,NA,NA,NA,NA
"AENJPLPP_01651",0,NA,NA,NA,NA,NA
"AENJPLPP_01652",92.9275789192566,-1.0401164485205,1.85710558080458,-0.560073944783404,0.575429001628421,0.989954701282218
"AENJPLPP_01653",0,NA,NA,NA,NA,NA
"AENJPLPP_01654",0,NA,NA,NA,NA,NA
"AENJPLPP_01655",0,NA,NA,NA,NA,NA
"AENJPLPP_01656",0,NA,NA,NA,NA,NA
"AENJPLPP_01657",21.7847310269894,0.665193797355121,2.63439168469243,0.252503756833253,0.800651710636588,0.989954701282218
"AENJPLPP_01658",8.07129417053172,-0.245757268089882,3.46078587623897,-0.0710119830808372,0.943388218449568,0.99832883126056
"AENJPLPP_01659",0,NA,NA,NA,NA,NA
"AENJPLPP_01660",57.6119762884171,3.23831572095637,2.58355023544739,1.25343632824526,0.210046957498896,0.787905399526426
"AENJPLPP_01661",0,NA,NA,NA,NA,NA
"AENJPLPP_01662",26.7476555615332,-7.31239337801258,2.63530364689167,-2.77478209641516,0.00552387048050564,0.244958379009459
"AENJPLPP_01663",0,NA,NA,NA,NA,NA
"AENJPLPP_01664",0,NA,NA,NA,NA,NA
"AENJPLPP_01665",0,NA,NA,NA,NA,NA
"AENJPLPP_01666",0,NA,NA,NA,NA,NA
"AENJPLPP_01667",0,NA,NA,NA,NA,NA
"AENJPLPP_01668",0,NA,NA,NA,NA,NA
"AENJPLPP_01669",0,NA,NA,NA,NA,NA
"AENJPLPP_01670",0,NA,NA,NA,NA,NA
"AENJPLPP_01671",0,NA,NA,NA,NA,NA
"AENJPLPP_01672",0,NA,NA,NA,NA,NA
"AENJPLPP_01673",0,NA,NA,NA,NA,NA
"AENJPLPP_01674",30.3803791598686,0.170790712255072,3.01452745510445,0.0566558821568782,0.954819318469016,0.99832883126056
"AENJPLPP_01675",0,NA,NA,NA,NA,NA
"AENJPLPP_01676",0,NA,NA,NA,NA,NA
"AENJPLPP_01677",0,NA,NA,NA,NA,NA
"AENJPLPP_01678",0,NA,NA,NA,NA,NA
"AENJPLPP_01679",98.3172900567769,2.05957334630969,2.65163406686955,0.776718541989911,0.437324844875608,0.989954701282218
"AENJPLPP_01680",0,NA,NA,NA,NA,NA
"AENJPLPP_01681",0,NA,NA,NA,NA,NA
"AENJPLPP_01682",0,NA,NA,NA,NA,NA
"AENJPLPP_01683",0,NA,NA,NA,NA,NA
"AENJPLPP_01684",0,NA,NA,NA,NA,NA
"AENJPLPP_01685",2.95161299812502,5.13237332008333,3.92084877926698,1.30899547751567,0.190535882671326,0.759181831148535
"AENJPLPP_01686",0,NA,NA,NA,NA,NA
"AENJPLPP_01687",10.6171973677429,-1.55682950909581,3.01836981088968,-0.51578487946675,0.606004664336349,0.989954701282218
"AENJPLPP_01688",0,NA,NA,NA,NA,NA
"AENJPLPP_01689",0,NA,NA,NA,NA,NA
"AENJPLPP_01690",67.3052375321834,-1.23710994787836,2.66674887924617,-0.463901928489069,0.642718011088518,0.989954701282218
"AENJPLPP_01691",0,NA,NA,NA,NA,NA
"AENJPLPP_01692",19.3610316418695,7.8451190934786,3.30193379673579,2.37591653146835,NA,NA
"AENJPLPP_01693",0,NA,NA,NA,NA,NA
"AENJPLPP_01694",7.2314518454063,6.42443334927235,3.76161670597532,1.70789154011018,0.0876564692249203,0.646398858256339
"AENJPLPP_01695",0,NA,NA,NA,NA,NA
"AENJPLPP_01696",0,NA,NA,NA,NA,NA
"AENJPLPP_01697",0,NA,NA,NA,NA,NA
"AENJPLPP_01698",10.0407838204233,-2.37197535909232,3.39653357208566,-0.698351807438723,0.484957207203475,0.989954701282218
"AENJPLPP_01699",0,NA,NA,NA,NA,NA
"AENJPLPP_01700",0,NA,NA,NA,NA,NA
"AENJPLPP_01701",0,NA,NA,NA,NA,NA
"AENJPLPP_01702",34.3178279177008,-2.44757587136663,2.95646426417579,-0.827872638619216,0.40774263190651,0.989954701282218
"AENJPLPP_01703",1606.79803152414,0.88679894658785,1.80592989866969,0.491048377481926,0.623392231641916,0.989954701282218
"AENJPLPP_01704",0,NA,NA,NA,NA,NA
"AENJPLPP_01705",121.202683525129,-0.365245950330473,2.35357945269901,-0.155187431599821,0.876673556380881,0.99832883126056
"AENJPLPP_01706",58.2307647437538,-0.891908252614365,2.26208698242199,-0.394285568833171,0.693370216539523,0.989954701282218
"AENJPLPP_01707",0,NA,NA,NA,NA,NA
"AENJPLPP_01708",0,NA,NA,NA,NA,NA
"AENJPLPP_01709",121.199718081,-0.977192245326698,2.28075448616638,-0.428451309096936,0.668322575821084,0.989954701282218
"AENJPLPP_01710",0,NA,NA,NA,NA,NA
"AENJPLPP_01711",0,NA,NA,NA,NA,NA
"AENJPLPP_01712",8.95112081117365,6.73241842742781,3.70435321808057,1.81743425399272,0.0691506467686068,0.646398858256339
"AENJPLPP_01713",0,NA,NA,NA,NA,NA
"AENJPLPP_01714",4.42741949718753,5.71690146523138,3.91616125759499,1.45982279308444,0.144338782554406,0.714440244893755
"AENJPLPP_01715",9.29758094409381,6.78689100696827,3.69725069182295,1.83565886456619,0.0664081253540156,0.646398858256339
"AENJPLPP_01716",0,NA,NA,NA,NA,NA
"AENJPLPP_01717",49.0128903297536,1.416776314942,2.61804352908561,0.54115842582527,NA,NA
"AENJPLPP_01718",0,NA,NA,NA,NA,NA
"AENJPLPP_01719",0,NA,NA,NA,NA,NA
"AENJPLPP_01720",0,NA,NA,NA,NA,NA
"AENJPLPP_01721",66.9581923165249,-0.18315064521514,1.86524448330112,-0.0981912273993156,0.92178044832326,0.99832883126056
"AENJPLPP_01722",0,NA,NA,NA,NA,NA
"AENJPLPP_01723",0,NA,NA,NA,NA,NA
"AENJPLPP_01724",0,NA,NA,NA,NA,NA
"AENJPLPP_01725",0,NA,NA,NA,NA,NA
"AENJPLPP_01726",0,NA,NA,NA,NA,NA
"AENJPLPP_01727",22.1458596790598,8.03795824809953,3.17393503397505,2.53248984684881,0.0113255649702065,0.30402063466898
"AENJPLPP_01728",8.0986331148714,6.58809884454976,3.72882026721195,1.76680514812683,0.0772608662587776,0.646398858256339
"AENJPLPP_01729",0,NA,NA,NA,NA,NA
"AENJPLPP_01730",16.2405008207758,7.59124173864857,2.73233952659973,2.77829371670201,0.00546451980210798,0.244958379009459
"AENJPLPP_01731",0,NA,NA,NA,NA,NA
"AENJPLPP_01732",0,NA,NA,NA,NA,NA
"AENJPLPP_01733",47.1505211183694,-0.683515613932333,2.68702341667089,-0.25437650066302,0.799204703752286,0.989954701282218
"AENJPLPP_01734",43.4629990700918,0.140789988994849,2.30363139288386,0.0611165438315185,0.951266393707758,0.99832883126056
"AENJPLPP_01735",16.6123043831675,-0.723248036984194,2.67582843122506,-0.270289390958101,0.78693762651249,0.989954701282218
"AENJPLPP_01736",22.1010989650102,-3.96321846325324,3.31820299039239,-1.19438698437933,NA,NA
"AENJPLPP_01737",18.7710109579075,-1.09939213918598,3.11568373654304,-0.352857424613254,NA,NA
"AENJPLPP_01738",0,NA,NA,NA,NA,NA
"AENJPLPP_01739",0,NA,NA,NA,NA,NA
"AENJPLPP_01740",0,NA,NA,NA,NA,NA
"AENJPLPP_01741",0,NA,NA,NA,NA,NA
"AENJPLPP_01742",347.155865448195,-0.0438941909095003,2.47188051810034,-0.0177574080090381,0.985832382882209,0.998517118667814
"AENJPLPP_01743",26.9118059018835,-7.32151279425107,2.94572844300745,-2.48546766475737,0.0129381340523372,0.326878151498756
"AENJPLPP_01744",0,NA,NA,NA,NA,NA
"AENJPLPP_01745",0,NA,NA,NA,NA,NA
"AENJPLPP_01746",0,NA,NA,NA,NA,NA
"AENJPLPP_01747",105.672270466716,1.24463652346948,2.29823155297253,0.541562716715671,0.588119781752608,0.989954701282218
"AENJPLPP_01748",0,NA,NA,NA,NA,NA
"AENJPLPP_01749",0.295161299812502,1.82024248426405,4.04434109836666,0.450071455397065,0.652658918209726,0.989954701282218
"AENJPLPP_01750",82.8462087050919,-1.74637145735514,2.02762245128196,-0.86129025462852,0.389078201716862,0.982490975108618
"AENJPLPP_01751",0,NA,NA,NA,NA,NA
"AENJPLPP_01752",28.5616756953428,-2.17780048270164,2.72067598251384,-0.800463008714991,0.423442587425647,0.989954701282218
"AENJPLPP_01753",0.442741949718753,2.40193634805184,3.99925526544251,0.600595908144932,0.548109164003412,0.989954701282218
"AENJPLPP_01754",42.6332754502348,-0.742394024904178,2.37335872644459,-0.312803124379062,0.754430241513966,0.989954701282218
"AENJPLPP_01755",0,NA,NA,NA,NA,NA
"AENJPLPP_01756",0,NA,NA,NA,NA,NA
"AENJPLPP_01757",4.15923665534842,5.62707853736046,3.30855869946234,1.70076430509602,0.0889872545102706,0.646398858256339
"AENJPLPP_01758",0,NA,NA,NA,NA,NA
"AENJPLPP_01759",0,NA,NA,NA,NA,NA
"AENJPLPP_01760",0,NA,NA,NA,NA,NA
"AENJPLPP_01761",0,NA,NA,NA,NA,NA
"AENJPLPP_01762",38.1529634044475,1.13275151722217,2.46019285079325,0.460432001034769,0.645206169363924,0.989954701282218
"AENJPLPP_01763",22.1080844912172,-0.309544381520643,2.5670733040677,-0.120582603165305,0.904021648947164,0.99832883126056
"AENJPLPP_01764",862.713770983517,0.138075370761223,1.86947612783447,0.0738577875937707,0.941123544687106,0.99832883126056
"AENJPLPP_01765",0,NA,NA,NA,NA,NA
"AENJPLPP_01766",30.4556939276854,-1.43836066113943,2.62321129555144,-0.548320550303618,0.583471819114934,0.989954701282218
"AENJPLPP_01767",36.5758206046918,0.964094077692557,2.33777658269619,0.412397867627134,0.680047825849631,0.989954701282218
"AENJPLPP_01768",25.1869612141583,-1.3962278791634,2.74167545339352,-0.509260816204636,0.610569419533165,0.989954701282218
"AENJPLPP_01769",31.9674636304626,0.966552874898055,2.51900384208504,0.383704406777727,0.701197546052481,0.989954701282218
"AENJPLPP_01770",0,NA,NA,NA,NA,NA
"AENJPLPP_01771",0,NA,NA,NA,NA,NA
"AENJPLPP_01772",0,NA,NA,NA,NA,NA
"AENJPLPP_01773",0,NA,NA,NA,NA,NA
"AENJPLPP_01774",0,NA,NA,NA,NA,NA
"AENJPLPP_01775",0,NA,NA,NA,NA,NA
"AENJPLPP_01776",0,NA,NA,NA,NA,NA
"AENJPLPP_01777",27.5663067401964,2.01591296007503,2.23885958499159,0.900419558952649,0.367897015952256,0.975291829097552
"AENJPLPP_01778",0,NA,NA,NA,NA,NA
"AENJPLPP_01779",0,NA,NA,NA,NA,NA
"AENJPLPP_01780",0,NA,NA,NA,NA,NA
"AENJPLPP_01781",20.5395801220429,-0.399102711513546,3.39078963521194,-0.117701997012445,NA,NA
"AENJPLPP_01782",0,NA,NA,NA,NA,NA
"AENJPLPP_01783",15.0001575215589,-1.46541509897566,2.98290352542906,-0.491271369148581,0.623234526982957,0.989954701282218
"AENJPLPP_01784",0,NA,NA,NA,NA,NA
"AENJPLPP_01785",907.308864605016,0.521795170831132,1.81770719266442,0.287062279852828,0.774064633502473,0.989954701282218
"AENJPLPP_01786",50.504998127886,0.408531804319158,3.05693717251822,0.133640889970473,0.893686548671393,0.99832883126056
"AENJPLPP_01787",0,NA,NA,NA,NA,NA
"AENJPLPP_01788",0,NA,NA,NA,NA,NA
"AENJPLPP_01789",0,NA,NA,NA,NA,NA
"AENJPLPP_01790",20.4482969734187,-21.9876726833347,3.59748091246434,-6.11196368190672,NA,NA
"AENJPLPP_01791",0,NA,NA,NA,NA,NA
"AENJPLPP_01792",0,NA,NA,NA,NA,NA
"AENJPLPP_01793",0,NA,NA,NA,NA,NA
"AENJPLPP_01794",21.3434090651048,-2.56136588560107,2.63215713128336,-0.973105235686376,0.33050100214874,0.936374243567951
"AENJPLPP_01795",0,NA,NA,NA,NA,NA
"AENJPLPP_01796",0,NA,NA,NA,NA,NA
"AENJPLPP_01797",0,NA,NA,NA,NA,NA
"AENJPLPP_01798",9.41729031683501,0.968738363142582,2.51174312015249,0.385683693276631,0.699730941093585,0.989954701282218
"AENJPLPP_01799",26.4010107481333,-0.781821880991427,2.80992505376923,-0.278235848298762,0.780831317910968,0.989954701282218
"AENJPLPP_01800",0,NA,NA,NA,NA,NA
"AENJPLPP_01801",0,NA,NA,NA,NA,NA
"AENJPLPP_01802",8.60126777453328,-6.64466611123065,3.72092849703698,-1.78575485030736,0.0741389600178339,0.646398858256339
"AENJPLPP_01803",0,NA,NA,NA,NA,NA
"AENJPLPP_01804",20.5706694769688,-2.14035336724395,2.62377710243796,-0.815752742584413,0.414641566644517,0.989954701282218
"AENJPLPP_01805",0,NA,NA,NA,NA,NA
"AENJPLPP_01806",0.147580649906251,0.990670070261673,4.0804728567969,0.242783154067916,0.808173386299497,0.989954701282218
"AENJPLPP_01807",7.40150396972724,-6.42895500901876,3.75635778139998,-1.71148633414326,0.0869913718038118,0.646398858256339
"AENJPLPP_01808",11.7038008794754,7.11746617962216,3.66089370248157,1.94418815678738,0.0518727654317496,0.646398858256339
"AENJPLPP_01809",0,NA,NA,NA,NA,NA
"AENJPLPP_01810",0,NA,NA,NA,NA,NA
"AENJPLPP_01811",1.02325206499148,-0.38833453076957,3.89259046941956,-0.0997624933371108,0.920532885433126,0.99832883126056
"AENJPLPP_01812",0,NA,NA,NA,NA,NA
"AENJPLPP_01813",31.1793674414351,-0.559326471173611,3.01308053235448,-0.185632765260523,NA,NA
"AENJPLPP_01814",0,NA,NA,NA,NA,NA
"AENJPLPP_01815",0,NA,NA,NA,NA,NA
"AENJPLPP_01816",0,NA,NA,NA,NA,NA
"AENJPLPP_01817",7.55059269843859,-0.404651865292502,3.08512810052956,-0.131162095091949,0.895647080591447,0.99832883126056
"AENJPLPP_01818",0,NA,NA,NA,NA,NA
"AENJPLPP_01819",0,NA,NA,NA,NA,NA
"AENJPLPP_01820",0,NA,NA,NA,NA,NA
"AENJPLPP_01821",0,NA,NA,NA,NA,NA
"AENJPLPP_01822",0,NA,NA,NA,NA,NA
"AENJPLPP_01823",18.9824750042162,6.84275705785589,2.96442018323954,2.30829526007952,0.0209827198987055,0.383140662653343
"AENJPLPP_01824",4.20869833572726,-5.61481067691815,3.91641728020427,-1.43365996909943,0.151669321063714,0.72169230115799
"AENJPLPP_01825",20.2450946381379,-1.66591627638825,3.04832977154777,-0.546501330642581,NA,NA
"AENJPLPP_01826",31.0416795802702,-2.28119633819104,2.44249060995902,-0.933963196783512,0.350322877688459,0.958367362848363
"AENJPLPP_01827",1.62338714896876,4.27091173693951,3.93231723526617,1.08610559154199,0.277432278821071,0.872946254605493
"AENJPLPP_01828",0,NA,NA,NA,NA,NA
"AENJPLPP_01829",0,NA,NA,NA,NA,NA
"AENJPLPP_01830",1.3585527052931,-3.98332697975025,3.93659336821264,-1.01187158722437,0.311599455983268,0.919212707339163
"AENJPLPP_01831",0,NA,NA,NA,NA,NA
"AENJPLPP_01832",17.1462380477845,0.0462980788047686,3.39331972584505,0.0136438893311885,0.989114089100146,0.998517118667814
"AENJPLPP_01833",5.73111413546309,1.55873350121626,3.52483061931754,0.442215150048273,0.658333524034442,0.989954701282218
"AENJPLPP_01834",5.22459103745453,-5.92661275270879,3.87868438427418,-1.52799562056087,0.126513625303551,0.687046788764634
"AENJPLPP_01835",0,NA,NA,NA,NA,NA
"AENJPLPP_01836",9.99784552949702,0.930471066735155,2.37504868594895,0.391769260242927,0.695228709889239,0.989954701282218
"AENJPLPP_01837",0,NA,NA,NA,NA,NA
"AENJPLPP_01838",0.284162565434084,1.77295021440859,4.0488392325666,0.437890988643847,0.661465308296341,0.989954701282218
"AENJPLPP_01839",74.7197924817542,-0.396724262761463,2.28996474360972,-0.173244703381808,0.862459086637434,0.99002642209915
"AENJPLPP_01840",0,NA,NA,NA,NA,NA
"AENJPLPP_01841",0,NA,NA,NA,NA,NA
"AENJPLPP_01842",22.7092541217597,-2.36469127647943,3.35539930233977,-0.704742137494782,NA,NA
"AENJPLPP_01843",0,NA,NA,NA,NA,NA
"AENJPLPP_01844",0,NA,NA,NA,NA,NA
"AENJPLPP_01845",0,NA,NA,NA,NA,NA
"AENJPLPP_01846",2.36129039850002,4.81076577696782,3.9243586134414,1.22587313006777,0.220246421772627,0.800985981599415
"AENJPLPP_01847",41.5283651176516,-5.84702125900544,2.86734158714674,-2.03917847989076,0.041432217872359,0.574036696005747
"AENJPLPP_01848",0,NA,NA,NA,NA,NA
"AENJPLPP_01849",2.00934474653916,3.49633879338854,3.92921664604869,0.889831004076737,0.373556636071215,0.975291829097552
"AENJPLPP_01850",0,NA,NA,NA,NA,NA
"AENJPLPP_01851",0,NA,NA,NA,NA,NA
"AENJPLPP_01852",18.8616838830486,-7.77810668743506,3.15108740058462,-2.4683881145258,0.0135723073836941,0.33310320121695
"AENJPLPP_01853",0,NA,NA,NA,NA,NA
"AENJPLPP_01854",0,NA,NA,NA,NA,NA
"AENJPLPP_01855",7.46772693388807,-0.612690044548127,3.17594522928279,-0.192915809409751,0.847024903486088,0.99002642209915
"AENJPLPP_01856",0,NA,NA,NA,NA,NA
"AENJPLPP_01857",39.5258895593934,-1.89241047572924,3.06308515474605,-0.617811905358581,NA,NA
"AENJPLPP_01858",9.26753520714696,0.160147372816333,3.06187762463217,0.0523036490838108,0.958286745750495,0.99832883126056
"AENJPLPP_01859",9.54240120309224,-1.32524246464954,3.10674049253307,-0.426570055604808,0.669692511981989,0.989954701282218
"AENJPLPP_01860",0,NA,NA,NA,NA,NA
"AENJPLPP_01861",0,NA,NA,NA,NA,NA
"AENJPLPP_01862",35.4189580332604,1.81503708646906,2.97642285477596,0.609804847976038,0.541991089690497,0.989954701282218
"AENJPLPP_01863",0,NA,NA,NA,NA,NA
"AENJPLPP_01864",32.0872529177485,-3.00321958527029,2.93232900098247,-1.02417552200454,0.305752378213348,0.908793400987081
"AENJPLPP_01865",0,NA,NA,NA,NA,NA
"AENJPLPP_01866",0,NA,NA,NA,NA,NA
"AENJPLPP_01867",0,NA,NA,NA,NA,NA
"AENJPLPP_01868",0,NA,NA,NA,NA,NA
"AENJPLPP_01869",0,NA,NA,NA,NA,NA
"AENJPLPP_01870",0,NA,NA,NA,NA,NA
"AENJPLPP_01871",0,NA,NA,NA,NA,NA
"AENJPLPP_01872",37.7432330508301,-0.0461796131215826,2.09441860971706,-0.0220488936200873,0.982408953534711,0.998517118667814
"AENJPLPP_01873",0,NA,NA,NA,NA,NA
"AENJPLPP_01874",0,NA,NA,NA,NA,NA
"AENJPLPP_01875",0.426243848151126,2.35241710659442,4.00244340777729,0.587745251319069,0.556703297180239,0.989954701282218
"AENJPLPP_01876",0,NA,NA,NA,NA,NA
"AENJPLPP_01877",0,NA,NA,NA,NA,NA
"AENJPLPP_01878",0.147580649906251,0.990670070261673,4.0804728567969,0.242783154067916,0.808173386299497,0.989954701282218
"AENJPLPP_01879",242.433462818296,0.595151502041621,1.90941799240559,0.311692622782829,0.75527413502463,0.989954701282218
"AENJPLPP_01880",96.5607038135947,0.127875938904883,2.31260061218299,0.0552952975240175,0.955903208468758,0.99832883126056
"AENJPLPP_01881",0,NA,NA,NA,NA,NA
"AENJPLPP_01882",23.8877192274796,-8.11868903717836,3.14645723086166,-2.58026359219097,0.00987249264934563,0.273563586638319
"AENJPLPP_01883",11.0564293945111,-3.33067471005532,3.37145255032572,-0.987904963910449,0.323199194161739,0.925427025949779
"AENJPLPP_01884",0,NA,NA,NA,NA,NA
"AENJPLPP_01885",0,NA,NA,NA,NA,NA
"AENJPLPP_01886",16.5107301595277,7.61541410035818,3.1527836994055,2.41545720430937,0.0157154691482058,0.352002739689627
"AENJPLPP_01887",0.324576142435218,-1.90618731625743,4.03111028641738,-0.472869056120898,0.636306602773936,0.989954701282218
"AENJPLPP_01888",167.788519312234,1.14413169741939,1.84222944084688,0.621058198317263,0.534561331732429,0.989954701282218
"AENJPLPP_01889",0,NA,NA,NA,NA,NA
"AENJPLPP_01890",0,NA,NA,NA,NA,NA
"AENJPLPP_01891",0,NA,NA,NA,NA,NA
"AENJPLPP_01892",0.888853550119377,2.17422921717106,3.96264938607382,0.548680694489927,0.583224597132834,0.989954701282218
"AENJPLPP_01893",54.5747548274686,-9.31076748966348,2.81652034406452,-3.30576965626568,0.000947159167057122,0.171263693455394
"AENJPLPP_01894",2.63995359674489,4.97176702708705,3.82915789671913,1.29839697426604,0.194150958333249,0.759181831148535
"AENJPLPP_01895",0,NA,NA,NA,NA,NA
"AENJPLPP_01896",10.6360126622244,-1.69432340152382,3.40164092748076,-0.498090021153004,0.618420593662467,0.989954701282218
"AENJPLPP_01897",0,NA,NA,NA,NA,NA
"AENJPLPP_01898",0,NA,NA,NA,NA,NA
"AENJPLPP_01899",0,NA,NA,NA,NA,NA
"AENJPLPP_01900",35.7609207414351,-2.77379941612306,3.05502691466826,-0.907945983325083,NA,NA
"AENJPLPP_01901",0,NA,NA,NA,NA,NA
"AENJPLPP_01902",0,NA,NA,NA,NA,NA
"AENJPLPP_01903",0,NA,NA,NA,NA,NA
"AENJPLPP_01904",0,NA,NA,NA,NA,NA
"AENJPLPP_01905",0,NA,NA,NA,NA,NA
"AENJPLPP_01906",0,NA,NA,NA,NA,NA
"AENJPLPP_01907",0,NA,NA,NA,NA,NA
"AENJPLPP_01908",4.93433597981816,-5.84417948181948,3.90244652214432,-1.4975681149394,0.134245496088621,0.698809988619965
"AENJPLPP_01909",3.53455362405169,-1.27249177318316,3.35282532549213,-0.379528203723641,0.70429566457103,0.989954701282218
"AENJPLPP_01910",0,NA,NA,NA,NA,NA
"AENJPLPP_01911",15.2026972507235,20.8406028096285,3.61631535230705,5.76293845511373,NA,NA
"AENJPLPP_01912",11.7741234458735,-7.09826904383678,3.65547703418228,-1.94181743653729,NA,NA
"AENJPLPP_01913",4.88972853252061,5.85719488567154,3.49911296943924,1.67390848390077,0.0941485865841356,0.64698908700618
"AENJPLPP_01914",27.9595850275441,3.0471857412973,2.34112008702031,1.30159309562614,0.193055521306015,0.759181831148535
"AENJPLPP_01915",0,NA,NA,NA,NA,NA
"AENJPLPP_01916",0,NA,NA,NA,NA,NA
"AENJPLPP_01917",3.77331574927271,-5.45736155422128,3.91752880437561,-1.393062266224,0.163600962402511,0.737175096141395
"AENJPLPP_01918",0,NA,NA,NA,NA,NA
"AENJPLPP_01919",0,NA,NA,NA,NA,NA
"AENJPLPP_01920",0,NA,NA,NA,NA,NA
"AENJPLPP_01921",0,NA,NA,NA,NA,NA
"AENJPLPP_01922",0,NA,NA,NA,NA,NA
"AENJPLPP_01923",0,NA,NA,NA,NA,NA
"AENJPLPP_01924",0,NA,NA,NA,NA,NA
"AENJPLPP_01925",0,NA,NA,NA,NA,NA
"AENJPLPP_01926",0,NA,NA,NA,NA,NA
"AENJPLPP_01927",0,NA,NA,NA,NA,NA
"AENJPLPP_01928",0.295161299812502,1.82024248426405,4.04434109836666,0.450071455397065,0.652658918209726,0.989954701282218
"AENJPLPP_01929",0,NA,NA,NA,NA,NA
"AENJPLPP_01930",0,NA,NA,NA,NA,NA
"AENJPLPP_01931",466.079869254716,0.611792972508122,1.8104237130661,0.337928059654058,0.735417401607815,0.989954701282218
"AENJPLPP_01932",0,NA,NA,NA,NA,NA
"AENJPLPP_01933",0,NA,NA,NA,NA,NA
"AENJPLPP_01934",7.41867581734373,-2.62420690611701,3.44627604906031,-0.761461609215127,0.446381400927519,0.989954701282218
"AENJPLPP_01935",889.900756271548,-0.0584681639820626,1.80781761305276,-0.0323418488457642,0.974199436094146,0.99832883126056
"AENJPLPP_01936",21.0147346676775,-1.63424578826454,2.96794991546479,-0.550631188130617,0.58188652456079,0.989954701282218
"AENJPLPP_01937",0,NA,NA,NA,NA,NA
"AENJPLPP_01938",0,NA,NA,NA,NA,NA
"AENJPLPP_01939",31.7651750956511,1.50566750526585,3.03480545091419,0.496133122738492,0.619800491337686,0.989954701282218
"AENJPLPP_01940",21.2560372514223,0.424066286403875,2.56766849835554,0.165156166645137,0.868821065350655,0.993764707238632
"AENJPLPP_01941",1.62338714896876,4.27091173693951,3.93231723526617,1.08610559154199,0.277432278821071,0.872946254605493
"AENJPLPP_01942",0,NA,NA,NA,NA,NA
"AENJPLPP_01943",0,NA,NA,NA,NA,NA
"AENJPLPP_01944",0,NA,NA,NA,NA,NA
"AENJPLPP_01945",6.22906639009898,-1.99074649095036,3.16844709489997,-0.628303528928957,0.529805120314467,0.989954701282218
"AENJPLPP_01946",0,NA,NA,NA,NA,NA
"AENJPLPP_01947",218.939380834113,-0.461297408603845,1.91256493116772,-0.241193070669866,0.809405481199505,0.989954701282218
"AENJPLPP_01948",36.2296098751132,8.74884752918697,2.71677916252642,3.2203013221918,0.0012805592047184,0.171263693455394
"AENJPLPP_01949",0,NA,NA,NA,NA,NA
"AENJPLPP_01950",2.43432106826414,-4.82253476940353,3.92346583231524,-1.2291517182801,0.219014927355407,0.800985981599415
"AENJPLPP_01951",0,NA,NA,NA,NA,NA
"AENJPLPP_01952",20.1649737578409,-0.525751506003846,3.38592491893447,-0.155275594879197,NA,NA
"AENJPLPP_01953",0,NA,NA,NA,NA,NA
"AENJPLPP_01954",34.1246464147342,-8.63349150734114,3.10958461699725,-2.77641311323376,0.00549623232475129,0.244958379009459
"AENJPLPP_01955",0,NA,NA,NA,NA,NA
"AENJPLPP_01956",169.794406089959,1.27168120756137,2.72585888754324,0.466524959664185,0.64083978598966,0.989954701282218
"AENJPLPP_01957",0,NA,NA,NA,NA,NA
"AENJPLPP_01958",0,NA,NA,NA,NA,NA
"AENJPLPP_01959",0,NA,NA,NA,NA,NA
"AENJPLPP_01960",0,NA,NA,NA,NA,NA
"AENJPLPP_01961",31.716919079654,-1.35135057477339,2.6258741653413,-0.514628839648815,0.606812408230508,0.989954701282218
"AENJPLPP_01962",21.026903490265,2.63454093201544,2.94208225244115,0.895468143295271,0.370536887861317,0.975291829097552
"AENJPLPP_01963",0,NA,NA,NA,NA,NA
"AENJPLPP_01964",0,NA,NA,NA,NA,NA
"AENJPLPP_01965",25.3858233473852,-0.401042470512247,2.46506212803619,-0.162690613737894,0.870762037678486,0.994660359529015
"AENJPLPP_01966",6.76559492384411,-0.962265170213923,2.5348052596839,-0.379620945844937,0.704226810250884,0.989954701282218
"AENJPLPP_01967",6.34596794596879,6.23605357048914,3.80310604860117,1.639726447487,0.101062057345565,0.650003426459854
"AENJPLPP_01968",0,NA,NA,NA,NA,NA
"AENJPLPP_01969",29.0876402380477,4.04557962600778,3.05203243776843,1.32553624789316,NA,NA
"AENJPLPP_01970",0,NA,NA,NA,NA,NA
"AENJPLPP_01971",116.189436215226,1.22445945805178,2.14360647956288,0.571214665436852,0.567854138263659,0.989954701282218
"AENJPLPP_01972",159.339788491982,2.32151410130865,1.89759499749526,1.22339809304564,0.221179373273599,0.800985981599415
"AENJPLPP_01973",0.142081282717042,0.990670070261673,4.0804728567969,0.242783154067916,0.808173386299497,0.989954701282218
"AENJPLPP_01974",0,NA,NA,NA,NA,NA
"AENJPLPP_01975",16.4814287951769,20.9534691285963,3.60787228046717,5.80770811706314,NA,NA
"AENJPLPP_01976",45.5629034114332,-2.92026928916996,2.94955255151037,-0.990071964533939,0.322138945399273,0.925427025949779
"AENJPLPP_01977",6.43072386872941,-6.22524015645947,3.36272093082005,-1.8512509020311,0.0641334658952627,0.646398858256339
"AENJPLPP_01978",0,NA,NA,NA,NA,NA
"AENJPLPP_01979",138.845918844913,0.450453878097835,1.82408952888267,0.246947241878942,0.804949054534022,0.989954701282218
"AENJPLPP_01980",0.150950300588122,-0.932883281380816,4.0804728567969,-0.228621366719031,0.819163216114424,0.989954701282218
"AENJPLPP_01981",0,NA,NA,NA,NA,NA
"AENJPLPP_01982",3.04767810518181,-5.14944903050846,3.92008534013021,-1.31360635897213,0.188978707675218,0.759181831148535
"AENJPLPP_01983",0,NA,NA,NA,NA,NA
"AENJPLPP_01984",41.0664569673324,-0.963781480687293,2.64466863992616,-0.364424285952966,0.715541202923228,0.989954701282218
"AENJPLPP_01985",2.03178540345454,-4.56502230988392,3.92672107661791,-1.1625532399199,0.245010811943727,0.838952836355753
"AENJPLPP_01986",0,NA,NA,NA,NA,NA
"AENJPLPP_01987",0,NA,NA,NA,NA,NA
"AENJPLPP_01988",0,NA,NA,NA,NA,NA
"AENJPLPP_01989",0,NA,NA,NA,NA,NA
"AENJPLPP_01990",0,NA,NA,NA,NA,NA
"AENJPLPP_01991",36.9443330593622,-0.111212380297339,2.29394006532685,-0.0484809441965488,0.961332950910028,0.99832883126056
"AENJPLPP_01992",0,NA,NA,NA,NA,NA
"AENJPLPP_01993",134.413429317767,-1.08457695423392,2.32973195174824,-0.465537227757059,0.641546783707007,0.989954701282218
"AENJPLPP_01994",0,NA,NA,NA,NA,NA
"AENJPLPP_01995",0,NA,NA,NA,NA,NA
"AENJPLPP_01996",0,NA,NA,NA,NA,NA
"AENJPLPP_01997",14.4598650700566,-1.04240836833923,3.39203828792428,-0.307310319005013,0.758607182043688,0.989954701282218
"AENJPLPP_01998",134.522632312733,0.566746968613875,1.84769695434094,0.306731559676153,0.75904770582472,0.989954701282218
"AENJPLPP_01999",0,NA,NA,NA,NA,NA
"AENJPLPP_02000",0,NA,NA,NA,NA,NA
"AENJPLPP_02001",0,NA,NA,NA,NA,NA
"AENJPLPP_02002",0,NA,NA,NA,NA,NA
"AENJPLPP_02003",0,NA,NA,NA,NA,NA
"AENJPLPP_02004",0,NA,NA,NA,NA,NA
"AENJPLPP_02005",123.307995244171,-1.37225663265134,2.3284698229498,-0.58933837970591,0.555634303771733,0.989954701282218
"AENJPLPP_02006",0,NA,NA,NA,NA,NA
"AENJPLPP_02007",0,NA,NA,NA,NA,NA
"AENJPLPP_02008",0,NA,NA,NA,NA,NA
"AENJPLPP_02009",34.3067721760377,-0.769063966034207,2.34939760733275,-0.327345172921718,0.743406829667147,0.989954701282218
"AENJPLPP_02010",0,NA,NA,NA,NA,NA
"AENJPLPP_02011",0,NA,NA,NA,NA,NA
"AENJPLPP_02012",4.98474589367728,5.88822420504071,3.46745919147108,1.69813799669914,0.0894817196094675,0.646398858256339
"AENJPLPP_02013",2.84162565434084,5.07845924515988,3.92138417789549,1.29506802056956,0.195296765601633,0.759181831148535
"AENJPLPP_02014",0,NA,NA,NA,NA,NA
"AENJPLPP_02015",137.328217511024,-0.892434745357082,1.92133202878691,-0.464487518027035,0.642298500249891,0.989954701282218
"AENJPLPP_02016",0,NA,NA,NA,NA,NA
"AENJPLPP_02017",0,NA,NA,NA,NA,NA
"AENJPLPP_02018",150.846073008965,0.00906628620728355,1.89977917183638,0.00477228424318381,0.996192282535875,0.998517118667814
"AENJPLPP_02019",0,NA,NA,NA,NA,NA
"AENJPLPP_02020",0,NA,NA,NA,NA,NA
"AENJPLPP_02021",0,NA,NA,NA,NA,NA
"AENJPLPP_02022",0,NA,NA,NA,NA,NA
"AENJPLPP_02023",0,NA,NA,NA,NA,NA
"AENJPLPP_02024",0,NA,NA,NA,NA,NA
"AENJPLPP_02025",15.1103089026595,-1.53346055840676,2.67287375521344,-0.573712303252539,0.56616250132376,0.989954701282218
"AENJPLPP_02026",0,NA,NA,NA,NA,NA
"AENJPLPP_02027",0,NA,NA,NA,NA,NA
"AENJPLPP_02028",0,NA,NA,NA,NA,NA
"AENJPLPP_02029",0,NA,NA,NA,NA,NA
"AENJPLPP_02030",80.3398660108157,-1.66872511532264,1.86210099552745,-0.89615177658501,0.370171707070198,0.975291829097552
"AENJPLPP_02031",0,NA,NA,NA,NA,NA
"AENJPLPP_02032",0,NA,NA,NA,NA,NA
"AENJPLPP_02033",35.8661659314865,0.0809496841692628,2.38792640390618,0.0338995724645638,0.972957234117396,0.99832883126056
"AENJPLPP_02034",0,NA,NA,NA,NA,NA
"AENJPLPP_02035",1.56289410988746,4.21768747866493,3.93327419545139,1.07230954901198,0.283581019181138,0.879408286919123
"AENJPLPP_02036",13.5733682970337,-4.45084442247928,3.34386679272658,-1.33104716735743,NA,NA
"AENJPLPP_02037",0,NA,NA,NA,NA,NA
"AENJPLPP_02038",16.0856488140281,-3.46903019909614,2.92811318335279,-1.18473227702352,0.236123316443304,0.831270200101632
"AENJPLPP_02039",0,NA,NA,NA,NA,NA
"AENJPLPP_02040",0,NA,NA,NA,NA,NA
"AENJPLPP_02041",0,NA,NA,NA,NA,NA
"AENJPLPP_02042",5.95022868154543,-6.11417805736851,3.82623690045731,-1.59796118652186,0.110051615387457,0.668934826884634
"AENJPLPP_02043",2.95161299812502,5.13237332008333,3.92084877926698,1.30899547751567,0.190535882671326,0.759181831148535
"AENJPLPP_02044",0,NA,NA,NA,NA,NA
"AENJPLPP_02045",0,NA,NA,NA,NA,NA
"AENJPLPP_02046",0,NA,NA,NA,NA,NA
"AENJPLPP_02047",0,NA,NA,NA,NA,NA
"AENJPLPP_02048",234.060295430546,-0.22417021169356,1.81212842628066,-0.123705477185005,0.901548474809117,0.99832883126056
"AENJPLPP_02049",0,NA,NA,NA,NA,NA
"AENJPLPP_02050",0,NA,NA,NA,NA,NA
"AENJPLPP_02051",13.0394221879219,-7.24542176904592,3.19149198110974,-2.27023029101472,0.0231936140372222,0.383140662653343
"AENJPLPP_02052",0,NA,NA,NA,NA,NA
"AENJPLPP_02053",0,NA,NA,NA,NA,NA
"AENJPLPP_02054",39.2315804758669,0.347860584947291,2.71519759441633,0.128116121516404,0.898057078060635,0.99832883126056
"AENJPLPP_02055",0.162288071217609,-0.932883281380817,4.0804728567969,-0.228621366719031,0.819163216114424,0.989954701282218
"AENJPLPP_02056",0,NA,NA,NA,NA,NA
"AENJPLPP_02057",0,NA,NA,NA,NA,NA
"AENJPLPP_02058",101.608643205118,0.800215152015274,2.29847735451069,0.348150113571873,0.727727450439514,0.989954701282218
"AENJPLPP_02059",7.02228052768522,6.37995110254706,3.77788035577033,1.68876473094293,0.0912645251907442,0.646398858256339
"AENJPLPP_02060",0,NA,NA,NA,NA,NA
"AENJPLPP_02061",17.5923867493719,7.70695727114925,3.14817392241154,2.4480722670003,0.0143622845638064,0.333437903792154
"AENJPLPP_02062",0,NA,NA,NA,NA,NA
"AENJPLPP_02063",440.775939481212,3.39023353734756,1.83097139748277,1.85160376727265,0.0640827416856245,0.646398858256339
"AENJPLPP_02064",0,NA,NA,NA,NA,NA
"AENJPLPP_02065",0,NA,NA,NA,NA,NA
"AENJPLPP_02066",0,NA,NA,NA,NA,NA
"AENJPLPP_02067",0,NA,NA,NA,NA,NA
"AENJPLPP_02068",0,NA,NA,NA,NA,NA
"AENJPLPP_02069",0,NA,NA,NA,NA,NA
"AENJPLPP_02070",18.0512998074911,0.115928685759298,2.77956338520977,0.0417075165028299,0.966731861874063,0.99832883126056
"AENJPLPP_02071",0,NA,NA,NA,NA,NA
"AENJPLPP_02072",0,NA,NA,NA,NA,NA
"AENJPLPP_02073",0,NA,NA,NA,NA,NA
"AENJPLPP_02074",0,NA,NA,NA,NA,NA
"AENJPLPP_02075",51.5004126422991,-0.232332762510789,2.25803179600067,-0.102891714333822,0.918048913802177,0.99832883126056
"AENJPLPP_02076",3.36491749478694,-0.100864477151166,3.75025885605473,-0.0268953373680652,0.978543212414968,0.998517118667814
"AENJPLPP_02077",0,NA,NA,NA,NA,NA
"AENJPLPP_02078",10.9705904577124,3.2123393926238,3.06848565268276,1.04688102087597,0.295154456297617,0.890034650183353
"AENJPLPP_02079",12.8217704997765,-1.55826868053624,3.39098045573599,-0.459533371211373,0.645851193521616,0.989954701282218
"AENJPLPP_02080",0,NA,NA,NA,NA,NA
"AENJPLPP_02081",0,NA,NA,NA,NA,NA
"AENJPLPP_02082",0,NA,NA,NA,NA,NA
"AENJPLPP_02083",0,NA,NA,NA,NA,NA
"AENJPLPP_02084",0,NA,NA,NA,NA,NA
"AENJPLPP_02085",2.78440737951421,0.483190612054546,3.788007487044,0.127557987598279,0.898498780485554,0.99832883126056
"AENJPLPP_02086",3.71913319946978,5.46361712804243,3.59210103873512,1.52100875480004,0.128257640339805,0.68852167399919
"AENJPLPP_02087",95.7991252062796,0.244662676519693,2.32031817751718,0.105443589112201,0.916023829712675,0.99832883126056
"AENJPLPP_02088",2.80403234821877,5.05844063533981,3.92158810286173,1.28989595609199,0.197086785036232,0.759181831148535
"AENJPLPP_02089",0,NA,NA,NA,NA,NA
"AENJPLPP_02091",26.3999998181181,-8.2629282787338,3.16192784955896,-2.61325642831678,0.00896839845196587,0.26565014724961
"AENJPLPP_02092",0,NA,NA,NA,NA,NA
"AENJPLPP_02093",0,NA,NA,NA,NA,NA
"AENJPLPP_02094",4.68152035179015,5.7943912383546,3.9156701930476,1.47979552737683,0.138927822656991,0.710351188466402
"AENJPLPP_02095",0,NA,NA,NA,NA,NA
"AENJPLPP_02096",0,NA,NA,NA,NA,NA
"AENJPLPP_02097",314.164163894033,-5.18957058814616,2.19656416710231,-2.36258547137833,0.0181479561077143,0.363925832095959
"AENJPLPP_02098",0,NA,NA,NA,NA,NA
"AENJPLPP_02099",30.5436753783267,-8.47353077413565,2.67565563101377,-3.16689886243887,0.00154073893062474,0.171263693455394
"AENJPLPP_02100",0,NA,NA,NA,NA,NA
"AENJPLPP_02101",1028.92439373944,-4.93693723799362,2.23898361165997,-2.20499034127963,0.0274547723130269,0.431359877494344
"AENJPLPP_02102",0,NA,NA,NA,NA,NA
"AENJPLPP_02103",2.09258438342949,-4.60428282273857,3.92618666544889,-1.1727111355293,0.240911664373974,0.837826395535398
"AENJPLPP_02104",0,NA,NA,NA,NA,NA
"AENJPLPP_02105",0,NA,NA,NA,NA,NA
"AENJPLPP_02106",0,NA,NA,NA,NA,NA
"AENJPLPP_02107",0,NA,NA,NA,NA,NA
"AENJPLPP_02108",0,NA,NA,NA,NA,NA
"AENJPLPP_02109",0,NA,NA,NA,NA,NA
"AENJPLPP_02110",7.38780122163842,3.19165743249611,3.44928300820708,0.925310397813694,0.354804471681963,0.963760942917842
"AENJPLPP_02111",0,NA,NA,NA,NA,NA
"AENJPLPP_02112",0,NA,NA,NA,NA,NA
"AENJPLPP_02113",3.98467754746878,5.56499560532908,3.91720369869385,1.42065514928026,0.155417037289522,0.72169230115799
"AENJPLPP_02114",0,NA,NA,NA,NA,NA
"AENJPLPP_02115",0,NA,NA,NA,NA,NA
"AENJPLPP_02116",0,NA,NA,NA,NA,NA
"AENJPLPP_02117",0,NA,NA,NA,NA,NA
"AENJPLPP_02118",0,NA,NA,NA,NA,NA
"AENJPLPP_02119",0,NA,NA,NA,NA,NA
"AENJPLPP_02120",0,NA,NA,NA,NA,NA
"AENJPLPP_02121",0,NA,NA,NA,NA,NA
"AENJPLPP_02122",0,NA,NA,NA,NA,NA
"AENJPLPP_02123",0,NA,NA,NA,NA,NA
"AENJPLPP_02124",0,NA,NA,NA,NA,NA
"AENJPLPP_02125",0,NA,NA,NA,NA,NA
"AENJPLPP_02126",0.737903249531255,3.1360028234189,3.96264965798362,0.791390381206358,0.428716221238058,0.989954701282218
"AENJPLPP_02127",42.8870187565086,2.5929588165671,2.95170467286261,0.878461466828389,0.379693340109126,0.97651670405311
"AENJPLPP_02128",0.324576142435218,-1.90618731625743,4.03111028641738,-0.472869056120898,0.636306602773936,0.989954701282218
"AENJPLPP_02129",0,NA,NA,NA,NA,NA
"AENJPLPP_02130",0,NA,NA,NA,NA,NA
"AENJPLPP_02131",0,NA,NA,NA,NA,NA
"AENJPLPP_02132",0,NA,NA,NA,NA,NA
"AENJPLPP_02133",0,NA,NA,NA,NA,NA
"AENJPLPP_02134",0,NA,NA,NA,NA,NA
"AENJPLPP_02135",5.60806469643754,6.05778249790401,3.84739153663028,1.5745167707079,0.115368027466709,0.668934826884634
"AENJPLPP_02136",0,NA,NA,NA,NA,NA
"AENJPLPP_02137",0.145127528818181,-0.932883281380817,4.0804728567969,-0.228621366719031,0.819163216114424,0.989954701282218
"AENJPLPP_02138",54.8896648122261,1.28860551776955,2.34022538789998,0.550633081938269,0.581885226073185,0.989954701282218
"AENJPLPP_02139",0,NA,NA,NA,NA,NA
"AENJPLPP_02140",0,NA,NA,NA,NA,NA
"AENJPLPP_02141",0,NA,NA,NA,NA,NA
"AENJPLPP_02142",0,NA,NA,NA,NA,NA
"AENJPLPP_02143",0,NA,NA,NA,NA,NA
"AENJPLPP_02144",0,NA,NA,NA,NA,NA
"AENJPLPP_02145",3.98467754746878,5.56499560532908,3.91720369869385,1.42065514928026,0.155417037289522,0.72169230115799
"AENJPLPP_02146",0,NA,NA,NA,NA,NA
"AENJPLPP_02148",16.6797572758941,1.56663474985964,2.9836818930677,0.525067619808788,0.599536184744063,0.989954701282218
"AENJPLPP_02149",0,NA,NA,NA,NA,NA
"AENJPLPP_02150",0,NA,NA,NA,NA,NA
"AENJPLPP_02151",88.9063978428525,-0.406916846806005,2.68088849586147,-0.151784323530863,0.879357046876521,0.99832883126056
"AENJPLPP_02152",0,NA,NA,NA,NA,NA
"AENJPLPP_02153",0,NA,NA,NA,NA,NA
"AENJPLPP_02154",0,NA,NA,NA,NA,NA
"AENJPLPP_02155",0,NA,NA,NA,NA,NA
"AENJPLPP_02156",0,NA,NA,NA,NA,NA
"AENJPLPP_02157",0,NA,NA,NA,NA,NA
"AENJPLPP_02158",0,NA,NA,NA,NA,NA
"AENJPLPP_02159",0,NA,NA,NA,NA,NA
"AENJPLPP_02160",0,NA,NA,NA,NA,NA
"AENJPLPP_02161",0,NA,NA,NA,NA,NA
"AENJPLPP_02162",0,NA,NA,NA,NA,NA
"AENJPLPP_02163",0,NA,NA,NA,NA,NA
"AENJPLPP_02164",0,NA,NA,NA,NA,NA
"AENJPLPP_02165",158.08650666347,-0.764004686875832,2.31687199141583,-0.329756969615292,0.741583603568332,0.989954701282218
"AENJPLPP_02166",0,NA,NA,NA,NA,NA
"AENJPLPP_02167",0,NA,NA,NA,NA,NA
"AENJPLPP_02168",0,NA,NA,NA,NA,NA
"AENJPLPP_02169",24.4539486952758,-22.2299956354954,3.58496982053089,-6.20088780334653,NA,NA
"AENJPLPP_02170",0,NA,NA,NA,NA,NA
"AENJPLPP_02171",0,NA,NA,NA,NA,NA
"AENJPLPP_02172",0,NA,NA,NA,NA,NA
"AENJPLPP_02173",0,NA,NA,NA,NA,NA
"AENJPLPP_02174",0,NA,NA,NA,NA,NA
"AENJPLPP_02175",0,NA,NA,NA,NA,NA
"AENJPLPP_02176",0,NA,NA,NA,NA,NA
"AENJPLPP_02177",0,NA,NA,NA,NA,NA
"AENJPLPP_02178",0,NA,NA,NA,NA,NA
"AENJPLPP_02179",0,NA,NA,NA,NA,NA
"AENJPLPP_02180",0,NA,NA,NA,NA,NA
"AENJPLPP_02181",160.016051273491,1.65514200786539,2.27019414978852,0.729075091669832,0.465955730097995,0.989954701282218
"AENJPLPP_02182",18.1524199384689,21.0874555430672,3.60058897776414,5.85666835989757,NA,NA
"AENJPLPP_02183",32.0846775865102,8.57368822285768,3.12405184657871,2.74441291115163,0.00606192364877243,0.244958379009459
"AENJPLPP_02184",0,NA,NA,NA,NA,NA
"AENJPLPP_02185",431.599551061979,0.104440791973598,1.82368480759862,0.0572691023900794,0.954330832664604,0.99832883126056
"AENJPLPP_02186",0,NA,NA,NA,NA,NA
"AENJPLPP_02187",0,NA,NA,NA,NA,NA
"AENJPLPP_02188",0,NA,NA,NA,NA,NA
"AENJPLPP_02189",0,NA,NA,NA,NA,NA
"AENJPLPP_02190",0,NA,NA,NA,NA,NA
"AENJPLPP_02191",0,NA,NA,NA,NA,NA
"AENJPLPP_02192",0,NA,NA,NA,NA,NA
"AENJPLPP_02193",32.559679737064,-1.82232994632374,2.39904789766193,-0.759605486868247,0.447490438402888,0.989954701282218
"AENJPLPP_02194",0,NA,NA,NA,NA,NA
"AENJPLPP_02195",15.4315688134879,1.34690441966885,2.98414126370704,0.451354108483344,0.651734353056582,0.989954701282218
"AENJPLPP_02196",0,NA,NA,NA,NA,NA
"AENJPLPP_02197",117.156718441767,1.53885645907119,1.91277012688766,0.804517195997367,0.421098342245579,0.989954701282218
"AENJPLPP_02198",0,NA,NA,NA,NA,NA
"AENJPLPP_02199",0,NA,NA,NA,NA,NA
"AENJPLPP_02200",0,NA,NA,NA,NA,NA
"AENJPLPP_02201",0,NA,NA,NA,NA,NA
"AENJPLPP_02202",0,NA,NA,NA,NA,NA
"AENJPLPP_02203",0,NA,NA,NA,NA,NA
"AENJPLPP_02205",0,NA,NA,NA,NA,NA
"AENJPLPP_02206",0,NA,NA,NA,NA,NA
"AENJPLPP_02207",0,NA,NA,NA,NA,NA
"AENJPLPP_02208",0,NA,NA,NA,NA,NA
"AENJPLPP_02209",0,NA,NA,NA,NA,NA
"AENJPLPP_02210",0,NA,NA,NA,NA,NA
"AENJPLPP_02211",0,NA,NA,NA,NA,NA
"AENJPLPP_02212",0,NA,NA,NA,NA,NA
"AENJPLPP_02213",0,NA,NA,NA,NA,NA
"AENJPLPP_02214",0,NA,NA,NA,NA,NA
"AENJPLPP_02215",0,NA,NA,NA,NA,NA
"AENJPLPP_02216",37.5656511043905,2.20424586621035,2.85130328312601,0.77306608499175,NA,NA
"AENJPLPP_02217",0,NA,NA,NA,NA,NA
"AENJPLPP_02218",0,NA,NA,NA,NA,NA
"AENJPLPP_02219",0.295161299812502,1.82024248426405,4.04434109836666,0.450071455397065,0.652658918209726,0.989954701282218
"AENJPLPP_02220",0,NA,NA,NA,NA,NA
"AENJPLPP_02221",0,NA,NA,NA,NA,NA
"AENJPLPP_02222",0,NA,NA,NA,NA,NA
"AENJPLPP_02223",140.336367807043,0.554303432737147,2.30749319974946,0.240218880297169,0.810160577782712,0.989954701282218
"AENJPLPP_02224",26.7462620580832,-0.541659613422647,2.33247434034884,-0.232225325720684,0.816363008284075,0.989954701282218
"AENJPLPP_02225",24.0399687438603,0.894538726120136,3.01325101176687,0.29686830689741,NA,NA
"AENJPLPP_02226",0,NA,NA,NA,NA,NA
"AENJPLPP_02227",0,NA,NA,NA,NA,NA
"AENJPLPP_02228",0,NA,NA,NA,NA,NA
"AENJPLPP_02229",0,NA,NA,NA,NA,NA
"AENJPLPP_02230",0.857987063491461,3.35505333038565,3.95482848899896,0.848343572854881,0.39624665786391,0.989729275381508
"AENJPLPP_02231",0,NA,NA,NA,NA,NA
"AENJPLPP_02232",10.4782261433438,6.95931056533683,3.67285831522635,1.89479418154684,NA,NA
"AENJPLPP_02233",27.9350731345242,-8.34472025430978,2.67054388978984,-3.12472687163606,0.0017797022317374,0.171263693455394
"AENJPLPP_02234",0,NA,NA,NA,NA,NA
"AENJPLPP_02235",9.66152722475886,6.84255064419897,3.68757628857224,1.8555685655654,0.0635150777020733,0.646398858256339
"AENJPLPP_02236",0,NA,NA,NA,NA,NA
"AENJPLPP_02237",0,NA,NA,NA,NA,NA
"AENJPLPP_02238",0,NA,NA,NA,NA,NA
"AENJPLPP_02239",17.5645442371285,-0.259374718688618,3.04943853264127,-0.0850565492343145,0.932216433758909,0.99832883126056
"AENJPLPP_02240",0,NA,NA,NA,NA,NA
"AENJPLPP_02241",0,NA,NA,NA,NA,NA
"AENJPLPP_02242",13.0714780099679,7.27847346545128,3.6352442666118,2.00219653251393,NA,NA
"AENJPLPP_02243",61.7977497289362,1.07786454448894,1.94752948238699,0.553452234863145,0.579953779335054,0.989954701282218
"AENJPLPP_02244",0,NA,NA,NA,NA,NA
"AENJPLPP_02245",33.6028757668083,-0.80123001842192,2.64977834772661,-0.30237624181258,0.762365263880405,0.989954701282218
"AENJPLPP_02246",0,NA,NA,NA,NA,NA
"AENJPLPP_02247",0,NA,NA,NA,NA,NA
"AENJPLPP_02248",6.81990157041802,6.34030249317724,3.77806209729056,1.6781890635742,0.0933101960695996,0.646398858256339
"AENJPLPP_02249",0,NA,NA,NA,NA,NA
"AENJPLPP_02250",0,NA,NA,NA,NA,NA
"AENJPLPP_02251",56.3251394061915,-0.98408715142697,1.86721418141202,-0.527034960008062,0.598169311225374,0.989954701282218
"AENJPLPP_02252",0,NA,NA,NA,NA,NA
"AENJPLPP_02253",0,NA,NA,NA,NA,NA
"AENJPLPP_02254",10.3306454934376,6.93885195858139,3.67556306910878,1.88783373543468,NA,NA
"AENJPLPP_02255",0,NA,NA,NA,NA,NA
"AENJPLPP_02256",3.68850337407093,-2.8643324499739,3.70765040076697,-0.772546529570689,0.439790799708151,0.989954701282218
"AENJPLPP_02257",0,NA,NA,NA,NA,NA
"AENJPLPP_02258",0,NA,NA,NA,NA,NA
"AENJPLPP_02259",20.9975601443613,-2.67675680507961,2.70269919177653,-0.990401304453026,0.321978008113904,0.925427025949779
"AENJPLPP_02260",47.9454250683621,2.26128832602801,3.02210261701736,0.748250014177138,0.454309368655791,0.989954701282218
"AENJPLPP_02261",0,NA,NA,NA,NA,NA
"AENJPLPP_02262",0,NA,NA,NA,NA,NA
"AENJPLPP_02263",1.74153034581818,-4.3428926862016,3.9300329098446,-1.10505249849761,0.26913684170967,0.856063592026633
"AENJPLPP_02264",0,NA,NA,NA,NA,NA
"AENJPLPP_02265",0,NA,NA,NA,NA,NA
"AENJPLPP_02266",0,NA,NA,NA,NA,NA
"AENJPLPP_02267",0,NA,NA,NA,NA,NA
"AENJPLPP_02268",3.24677429793752,5.26975933822528,3.91957124426623,1.34447341553854,0.178795347410009,0.752657550386698
"AENJPLPP_02269",0,NA,NA,NA,NA,NA
"AENJPLPP_02270",0,NA,NA,NA,NA,NA
"AENJPLPP_02271",54.4751935313195,-0.352231181071969,1.87735551417654,-0.187620926570462,0.851173820533255,0.99002642209915
"AENJPLPP_02272",2.17691293227272,-4.66445148589928,3.92539522733139,-1.1882756297817,0.234724835746582,0.829747464635038
"AENJPLPP_02273",0,NA,NA,NA,NA,NA
"AENJPLPP_02274",0,NA,NA,NA,NA,NA
"AENJPLPP_02275",0,NA,NA,NA,NA,NA
"AENJPLPP_02276",0,NA,NA,NA,NA,NA
"AENJPLPP_02277",0,NA,NA,NA,NA,NA
"AENJPLPP_02279",0,NA,NA,NA,NA,NA
"AENJPLPP_02280",20.317623428537,21.2447501305924,3.59075018686382,5.91652134651773,NA,NA
"AENJPLPP_02281",0,NA,NA,NA,NA,NA
"AENJPLPP_02282",51.9089976579777,-4.2648275925187,2.46773789271583,-1.72823362039682,0.0839463483990466,0.646398858256339
"AENJPLPP_02283",3.22957983988691,-4.20384686999779,3.44635287500056,-1.21979583126615,0.222542282108448,0.800985981599415
"AENJPLPP_02284",0,NA,NA,NA,NA,NA
"AENJPLPP_02285",0,NA,NA,NA,NA,NA
"AENJPLPP_02286",0,NA,NA,NA,NA,NA
"AENJPLPP_02287",9.77996621584375,-0.910924627416777,3.42299861880177,-0.266118900081721,0.790147639515713,0.989954701282218
"AENJPLPP_02288",57.5298789343823,-0.583596945039653,2.47087506879656,-0.236190389554537,0.813284936606472,0.989954701282218
"AENJPLPP_02289",0,NA,NA,NA,NA,NA
"AENJPLPP_02290",0,NA,NA,NA,NA,NA
"AENJPLPP_02291",0,NA,NA,NA,NA,NA
"AENJPLPP_02292",0.442741949718753,2.40193634805184,3.99925526544251,0.600595908144932,0.548109164003412,0.989954701282218
"AENJPLPP_02293",0,NA,NA,NA,NA,NA
"AENJPLPP_02294",0,NA,NA,NA,NA,NA
"AENJPLPP_02295",0,NA,NA,NA,NA,NA
"AENJPLPP_02296",24.6678671048603,-0.293165511963337,3.38986072595885,-0.0864830551055788,NA,NA
"AENJPLPP_02297",35.7290704074519,-2.10427489642236,3.03632020040315,-0.693034580523808,0.488287850409344,0.989954701282218
"AENJPLPP_02298",0,NA,NA,NA,NA,NA
"AENJPLPP_02299",0,NA,NA,NA,NA,NA
"AENJPLPP_02300",0,NA,NA,NA,NA,NA
"AENJPLPP_02301",5.64428724466355,-6.03744505758368,3.3999189563612,-1.77576146228066,0.0757722421249168,0.646398858256339
"AENJPLPP_02302",0,NA,NA,NA,NA,NA
"AENJPLPP_02303",0,NA,NA,NA,NA,NA
"AENJPLPP_02304",83.2053305139898,1.49316402222873,2.68219653387981,0.556694486540427,0.577736184553148,0.989954701282218
"AENJPLPP_02305",0,NA,NA,NA,NA,NA
"AENJPLPP_02306",1.20760240470498,-3.8134730660406,3.94030417431884,-0.967811848358085,0.333138345373431,0.936374243567951
"AENJPLPP_02307",0,NA,NA,NA,NA,NA
"AENJPLPP_02308",0,NA,NA,NA,NA,NA
"AENJPLPP_02309",0,NA,NA,NA,NA,NA
"AENJPLPP_02310",0,NA,NA,NA,NA,NA
"AENJPLPP_02311",12.2713819146412,0.547320517385878,2.698904190834,0.202793607585139,0.839296354535241,0.99002642209915
"AENJPLPP_02312",0,NA,NA,NA,NA,NA
"AENJPLPP_02313",0,NA,NA,NA,NA,NA
"AENJPLPP_02314",27.151130952789,0.0405050380740695,2.38030668965463,0.0170167307641969,0.986423268484783,0.998517118667814
"AENJPLPP_02315",0,NA,NA,NA,NA,NA
"AENJPLPP_02316",0,NA,NA,NA,NA,NA
"AENJPLPP_02317",0,NA,NA,NA,NA,NA
"AENJPLPP_02318",2.96904850255207,-3.0275883555435,3.16436828614827,-0.95677496478412,0.338680851055355,0.939844322380031
"AENJPLPP_02319",27.6913332315406,0.439099523927319,3.00580467428483,0.146083851583534,0.88385519422374,0.99832883126056
"AENJPLPP_02320",0,NA,NA,NA,NA,NA
"AENJPLPP_02321",17.1766579093845,0.253386283913092,3.0075393349219,0.0842503640670327,0.932857375758654,0.99832883126056
"AENJPLPP_02322",0,NA,NA,NA,NA,NA
"AENJPLPP_02323",0,NA,NA,NA,NA,NA
"AENJPLPP_02324",0,NA,NA,NA,NA,NA
"AENJPLPP_02325",0,NA,NA,NA,NA,NA
"AENJPLPP_02326",0,NA,NA,NA,NA,NA
"AENJPLPP_02327",0,NA,NA,NA,NA,NA
"AENJPLPP_02328",0,NA,NA,NA,NA,NA
"AENJPLPP_02329",0,NA,NA,NA,NA,NA
"AENJPLPP_02330",110.667200184479,-0.659085335422407,2.37068442372207,-0.278014791351949,NA,NA
"AENJPLPP_02331",0,NA,NA,NA,NA,NA
"AENJPLPP_02332",0,NA,NA,NA,NA,NA
"AENJPLPP_02333",0,NA,NA,NA,NA,NA
"AENJPLPP_02334",7.92029267317616,0.789304683727976,3.45690548446651,0.228326949427657,0.819392075217296,0.989954701282218
"AENJPLPP_02335",0.295161299812502,1.82024248426405,4.04434109836666,0.450071455397065,0.652658918209726,0.989954701282218
"AENJPLPP_02336",0,NA,NA,NA,NA,NA
"AENJPLPP_02337",0,NA,NA,NA,NA,NA
"AENJPLPP_02338",3.33793316281817,-5.28059916793786,3.91892963948549,-1.34745954985585,0.177832272668412,0.752657550386698
"AENJPLPP_02339",0,NA,NA,NA,NA,NA
"AENJPLPP_02340",44.2044265727994,1.87797290269082,2.36565477959252,0.793849093659516,0.427283288299905,0.989954701282218
"AENJPLPP_02341",0,NA,NA,NA,NA,NA
"AENJPLPP_02342",0,NA,NA,NA,NA,NA
"AENJPLPP_02343",0,NA,NA,NA,NA,NA
"AENJPLPP_02344",0,NA,NA,NA,NA,NA
"AENJPLPP_02345",0,NA,NA,NA,NA,NA
"AENJPLPP_02346",0,NA,NA,NA,NA,NA
"AENJPLPP_02347",18.5170553979915,-1.36944543112057,3.37580324111772,-0.405665062003777,NA,NA
"AENJPLPP_02348",0,NA,NA,NA,NA,NA
"AENJPLPP_02349",34.2311608364823,1.3318486561805,3.00180799299355,0.443682160647564,0.657272394919554,0.989954701282218
"AENJPLPP_02350",0,NA,NA,NA,NA,NA
"AENJPLPP_02351",143.287465560973,-0.484890347711587,1.84710001985515,-0.26251439689206,0.792924887346081,0.989954701282218
"AENJPLPP_02352",0,NA,NA,NA,NA,NA
"AENJPLPP_02353",0.442741949718753,2.40193634805184,3.99925526544251,0.600595908144932,0.548109164003412,0.989954701282218
"AENJPLPP_02354",77.5789162636943,-1.03880526293205,2.65945599558172,-0.390608178762071,0.69608687923569,0.989954701282218
"AENJPLPP_02356",0,NA,NA,NA,NA,NA
"AENJPLPP_02357",0,NA,NA,NA,NA,NA
"AENJPLPP_02358",0,NA,NA,NA,NA,NA
"AENJPLPP_02359",0,NA,NA,NA,NA,NA
"AENJPLPP_02362",0,NA,NA,NA,NA,NA
"AENJPLPP_02363",0,NA,NA,NA,NA,NA
"AENJPLPP_02364",0,NA,NA,NA,NA,NA
"AENJPLPP_02365",0,NA,NA,NA,NA,NA
"AENJPLPP_02366",0,NA,NA,NA,NA,NA
"AENJPLPP_02367",0,NA,NA,NA,NA,NA
"AENJPLPP_02368",10.8919240246278,-4.55130015696868,3.37457443594016,-1.34870344197955,NA,NA
"AENJPLPP_02369",0,NA,NA,NA,NA,NA
"AENJPLPP_02370",0,NA,NA,NA,NA,NA
"AENJPLPP_02371",0,NA,NA,NA,NA,NA
"AENJPLPP_02372",0,NA,NA,NA,NA,NA
"AENJPLPP_02373",0.782025513465329,-0.703209476736759,3.95294177688528,-0.177895227511004,0.858805258960188,0.99002642209915
"AENJPLPP_02374",0,NA,NA,NA,NA,NA
"AENJPLPP_02375",0,NA,NA,NA,NA,NA
"AENJPLPP_02376",0.324576142435218,-1.90618731625743,4.03111028641738,-0.472869056120898,0.636306602773936,0.989954701282218
"AENJPLPP_02377",16.3393475124598,20.9418344089126,3.60872518235213,5.80311144537276,NA,NA
"AENJPLPP_02378",0,NA,NA,NA,NA,NA
"AENJPLPP_02379",0,NA,NA,NA,NA,NA
"AENJPLPP_02380",0,NA,NA,NA,NA,NA
"AENJPLPP_02381",0,NA,NA,NA,NA,NA
"AENJPLPP_02382",13.3604567788925,0.840553800344879,2.64943870859048,0.317257310999302,0.751048366305227,0.989954701282218
"AENJPLPP_02383",15.8169993250429,-1.49801678105957,3.38109428511675,-0.443056790120788,NA,NA
"AENJPLPP_02384",0,NA,NA,NA,NA,NA
"AENJPLPP_02385",62.1141300923449,-0.188630119439672,2.03647823419153,-0.0926256496498022,0.926200965869486,0.99832883126056
"AENJPLPP_02386",0,NA,NA,NA,NA,NA
"AENJPLPP_02387",0,NA,NA,NA,NA,NA
"AENJPLPP_02388",0,NA,NA,NA,NA,NA
"AENJPLPP_02389",4.42741949718753,5.71690146523138,3.91616125759499,1.45982279308444,0.144338782554406,0.714440244893755
"AENJPLPP_02390",0,NA,NA,NA,NA,NA
"AENJPLPP_02391",0,NA,NA,NA,NA,NA
"AENJPLPP_02392",0,NA,NA,NA,NA,NA
"AENJPLPP_02393",0,NA,NA,NA,NA,NA
"AENJPLPP_02394",0,NA,NA,NA,NA,NA
"AENJPLPP_02395",0,NA,NA,NA,NA,NA
"AENJPLPP_02396",0,NA,NA,NA,NA,NA
"AENJPLPP_02397",47.4209679365322,0.662347265632053,2.6476268500111,0.250166395475736,0.802458671660679,0.989954701282218
"AENJPLPP_02398",21.3746251619052,-1.72207450659879,2.72458589450895,-0.632049997054383,NA,NA
"AENJPLPP_02399",41.6789536197721,-0.590223706512066,2.31041726177006,-0.255461953249035,0.798366325809697,0.989954701282218
"AENJPLPP_02400",46.249589399473,-0.273714999245133,3.03366687726267,-0.0902257928504369,0.928107788183811,0.99832883126056
"AENJPLPP_02401",84.1601050065679,3.71502728262696,2.67730144983191,1.38760141591833,NA,NA
"AENJPLPP_02402",0,NA,NA,NA,NA,NA
"AENJPLPP_02403",0,NA,NA,NA,NA,NA
"AENJPLPP_02404",0,NA,NA,NA,NA,NA
"AENJPLPP_02405",0,NA,NA,NA,NA,NA
"AENJPLPP_02406",0,NA,NA,NA,NA,NA
"AENJPLPP_02407",0,NA,NA,NA,NA,NA
"AENJPLPP_02408",0,NA,NA,NA,NA,NA
"AENJPLPP_02409",0,NA,NA,NA,NA,NA
"AENJPLPP_02410",0,NA,NA,NA,NA,NA
"AENJPLPP_02412",48.7270500855196,1.20009309980604,2.06994858497909,0.579769521095696,0.562070053912708,0.989954701282218
"AENJPLPP_02413",0,NA,NA,NA,NA,NA
"AENJPLPP_02414",4.37755871705555,-5.67096258115662,3.91604924597867,-1.44813362267598,0.147579683894038,0.720289479914652
"AENJPLPP_02415",0,NA,NA,NA,NA,NA
"AENJPLPP_02416",15.408134438098,-7.48642856218957,3.18215201966339,-2.35263070900726,0.0186411369176044,0.363925832095959
"AENJPLPP_02417",0,NA,NA,NA,NA,NA
"AENJPLPP_02418",0,NA,NA,NA,NA,NA
"AENJPLPP_02419",0,NA,NA,NA,NA,NA
"AENJPLPP_02420",0,NA,NA,NA,NA,NA
"AENJPLPP_02421",0,NA,NA,NA,NA,NA
"AENJPLPP_02422",0,NA,NA,NA,NA,NA
"AENJPLPP_02423",0,NA,NA,NA,NA,NA
"AENJPLPP_02424",0,NA,NA,NA,NA,NA
"AENJPLPP_02425",0,NA,NA,NA,NA,NA
"AENJPLPP_02426",0,NA,NA,NA,NA,NA
"AENJPLPP_02427",0,NA,NA,NA,NA,NA
"AENJPLPP_02428",0,NA,NA,NA,NA,NA
"AENJPLPP_02429",32.8848704664817,-2.401290079968,2.47484232978481,-0.970280025950906,0.331906930663187,0.936374243567951
"AENJPLPP_02430",0,NA,NA,NA,NA,NA
"AENJPLPP_02431",78.2849755590513,-2.34953932072382,2.2293222633375,-1.05392538322671,0.291917080547478,0.890034650183353
"AENJPLPP_02432",45.9857925198903,-9.06369842269206,3.10764358076075,-2.91658235159428,0.00353889287733549,0.244958379009459
"AENJPLPP_02433",0,NA,NA,NA,NA,NA
"AENJPLPP_02434",0,NA,NA,NA,NA,NA
"AENJPLPP_02435",0,NA,NA,NA,NA,NA
"AENJPLPP_02436",740.205418192221,0.181781448573315,1.84910483239648,0.0983078111032365,0.921687875865373,0.99832883126056
"AENJPLPP_02437",3.09919364803127,5.20270073504151,3.92017968042565,1.32715874249841,0.184456176940877,0.759181831148535
"AENJPLPP_02438",10.5487246291446,-6.9391968503394,3.67736272072483,-1.88700364291822,0.0591598356721083,0.646398858256339
"AENJPLPP_02439",11.2972319186887,-7.03888322954589,2.93723075774537,-2.39643521741852,0.0165554197216353,0.355527638522117
"AENJPLPP_02440",0,NA,NA,NA,NA,NA
"AENJPLPP_02441",0,NA,NA,NA,NA,NA
"AENJPLPP_02442",0,NA,NA,NA,NA,NA
"AENJPLPP_02443",0,NA,NA,NA,NA,NA
"AENJPLPP_02444",0,NA,NA,NA,NA,NA
"AENJPLPP_02445",170.525804021563,-0.766181179661534,1.90995201140034,-0.401152057794262,0.688308175478625,0.989954701282218
"AENJPLPP_02446",58.5472571406512,-1.71831473273258,2.68288546102201,-0.640472639513285,0.521865371325536,0.989954701282218
"AENJPLPP_02447",0,NA,NA,NA,NA,NA
"AENJPLPP_02448",0,NA,NA,NA,NA,NA
"AENJPLPP_02449",0,NA,NA,NA,NA,NA
"AENJPLPP_02450",2.21405990043549,0.953489840253586,3.60664027090843,0.264370652084307,0.791494323517003,0.989954701282218
"AENJPLPP_02451",32.9709378632983,-2.65434472855237,2.63842257923283,-1.00603472296093,0.314398867296338,0.921735928353428
"AENJPLPP_02452",0.441205358224485,-2.36525849668793,3.99760973441735,-0.59166818519684,0.554072804829144,0.989954701282218
"AENJPLPP_02453",0,NA,NA,NA,NA,NA
"AENJPLPP_02454",0,NA,NA,NA,NA,NA
"AENJPLPP_02455",0.568325130868168,2.76446849164947,3.9789040544385,0.694781390510203,0.487192312269092,0.989954701282218
"AENJPLPP_02456",8.63517398718079,-5.66574260053945,3.06776210274428,-1.84686504715315,0.064766701610222,0.646398858256339
"AENJPLPP_02457",0,NA,NA,NA,NA,NA
"AENJPLPP_02458",0,NA,NA,NA,NA,NA
"AENJPLPP_02459",8.99988746031796,-3.19022187302922,3.40597191453802,-0.93665536683145,0.348935861988132,0.957622701111198
"AENJPLPP_02460",0,NA,NA,NA,NA,NA
"AENJPLPP_02461",26.0712859027805,0.770126630823193,2.65211941966968,0.290381581278535,0.771524332962638,0.989954701282218
"AENJPLPP_02462",0,NA,NA,NA,NA,NA
"AENJPLPP_02463",115.50612771151,0.862514720674821,1.90193856277708,0.453492419552941,0.650194200631976,0.989954701282218
"AENJPLPP_02464",0,NA,NA,NA,NA,NA
"AENJPLPP_02465",0,NA,NA,NA,NA,NA
"AENJPLPP_02466",0,NA,NA,NA,NA,NA
"AENJPLPP_02467",0,NA,NA,NA,NA,NA
"AENJPLPP_02468",5.3555063501811,-5.96089593040189,3.8727454951426,-1.53919123729622,0.123757616234265,0.681460207341244
"AENJPLPP_02469",3.42111102630819,5.34110134946919,3.91895414651799,1.36288947249224,0.172917347049577,0.750181823816095
"AENJPLPP_02470",0,NA,NA,NA,NA,NA
"AENJPLPP_02471",0,NA,NA,NA,NA,NA
"AENJPLPP_02472",0,NA,NA,NA,NA,NA
"AENJPLPP_02473",0,NA,NA,NA,NA,NA
"AENJPLPP_02474",0,NA,NA,NA,NA,NA
"AENJPLPP_02475",0,NA,NA,NA,NA,NA
"AENJPLPP_02476",0,NA,NA,NA,NA,NA
"AENJPLPP_02477",0,NA,NA,NA,NA,NA
"AENJPLPP_02478",38.771128284247,-4.81354106342964,3.3046490902057,-1.45659673146416,NA,NA
"AENJPLPP_02479",1.16102023054545,-3.75883198162776,3.94159300799727,-0.953632699774254,0.340269597508952,0.939844322380031
"AENJPLPP_02480",0,NA,NA,NA,NA,NA
"AENJPLPP_02481",0,NA,NA,NA,NA,NA
"AENJPLPP_02482",0,NA,NA,NA,NA,NA
"AENJPLPP_02483",0,NA,NA,NA,NA,NA
"AENJPLPP_02484",9.32182759547117,-6.7615204765967,2.86918494458747,-2.35659973378568,0.0184431143691245,0.363925832095959
"AENJPLPP_02486",75.3736752174244,-9.77665725814651,2.62215476510749,-3.72848215835411,0.000192636544435567,0.136525000383708
"AENJPLPP_02487",8.41300824493225,-2.06025478943486,3.04213987976786,-0.677238677661353,0.498254531359547,0.989954701282218
"AENJPLPP_02488",4.61329960973427,2.61710775801887,3.19504345782704,0.81911491739107,0.412720851694851,0.989954701282218
"AENJPLPP_02489",0,NA,NA,NA,NA,NA
"AENJPLPP_02490",0,NA,NA,NA,NA,NA
"AENJPLPP_02491",1.22476746318408,0.612554557711288,3.86932179862895,0.158310574718376,0.874212075801475,0.997275130296769
"AENJPLPP_02492",0,NA,NA,NA,NA,NA
"AENJPLPP_02493",0,NA,NA,NA,NA,NA
"AENJPLPP_02494",0,NA,NA,NA,NA,NA
"AENJPLPP_02495",53.1996197302051,-0.00303874943395537,3.04698110252234,-0.000997298418240876,0.999204271121478,0.999204271121478
"AENJPLPP_02496",0,NA,NA,NA,NA,NA
"AENJPLPP_02497",0.870765172909088,-3.34466701678211,3.95310528352704,-0.846085994906247,0.397504772999558,0.989729275381508
"AENJPLPP_02498",9.00137061202282,-2.34512638130211,2.64895585539339,-0.885302175393876,0.37599367702021,0.975291829097552
"AENJPLPP_02499",0,NA,NA,NA,NA,NA
"AENJPLPP_02500",0,NA,NA,NA,NA,NA
"AENJPLPP_02501",0,NA,NA,NA,NA,NA
"AENJPLPP_02502",0,NA,NA,NA,NA,NA
"AENJPLPP_02503",0,NA,NA,NA,NA,NA
"AENJPLPP_02504",0,NA,NA,NA,NA,NA
"AENJPLPP_02505",0,NA,NA,NA,NA,NA
"AENJPLPP_02506",0,NA,NA,NA,NA,NA
"AENJPLPP_02507",0,NA,NA,NA,NA,NA
"AENJPLPP_02508",0,NA,NA,NA,NA,NA
"AENJPLPP_02509",0,NA,NA,NA,NA,NA
"AENJPLPP_02510",0.324576142435218,-1.90618731625743,4.03111028641738,-0.472869056120898,0.636306602773936,0.989954701282218
"AENJPLPP_02511",0,NA,NA,NA,NA,NA
"AENJPLPP_02512",0,NA,NA,NA,NA,NA
"AENJPLPP_02513",9.25999626138105,-3.23451454568801,2.99170728456922,-1.0811600995763,0.279625903325367,0.876637412249965
"AENJPLPP_02514",0,NA,NA,NA,NA,NA
"AENJPLPP_02515",25.0528649079706,-4.72240645224193,2.58483626883507,-1.82696540944553,NA,NA
"AENJPLPP_02516",0,NA,NA,NA,NA,NA
"AENJPLPP_02517",0,NA,NA,NA,NA,NA
"AENJPLPP_02518",0,NA,NA,NA,NA,NA
"AENJPLPP_02521",0,NA,NA,NA,NA,NA
"AENJPLPP_02522",0,NA,NA,NA,NA,NA
"AENJPLPP_02523",395.931846661064,0.425699704277548,1.91931339843062,0.221797912016679,0.824471204949936,0.99002642209915
"AENJPLPP_02524",0,NA,NA,NA,NA,NA
"AENJPLPP_02525",0,NA,NA,NA,NA,NA
"AENJPLPP_02526",0,NA,NA,NA,NA,NA
"AENJPLPP_02527",1.88665787463636,-4.458228975573,3.9282501092118,-1.13491474616608,0.256411040765708,0.847570229819166
"AENJPLPP_02528",0,NA,NA,NA,NA,NA
"AENJPLPP_02529",3.50023253925284,-1.25357136278023,3.72375977929991,-0.336641307999709,0.736387312624055,0.989954701282218
"AENJPLPP_02530",0,NA,NA,NA,NA,NA
"AENJPLPP_02531",0,NA,NA,NA,NA,NA
"AENJPLPP_02532",0,NA,NA,NA,NA,NA
"AENJPLPP_02533",31.1348860729271,1.13083546638986,2.25559201763168,0.50134752098352,0.616126566478798,0.989954701282218
"AENJPLPP_02534",0,NA,NA,NA,NA,NA
"AENJPLPP_02535",0,NA,NA,NA,NA,NA
"AENJPLPP_02536",0,NA,NA,NA,NA,NA
"AENJPLPP_02537",0,NA,NA,NA,NA,NA
"AENJPLPP_02538",0,NA,NA,NA,NA,NA
"AENJPLPP_02539",0,NA,NA,NA,NA,NA
"AENJPLPP_02540",0,NA,NA,NA,NA,NA
"AENJPLPP_02541",0,NA,NA,NA,NA,NA
"AENJPLPP_02542",0,NA,NA,NA,NA,NA
"AENJPLPP_02543",72.1534608596215,0.483864556519503,1.87001991203036,0.258748344553268,0.795829415840046,0.989954701282218
"AENJPLPP_02544",0,NA,NA,NA,NA,NA
"AENJPLPP_02545",0,NA,NA,NA,NA,NA
"AENJPLPP_02546",0,NA,NA,NA,NA,NA
"AENJPLPP_02547",0,NA,NA,NA,NA,NA
"AENJPLPP_02548",11.5264028038381,-1.08606782312387,3.40310162240028,-0.319140579280688,0.749619913441316,0.989954701282218
"AENJPLPP_02549",0,NA,NA,NA,NA,NA
"AENJPLPP_02550",0,NA,NA,NA,NA,NA
"AENJPLPP_02551",0,NA,NA,NA,NA,NA
"AENJPLPP_02552",3.38402472148176,-4.27298501054543,3.37474339593488,-1.26616590040373,0.205453693002672,0.78090585083759
"AENJPLPP_02553",0,NA,NA,NA,NA,NA
"AENJPLPP_02554",0,NA,NA,NA,NA,NA
"AENJPLPP_02555",0,NA,NA,NA,NA,NA
"AENJPLPP_02556",0,NA,NA,NA,NA,NA
"AENJPLPP_02557",0,NA,NA,NA,NA,NA
"AENJPLPP_02558",37.2196892760334,0.918736836169533,2.41028887877232,0.381172914276355,NA,NA
"AENJPLPP_02559",0,NA,NA,NA,NA,NA
"AENJPLPP_02560",86.8930340838864,1.56000136655711,2.32755205361843,0.670232643833646,NA,NA
"AENJPLPP_02561",100.295392175826,-0.693154425288136,1.94152426805263,-0.357015586513053,0.721080137299658,0.989954701282218
"AENJPLPP_02562",0,NA,NA,NA,NA,NA
"AENJPLPP_02563",24.1319498071279,2.69745350927185,2.71371129891292,0.994009020175586,0.320218476042635,0.925427025949779
"AENJPLPP_02564",0,NA,NA,NA,NA,NA
"AENJPLPP_02565",0,NA,NA,NA,NA,NA
"AENJPLPP_02566",0,NA,NA,NA,NA,NA
"AENJPLPP_02567",0,NA,NA,NA,NA,NA
"AENJPLPP_02568",0,NA,NA,NA,NA,NA
"AENJPLPP_02569",0,NA,NA,NA,NA,NA
"AENJPLPP_02570",0,NA,NA,NA,NA,NA
"AENJPLPP_02571",0,NA,NA,NA,NA,NA
"AENJPLPP_02572",0,NA,NA,NA,NA,NA
"AENJPLPP_02573",61.9974727025975,9.52357564243475,2.64522889055451,3.60028414797721,0.000317869616725746,0.136525000383708
"AENJPLPP_02574",50.1880452499406,-1.19169759565679,2.42531030603683,-0.491358814041461,0.623172688727902,0.989954701282218
"AENJPLPP_02575",0,NA,NA,NA,NA,NA
"AENJPLPP_02576",3.06528919202364,-0.853752045866006,2.50935446444295,-0.340227758956936,0.733685015147866,0.989954701282218
"AENJPLPP_02577",0,NA,NA,NA,NA,NA
"AENJPLPP_02578",0,NA,NA,NA,NA,NA
"AENJPLPP_02579",0,NA,NA,NA,NA,NA
"AENJPLPP_02580",0,NA,NA,NA,NA,NA
"AENJPLPP_02581",1.74153034581818,-4.3428926862016,3.9300329098446,-1.10505249849761,0.26913684170967,0.856063592026633
"AENJPLPP_02582",2.21370974859376,4.71776152624877,3.92552747085899,1.20181594989996,0.229434844413069,0.821185547295111
"AENJPLPP_02583",0,NA,NA,NA,NA,NA
"AENJPLPP_02584",0,NA,NA,NA,NA,NA
"AENJPLPP_02585",0,NA,NA,NA,NA,NA
"AENJPLPP_02586",56.9664393152134,-0.813714859896381,2.65855886546877,-0.306073666626487,0.759548557364784,0.989954701282218
"AENJPLPP_02587",2.47943359534943,-1.23577974873024,3.80755500255678,-0.324559920447744,0.745514165163007,0.989954701282218
"AENJPLPP_02588",3.54193559775002,5.39519143917603,3.91850613138054,1.37684904866417,0.16855892269474,0.74635110615867
"AENJPLPP_02589",0.442741949718753,2.40193634805184,3.99925526544251,0.600595908144932,0.548109164003412,0.989954701282218
"AENJPLPP_02590",0,NA,NA,NA,NA,NA
"AENJPLPP_02591",0,NA,NA,NA,NA,NA
"AENJPLPP_02592",0,NA,NA,NA,NA,NA
"AENJPLPP_02593",5.58181272713441,6.04843176490242,3.85667368353741,1.56830270362793,0.116810505276711,0.668934826884634
"AENJPLPP_02594",0,NA,NA,NA,NA,NA
"AENJPLPP_02595",0,NA,NA,NA,NA,NA
"AENJPLPP_02596",0,NA,NA,NA,NA,NA
"AENJPLPP_02597",0,NA,NA,NA,NA,NA
"AENJPLPP_02598",0,NA,NA,NA,NA,NA
"AENJPLPP_02599",0,NA,NA,NA,NA,NA
"AENJPLPP_02600",0,NA,NA,NA,NA,NA
"AENJPLPP_02601",0,NA,NA,NA,NA,NA
"AENJPLPP_02602",0,NA,NA,NA,NA,NA
"AENJPLPP_02603",0,NA,NA,NA,NA,NA
"AENJPLPP_02604",0,NA,NA,NA,NA,NA
"AENJPLPP_02605",2.36129039850002,4.81076577696782,3.9243586134414,1.22587313006777,0.220246421772627,0.800985981599415
"AENJPLPP_02606",33.0230553383942,6.1671429095626,2.68184610126923,2.29958867014923,0.02147153458183,0.383140662653343
"AENJPLPP_02607",0,NA,NA,NA,NA,NA
"AENJPLPP_02608",3.54193559775002,5.39519143917603,3.91850613138054,1.37684904866417,0.16855892269474,0.74635110615867
"AENJPLPP_02609",0,NA,NA,NA,NA,NA
"AENJPLPP_02610",0,NA,NA,NA,NA,NA
"AENJPLPP_02611",0,NA,NA,NA,NA,NA
"AENJPLPP_02612",90.4057183821028,-1.42650445336761,1.91411232902291,-0.745256394694348,0.456116736383481,0.989954701282218
"AENJPLPP_02613",11.5726283850574,-2.0778383298861,3.38702207764116,-0.613470559758846,0.5395652433161,0.989954701282218
"AENJPLPP_02614",0,NA,NA,NA,NA,NA
"AENJPLPP_02615",31.9290277330823,-0.590858154657237,2.2964682965775,-0.257289924506169,0.796954969794,0.989954701282218
"AENJPLPP_02616",4.83076361237943,5.84310519568359,3.90972539867312,1.49450526568097,0.135043606648329,0.698809988619965
"AENJPLPP_02617",0,NA,NA,NA,NA,NA
"AENJPLPP_02618",0,NA,NA,NA,NA,NA
"AENJPLPP_02619",162.541254022324,1.63439186557642,1.88116769624468,0.868817739555654,0.384946828609638,0.982490975108618
"AENJPLPP_02620",0,NA,NA,NA,NA,NA
"AENJPLPP_02621",0,NA,NA,NA,NA,NA
"AENJPLPP_02622",32.782781893277,1.42364002571075,2.44938480233459,0.581223507369618,0.561089826395375,0.989954701282218
"AENJPLPP_02623",0,NA,NA,NA,NA,NA
"AENJPLPP_02624",2.75742304754544,-5.00517327896354,3.92148368191209,-1.27634683322794,0.20183294160404,0.770553319279425
"AENJPLPP_02625",3.48306069163635,-5.34195801658151,3.91842386716726,-1.36329253742612,0.172790332990152,0.750181823816095
"AENJPLPP_02626",12.7703001341868,-1.46432142600349,2.99351587358824,-0.48916440995793,0.624725304017013,0.989954701282218
"AENJPLPP_02627",18.7095567082054,0.696519055337165,3.00426996571487,0.23184303118093,0.816659933428953,0.989954701282218
"AENJPLPP_02628",0,NA,NA,NA,NA,NA
"AENJPLPP_02629",0,NA,NA,NA,NA,NA
"AENJPLPP_02630",2.00563605960622,4.5764320873241,3.92745354650004,1.16524155744691,0.243921228218198,0.838952836355753
"AENJPLPP_02631",0,NA,NA,NA,NA,NA
"AENJPLPP_02632",0,NA,NA,NA,NA,NA
"AENJPLPP_02633",0,NA,NA,NA,NA,NA
"AENJPLPP_02634",0,NA,NA,NA,NA,NA
"AENJPLPP_02635",786.236736430314,0.357602636568456,1.84597537751284,0.193720155168196,0.846395009250786,0.99002642209915
"AENJPLPP_02636",0,NA,NA,NA,NA,NA
"AENJPLPP_02637",0,NA,NA,NA,NA,NA
"AENJPLPP_02638",0.649152284870436,-2.91140616651209,3.96920754784008,-0.73349809286148,0.463254690604693,0.989954701282218
"AENJPLPP_02639",0,NA,NA,NA,NA,NA
"AENJPLPP_02640",0,NA,NA,NA,NA,NA
"AENJPLPP_02641",0.180058475068852,0.990670070261673,4.0804728567969,0.242783154067916,0.808173386299497,0.989954701282218
"AENJPLPP_02642",0,NA,NA,NA,NA,NA
"AENJPLPP_02643",11.3489425615052,0.760071427895533,3.03473410693374,0.250457338637651,0.80223369232493,0.989954701282218
"AENJPLPP_02644",0,NA,NA,NA,NA,NA
"AENJPLPP_02645",62.8527040629059,0.0837082504421031,2.68293210732523,0.031200286512489,0.975109811422922,0.99832883126056
"AENJPLPP_02646",0,NA,NA,NA,NA,NA
"AENJPLPP_02647",0,NA,NA,NA,NA,NA
"AENJPLPP_02648",0,NA,NA,NA,NA,NA
"AENJPLPP_02649",0,NA,NA,NA,NA,NA
"AENJPLPP_02650",0,NA,NA,NA,NA,NA
"AENJPLPP_02651",0,NA,NA,NA,NA,NA
"AENJPLPP_02652",0,NA,NA,NA,NA,NA
"AENJPLPP_02653",0,NA,NA,NA,NA,NA
"AENJPLPP_02654",0,NA,NA,NA,NA,NA
"AENJPLPP_02655",0,NA,NA,NA,NA,NA
"AENJPLPP_02656",0,NA,NA,NA,NA,NA
"AENJPLPP_02657",0,NA,NA,NA,NA,NA
"AENJPLPP_02658",0,NA,NA,NA,NA,NA
"AENJPLPP_02659",0,NA,NA,NA,NA,NA
"AENJPLPP_02660",0,NA,NA,NA,NA,NA
"AENJPLPP_02661",0,NA,NA,NA,NA,NA
"AENJPLPP_02662",0,NA,NA,NA,NA,NA
"AENJPLPP_02663",7.53030798400323,6.48318319522199,3.74850044172138,1.72954046451833,0.0837124108890764,0.646398858256339
"AENJPLPP_02664",36.3337250007494,-0.177381577840058,2.56065307228956,-0.0692720071139727,0.944773107284838,0.99832883126056
"AENJPLPP_02665",0,NA,NA,NA,NA,NA
"AENJPLPP_02666",0,NA,NA,NA,NA,NA
"AENJPLPP_02667",0,NA,NA,NA,NA,NA
"AENJPLPP_02668",0,NA,NA,NA,NA,NA
"AENJPLPP_02669",0,NA,NA,NA,NA,NA
"AENJPLPP_02670",0,NA,NA,NA,NA,NA
"AENJPLPP_02671",8.11143637765459,6.59019441644322,3.40928312189239,1.93301470743949,0.0532343860328136,0.646398858256339
"AENJPLPP_02672",0,NA,NA,NA,NA,NA
"AENJPLPP_02673",0,NA,NA,NA,NA,NA
"AENJPLPP_02674",0,NA,NA,NA,NA,NA
"AENJPLPP_02675",0,NA,NA,NA,NA,NA
"AENJPLPP_02676",0,NA,NA,NA,NA,NA
"AENJPLPP_02677",0,NA,NA,NA,NA,NA
"AENJPLPP_02678",0,NA,NA,NA,NA,NA
"AENJPLPP_02679",0,NA,NA,NA,NA,NA
"AENJPLPP_02680",30.9478919885248,-2.34007106628508,2.05440669588496,-1.13904957132992,0.25468247904608,0.847570229819166
"AENJPLPP_02681",0,NA,NA,NA,NA,NA
"AENJPLPP_02682",0,NA,NA,NA,NA,NA
"AENJPLPP_02683",0,NA,NA,NA,NA,NA
"AENJPLPP_02684",6.19838729606254,6.2021183194974,3.81122979448596,1.62732730744038,0.103667601193248,0.650003426459854
"AENJPLPP_02685",0,NA,NA,NA,NA,NA
"AENJPLPP_02686",0,NA,NA,NA,NA,NA
"AENJPLPP_02687",24.0186345402062,-22.2053881886275,3.58846265999857,-6.18799477451894,NA,NA
"AENJPLPP_02688",0,NA,NA,NA,NA,NA
"AENJPLPP_02689",18.5463238015132,-0.143140375937401,3.39065074928528,-0.0422161958047651,0.966326351684856,0.99832883126056
"AENJPLPP_02690",0,NA,NA,NA,NA,NA
"AENJPLPP_02691",0,NA,NA,NA,NA,NA
"AENJPLPP_02692",0,NA,NA,NA,NA,NA
"AENJPLPP_02693",0,NA,NA,NA,NA,NA
"AENJPLPP_02694",0,NA,NA,NA,NA,NA
"AENJPLPP_02695",0,NA,NA,NA,NA,NA
"AENJPLPP_02696",0,NA,NA,NA,NA,NA
"AENJPLPP_02697",0,NA,NA,NA,NA,NA
"AENJPLPP_02698",11.6631920114579,-1.4646242153377,3.0064401030434,-0.487162280018509,0.626143333724315,0.989954701282218
"AENJPLPP_02699",86.0427098913039,5.88983839110569,2.18547395953,2.69499362617542,0.00703899775219933,0.244958379009459
"AENJPLPP_02700",0,NA,NA,NA,NA,NA
"AENJPLPP_02701",0,NA,NA,NA,NA,NA
"AENJPLPP_02702",6.34596794596879,6.23605357048914,3.80310604860117,1.639726447487,0.101062057345565,0.650003426459854
"AENJPLPP_02703",0,NA,NA,NA,NA,NA
"AENJPLPP_02704",0,NA,NA,NA,NA,NA
"AENJPLPP_02705",0,NA,NA,NA,NA,NA
"AENJPLPP_02706",0,NA,NA,NA,NA,NA
"AENJPLPP_02707",56.7485696701352,0.970211859108436,2.24084501981539,0.432966961360123,0.665038772111645,0.989954701282218
"AENJPLPP_02708",4.36118522780965,-3.1379887743292,3.62507991718492,-0.865632991828227,0.386691457224005,0.982490975108618
"AENJPLPP_02709",1.45744840141988,1.22848694697512,3.86261468883318,0.318045429311569,0.750450476987944,0.989954701282218
"AENJPLPP_02710",325.811093767222,0.633195188660723,1.83074972324845,0.345866603512135,0.729442967991778,0.989954701282218
"AENJPLPP_02711",0,NA,NA,NA,NA,NA
"AENJPLPP_02712",0,NA,NA,NA,NA,NA
"AENJPLPP_02713",84.7847541387448,-0.0723773198600851,2.31968607441783,-0.0312013425688429,0.975108969221899,0.99832883126056
"AENJPLPP_02714",0,NA,NA,NA,NA,NA
"AENJPLPP_02715",1.05665210411686,-3.62091782447729,3.94506950141569,-0.917833722112609,0.35870592462671,0.963760942917842
"AENJPLPP_02716",780.166603304811,0.585476566933353,1.85452199542442,0.315702142319085,0.752228600470285,0.989954701282218
"AENJPLPP_02717",8.41739667145451,-6.6144593913808,3.72200204151434,-1.77712406323389,0.0755478298243822,0.646398858256339
"AENJPLPP_02718",0,NA,NA,NA,NA,NA
"AENJPLPP_02719",7.57815278301875,3.06796956175217,3.0813787276807,0.995648322678394,0.319421047099926,0.925427025949779
"AENJPLPP_02720",0,NA,NA,NA,NA,NA
"AENJPLPP_02721",0,NA,NA,NA,NA,NA
"AENJPLPP_02722",0,NA,NA,NA,NA,NA
"AENJPLPP_02723",0,NA,NA,NA,NA,NA
"AENJPLPP_02724",0,NA,NA,NA,NA,NA
"AENJPLPP_02725",0,NA,NA,NA,NA,NA
"AENJPLPP_02726",0,NA,NA,NA,NA,NA
"AENJPLPP_02727",0,NA,NA,NA,NA,NA
"AENJPLPP_02728",0,NA,NA,NA,NA,NA
"AENJPLPP_02729",0,NA,NA,NA,NA,NA
"AENJPLPP_02730",82.8291867920961,-0.867551160162107,2.37949286409569,-0.364594982927933,0.715413760469704,0.989954701282218
"AENJPLPP_02731",0.442741949718753,2.40193634805184,3.99925526544251,0.600595908144932,0.548109164003412,0.989954701282218
"AENJPLPP_02732",54.173323143894,1.97032605435756,2.39935469767773,0.821189987568151,0.411538058755714,0.989954701282218
"AENJPLPP_02733",0,NA,NA,NA,NA,NA
"AENJPLPP_02734",4.97284489509647,5.88489840577915,3.89602933433957,1.51048616444176,0.13091941711771,0.689937296344248
"AENJPLPP_02735",0,NA,NA,NA,NA,NA
"AENJPLPP_02736",0,NA,NA,NA,NA,NA
"AENJPLPP_02737",0,NA,NA,NA,NA,NA
"AENJPLPP_02738",0,NA,NA,NA,NA,NA
"AENJPLPP_02739",11.6371866374233,-2.62240947636663,3.37439418465551,-0.777149714248441,0.437070446103054,0.989954701282218
"AENJPLPP_02740",0,NA,NA,NA,NA,NA
"AENJPLPP_02741",0,NA,NA,NA,NA,NA
"AENJPLPP_02742",0,NA,NA,NA,NA,NA
"AENJPLPP_02743",0,NA,NA,NA,NA,NA
"AENJPLPP_02744",0,NA,NA,NA,NA,NA
"AENJPLPP_02745",0,NA,NA,NA,NA,NA
"AENJPLPP_02746",0,NA,NA,NA,NA,NA
"AENJPLPP_02747",0,NA,NA,NA,NA,NA
"AENJPLPP_02748",0,NA,NA,NA,NA,NA
"AENJPLPP_02749",84.4200405148997,-1.93054752422046,2.68600847287299,-0.718742157263384,0.47229980309613,0.989954701282218
"AENJPLPP_02750",0,NA,NA,NA,NA,NA
"AENJPLPP_02751",62.5979098575648,-1.38636461203027,2.65884269366742,-0.521416560420135,0.602076617570214,0.989954701282218
"AENJPLPP_02752",6.05080664615629,6.16736622548385,3.81860167369403,1.61508498463462,0.106292292160807,0.661631007000966
"AENJPLPP_02753",0,NA,NA,NA,NA,NA
"AENJPLPP_02754",0,NA,NA,NA,NA,NA
"AENJPLPP_02756",0,NA,NA,NA,NA,NA
"AENJPLPP_02757",0,NA,NA,NA,NA,NA
"AENJPLPP_02758",0,NA,NA,NA,NA,NA
"AENJPLPP_02759",0,NA,NA,NA,NA,NA
"AENJPLPP_02760",0.147580649906251,0.990670070261673,4.0804728567969,0.242783154067916,0.808173386299497,0.989954701282218
"AENJPLPP_02761",0,NA,NA,NA,NA,NA
"AENJPLPP_02762",0,NA,NA,NA,NA,NA
"AENJPLPP_02763",0,NA,NA,NA,NA,NA
"AENJPLPP_02764",0,NA,NA,NA,NA,NA
"AENJPLPP_02765",0,NA,NA,NA,NA,NA
"AENJPLPP_02766",0,NA,NA,NA,NA,NA
"AENJPLPP_02767",0.145127528818181,-0.932883281380817,4.0804728567969,-0.228621366719031,0.819163216114424,0.989954701282218
"AENJPLPP_02768",10.6071834353462,1.94945381963507,3.12273733401833,0.624277232157249,0.532445533606043,0.989954701282218
"AENJPLPP_02769",0,NA,NA,NA,NA,NA
"AENJPLPP_02770",0.295161299812502,1.82024248426405,4.04434109836666,0.450071455397065,0.652658918209726,0.989954701282218
"AENJPLPP_02771",20.8813514564184,7.95417870016827,3.1556814375066,2.52058988135795,0.0117158312784578,0.30496663843016
"AENJPLPP_02772",0.147580649906251,0.990670070261673,4.0804728567969,0.242783154067916,0.808173386299497,0.989954701282218
"AENJPLPP_02773",0,NA,NA,NA,NA,NA
"AENJPLPP_02774",0,NA,NA,NA,NA,NA
"AENJPLPP_02775",0,NA,NA,NA,NA,NA
"AENJPLPP_02776",36.6309853443997,3.24866252889049,2.93497530939315,1.10687899775287,0.268346247364027,0.856063592026633
"AENJPLPP_02777",0,NA,NA,NA,NA,NA
"AENJPLPP_02778",0,NA,NA,NA,NA,NA
"AENJPLPP_02779",0,NA,NA,NA,NA,NA
"AENJPLPP_02780",0,NA,NA,NA,NA,NA
"AENJPLPP_02781",0,NA,NA,NA,NA,NA
"AENJPLPP_02782",0,NA,NA,NA,NA,NA
"AENJPLPP_02783",0,NA,NA,NA,NA,NA
"AENJPLPP_02784",33.9327927454112,-0.0812169043003197,2.72775162960297,-0.0297743032829353,0.976247052687859,0.99832883126056
"AENJPLPP_02785",0,NA,NA,NA,NA,NA
"AENJPLPP_02786",0,NA,NA,NA,NA,NA
"AENJPLPP_02787",0,NA,NA,NA,NA,NA
"AENJPLPP_02788",75.4788756397955,-3.13157130971616,1.91853724820767,-1.63227026873819,0.102622563564398,0.650003426459854
"AENJPLPP_02789",0,NA,NA,NA,NA,NA
"AENJPLPP_02790",0,NA,NA,NA,NA,NA
"AENJPLPP_02791",17.1398065912871,-0.915800343781885,3.39448594097499,-0.269790583819251,0.787321367328388,0.989954701282218
"AENJPLPP_02792",51.7587096570037,-2.52103407156929,2.57162572012797,-0.980326978314653,0.326924741812806,0.932984562183391
"AENJPLPP_02793",0,NA,NA,NA,NA,NA
"AENJPLPP_02794",0,NA,NA,NA,NA,NA
"AENJPLPP_02795",0,NA,NA,NA,NA,NA
"AENJPLPP_02796",17.1305976643165,0.596209778190512,2.45099482821855,0.243252156767648,0.807810064706531,0.989954701282218
"AENJPLPP_02797",0,NA,NA,NA,NA,NA
"AENJPLPP_02798",9.96821444022773,-3.63715819856919,2.97331304421758,-1.22326783102864,0.221228553164437,0.800985981599415
"AENJPLPP_02799",0,NA,NA,NA,NA,NA
"AENJPLPP_02800",1.37234811309033,0.874817407647246,3.8598681118568,0.226644378070839,0.820700281389621,0.99002642209915
"AENJPLPP_02801",0,NA,NA,NA,NA,NA
"AENJPLPP_02802",0,NA,NA,NA,NA,NA
"AENJPLPP_02803",0,NA,NA,NA,NA,NA
"AENJPLPP_02804",0,NA,NA,NA,NA,NA
"AENJPLPP_02805",0.767318092153971,0.466858899244788,3.94887483351946,0.118225803279942,0.905888745269801,0.99832883126056
"AENJPLPP_02806",0,NA,NA,NA,NA,NA
"AENJPLPP_02807",0,NA,NA,NA,NA,NA
"AENJPLPP_02808",0,NA,NA,NA,NA,NA
"AENJPLPP_02809",0,NA,NA,NA,NA,NA
"AENJPLPP_02810",0,NA,NA,NA,NA,NA
"AENJPLPP_02811",0,NA,NA,NA,NA,NA
"AENJPLPP_02812",0,NA,NA,NA,NA,NA
"AENJPLPP_02813",42.6646173354019,-1.9626622351553,2.98526484007471,-0.657449955128999,0.510891639617568,0.989954701282218
"AENJPLPP_02814",0,NA,NA,NA,NA,NA
"AENJPLPP_02815",0,NA,NA,NA,NA,NA
"AENJPLPP_02816",9.44335706559528,6.80980634389447,3.26568244407428,2.08526286940457,0.037045445876506,0.537059526876571
"AENJPLPP_02817",0,NA,NA,NA,NA,NA
"AENJPLPP_02818",44.7431828331438,1.84817859330119,2.65006628566699,0.697408439667022,0.485547221343829,0.989954701282218
"AENJPLPP_02819",62.4332338109565,-1.66060102488338,2.31552973478994,-0.717158151732403,0.473276517655146,0.989954701282218
"AENJPLPP_02820",0,NA,NA,NA,NA,NA
"AENJPLPP_02821",0,NA,NA,NA,NA,NA
"AENJPLPP_02822",0,NA,NA,NA,NA,NA
"AENJPLPP_02823",0,NA,NA,NA,NA,NA
"AENJPLPP_02824",0,NA,NA,NA,NA,NA
"AENJPLPP_02825",0,NA,NA,NA,NA,NA
"AENJPLPP_02826",0,NA,NA,NA,NA,NA
"AENJPLPP_02827",0,NA,NA,NA,NA,NA
"AENJPLPP_02828",0,NA,NA,NA,NA,NA
"AENJPLPP_02829",0,NA,NA,NA,NA,NA
"AENJPLPP_02830",1.77096779887501,4.39625318437427,3.93019741185886,1.11858329841375,0.263317951888837,0.856063592026633
"AENJPLPP_02831",0,NA,NA,NA,NA,NA
"AENJPLPP_02832",0,NA,NA,NA,NA,NA
"AENJPLPP_02833",71.8070482615896,1.52227910151379,2.37557801189814,0.64080366710309,0.521650250091657,0.989954701282218
"AENJPLPP_02834",0,NA,NA,NA,NA,NA
"AENJPLPP_02835",0,NA,NA,NA,NA,NA
"AENJPLPP_02836",0,NA,NA,NA,NA,NA
"AENJPLPP_02837",0.885483899437506,3.39826565947511,3.95341916754324,0.859576360476564,0.390022610607728,0.982490975108618
"AENJPLPP_02838",0,NA,NA,NA,NA,NA
"AENJPLPP_02839",0,NA,NA,NA,NA,NA
"AENJPLPP_02840",0,NA,NA,NA,NA,NA
"AENJPLPP_02841",6.64735510164076,6.30065330780651,3.38207909610277,1.86295267756064,0.0624689244536486,0.646398858256339
"AENJPLPP_02842",0,NA,NA,NA,NA,NA
"AENJPLPP_02843",20.1656152809567,-0.259582370508586,3.01829896393537,-0.0860028690365823,0.931464136517238,0.99832883126056
"AENJPLPP_02844",0,NA,NA,NA,NA,NA
"AENJPLPP_02845",0,NA,NA,NA,NA,NA
"AENJPLPP_02846",0,NA,NA,NA,NA,NA
"AENJPLPP_02847",45.6452323190216,-6.24387380724317,2.86045172303454,-2.18282789286837,0.0290484867582096,0.433749079005785
"AENJPLPP_02848",0,NA,NA,NA,NA,NA
"AENJPLPP_02849",0,NA,NA,NA,NA,NA
"AENJPLPP_02850",13.6810055037677,7.3441434642174,3.23163377910245,2.27257912443815,0.0230515548192487,0.383140662653343
"AENJPLPP_02851",0,NA,NA,NA,NA,NA
"AENJPLPP_02852",19.6407180054949,0.655853827748106,2.65670414513253,0.246867468833413,0.805010793341157,0.989954701282218
"AENJPLPP_02853",557.937544401756,0.942277502300703,1.88914216625824,0.498785914120504,0.617930211851087,0.989954701282218
"AENJPLPP_02854",0,NA,NA,NA,NA,NA
"AENJPLPP_02855",0,NA,NA,NA,NA,NA
"AENJPLPP_02856",0,NA,NA,NA,NA,NA
"AENJPLPP_02857",0,NA,NA,NA,NA,NA
"AENJPLPP_02858",0,NA,NA,NA,NA,NA
"AENJPLPP_02859",50.0629852367425,-1.42637647598749,2.53784293425458,-0.562042850144486,0.574086824513681,0.989954701282218
"AENJPLPP_02860",0,NA,NA,NA,NA,NA
"AENJPLPP_02861",5.68008249261632,-6.04581860678229,3.84804677393599,-1.57113958378378,0.116150229828037,0.668934826884634
"AENJPLPP_02862",5.16532274671878,5.93918370362981,3.88198122389931,1.52993622613767,0.126032515360307,0.687046788764634
"AENJPLPP_02863",16.5533832641961,-21.4913995830963,3.61463672132912,-5.94565961671352,NA,NA
"AENJPLPP_02864",0,NA,NA,NA,NA,NA
"AENJPLPP_02865",0,NA,NA,NA,NA,NA
"AENJPLPP_02866",0,NA,NA,NA,NA,NA
"AENJPLPP_02867",0,NA,NA,NA,NA,NA
"AENJPLPP_02868",0,NA,NA,NA,NA,NA
"AENJPLPP_02869",0,NA,NA,NA,NA,NA
"AENJPLPP_02870",0,NA,NA,NA,NA,NA
"AENJPLPP_02871",0,NA,NA,NA,NA,NA
"AENJPLPP_02872",0,NA,NA,NA,NA,NA
"AENJPLPP_02873",0,NA,NA,NA,NA,NA
"AENJPLPP_02874",0,NA,NA,NA,NA,NA
"AENJPLPP_02875",7.11124891209088,-6.37125632518632,3.76811736642386,-1.69083277022047,0.0908687464586663,0.646398858256339
"AENJPLPP_02876",0,NA,NA,NA,NA,NA
"AENJPLPP_02877",0,NA,NA,NA,NA,NA
"AENJPLPP_02878",0,NA,NA,NA,NA,NA
"AENJPLPP_02879",0,NA,NA,NA,NA,NA
"AENJPLPP_02880",24.6677868250766,-22.2415674083979,3.58726539186004,-6.20014550885106,NA,NA
"AENJPLPP_02881",81.883594782844,-0.565114044193823,1.88060796359734,-0.300495401025974,0.763799303886321,0.989954701282218
"AENJPLPP_02882",0,NA,NA,NA,NA,NA
"AENJPLPP_02883",0,NA,NA,NA,NA,NA
"AENJPLPP_02884",1.76115531452273,1.0220433850213,3.83357262518374,0.266603371045388,0.789774559837993,0.989954701282218
"AENJPLPP_02885",0,NA,NA,NA,NA,NA
"AENJPLPP_02886",0,NA,NA,NA,NA,NA
"AENJPLPP_02887",39.9829294621548,0.0969181335350529,3.41192333164993,0.0284057184509435,NA,NA
"AENJPLPP_02888",0,NA,NA,NA,NA,NA
"AENJPLPP_02889",0,NA,NA,NA,NA,NA
"AENJPLPP_02890",0,NA,NA,NA,NA,NA
"AENJPLPP_02891",3.89102706318064,-1.02692770231022,3.67340824896592,-0.279557193949053,0.779817252313472,0.989954701282218
"AENJPLPP_02892",0,NA,NA,NA,NA,NA
"AENJPLPP_02893",0,NA,NA,NA,NA,NA
"AENJPLPP_02894",0,NA,NA,NA,NA,NA
"AENJPLPP_02895",0,NA,NA,NA,NA,NA
"AENJPLPP_02896",0,NA,NA,NA,NA,NA
"AENJPLPP_02897",0,NA,NA,NA,NA,NA
"AENJPLPP_02898",0,NA,NA,NA,NA,NA
"AENJPLPP_02899",0,NA,NA,NA,NA,NA
"AENJPLPP_02900",0,NA,NA,NA,NA,NA
"AENJPLPP_02901",0,NA,NA,NA,NA,NA
"AENJPLPP_02902",0,NA,NA,NA,NA,NA
"AENJPLPP_02903",0,NA,NA,NA,NA,NA
"AENJPLPP_02904",0,NA,NA,NA,NA,NA
"AENJPLPP_02905",53.7600218044854,-0.0538860386381424,2.63937343613038,-0.0204162237523863,0.983711341864967,0.998517118667814
"AENJPLPP_02906",0,NA,NA,NA,NA,NA
"AENJPLPP_02907",0,NA,NA,NA,NA,NA
"AENJPLPP_02908",0,NA,NA,NA,NA,NA
"AENJPLPP_02909",0,NA,NA,NA,NA,NA
"AENJPLPP_02910",0.905701803528735,-3.39864263540454,3.95141334096844,-0.860108103641612,0.389729454601269,0.982490975108618
"AENJPLPP_02911",0,NA,NA,NA,NA,NA
"AENJPLPP_02912",0,NA,NA,NA,NA,NA
"AENJPLPP_02913",0.900292375344259,3.40725973297586,3.95313103866636,0.861914188942581,0.388734740381065,0.982490975108618
"AENJPLPP_02914",0,NA,NA,NA,NA,NA
"AENJPLPP_02915",0,NA,NA,NA,NA,NA
"AENJPLPP_02916",0,NA,NA,NA,NA,NA
"AENJPLPP_02917",0,NA,NA,NA,NA,NA
"AENJPLPP_02918",0,NA,NA,NA,NA,NA
"AENJPLPP_02919",14.7067916624414,-0.94851289376693,3.00221515650245,-0.315937680786323,0.752049810497605,0.989954701282218
"AENJPLPP_02920",0,NA,NA,NA,NA,NA
"AENJPLPP_02921",57.1314822914657,-0.600216894448075,1.87224414733357,-0.320586871804566,0.748523487692984,0.989954701282218
"AENJPLPP_02922",0,NA,NA,NA,NA,NA
"AENJPLPP_02923",9.16611404735047,-1.17961601522022,3.03861587113891,-0.388208337363184,0.69786186375154,0.989954701282218
"AENJPLPP_02924",0,NA,NA,NA,NA,NA
"AENJPLPP_02925",0,NA,NA,NA,NA,NA
"AENJPLPP_02926",0,NA,NA,NA,NA,NA
"AENJPLPP_02927",43.7836500380691,-0.181544841214865,3.02465291946478,-0.060021710275105,0.952138343561815,0.99832883126056
"AENJPLPP_02928",0,NA,NA,NA,NA,NA
"AENJPLPP_02929",0,NA,NA,NA,NA,NA
"AENJPLPP_02930",0,NA,NA,NA,NA,NA
"AENJPLPP_02931",0,NA,NA,NA,NA,NA
"AENJPLPP_02932",0,NA,NA,NA,NA,NA
"AENJPLPP_02933",45.7348526674884,22.373053185077,3.57989962593451,6.24963142066774,NA,NA
"AENJPLPP_02934",11.2336946251136,-1.11795314632724,3.40512107130729,-0.328315241342662,0.742673321379659,0.989954701282218
"AENJPLPP_02935",0,NA,NA,NA,NA,NA
"AENJPLPP_02936",17.7628102890812,-0.385607698883153,3.02249812436726,-0.127579135872542,0.898482043347509,0.99832883126056
"AENJPLPP_02937",972.098833230342,0.561451438694904,1.90064093990244,0.295401107546239,0.767687487334387,0.989954701282218
"AENJPLPP_02938",0,NA,NA,NA,NA,NA
"AENJPLPP_02939",47.2791855053878,-1.05346188186479,2.54508488446983,-0.413920136138894,NA,NA
"AENJPLPP_02940",11.7694364029297,-2.69713851263563,2.67028420412577,-1.01005672297666,0.312468114718319,0.919212707339163
"AENJPLPP_02941",10.5665210411686,-6.94215951947168,3.67432012337309,-1.88937253325076,NA,NA
"AENJPLPP_02942",0,NA,NA,NA,NA,NA
"AENJPLPP_02943",0,NA,NA,NA,NA,NA
"AENJPLPP_02944",0.590322599625004,2.81519366086472,3.97643523404001,0.70796919732665,0.47896438616464,0.989954701282218
"AENJPLPP_02945",0,NA,NA,NA,NA,NA
"AENJPLPP_02946",0,NA,NA,NA,NA,NA
"AENJPLPP_02947",45.0131720495587,9.06206602994213,3.15846156608121,2.86913924401039,0.00411590557870982,0.244958379009459
"AENJPLPP_02948",0,NA,NA,NA,NA,NA
"AENJPLPP_02949",0,NA,NA,NA,NA,NA
"AENJPLPP_02950",0,NA,NA,NA,NA,NA
"AENJPLPP_02951",0,NA,NA,NA,NA,NA
"AENJPLPP_02952",0,NA,NA,NA,NA,NA
"AENJPLPP_02953",0,NA,NA,NA,NA,NA
"AENJPLPP_02954",0,NA,NA,NA,NA,NA
"AENJPLPP_02955",0,NA,NA,NA,NA,NA
"AENJPLPP_02956",0,NA,NA,NA,NA,NA
"AENJPLPP_02957",183.92681794537,1.19608413823891,1.90992329166209,0.626247212890961,0.531152804088237,0.989954701282218
"AENJPLPP_02958",0,NA,NA,NA,NA,NA
"AENJPLPP_02959",30.7819844359252,-0.983406809532672,2.74093091756499,-0.358785696943548,0.719755413435116,0.989954701282218
"AENJPLPP_02960",0,NA,NA,NA,NA,NA
"AENJPLPP_02961",0,NA,NA,NA,NA,NA
"AENJPLPP_02962",0,NA,NA,NA,NA,NA
"AENJPLPP_02963",0,NA,NA,NA,NA,NA
"AENJPLPP_02964",0,NA,NA,NA,NA,NA
"AENJPLPP_02965",46.214603912631,0.165829945027675,2.65166724692205,0.062537991982276,0.95013440790906,0.99832883126056
"AENJPLPP_02966",0,NA,NA,NA,NA,NA
"AENJPLPP_02967",0,NA,NA,NA,NA,NA
"AENJPLPP_02968",0,NA,NA,NA,NA,NA
"AENJPLPP_02969",0,NA,NA,NA,NA,NA
"AENJPLPP_02970",0,NA,NA,NA,NA,NA
"AENJPLPP_02971",0,NA,NA,NA,NA,NA
"AENJPLPP_02972",0.486864213652827,-2.49456293115458,3.98990411394558,-0.625218767146694,0.53182748623653,0.989954701282218
"AENJPLPP_02973",7.72610272259658,-1.45235414936301,3.4542908706296,-0.420449291549758,0.674157265808942,0.989954701282218
"AENJPLPP_02974",46.3390448472187,3.38313400280171,2.61413021212189,1.29417195329977,0.195606032206163,0.759181831148535
"AENJPLPP_02975",43.8370037697941,-1.79898748837363,2.26451552396707,-0.794424886618612,0.426948120931995,0.989954701282218
"AENJPLPP_02976",0,NA,NA,NA,NA,NA
"AENJPLPP_02977",0,NA,NA,NA,NA,NA
"AENJPLPP_02978",0,NA,NA,NA,NA,NA
"AENJPLPP_02979",0,NA,NA,NA,NA,NA
"AENJPLPP_02980",0,NA,NA,NA,NA,NA
"AENJPLPP_02981",957.436505893695,0.266821848859281,1.83100037112349,0.145724628496695,0.884138778181256,0.99832883126056
"AENJPLPP_02982",0,NA,NA,NA,NA,NA
"AENJPLPP_02983",0,NA,NA,NA,NA,NA
"AENJPLPP_02984",0,NA,NA,NA,NA,NA
"AENJPLPP_02985",0,NA,NA,NA,NA,NA
"AENJPLPP_02986",0,NA,NA,NA,NA,NA
"AENJPLPP_02987",0,NA,NA,NA,NA,NA
"AENJPLPP_02988",0,NA,NA,NA,NA,NA
"AENJPLPP_02989",107.630415891044,-1.08594074070769,1.9574422819439,-0.554775356966979,0.579048324859663,0.989954701282218
"AENJPLPP_02990",130.320276527572,1.38862450984635,2.6906569293051,0.516091254415323,0.605790675836615,0.989954701282218
"AENJPLPP_02991",0,NA,NA,NA,NA,NA
"AENJPLPP_02992",0,NA,NA,NA,NA,NA
"AENJPLPP_02993",5.80510115272725,-6.07856565216443,3.83550250875244,-1.58481597607965,0.113008151468321,0.668934826884634
"AENJPLPP_02994",0,NA,NA,NA,NA,NA
"AENJPLPP_02995",0,NA,NA,NA,NA,NA
"AENJPLPP_02996",0,NA,NA,NA,NA,NA
"AENJPLPP_02997",0,NA,NA,NA,NA,NA
"AENJPLPP_02998",0,NA,NA,NA,NA,NA
"AENJPLPP_02999",0,NA,NA,NA,NA,NA
"AENJPLPP_03000",0,NA,NA,NA,NA,NA
"AENJPLPP_03001",0,NA,NA,NA,NA,NA
"AENJPLPP_03002",215.04753139767,-0.406450910943212,1.8331988412207,-0.22171676187214,0.824534380765573,0.99002642209915
"AENJPLPP_03003",0,NA,NA,NA,NA,NA
"AENJPLPP_03004",0,NA,NA,NA,NA,NA
"AENJPLPP_03005",0,NA,NA,NA,NA,NA
"AENJPLPP_03006",117.962167343699,2.79462381591372,2.33206078768743,1.19834947299336,0.230780994038539,0.821885940830759
"AENJPLPP_03007",0,NA,NA,NA,NA,NA
"AENJPLPP_03008",71.5325920814829,-1.24547600774292,1.93671665909206,-0.643086329585663,0.520168084365776,0.989954701282218
"AENJPLPP_03009",0,NA,NA,NA,NA,NA
"AENJPLPP_03010",0,NA,NA,NA,NA,NA
"AENJPLPP_03011",0,NA,NA,NA,NA,NA
"AENJPLPP_03012",0,NA,NA,NA,NA,NA
"AENJPLPP_03013",0,NA,NA,NA,NA,NA
"AENJPLPP_03014",0,NA,NA,NA,NA,NA
"AENJPLPP_03015",13.6657146891998,-1.76807361529421,3.38024509884355,-0.523060773285082,NA,NA
"AENJPLPP_03016",0,NA,NA,NA,NA,NA
"AENJPLPP_03017",0,NA,NA,NA,NA,NA
"AENJPLPP_03018",0,NA,NA,NA,NA,NA
"AENJPLPP_03019",0,NA,NA,NA,NA,NA
"AENJPLPP_03020",0,NA,NA,NA,NA,NA
"AENJPLPP_03021",0,NA,NA,NA,NA,NA
"AENJPLPP_03022",6.9661213832727,-6.34151777003439,3.77438763343613,-1.68014480385026,0.0929291454598519,0.646398858256339
"AENJPLPP_03023",0,NA,NA,NA,NA,NA
"AENJPLPP_03024",0,NA,NA,NA,NA,NA
"AENJPLPP_03025",0,NA,NA,NA,NA,NA
"AENJPLPP_03026",0,NA,NA,NA,NA,NA
"AENJPLPP_03027",0,NA,NA,NA,NA,NA
"AENJPLPP_03028",0,NA,NA,NA,NA,NA
"AENJPLPP_03029",0,NA,NA,NA,NA,NA
"AENJPLPP_03030",0,NA,NA,NA,NA,NA
"AENJPLPP_03031",0,NA,NA,NA,NA,NA
"AENJPLPP_03032",0,NA,NA,NA,NA,NA
"AENJPLPP_03033",0,NA,NA,NA,NA,NA
"AENJPLPP_03034",0,NA,NA,NA,NA,NA
"AENJPLPP_03035",0,NA,NA,NA,NA,NA
"AENJPLPP_03036",0,NA,NA,NA,NA,NA
"AENJPLPP_03037",0,NA,NA,NA,NA,NA
"AENJPLPP_03038",0,NA,NA,NA,NA,NA
"AENJPLPP_03039",0,NA,NA,NA,NA,NA
"AENJPLPP_03040",0,NA,NA,NA,NA,NA
"AENJPLPP_03041",0,NA,NA,NA,NA,NA
"AENJPLPP_03042",0,NA,NA,NA,NA,NA
"AENJPLPP_03043",0,NA,NA,NA,NA,NA
"AENJPLPP_03044",0,NA,NA,NA,NA,NA
"AENJPLPP_03045",0,NA,NA,NA,NA,NA
"AENJPLPP_03046",0,NA,NA,NA,NA,NA
"AENJPLPP_03047",0,NA,NA,NA,NA,NA
"AENJPLPP_03048",0,NA,NA,NA,NA,NA
"AENJPLPP_03049",41.8149472310658,-3.0765059123141,2.93960084776008,-1.04657267147624,0.295296711644069,0.890034650183353
"AENJPLPP_03050",9.20601945786567,2.53045836519979,3.0377024450065,0.83301719342507,0.404835032594844,0.989954701282218
"AENJPLPP_03051",0,NA,NA,NA,NA,NA
"AENJPLPP_03052",0,NA,NA,NA,NA,NA
"AENJPLPP_03053",0,NA,NA,NA,NA,NA
"AENJPLPP_03054",0,NA,NA,NA,NA,NA
"AENJPLPP_03055",0,NA,NA,NA,NA,NA
"AENJPLPP_03056",0,NA,NA,NA,NA,NA
"AENJPLPP_03057",12.4952928202699,1.72373872404796,3.38571512570336,0.509121015811945,0.610667401807779,0.989954701282218
"AENJPLPP_03058",31.3629482071603,-0.309533049476212,3.09491620914991,-0.10001338600415,NA,NA
"AENJPLPP_03059",73.3078984980923,0.129750863189242,2.34745657212821,0.0552729557299584,0.955921007420728,0.99832883126056
"AENJPLPP_03060",0,NA,NA,NA,NA,NA
"AENJPLPP_03061",0,NA,NA,NA,NA,NA
"AENJPLPP_03062",0,NA,NA,NA,NA,NA
"AENJPLPP_03063",0,NA,NA,NA,NA,NA
"AENJPLPP_03064",0,NA,NA,NA,NA,NA
"AENJPLPP_03065",609.036129208289,1.65043887509117,1.8226840608951,0.905499153967833,0.365201007882966,0.974247409228162
"AENJPLPP_03066",0,NA,NA,NA,NA,NA
"AENJPLPP_03067",0,NA,NA,NA,NA,NA
"AENJPLPP_03068",297.518617730353,0.700586143594102,1.88026877668626,0.372598934939927,0.709446965645591,0.989954701282218
"AENJPLPP_03069",0,NA,NA,NA,NA,NA
"AENJPLPP_03070",97.0283679373208,-1.22027580401426,2.27569329343407,-0.536221558298321,0.591805435794385,0.989954701282218
"AENJPLPP_03071",16.071965497875,-0.560446323933778,3.38905100494092,-0.165369692907159,0.868653006778946,0.993764707238632
"AENJPLPP_03072",0,NA,NA,NA,NA,NA
"AENJPLPP_03073",0,NA,NA,NA,NA,NA
"AENJPLPP_03074",0,NA,NA,NA,NA,NA
"AENJPLPP_03075",0,NA,NA,NA,NA,NA
"AENJPLPP_03076",0,NA,NA,NA,NA,NA
"AENJPLPP_03077",0,NA,NA,NA,NA,NA
"AENJPLPP_03078",0,NA,NA,NA,NA,NA
"AENJPLPP_03079",0,NA,NA,NA,NA,NA
"AENJPLPP_03080",0,NA,NA,NA,NA,NA
"AENJPLPP_03081",0,NA,NA,NA,NA,NA
"AENJPLPP_03082",0,NA,NA,NA,NA,NA
"AENJPLPP_03083",0,NA,NA,NA,NA,NA
"AENJPLPP_03084",0,NA,NA,NA,NA,NA
"AENJPLPP_03085",0,NA,NA,NA,NA,NA
"AENJPLPP_03086",0,NA,NA,NA,NA,NA
"AENJPLPP_03087",0,NA,NA,NA,NA,NA
"AENJPLPP_03088",0,NA,NA,NA,NA,NA
"AENJPLPP_03089",0,NA,NA,NA,NA,NA
"AENJPLPP_03090",0,NA,NA,NA,NA,NA
"AENJPLPP_03091",0,NA,NA,NA,NA,NA
"AENJPLPP_03092",0,NA,NA,NA,NA,NA
"AENJPLPP_03093",0,NA,NA,NA,NA,NA
"AENJPLPP_03094",0,NA,NA,NA,NA,NA
"AENJPLPP_03095",26.4966163619034,-2.09699993476322,3.36382781888108,-0.623396929828814,NA,NA
"AENJPLPP_03096",0,NA,NA,NA,NA,NA
"AENJPLPP_03097",0,NA,NA,NA,NA,NA
"AENJPLPP_03098",0,NA,NA,NA,NA,NA
"AENJPLPP_03099",0,NA,NA,NA,NA,NA
"AENJPLPP_03100",0,NA,NA,NA,NA,NA
"AENJPLPP_03101",80.2864739502424,-2.73992187249221,2.22768089611926,-1.22994360514799,0.218718223811229,0.800985981599415
"AENJPLPP_03102",0,NA,NA,NA,NA,NA
"AENJPLPP_03103",0,NA,NA,NA,NA,NA
"AENJPLPP_03104",0,NA,NA,NA,NA,NA
"AENJPLPP_03105",0,NA,NA,NA,NA,NA
"AENJPLPP_03106",0,NA,NA,NA,NA,NA
"AENJPLPP_03107",0,NA,NA,NA,NA,NA
"AENJPLPP_03108",0,NA,NA,NA,NA,NA
"AENJPLPP_03109",0,NA,NA,NA,NA,NA
"AENJPLPP_03110",0,NA,NA,NA,NA,NA
"AENJPLPP_03111",0,NA,NA,NA,NA,NA
"AENJPLPP_03112",0,NA,NA,NA,NA,NA
"AENJPLPP_03113",0,NA,NA,NA,NA,NA
"AENJPLPP_03114",0,NA,NA,NA,NA,NA
"AENJPLPP_03115",0,NA,NA,NA,NA,NA
"AENJPLPP_03116",0,NA,NA,NA,NA,NA
"AENJPLPP_03117",0,NA,NA,NA,NA,NA
"AENJPLPP_03118",0,NA,NA,NA,NA,NA
"AENJPLPP_03119",0,NA,NA,NA,NA,NA
"AENJPLPP_03120",229.248416809641,0.679542733889687,1.85793934520084,0.365750763416999,0.714551062952348,0.989954701282218
"AENJPLPP_03121",23.5780995877327,0.174774869866891,2.64114778054618,0.0661738321324635,0.947239430031546,0.99832883126056
"AENJPLPP_03122",0,NA,NA,NA,NA,NA
"AENJPLPP_03123",0,NA,NA,NA,NA,NA
"AENJPLPP_03124",0,NA,NA,NA,NA,NA
"AENJPLPP_03125",0,NA,NA,NA,NA,NA
"AENJPLPP_03126",0,NA,NA,NA,NA,NA
"AENJPLPP_03127",0,NA,NA,NA,NA,NA
"AENJPLPP_03128",0,NA,NA,NA,NA,NA
"AENJPLPP_03129",0,NA,NA,NA,NA,NA
"AENJPLPP_03130",0,NA,NA,NA,NA,NA
"AENJPLPP_03131",0,NA,NA,NA,NA,NA
"AENJPLPP_03132",0,NA,NA,NA,NA,NA
"AENJPLPP_03133",0,NA,NA,NA,NA,NA
"AENJPLPP_03134",0,NA,NA,NA,NA,NA
"AENJPLPP_03135",0,NA,NA,NA,NA,NA
"AENJPLPP_03136",0,NA,NA,NA,NA,NA
"AENJPLPP_03137",24.7890151546312,3.72324005314209,3.32583360241122,1.11949077982817,NA,NA
"AENJPLPP_03138",18.8665787463636,-21.8716751007815,3.59907955652591,-6.07701907036853,NA,NA
"AENJPLPP_03139",0,NA,NA,NA,NA,NA
"AENJPLPP_03140",0,NA,NA,NA,NA,NA
"AENJPLPP_03141",34.4517366603509,-1.43513111668645,2.62513556139831,-0.546688383559897,0.58459283624126,0.989954701282218
"AENJPLPP_03142",0,NA,NA,NA,NA,NA
"AENJPLPP_03143",11.2435184883271,-0.620690161479491,3.41425591161402,-0.18179368434807,0.855744641094562,0.99002642209915
"AENJPLPP_03144",85.0939488764486,-0.331328173469234,2.67811470228107,-0.123716946547146,0.901539393342203,0.99832883126056
"AENJPLPP_03145",0,NA,NA,NA,NA,NA
"AENJPLPP_03146",0,NA,NA,NA,NA,NA
"AENJPLPP_03147",0,NA,NA,NA,NA,NA
"AENJPLPP_03148",0,NA,NA,NA,NA,NA
"AENJPLPP_03149",0,NA,NA,NA,NA,NA
"AENJPLPP_03150",0,NA,NA,NA,NA,NA
"AENJPLPP_03151",27.2613506941765,-3.20955416652151,3.33591263865357,-0.962121768217809,NA,NA
"AENJPLPP_03152",44.9300350909903,-9.03032322453533,2.89219335005438,-3.12230965622182,0.00179438095587724,0.171263693455394
"AENJPLPP_03153",19.8994666208271,0.84660376716019,2.99298557533443,0.282862628586372,0.777282143159983,0.989954701282218
"AENJPLPP_03154",0,NA,NA,NA,NA,NA
"AENJPLPP_03155",0,NA,NA,NA,NA,NA
"AENJPLPP_03156",17.2211600965718,3.5688925242515,2.44074614452328,1.46221373011677,0.143682650304522,0.714440244893755
"AENJPLPP_03157",0,NA,NA,NA,NA,NA
"AENJPLPP_03158",0,NA,NA,NA,NA,NA
"AENJPLPP_03159",0,NA,NA,NA,NA,NA
"AENJPLPP_03160",0,NA,NA,NA,NA,NA
"AENJPLPP_03161",0,NA,NA,NA,NA,NA
"AENJPLPP_03162",0,NA,NA,NA,NA,NA
"AENJPLPP_03163",0,NA,NA,NA,NA,NA
"AENJPLPP_03164",77.1140712876264,-0.33848583131345,2.4572569121614,-0.13774946756207,0.890438422556498,0.99832883126056
"AENJPLPP_03165",176.453737595646,0.169966108128079,1.85668198194973,0.0915429296887959,0.927061196456025,0.99832883126056
"AENJPLPP_03166",0,NA,NA,NA,NA,NA
"AENJPLPP_03167",0,NA,NA,NA,NA,NA
"AENJPLPP_03168",0,NA,NA,NA,NA,NA
"AENJPLPP_03169",0,NA,NA,NA,NA,NA
"AENJPLPP_03170",0,NA,NA,NA,NA,NA
"AENJPLPP_03171",0,NA,NA,NA,NA,NA
"AENJPLPP_03172",0,NA,NA,NA,NA,NA
"AENJPLPP_03173",0,NA,NA,NA,NA,NA
"AENJPLPP_03174",0,NA,NA,NA,NA,NA
"AENJPLPP_03175",0,NA,NA,NA,NA,NA
"AENJPLPP_03176",0,NA,NA,NA,NA,NA
"AENJPLPP_03177",0,NA,NA,NA,NA,NA
"AENJPLPP_03178",0,NA,NA,NA,NA,NA
"AENJPLPP_03179",0,NA,NA,NA,NA,NA
"AENJPLPP_03180",0,NA,NA,NA,NA,NA
"AENJPLPP_03181",0,NA,NA,NA,NA,NA
"AENJPLPP_03182",0,NA,NA,NA,NA,NA
"AENJPLPP_03183",0,NA,NA,NA,NA,NA
"AENJPLPP_03184",0,NA,NA,NA,NA,NA
"AENJPLPP_03185",0,NA,NA,NA,NA,NA
"AENJPLPP_03186",0,NA,NA,NA,NA,NA
"AENJPLPP_03187",0,NA,NA,NA,NA,NA
"AENJPLPP_03188",0,NA,NA,NA,NA,NA
"AENJPLPP_03189",0,NA,NA,NA,NA,NA
