"","baseMean","log2FoldChange","lfcSE","stat","pvalue","padj"
"AENJPLPP_00001",0,NA,NA,NA,NA,NA
"AENJPLPP_00003",0.633681204543212,1.80390973999345,3.99069054849039,0.45202947161008,0.651247751121352,0.999399299569476
"AENJPLPP_00004",0,NA,NA,NA,NA,NA
"AENJPLPP_00005",0,NA,NA,NA,NA,NA
"AENJPLPP_00006",16.0297518867146,1.31697029605019,3.36217744226657,0.391701603697148,0.695278704960825,0.999399299569476
"AENJPLPP_00007",0,NA,NA,NA,NA,NA
"AENJPLPP_00008",34.1721236982078,8.76057988187749,3.16996760623608,2.76361810910728,0.005716439981016,0.453150377532009
"AENJPLPP_00009",0,NA,NA,NA,NA,NA
"AENJPLPP_00010",2.57204401542759,-4.76213717261528,3.36097254155259,-1.41689261478328,0.15651432605577,0.830150536733995
"AENJPLPP_00011",0,NA,NA,NA,NA,NA
"AENJPLPP_00012",0,NA,NA,NA,NA,NA
"AENJPLPP_00013",0,NA,NA,NA,NA,NA
"AENJPLPP_00014",0,NA,NA,NA,NA,NA
"AENJPLPP_00015",0,NA,NA,NA,NA,NA
"AENJPLPP_00016",0,NA,NA,NA,NA,NA
"AENJPLPP_00017",0,NA,NA,NA,NA,NA
"AENJPLPP_00018",0,NA,NA,NA,NA,NA
"AENJPLPP_00019",0,NA,NA,NA,NA,NA
"AENJPLPP_00020",0,NA,NA,NA,NA,NA
"AENJPLPP_00021",0,NA,NA,NA,NA,NA
"AENJPLPP_00022",0,NA,NA,NA,NA,NA
"AENJPLPP_00023",0,NA,NA,NA,NA,NA
"AENJPLPP_00024",0,NA,NA,NA,NA,NA
"AENJPLPP_00025",3.68077086793107,-5.28569395327656,3.91802885759827,-1.34906968411577,0.177314584617392,0.830150536733995
"AENJPLPP_00026",0,NA,NA,NA,NA,NA
"AENJPLPP_00027",0,NA,NA,NA,NA,NA
"AENJPLPP_00028",0,NA,NA,NA,NA,NA
"AENJPLPP_00029",0,NA,NA,NA,NA,NA
"AENJPLPP_00030",0,NA,NA,NA,NA,NA
"AENJPLPP_00031",71.8039178498328,-1.33725203766699,2.74445413742001,-0.487256106572839,0.62607684913646,0.999399299569476
"AENJPLPP_00032",2.75782697289256,-1.13709288472596,3.7126624307296,-0.306274245488701,0.759395846723499,0.999399299569476
"AENJPLPP_00034",79.9958598649595,-1.24272773262626,1.94076124348945,-0.640330044097469,0.521958052286476,0.999399299569476
"AENJPLPP_00035",0,NA,NA,NA,NA,NA
"AENJPLPP_00036",2.58405495352406,1.3555764619616,3.07030914911038,0.441511390588917,0.658842817129782,0.999399299569476
"AENJPLPP_00037",0,NA,NA,NA,NA,NA
"AENJPLPP_00038",0,NA,NA,NA,NA,NA
"AENJPLPP_00039",0,NA,NA,NA,NA,NA
"AENJPLPP_00040",0,NA,NA,NA,NA,NA
"AENJPLPP_00041",0,NA,NA,NA,NA,NA
"AENJPLPP_00042",0,NA,NA,NA,NA,NA
"AENJPLPP_00043",0,NA,NA,NA,NA,NA
"AENJPLPP_00044",0,NA,NA,NA,NA,NA
"AENJPLPP_00045",0,NA,NA,NA,NA,NA
"AENJPLPP_00046",0,NA,NA,NA,NA,NA
"AENJPLPP_00047",0,NA,NA,NA,NA,NA
"AENJPLPP_00048",0,NA,NA,NA,NA,NA
"AENJPLPP_00049",4.55586580771259,-0.031229179231554,2.48664915364346,-0.012558739613828,0.98997983895955,0.999399299569476
"AENJPLPP_00050",0,NA,NA,NA,NA,NA
"AENJPLPP_00051",0,NA,NA,NA,NA,NA
"AENJPLPP_00052",0,NA,NA,NA,NA,NA
"AENJPLPP_00053",6.4739932686665,-3.06544560208021,3.02686591886994,-1.01274575228779,0.311181618130896,0.999399299569476
"AENJPLPP_00054",0,NA,NA,NA,NA,NA
"AENJPLPP_00055",0,NA,NA,NA,NA,NA
"AENJPLPP_00056",0,NA,NA,NA,NA,NA
"AENJPLPP_00057",0,NA,NA,NA,NA,NA
"AENJPLPP_00058",75.1076351997433,3.99287091175387,2.58949696577886,1.54194848054317,0.123086113576929,0.79959027291245
"AENJPLPP_00059",11.800738932058,7.22684493448969,3.62529416579789,1.99345062882618,0.0462121246454332,0.79959027291245
"AENJPLPP_00060",0,NA,NA,NA,NA,NA
"AENJPLPP_00061",35.869616532821,-3.07088993046221,2.91566165763863,-1.05323946707496,0.292231254266655,0.999399299569476
"AENJPLPP_00062",0,NA,NA,NA,NA,NA
"AENJPLPP_00063",0,NA,NA,NA,NA,NA
"AENJPLPP_00064",0,NA,NA,NA,NA,NA
"AENJPLPP_00065",16.4666855623642,-7.4427821320223,3.13075371702152,-2.37731319827453,0.0174392735984664,0.538100097602037
"AENJPLPP_00066",0,NA,NA,NA,NA,NA
"AENJPLPP_00067",0,NA,NA,NA,NA,NA
"AENJPLPP_00068",0,NA,NA,NA,NA,NA
"AENJPLPP_00069",0,NA,NA,NA,NA,NA
"AENJPLPP_00070",33.7030339539886,-1.13892732350273,2.7008712128965,-0.421688867675148,0.673252131106068,0.999399299569476
"AENJPLPP_00071",0,NA,NA,NA,NA,NA
"AENJPLPP_00072",0,NA,NA,NA,NA,NA
"AENJPLPP_00073",8.28100876963254,5.05700337240135,3.01641372322785,1.67649528095565,0.0936412197865853,0.79959027291245
"AENJPLPP_00074",0,NA,NA,NA,NA,NA
"AENJPLPP_00075",79.2773001457346,0.501950689146277,2.30063798519292,0.21817891053563,0.827289716231813,0.999399299569476
"AENJPLPP_00076",0,NA,NA,NA,NA,NA
"AENJPLPP_00077",40.7489866998519,1.85671314463489,2.64443584245401,0.702120699934199,0.482603894184257,0.999399299569476
"AENJPLPP_00078",0,NA,NA,NA,NA,NA
"AENJPLPP_00079",0,NA,NA,NA,NA,NA
"AENJPLPP_00080",0,NA,NA,NA,NA,NA
"AENJPLPP_00081",0,NA,NA,NA,NA,NA
"AENJPLPP_00082",0,NA,NA,NA,NA,NA
"AENJPLPP_00083",0,NA,NA,NA,NA,NA
"AENJPLPP_00084",0,NA,NA,NA,NA,NA
"AENJPLPP_00085",84.0235406801907,-0.1963124024631,2.27284704488256,-0.0863729052533948,0.93116998489689,0.999399299569476
"AENJPLPP_00086",0,NA,NA,NA,NA,NA
"AENJPLPP_00087",0,NA,NA,NA,NA,NA
"AENJPLPP_00088",7.53372222463321,-5.31999118862832,3.08618732941411,-1.72380695686359,0.0847426983064307,0.79959027291245
"AENJPLPP_00089",0,NA,NA,NA,NA,NA
"AENJPLPP_00090",0,NA,NA,NA,NA,NA
"AENJPLPP_00091",0,NA,NA,NA,NA,NA
"AENJPLPP_00092",0,NA,NA,NA,NA,NA
"AENJPLPP_00093",0,NA,NA,NA,NA,NA
"AENJPLPP_00094",0,NA,NA,NA,NA,NA
"AENJPLPP_00095",0.571461453324085,-1.16004732474426,4.00479029731983,-0.28966493589455,0.772072583856531,0.999399299569476
"AENJPLPP_00096",6.54921238965383,6.37633679226958,3.72933008372414,1.70978075126622,0.0873064237446498,0.79959027291245
"AENJPLPP_00097",0.156074232574738,1.22879329931982,4.0804728567969,0.301139927269213,0.763307795727942,0.999399299569476
"AENJPLPP_00098",805.068430573223,0.701262051033018,1.87175277406859,0.374655275391258,0.707916858424707,0.999399299569476
"AENJPLPP_00099",0,NA,NA,NA,NA,NA
"AENJPLPP_00100",6.555117768139,6.37990511207728,3.72219190625523,1.7140183184418,0.0865253616233973,0.79959027291245
"AENJPLPP_00101",0.397921174911467,-2.12182883282595,4.00479077019896,-0.529822643573596,0.596234904065106,0.999399299569476
"AENJPLPP_00102",0,NA,NA,NA,NA,NA
"AENJPLPP_00103",0,NA,NA,NA,NA,NA
"AENJPLPP_00104",0,NA,NA,NA,NA,NA
"AENJPLPP_00105",0,NA,NA,NA,NA,NA
"AENJPLPP_00106",0,NA,NA,NA,NA,NA
"AENJPLPP_00107",0,NA,NA,NA,NA,NA
"AENJPLPP_00108",0,NA,NA,NA,NA,NA
"AENJPLPP_00109",0,NA,NA,NA,NA,NA
"AENJPLPP_00110",0,NA,NA,NA,NA,NA
"AENJPLPP_00111",0,NA,NA,NA,NA,NA
"AENJPLPP_00112",0,NA,NA,NA,NA,NA
"AENJPLPP_00113",44.9532498172358,-1.37877109393997,2.99098018158137,-0.460976338937491,0.644815580827163,0.999399299569476
"AENJPLPP_00114",0.497401468639334,-2.43472439380116,3.98615683005127,-0.610794932965507,0.54133534833833,0.999399299569476
"AENJPLPP_00115",19.9195875995727,-1.50131121899456,2.94774809783454,-0.509307840821761,0.610536462831906,0.999399299569476
"AENJPLPP_00116",0,NA,NA,NA,NA,NA
"AENJPLPP_00117",2.28804675574094,-4.60370625893458,3.92479280954197,-1.17298071066122,0.240803541099884,0.918582473592229
"AENJPLPP_00118",0,NA,NA,NA,NA,NA
"AENJPLPP_00119",0,NA,NA,NA,NA,NA
"AENJPLPP_00120",59.5452071014907,1.5010652650949,2.26614204803153,0.662387985077455,0.507722601825897,0.999399299569476
"AENJPLPP_00121",9.97483054006214,0.119334958982378,2.74961072927846,0.043400674034209,0.96538214040751,0.999399299569476
"AENJPLPP_00122",9.77602155249115,0.61978962048634,3.42010247218191,0.181219605414611,0.856195206479273,0.999399299569476
"AENJPLPP_00123",8.72687869866297,1.31104491329198,3.01508770061191,0.434828118938596,0.663687192973663,0.999399299569476
"AENJPLPP_00124",0,NA,NA,NA,NA,NA
"AENJPLPP_00125",0,NA,NA,NA,NA,NA
"AENJPLPP_00126",0,NA,NA,NA,NA,NA
"AENJPLPP_00127",1.73540278412618,4.46106911003147,3.9331102857597,1.13423443176341,0.256696224584942,0.966707058543291
"AENJPLPP_00128",0,NA,NA,NA,NA,NA
"AENJPLPP_00129",0,NA,NA,NA,NA,NA
"AENJPLPP_00130",0,NA,NA,NA,NA,NA
"AENJPLPP_00131",0.0994802937278668,-0.686156850506019,4.07924677847551,-0.168206751826485,0.866420629438556,0.999399299569476
"AENJPLPP_00132",0,NA,NA,NA,NA,NA
"AENJPLPP_00133",0,NA,NA,NA,NA,NA
"AENJPLPP_00134",0,NA,NA,NA,NA,NA
"AENJPLPP_00135",0,NA,NA,NA,NA,NA
"AENJPLPP_00136",0,NA,NA,NA,NA,NA
"AENJPLPP_00137",0,NA,NA,NA,NA,NA
"AENJPLPP_00138",0,NA,NA,NA,NA,NA
"AENJPLPP_00139",3.75839449046717,-1.5866074137493,3.22417923419557,-0.492096530156195,0.6226511050798,0.999399299569476
"AENJPLPP_00140",0,NA,NA,NA,NA,NA
"AENJPLPP_00141",0,NA,NA,NA,NA,NA
"AENJPLPP_00142",0,NA,NA,NA,NA,NA
"AENJPLPP_00143",38.1176030585156,0.708443019242457,2.35771756661417,0.300478322456504,0.763812329098797,0.999399299569476
"AENJPLPP_00144",116.872906749605,0.74108372493878,1.87620506085715,0.394990793064067,0.692849682755309,0.999399299569476
"AENJPLPP_00145",15.5258452684294,1.78037650314674,2.69304576017694,0.66110146714691,0.508547244472125,0.999399299569476
"AENJPLPP_00146",0,NA,NA,NA,NA,NA
"AENJPLPP_00147",0,NA,NA,NA,NA,NA
"AENJPLPP_00148",0,NA,NA,NA,NA,NA
"AENJPLPP_00149",0,NA,NA,NA,NA,NA
"AENJPLPP_00150",0,NA,NA,NA,NA,NA
"AENJPLPP_00151",0,NA,NA,NA,NA,NA
"AENJPLPP_00152",0,NA,NA,NA,NA,NA
"AENJPLPP_00153",5.77474660526531,6.19717429825165,3.7557110104696,1.65006686642719,0.0989292606414583,0.79959027291245
"AENJPLPP_00154",9.37100956562836,2.28654901313752,2.46125923127032,0.929015921641611,0.352880835119644,0.999399299569476
"AENJPLPP_00155",0,NA,NA,NA,NA,NA
"AENJPLPP_00156",0,NA,NA,NA,NA,NA
"AENJPLPP_00157",0.0994802937278668,-0.686156850506019,4.07924677847551,-0.168206751826485,0.866420629438556,0.999399299569476
"AENJPLPP_00158",0,NA,NA,NA,NA,NA
"AENJPLPP_00159",8.81753734281622,2.7851665039281,2.98085450322235,0.934351710530417,0.350122498377291,0.999399299569476
"AENJPLPP_00160",0,NA,NA,NA,NA,NA
"AENJPLPP_00161",9.53193471986699,-3.67555494203678,2.93838058996296,-1.25087776396015,0.210979077648467,0.88912611294711
"AENJPLPP_00162",32.9437423592304,7.74939916243212,2.95685924465989,2.62082112174517,0.00877182744620308,0.453150377532009
"AENJPLPP_00163",0,NA,NA,NA,NA,NA
"AENJPLPP_00164",0,NA,NA,NA,NA,NA
"AENJPLPP_00165",0,NA,NA,NA,NA,NA
"AENJPLPP_00166",0,NA,NA,NA,NA,NA
"AENJPLPP_00167",0,NA,NA,NA,NA,NA
"AENJPLPP_00168",0,NA,NA,NA,NA,NA
"AENJPLPP_00169",1144.17673720992,-0.91390213839145,1.87449840626569,-0.487544900191243,0.625872231852007,0.999399299569476
"AENJPLPP_00170",0,NA,NA,NA,NA,NA
"AENJPLPP_00171",0,NA,NA,NA,NA,NA
"AENJPLPP_00172",0,NA,NA,NA,NA,NA
"AENJPLPP_00173",0,NA,NA,NA,NA,NA
"AENJPLPP_00174",0,NA,NA,NA,NA,NA
"AENJPLPP_00175",0,NA,NA,NA,NA,NA
"AENJPLPP_00176",7.17941469843796,6.51106040461534,3.70107090329965,1.75923687352503,0.0785372836649777,0.79959027291245
"AENJPLPP_00177",22.6934126948162,-0.850804298635804,2.64284307180578,-0.321927664836518,0.747507494430464,0.999399299569476
"AENJPLPP_00178",0,NA,NA,NA,NA,NA
"AENJPLPP_00179",0,NA,NA,NA,NA,NA
"AENJPLPP_00180",0,NA,NA,NA,NA,NA
"AENJPLPP_00181",0,NA,NA,NA,NA,NA
"AENJPLPP_00182",0,NA,NA,NA,NA,NA
"AENJPLPP_00183",4.51204723872806,5.83975536199833,3.83978053249119,1.5208565470302,0.128295840399512,0.79959027291245
"AENJPLPP_00184",19.9682962001491,-1.56621405129429,2.94846180737774,-0.531196994777161,0.59528227528176,0.999399299569476
"AENJPLPP_00185",4.68558751714068,5.89420688625174,3.82583084720293,1.54063447174122,0.123405773259117,0.79959027291245
"AENJPLPP_00186",0,NA,NA,NA,NA,NA
"AENJPLPP_00187",0,NA,NA,NA,NA,NA
"AENJPLPP_00188",0.511083395205287,-2.47058325975155,3.98425622913766,-0.620086439643034,0.535200879374839,0.999399299569476
"AENJPLPP_00189",0,NA,NA,NA,NA,NA
"AENJPLPP_00190",15.6582306766525,-0.396287042798302,2.69414930088677,-0.147091715617937,0.883059628733862,0.999399299569476
"AENJPLPP_00191",0,NA,NA,NA,NA,NA
"AENJPLPP_00192",0,NA,NA,NA,NA,NA
"AENJPLPP_00193",0,NA,NA,NA,NA,NA
"AENJPLPP_00194",55.2129002862841,3.2948926618051,2.21592839077636,1.48691296863196,0.137037798604875,0.812873543454821
"AENJPLPP_00195",1.29324381846227,-3.78820337183096,3.93834160860213,-0.961877802463039,0.336110990090007,0.999399299569476
"AENJPLPP_00196",0,NA,NA,NA,NA,NA
"AENJPLPP_00197",0,NA,NA,NA,NA,NA
"AENJPLPP_00198",0,NA,NA,NA,NA,NA
"AENJPLPP_00199",0.347080556825235,2.13795661017787,4.03683080484285,0.529612637619847,0.596380530421439,0.999399299569476
"AENJPLPP_00200",0,NA,NA,NA,NA,NA
"AENJPLPP_00201",0,NA,NA,NA,NA,NA
"AENJPLPP_00202",17.4030391899716,1.36007028619634,3.36922400088286,0.403674640166385,0.686451990487949,0.999399299569476
"AENJPLPP_00203",0,NA,NA,NA,NA,NA
"AENJPLPP_00204",0,NA,NA,NA,NA,NA
"AENJPLPP_00205",3.5812905742032,-5.24634619757344,3.91833901687382,-1.33892094966278,0.180596408780383,0.830150536733995
"AENJPLPP_00206",60.3389117424068,-1.53284295880181,1.93023917778218,-0.794120737183991,0.427125146316567,0.999399299569476
"AENJPLPP_00207",0,NA,NA,NA,NA,NA
"AENJPLPP_00208",0,NA,NA,NA,NA,NA
"AENJPLPP_00209",0.670941747051952,-1.47294279324407,3.98615645001319,-0.369514546585144,0.71174423257904,0.999399299569476
"AENJPLPP_00210",60.9415352029952,0.787380985108178,2.35325834883452,0.334591816278113,0.73793301910551,0.999399299569476
"AENJPLPP_00211",42.9228722285123,-0.0300429789220765,1.99694368395898,-0.0150444798035144,0.987996694638606,0.999399299569476
"AENJPLPP_00212",38.799304519324,-8.67543844126833,3.1916842945328,-2.71813802390448,0.00656504455875026,0.453150377532009
"AENJPLPP_00213",71.1056930617264,0.363617850884828,2.1387131998019,0.170017116328879,0.864996675737557,0.999399299569476
"AENJPLPP_00214",11.0636019222168,-3.02311909287049,2.97316740784244,-1.01680083163037,0.309248186435167,0.999399299569476
"AENJPLPP_00215",28.3118279122085,0.125095093133698,3.3952264676507,0.0368444032601622,NA,NA
"AENJPLPP_00216",0,NA,NA,NA,NA,NA
"AENJPLPP_00217",0,NA,NA,NA,NA,NA
"AENJPLPP_00218",0,NA,NA,NA,NA,NA
"AENJPLPP_00219",0,NA,NA,NA,NA,NA
"AENJPLPP_00220",11.6557086902634,-6.94391934027292,3.63128670735684,-1.91224761355384,NA,NA
"AENJPLPP_00221",0,NA,NA,NA,NA,NA
"AENJPLPP_00222",111.693924420607,-0.843007024363791,1.95363366429706,-0.431507216409026,0.666099606602669,0.999399299569476
"AENJPLPP_00223",83.6183595370502,-2.20309147084969,2.00674858208229,-1.09784129936381,0.272273794019194,0.997796443188681
"AENJPLPP_00224",0,NA,NA,NA,NA,NA
"AENJPLPP_00225",0,NA,NA,NA,NA,NA
"AENJPLPP_00226",0,NA,NA,NA,NA,NA
"AENJPLPP_00227",0,NA,NA,NA,NA,NA
"AENJPLPP_00228",0,NA,NA,NA,NA,NA
"AENJPLPP_00229",0,NA,NA,NA,NA,NA
"AENJPLPP_00230",0,NA,NA,NA,NA,NA
"AENJPLPP_00231",0,NA,NA,NA,NA,NA
"AENJPLPP_00232",0,NA,NA,NA,NA,NA
"AENJPLPP_00233",26.3154660635742,-1.48279640707793,2.99177070974141,-0.495625016399099,0.620158999478801,0.999399299569476
"AENJPLPP_00234",1.492204405918,-3.99236226679345,3.93421447881243,-1.01478002490565,0.310210697570267,0.999399299569476
"AENJPLPP_00235",43.3292525084721,-8.83563528985493,2.67093271874623,-3.30807108237548,0.000939409623598536,0.217608420095999
"AENJPLPP_00236",0,NA,NA,NA,NA,NA
"AENJPLPP_00237",12.2291135800994,-7.00875145650814,2.78438310055564,-2.51716491710839,0.0118303439970294,0.455211062494393
"AENJPLPP_00238",0.867701392063088,3.4607694268841,3.95928928206162,0.874088549822271,0.382070032598583,0.999399299569476
"AENJPLPP_00239",0,NA,NA,NA,NA,NA
"AENJPLPP_00240",5.20620835237853,6.0462199782831,3.79101158979091,1.59488301079464,0.110738399436915,0.79959027291245
"AENJPLPP_00241",0,NA,NA,NA,NA,NA
"AENJPLPP_00242",0,NA,NA,NA,NA,NA
"AENJPLPP_00243",0,NA,NA,NA,NA,NA
"AENJPLPP_00244",0,NA,NA,NA,NA,NA
"AENJPLPP_00245",0,NA,NA,NA,NA,NA
"AENJPLPP_00246",0,NA,NA,NA,NA,NA
"AENJPLPP_00247",0,NA,NA,NA,NA,NA
"AENJPLPP_00248",0,NA,NA,NA,NA,NA
"AENJPLPP_00249",0,NA,NA,NA,NA,NA
"AENJPLPP_00250",0,NA,NA,NA,NA,NA
"AENJPLPP_00251",0,NA,NA,NA,NA,NA
"AENJPLPP_00252",13.4674746166807,-1.34100214321713,3.36371797595711,-0.39866663995086,NA,NA
"AENJPLPP_00253",17.6247702846953,0.00827330428541069,2.99672902376438,0.00276077824181049,0.997797220463286,0.999399299569476
"AENJPLPP_00254",59.721578525215,0.908962014161697,2.29949636679539,0.395287432190396,0.692630773447982,0.999399299569476
"AENJPLPP_00255",29.3492503044161,-2.46229087954698,2.63654301813865,-0.933908858155219,0.350350909100956,0.999399299569476
"AENJPLPP_00256",0,NA,NA,NA,NA,NA
"AENJPLPP_00257",0,NA,NA,NA,NA,NA
"AENJPLPP_00258",5.49325745825859,2.07077992339391,2.75914771668308,0.7505143384941,0.45294499136106,0.999399299569476
"AENJPLPP_00259",28.8043133989754,0.195184757864306,2.62242368111114,0.0744291470787834,0.94066891710203,0.999399299569476
"AENJPLPP_00260",0,NA,NA,NA,NA,NA
"AENJPLPP_00261",0,NA,NA,NA,NA,NA
"AENJPLPP_00262",0,NA,NA,NA,NA,NA
"AENJPLPP_00263",0,NA,NA,NA,NA,NA
"AENJPLPP_00264",0,NA,NA,NA,NA,NA
"AENJPLPP_00265",0,NA,NA,NA,NA,NA
"AENJPLPP_00266",5.900369466029,6.2268030847511,3.75370862291144,1.65884028577623,0.0971479800782965,0.79959027291245
"AENJPLPP_00267",0,NA,NA,NA,NA,NA
"AENJPLPP_00268",0,NA,NA,NA,NA,NA
"AENJPLPP_00269",20.6594923692973,-0.568537073168626,2.97308134065897,-0.191228226888206,0.848346789806626,0.999399299569476
"AENJPLPP_00270",0.198960587455734,-1.34627142813778,4.04117414497344,-0.333138681937853,0.73902960147275,0.999399299569476
"AENJPLPP_00271",0,NA,NA,NA,NA,NA
"AENJPLPP_00272",32.2554263658811,-0.5468998414937,2.28445837055861,-0.239400222189196,0.810795257733112,0.999399299569476
"AENJPLPP_00273",143.398836393062,-0.00546396649008831,2.35767017901475,-0.00231752793020932,0.998150881900506,0.999399299569476
"AENJPLPP_00274",0,NA,NA,NA,NA,NA
"AENJPLPP_00275",0,NA,NA,NA,NA,NA
"AENJPLPP_00276",0,NA,NA,NA,NA,NA
"AENJPLPP_00277",0,NA,NA,NA,NA,NA
"AENJPLPP_00278",48.3645022969863,-2.05528223099714,2.66758737745507,-0.770464820896673,0.441024215152402,0.999399299569476
"AENJPLPP_00279",944.445805010234,0.0740644382266119,1.84710559935649,0.0400975657549925,0.968015342488735,0.999399299569476
"AENJPLPP_00280",0,NA,NA,NA,NA,NA
"AENJPLPP_00281",0,NA,NA,NA,NA,NA
"AENJPLPP_00282",0,NA,NA,NA,NA,NA
"AENJPLPP_00283",28.0512814975682,0.183409759207695,3.39636646289622,0.054001757823063,NA,NA
"AENJPLPP_00284",93.4723072012008,-0.53598430027642,1.89325611562111,-0.283101845468267,0.777098766962258,0.999399299569476
"AENJPLPP_00285",44.4081145007122,-0.353046225049638,1.91974255935044,-0.183902900589491,0.854089629279064,0.999399299569476
"AENJPLPP_00286",0,NA,NA,NA,NA,NA
"AENJPLPP_00287",20.0643687217182,-0.0367524686331784,3.3803042067645,-0.0108725328802157,NA,NA
"AENJPLPP_00288",27.0868545519956,-0.218197519239393,1.92742542695388,-0.113206724466758,0.909866664588824,0.999399299569476
"AENJPLPP_00289",0.173540278412618,1.22879329931982,4.0804728567969,0.301139927269213,0.763307795727942,0.999399299569476
"AENJPLPP_00290",1.492204405918,-3.99236226679345,3.93421447881243,-1.01478002490565,0.310210697570267,0.999399299569476
"AENJPLPP_00291",6.04287760835676,-4.99590650912033,3.480397342036,-1.43544142181127,0.151161349545747,0.825255292180703
"AENJPLPP_00292",0.173540278412618,1.22879329931982,4.0804728567969,0.301139927269213,0.763307795727942,0.999399299569476
"AENJPLPP_00293",0,NA,NA,NA,NA,NA
"AENJPLPP_00294",0,NA,NA,NA,NA,NA
"AENJPLPP_00295",104.414257214309,0.310695881080018,2.71696877311713,0.114353865290679,0.908957284177495,0.999399299569476
"AENJPLPP_00296",18.2629810760774,0.120397624221798,2.74001975810532,0.0439404219132532,0.964951894373691,0.999399299569476
"AENJPLPP_00297",98.3890902081276,2.50331077813878,2.64978329489643,0.944722831848266,0.344800397500034,0.999399299569476
"AENJPLPP_00298",0,NA,NA,NA,NA,NA
"AENJPLPP_00299",0,NA,NA,NA,NA,NA
"AENJPLPP_00300",0,NA,NA,NA,NA,NA
"AENJPLPP_00301",0,NA,NA,NA,NA,NA
"AENJPLPP_00302",0,NA,NA,NA,NA,NA
"AENJPLPP_00303",0,NA,NA,NA,NA,NA
"AENJPLPP_00304",37.2369504440318,22.2818599691521,3.58506534961614,6.21518934697742,NA,NA
"AENJPLPP_00305",0,NA,NA,NA,NA,NA
"AENJPLPP_00306",19.5521654267233,6.49059855648147,3.33207009522572,1.94791777213252,NA,NA
"AENJPLPP_00308",0,NA,NA,NA,NA,NA
"AENJPLPP_00309",0,NA,NA,NA,NA,NA
"AENJPLPP_00310",0,NA,NA,NA,NA,NA
"AENJPLPP_00311",8.71423718148693,0.563067974970941,3.40100924174566,0.165559084068214,0.868503949012438,0.999399299569476
"AENJPLPP_00312",0,NA,NA,NA,NA,NA
"AENJPLPP_00313",0,NA,NA,NA,NA,NA
"AENJPLPP_00314",0,NA,NA,NA,NA,NA
"AENJPLPP_00315",2.84204216322714,-3.87269305602627,3.74368073704824,-1.0344613571615,0.300920533099586,0.999399299569476
"AENJPLPP_00316",0,NA,NA,NA,NA,NA
"AENJPLPP_00317",0,NA,NA,NA,NA,NA
"AENJPLPP_00318",0,NA,NA,NA,NA,NA
"AENJPLPP_00319",0,NA,NA,NA,NA,NA
"AENJPLPP_00320",5.17297527384907,-5.77513745494872,3.79243077494507,-1.5228062943436,0.127807174765975,0.79959027291245
"AENJPLPP_00321",37.3588466307504,0.683852329235904,2.69400485384659,0.253842278071429,0.799617409736019,0.999399299569476
"AENJPLPP_00322",0,NA,NA,NA,NA,NA
"AENJPLPP_00323",0,NA,NA,NA,NA,NA
"AENJPLPP_00324",0,NA,NA,NA,NA,NA
"AENJPLPP_00325",0,NA,NA,NA,NA,NA
"AENJPLPP_00326",0,NA,NA,NA,NA,NA
"AENJPLPP_00327",0,NA,NA,NA,NA,NA
"AENJPLPP_00328",0,NA,NA,NA,NA,NA
"AENJPLPP_00329",0,NA,NA,NA,NA,NA
"AENJPLPP_00330",89.7266501707666,7.4229907574155,3.04948530696274,2.43417823344384,NA,NA
"AENJPLPP_00331",63.2143581081073,-0.771060377293317,1.95581060215155,-0.394240820887814,0.693403250377975,0.999399299569476
"AENJPLPP_00332",0,NA,NA,NA,NA,NA
"AENJPLPP_00333",4.51204723872806,5.83975536199833,3.83978053249119,1.5208565470302,0.128295840399512,0.79959027291245
"AENJPLPP_00334",0,NA,NA,NA,NA,NA
"AENJPLPP_00335",0,NA,NA,NA,NA,NA
"AENJPLPP_00336",421.678158799882,0.0854033932065987,1.88937920640585,0.0452018276252023,0.96394643750683,0.999399299569476
"AENJPLPP_00337",0,NA,NA,NA,NA,NA
"AENJPLPP_00338",0,NA,NA,NA,NA,NA
"AENJPLPP_00339",0,NA,NA,NA,NA,NA
"AENJPLPP_00340",0,NA,NA,NA,NA,NA
"AENJPLPP_00341",72.445266989764,0.39720649262669,2.65410412886137,0.149657463815142,0.881034869087078,0.999399299569476
"AENJPLPP_00342",51.5078065341127,-0.995711067981601,3.01345022101161,-0.330422271799579,0.741080915215114,0.999399299569476
"AENJPLPP_00343",0,NA,NA,NA,NA,NA
"AENJPLPP_00344",0,NA,NA,NA,NA,NA
"AENJPLPP_00345",0.18712035399011,1.22879329931982,4.0804728567969,0.301139927269213,0.763307795727942,0.999399299569476
"AENJPLPP_00346",5.67037674248841,-5.9072220933942,3.76441303216744,-1.5692279361792,0.116594836994294,0.79959027291245
"AENJPLPP_00347",0,NA,NA,NA,NA,NA
"AENJPLPP_00348",0,NA,NA,NA,NA,NA
"AENJPLPP_00349",0,NA,NA,NA,NA,NA
"AENJPLPP_00350",0,NA,NA,NA,NA,NA
"AENJPLPP_00351",0,NA,NA,NA,NA,NA
"AENJPLPP_00352",0,NA,NA,NA,NA,NA
"AENJPLPP_00353",0,NA,NA,NA,NA,NA
"AENJPLPP_00354",0,NA,NA,NA,NA,NA
"AENJPLPP_00355",0.520620835237853,2.72340529683195,3.99393356664367,0.681885477409327,0.495311369073051,0.999399299569476
"AENJPLPP_00356",0,NA,NA,NA,NA,NA
"AENJPLPP_00357",0,NA,NA,NA,NA,NA
"AENJPLPP_00358",16.4104332228566,-1.32067969868487,2.744727036694,-0.481169777915556,0.630395838499941,0.999399299569476
"AENJPLPP_00359",7.28869169332994,6.53167360215151,3.70184269378995,1.76443845469414,0.0776581886630725,0.79959027291245
"AENJPLPP_00360",0,NA,NA,NA,NA,NA
"AENJPLPP_00361",12.2028951390432,-5.09997071841741,2.93754651017981,-1.73613275593898,0.0825403637460354,0.79959027291245
"AENJPLPP_00362",0.867701392063088,3.4607694268841,3.95928928206162,0.874088549822271,0.382070032598583,0.999399299569476
"AENJPLPP_00363",52.2983940062925,-9.10666610479031,3.17077844207507,-2.87206005438544,0.00407805461539151,0.451134791827686
"AENJPLPP_00364",0,NA,NA,NA,NA,NA
"AENJPLPP_00365",0,NA,NA,NA,NA,NA
"AENJPLPP_00366",0,NA,NA,NA,NA,NA
"AENJPLPP_00367",0,NA,NA,NA,NA,NA
"AENJPLPP_00368",28.9775430058233,-1.2488211926398,3.37997520277893,-0.369476436280671,NA,NA
"AENJPLPP_00369",2.70698635480633,-0.313638280819533,3.72027383178377,-0.084305160050316,0.932813809883229,0.999399299569476
"AENJPLPP_00370",3.81788612507759,5.59872939835227,3.9083186427797,1.43251610476937,0.151996172458141,0.825255292180703
"AENJPLPP_00371",0,NA,NA,NA,NA,NA
"AENJPLPP_00372",1.59168469964587,-4.08452852558401,3.93253092767297,-1.03865134202542,0.298966918513957,0.999399299569476
"AENJPLPP_00373",0,NA,NA,NA,NA,NA
"AENJPLPP_00374",0,NA,NA,NA,NA,NA
"AENJPLPP_00375",0,NA,NA,NA,NA,NA
"AENJPLPP_00376",0,NA,NA,NA,NA,NA
"AENJPLPP_00377",10.1757700121428,-6.74945335659886,3.18408173592522,-2.11974877417449,0.0340272373680377,0.752852626767834
"AENJPLPP_00378",0,NA,NA,NA,NA,NA
"AENJPLPP_00379",0,NA,NA,NA,NA,NA
"AENJPLPP_00380",11.4707793266333,-6.91523539369207,3.21940025203504,-2.14798870979799,0.0317146523745422,0.74182652126676
"AENJPLPP_00381",0,NA,NA,NA,NA,NA
"AENJPLPP_00382",5.37974863079115,6.09352864326026,3.7807259313566,1.61173508841827,0.107019598721754,0.79959027291245
"AENJPLPP_00383",0,NA,NA,NA,NA,NA
"AENJPLPP_00384",118.089657502801,1.47091466933579,1.91337588670924,0.768753635682935,0.442039577613578,0.999399299569476
"AENJPLPP_00385",3.36976775509708,3.22153596309743,3.25537905425825,0.98960394762123,0.322367739732322,0.999399299569476
"AENJPLPP_00386",41.2660616260767,-0.828210405523075,2.62996732651021,-0.314912811720005,0.752827853820974,0.999399299569476
"AENJPLPP_00387",12.733477597167,-7.07191248110892,3.61716451915182,-1.95509837710317,NA,NA
"AENJPLPP_00388",41.103314871066,-0.887071275905968,2.62902227116854,-0.33741489588511,0.735804157086814,0.999399299569476
"AENJPLPP_00389",0,NA,NA,NA,NA,NA
"AENJPLPP_00390",8.5840827916106,6.76869819618924,3.66598046828463,1.84635413492981,0.0648408021623848,0.79959027291245
"AENJPLPP_00391",0,NA,NA,NA,NA,NA
"AENJPLPP_00392",0,NA,NA,NA,NA,NA
"AENJPLPP_00393",0,NA,NA,NA,NA,NA
"AENJPLPP_00394",5.77433724317267,0.0628349968585381,3.10857218815599,0.0202134591237568,0.983873091251504,0.999399299569476
"AENJPLPP_00395",56.3834458451624,1.1313597683227,2.71450376055273,0.416783275368286,NA,NA
"AENJPLPP_00396",0,NA,NA,NA,NA,NA
"AENJPLPP_00397",0,NA,NA,NA,NA,NA
"AENJPLPP_00398",2.76002791533715,-3.81853315650085,3.75815006299122,-1.01606723853426,0.309597368717282,0.999399299569476
"AENJPLPP_00399",12.8363797027028,7.34878887246851,3.17067019816731,2.31773991401446,0.020463460389767,0.5492815939949
"AENJPLPP_00400",7.30663789420417,-0.269514865535399,3.08380636117021,-0.0873968187266875,0.930356097992974,0.999399299569476
"AENJPLPP_00401",0,NA,NA,NA,NA,NA
"AENJPLPP_00402",7.21621335214932,6.51624099642726,3.30327735565943,1.97265936063865,0.048534385014194,0.79959027291245
"AENJPLPP_00403",0.893121701106204,1.5254100742242,3.93193412630639,0.387954127720128,0.698049980809257,0.999399299569476
"AENJPLPP_00404",0,NA,NA,NA,NA,NA
"AENJPLPP_00405",353.980385996884,0.414997510614861,1.92997078482608,0.215027871860899,0.82974558819092,0.999399299569476
"AENJPLPP_00406",0,NA,NA,NA,NA,NA
"AENJPLPP_00407",0,NA,NA,NA,NA,NA
"AENJPLPP_00408",0,NA,NA,NA,NA,NA
"AENJPLPP_00409",0,NA,NA,NA,NA,NA
"AENJPLPP_00410",0,NA,NA,NA,NA,NA
"AENJPLPP_00411",72.432103275766,2.46923411927707,3.07915340586348,0.80191981165181,NA,NA
"AENJPLPP_00412",3.81788612507759,5.59872939835227,3.9083186427797,1.43251610476937,0.151996172458141,0.825255292180703
"AENJPLPP_00413",136.644124425739,1.9481001362326,2.2527565278476,0.864762841501524,0.387168969996364,0.999399299569476
"AENJPLPP_00414",0,NA,NA,NA,NA,NA
"AENJPLPP_00415",3.998029230824,-0.143276219249919,3.55626256644089,-0.0402884254391007,0.967863181449709,0.999399299569476
"AENJPLPP_00416",0,NA,NA,NA,NA,NA
"AENJPLPP_00417",61.8065247727838,1.34524539417981,2.74646361973822,0.489810017693965,0.62426834127169,0.999399299569476
"AENJPLPP_00418",0,NA,NA,NA,NA,NA
"AENJPLPP_00419",0,NA,NA,NA,NA,NA
"AENJPLPP_00420",0,NA,NA,NA,NA,NA
"AENJPLPP_00421",329.961093084753,-0.360693633564902,1.92548642293321,-0.187325981252798,0.851405053443312,0.999399299569476
"AENJPLPP_00422",0,NA,NA,NA,NA,NA
"AENJPLPP_00423",0.895322643550801,-3.26509226975565,3.95192950708659,-0.826202052415332,0.40868948418233,0.999399299569476
"AENJPLPP_00424",0,NA,NA,NA,NA,NA
"AENJPLPP_00425",0,NA,NA,NA,NA,NA
"AENJPLPP_00426",0,NA,NA,NA,NA,NA
"AENJPLPP_00427",2.28804675574094,-4.60370625893458,3.92479280954197,-1.17298071066122,0.240803541099884,0.918582473592229
"AENJPLPP_00428",0,NA,NA,NA,NA,NA
"AENJPLPP_00429",0,NA,NA,NA,NA,NA
"AENJPLPP_00430",0.694161113650471,3.1386912998077,3.97231547482937,0.790141497999355,0.429445137044825,0.999399299569476
"AENJPLPP_00431",0,NA,NA,NA,NA,NA
"AENJPLPP_00432",0,NA,NA,NA,NA,NA
"AENJPLPP_00433",0,NA,NA,NA,NA,NA
"AENJPLPP_00434",0,NA,NA,NA,NA,NA
"AENJPLPP_00435",0,NA,NA,NA,NA,NA
"AENJPLPP_00436",0,NA,NA,NA,NA,NA
"AENJPLPP_00437",0,NA,NA,NA,NA,NA
"AENJPLPP_00438",0,NA,NA,NA,NA,NA
"AENJPLPP_00439",0,NA,NA,NA,NA,NA
"AENJPLPP_00440",0,NA,NA,NA,NA,NA
"AENJPLPP_00441",0,NA,NA,NA,NA,NA
"AENJPLPP_00442",0,NA,NA,NA,NA,NA
"AENJPLPP_00443",0.312148465149476,2.0054524115314,4.0491146001973,0.495281712064577,0.620401278235885,0.999399299569476
"AENJPLPP_00444",0,NA,NA,NA,NA,NA
"AENJPLPP_00445",0,NA,NA,NA,NA,NA
"AENJPLPP_00446",0,NA,NA,NA,NA,NA
"AENJPLPP_00447",8.37400430174264,-6.46754181859287,3.67896924533126,-1.75797659271015,NA,NA
"AENJPLPP_00448",0,NA,NA,NA,NA,NA
"AENJPLPP_00449",54.229762393835,2.44887839674756,2.7767735851362,0.881915043364057,0.377822751352798,0.999399299569476
"AENJPLPP_00450",0,NA,NA,NA,NA,NA
"AENJPLPP_00451",0.520620835237853,2.72340529683195,3.99393356664367,0.681885477409327,0.495311369073051,0.999399299569476
"AENJPLPP_00452",0,NA,NA,NA,NA,NA
"AENJPLPP_00453",0,NA,NA,NA,NA,NA
"AENJPLPP_00454",0,NA,NA,NA,NA,NA
"AENJPLPP_00455",5.27245556757694,-5.80254021499942,3.7863791792494,-1.53247731943997,0.125404690263144,0.79959027291245
"AENJPLPP_00456",10.291619469456,7.02876741646148,3.64490183625106,1.92838318622344,0.0538074816208484,0.79959027291245
"AENJPLPP_00457",1.492204405918,-3.99236226679345,3.93421447881243,-1.01478002490565,0.310210697570267,0.999399299569476
"AENJPLPP_00458",0,NA,NA,NA,NA,NA
"AENJPLPP_00459",0,NA,NA,NA,NA,NA
"AENJPLPP_00460",14.910048346665,1.81523516347871,3.35294274675608,0.541385672402228,0.588241780594795,0.999399299569476
"AENJPLPP_00461",14.9534029093283,6.56809624717523,2.99588942771976,2.19236937999222,0.028352845742342,0.71692195662779
"AENJPLPP_00462",0,NA,NA,NA,NA,NA
"AENJPLPP_00463",0,NA,NA,NA,NA,NA
"AENJPLPP_00464",0,NA,NA,NA,NA,NA
"AENJPLPP_00465",0,NA,NA,NA,NA,NA
"AENJPLPP_00466",0,NA,NA,NA,NA,NA
"AENJPLPP_00467",0,NA,NA,NA,NA,NA
"AENJPLPP_00468",0,NA,NA,NA,NA,NA
"AENJPLPP_00469",0,NA,NA,NA,NA,NA
"AENJPLPP_00470",0,NA,NA,NA,NA,NA
"AENJPLPP_00471",0,NA,NA,NA,NA,NA
"AENJPLPP_00472",0,NA,NA,NA,NA,NA
"AENJPLPP_00473",0,NA,NA,NA,NA,NA
"AENJPLPP_00474",0,NA,NA,NA,NA,NA
"AENJPLPP_00475",0,NA,NA,NA,NA,NA
"AENJPLPP_00476",0,NA,NA,NA,NA,NA
"AENJPLPP_00477",0,NA,NA,NA,NA,NA
"AENJPLPP_00478",0,NA,NA,NA,NA,NA
"AENJPLPP_00479",3.48181028047534,-5.20589477905217,3.91866674372306,-1.32848622235892,0.184017532123759,0.839461422317147
"AENJPLPP_00480",0,NA,NA,NA,NA,NA
"AENJPLPP_00481",7.23982059553709,-6.25937435979342,3.24967627455373,-1.92615320141481,0.0540852473108218,0.79959027291245
"AENJPLPP_00482",0,NA,NA,NA,NA,NA
"AENJPLPP_00483",3.25302749908729,-0.13029102815059,3.63463740404481,-0.0358470498338006,0.971404316812886,0.999399299569476
"AENJPLPP_00484",0,NA,NA,NA,NA,NA
"AENJPLPP_00485",9.18978256889464,-0.961293026471595,3.38476058682005,-0.284006210133379,0.776405621525697,0.999399299569476
"AENJPLPP_00486",0,NA,NA,NA,NA,NA
"AENJPLPP_00487",0,NA,NA,NA,NA,NA
"AENJPLPP_00488",3.2828496930196,-5.12142047684801,3.91938122929186,-1.30669107627821,0.19131765060848,0.85083477783168
"AENJPLPP_00489",8.60032874233028,-6.50595564059601,3.67425538580031,-1.77068683514467,NA,NA
"AENJPLPP_00490",0,NA,NA,NA,NA,NA
"AENJPLPP_00491",2.58648763692454,-4.77940493487997,3.92273734974713,-1.21838515015237,0.223077645526065,0.901478156577935
"AENJPLPP_00492",0,NA,NA,NA,NA,NA
"AENJPLPP_00493",0,NA,NA,NA,NA,NA
"AENJPLPP_00494",8.98959921968968,0.486977696079347,3.03579005721561,0.160412178346087,0.872556396912747,0.999399299569476
"AENJPLPP_00495",0,NA,NA,NA,NA,NA
"AENJPLPP_00496",0,NA,NA,NA,NA,NA
"AENJPLPP_00497",0,NA,NA,NA,NA,NA
"AENJPLPP_00498",0,NA,NA,NA,NA,NA
"AENJPLPP_00499",0,NA,NA,NA,NA,NA
"AENJPLPP_00500",0,NA,NA,NA,NA,NA
"AENJPLPP_00501",0,NA,NA,NA,NA,NA
"AENJPLPP_00502",7.01605765821681,-6.21271407053819,3.71471070279508,-1.67246242509909,0.0944331713308012,0.79959027291245
"AENJPLPP_00503",1.42906245403342,4.17924596127796,3.93877088241895,1.06105333009655,0.288665665618227,0.999399299569476
"AENJPLPP_00504",0,NA,NA,NA,NA,NA
"AENJPLPP_00505",0,NA,NA,NA,NA,NA
"AENJPLPP_00506",0,NA,NA,NA,NA,NA
"AENJPLPP_00507",0,NA,NA,NA,NA,NA
"AENJPLPP_00508",0,NA,NA,NA,NA,NA
"AENJPLPP_00509",0,NA,NA,NA,NA,NA
"AENJPLPP_00510",2.18503925604633,4.79689339431374,3.92765317667627,1.22131287528118,0.221967580351239,0.901478156577935
"AENJPLPP_00511",0,NA,NA,NA,NA,NA
"AENJPLPP_00512",0,NA,NA,NA,NA,NA
"AENJPLPP_00513",0,NA,NA,NA,NA,NA
"AENJPLPP_00514",0,NA,NA,NA,NA,NA
"AENJPLPP_00515",4.02785142475631,-3.41625445799953,3.57574235675403,-0.955397262206755,0.33937683800119,0.999399299569476
"AENJPLPP_00516",0,NA,NA,NA,NA,NA
"AENJPLPP_00517",0,NA,NA,NA,NA,NA
"AENJPLPP_00518",0,NA,NA,NA,NA,NA
"AENJPLPP_00519",0,NA,NA,NA,NA,NA
"AENJPLPP_00520",0,NA,NA,NA,NA,NA
"AENJPLPP_00521",2.43484114020022,-4.69184425234474,3.70938205937779,-1.26485872235327,0.205921976519536,0.881153535056939
"AENJPLPP_00522",0,NA,NA,NA,NA,NA
"AENJPLPP_00523",0,NA,NA,NA,NA,NA
"AENJPLPP_00524",0,NA,NA,NA,NA,NA
"AENJPLPP_00525",0,NA,NA,NA,NA,NA
"AENJPLPP_00527",0,NA,NA,NA,NA,NA
"AENJPLPP_00528",0,NA,NA,NA,NA,NA
"AENJPLPP_00529",19.9775017695665,21.4166018912519,3.58423278523449,5.97522626863945,NA,NA
"AENJPLPP_00530",0,NA,NA,NA,NA,NA
"AENJPLPP_00531",0,NA,NA,NA,NA,NA
"AENJPLPP_00532",0,NA,NA,NA,NA,NA
"AENJPLPP_00533",0,NA,NA,NA,NA,NA
"AENJPLPP_00534",0,NA,NA,NA,NA,NA
"AENJPLPP_00535",0,NA,NA,NA,NA,NA
"AENJPLPP_00537",0,NA,NA,NA,NA,NA
"AENJPLPP_00538",0,NA,NA,NA,NA,NA
"AENJPLPP_00539",18.7062431092595,0.554232938415027,3.03473145372345,0.182629977929353,0.855088360936036,0.999399299569476
"AENJPLPP_00540",0,NA,NA,NA,NA,NA
"AENJPLPP_00541",0,NA,NA,NA,NA,NA
"AENJPLPP_00542",0,NA,NA,NA,NA,NA
"AENJPLPP_00543",0,NA,NA,NA,NA,NA
"AENJPLPP_00544",0,NA,NA,NA,NA,NA
"AENJPLPP_00545",0,NA,NA,NA,NA,NA
"AENJPLPP_00546",0,NA,NA,NA,NA,NA
"AENJPLPP_00547",1.69116499337374,-4.17114934031692,3.93104214213402,-1.061079782282,0.288653645084765,0.999399299569476
"AENJPLPP_00548",0,NA,NA,NA,NA,NA
"AENJPLPP_00549",0,NA,NA,NA,NA,NA
"AENJPLPP_00550",0,NA,NA,NA,NA,NA
"AENJPLPP_00551",0,NA,NA,NA,NA,NA
"AENJPLPP_00552",0,NA,NA,NA,NA,NA
"AENJPLPP_00553",0,NA,NA,NA,NA,NA
"AENJPLPP_00554",16.075645955198,21.114709491642,3.59495128342789,5.87343410993557,NA,NA
"AENJPLPP_00555",6.94161113650471,6.46128085108399,3.71267402556523,1.740330771458,0.0818009538009023,0.79959027291245
"AENJPLPP_00556",0,NA,NA,NA,NA,NA
"AENJPLPP_00557",0,NA,NA,NA,NA,NA
"AENJPLPP_00558",0,NA,NA,NA,NA,NA
"AENJPLPP_00559",30.6817366461884,8.60512686444909,3.15317215131886,2.72903807705198,0.00635193691059004,0.453150377532009
"AENJPLPP_00560",0,NA,NA,NA,NA,NA
"AENJPLPP_00561",1.98217791876162,-3.26818293672155,3.93008010303563,-0.831581761958789,0.405645060070017,0.999399299569476
"AENJPLPP_00562",0,NA,NA,NA,NA,NA
"AENJPLPP_00563",0,NA,NA,NA,NA,NA
"AENJPLPP_00564",0,NA,NA,NA,NA,NA
"AENJPLPP_00565",0,NA,NA,NA,NA,NA
"AENJPLPP_00566",0,NA,NA,NA,NA,NA
"AENJPLPP_00567",0,NA,NA,NA,NA,NA
"AENJPLPP_00568",0,NA,NA,NA,NA,NA
"AENJPLPP_00569",0,NA,NA,NA,NA,NA
"AENJPLPP_00570",0,NA,NA,NA,NA,NA
"AENJPLPP_00571",0,NA,NA,NA,NA,NA
"AENJPLPP_00572",0,NA,NA,NA,NA,NA
"AENJPLPP_00573",0,NA,NA,NA,NA,NA
"AENJPLPP_00574",54.5825453678359,-0.425546657242669,1.90424866365869,-0.223472209992288,0.823168009470437,0.999399299569476
"AENJPLPP_00575",36.0518573332715,-2.16795747684287,2.61262935937055,-0.829799094566245,0.406652382841602,0.999399299569476
"AENJPLPP_00576",0,NA,NA,NA,NA,NA
"AENJPLPP_00577",0,NA,NA,NA,NA,NA
"AENJPLPP_00578",0,NA,NA,NA,NA,NA
"AENJPLPP_00579",0,NA,NA,NA,NA,NA
"AENJPLPP_00580",0,NA,NA,NA,NA,NA
"AENJPLPP_00581",35.7009951992237,-0.875818712710465,2.30171807391433,-0.380506510608851,0.703569464594447,0.999399299569476
"AENJPLPP_00582",0,NA,NA,NA,NA,NA
"AENJPLPP_00583",0,NA,NA,NA,NA,NA
"AENJPLPP_00584",0,NA,NA,NA,NA,NA
"AENJPLPP_00585",0,NA,NA,NA,NA,NA
"AENJPLPP_00586",0.690293889940904,-1.4029066623672,3.99000074300526,-0.351605614316386,0.725134054135693,0.999399299569476
"AENJPLPP_00587",0,NA,NA,NA,NA,NA
"AENJPLPP_00588",0,NA,NA,NA,NA,NA
"AENJPLPP_00589",0.0994802937278668,-0.686156850506019,4.07924677847551,-0.168206751826485,0.866420629438556,0.999399299569476
"AENJPLPP_00590",0,NA,NA,NA,NA,NA
"AENJPLPP_00591",37.9631451018132,-0.298642381658299,2.40798047944658,-0.124021928004556,0.901297913064441,0.999399299569476
"AENJPLPP_00592",0,NA,NA,NA,NA,NA
"AENJPLPP_00593",0,NA,NA,NA,NA,NA
"AENJPLPP_00594",49.1090072699127,2.44973265668806,3.14407113997808,0.77915942344267,NA,NA
"AENJPLPP_00595",0,NA,NA,NA,NA,NA
"AENJPLPP_00596",0,NA,NA,NA,NA,NA
"AENJPLPP_00597",0,NA,NA,NA,NA,NA
"AENJPLPP_00598",0,NA,NA,NA,NA,NA
"AENJPLPP_00599",0,NA,NA,NA,NA,NA
"AENJPLPP_00600",0,NA,NA,NA,NA,NA
"AENJPLPP_00601",20.8081522804123,1.07979932812851,3.03663856394474,0.355590336284803,0.722147381775299,0.999399299569476
"AENJPLPP_00602",0,NA,NA,NA,NA,NA
"AENJPLPP_00603",0,NA,NA,NA,NA,NA
"AENJPLPP_00604",0,NA,NA,NA,NA,NA
"AENJPLPP_00605",88.7432225880831,0.00206971130024576,1.91581319999712,0.00108033043109259,0.999138021196137,0.999399299569476
"AENJPLPP_00606",0,NA,NA,NA,NA,NA
"AENJPLPP_00607",23.9593919272448,-0.676871894196816,2.29812083000148,-0.294532770148722,0.768350826364495,0.999399299569476
"AENJPLPP_00608",0,NA,NA,NA,NA,NA
"AENJPLPP_00609",0,NA,NA,NA,NA,NA
"AENJPLPP_00610",0,NA,NA,NA,NA,NA
"AENJPLPP_00611",0,NA,NA,NA,NA,NA
"AENJPLPP_00612",0,NA,NA,NA,NA,NA
"AENJPLPP_00613",0,NA,NA,NA,NA,NA
"AENJPLPP_00614",23.2909147037639,1.18851356595986,2.68451456146877,0.442729416714206,0.657961462329524,0.999399299569476
"AENJPLPP_00615",0,NA,NA,NA,NA,NA
"AENJPLPP_00616",32.3893926072294,-1.81634565712547,2.37561271869734,-0.764579867261132,0.444521761371406,0.999399299569476
"AENJPLPP_00617",88.0512111736749,1.20767502177866,2.40128453840538,0.502928746037172,0.615014369728492,0.999399299569476
"AENJPLPP_00618",0,NA,NA,NA,NA,NA
"AENJPLPP_00620",233.51085770321,0.299425409653706,2.30719053133282,0.129779229581327,0.896741096313928,0.999399299569476
"AENJPLPP_00621",13.7322322602769,0.393298068221986,2.98884099078111,0.13158882303712,0.895309526569104,0.999399299569476
"AENJPLPP_00622",0,NA,NA,NA,NA,NA
"AENJPLPP_00623",0,NA,NA,NA,NA,NA
"AENJPLPP_00624",0,NA,NA,NA,NA,NA
"AENJPLPP_00625",64.8020520432994,0.32228893758892,2.29763796151357,0.140269678246703,0.888446920691363,0.999399299569476
"AENJPLPP_00626",0,NA,NA,NA,NA,NA
"AENJPLPP_00627",0,NA,NA,NA,NA,NA
"AENJPLPP_00628",0,NA,NA,NA,NA,NA
"AENJPLPP_00629",0,NA,NA,NA,NA,NA
"AENJPLPP_00630",7.28869169332994,6.53167360215151,3.70184269378995,1.76443845469414,0.0776581886630725,0.79959027291245
"AENJPLPP_00631",0.11316222029382,-0.710228645321143,4.07832283361702,-0.174147235100378,0.861749752068016,0.999399299569476
"AENJPLPP_00632",341.289277292721,-0.118500604129454,1.90258713181633,-0.0622839302063007,0.950336725466714,0.999399299569476
"AENJPLPP_00633",0,NA,NA,NA,NA,NA
"AENJPLPP_00634",0,NA,NA,NA,NA,NA
"AENJPLPP_00635",0,NA,NA,NA,NA,NA
"AENJPLPP_00636",0,NA,NA,NA,NA,NA
"AENJPLPP_00637",0,NA,NA,NA,NA,NA
"AENJPLPP_00638",0,NA,NA,NA,NA,NA
"AENJPLPP_00639",19.0410563741181,21.3448306360495,3.58612925301248,5.95205279288779,NA,NA
"AENJPLPP_00640",0,NA,NA,NA,NA,NA
"AENJPLPP_00641",2.55886638543682,-0.977810977940071,3.75192758114476,-0.260615632043124,0.794388933548817,0.999399299569476
"AENJPLPP_00642",0.374240707980219,2.23289653536123,4.0286766311184,0.554250623669778,0.57940733708414,0.999399299569476
"AENJPLPP_00643",10.144825117358,7.00957396485026,3.63994389134932,1.92573681740238,0.0541372442325123,0.79959027291245
"AENJPLPP_00644",0,NA,NA,NA,NA,NA
"AENJPLPP_00645",75.9897857609128,5.27700905653104,3.34588464622797,1.57716407302928,NA,NA
"AENJPLPP_00646",1.66134279944143,3.35586930438508,3.93475517846739,0.852878807492215,0.393726515147433,0.999399299569476
"AENJPLPP_00647",56.2073193953221,4.67028012664344,2.51130737472728,1.85970071750003,0.0629278804720316,0.79959027291245
"AENJPLPP_00648",14.4250170114506,-1.29783438640579,3.09281390142097,-0.419628994104531,NA,NA
"AENJPLPP_00649",0,NA,NA,NA,NA,NA
"AENJPLPP_00650",0,NA,NA,NA,NA,NA
"AENJPLPP_00651",0,NA,NA,NA,NA,NA
"AENJPLPP_00652",0,NA,NA,NA,NA,NA
"AENJPLPP_00653",0,NA,NA,NA,NA,NA
"AENJPLPP_00654",0,NA,NA,NA,NA,NA
"AENJPLPP_00655",0,NA,NA,NA,NA,NA
"AENJPLPP_00656",0,NA,NA,NA,NA,NA
"AENJPLPP_00657",31.0600115636206,0.118295183455,2.44768519098494,0.0483294109433241,0.961453715390917,0.999399299569476
"AENJPLPP_00658",4.04485510659961,1.61098499132533,2.59284647096451,0.62131908285571,0.534389700374302,0.999399299569476
"AENJPLPP_00659",0,NA,NA,NA,NA,NA
"AENJPLPP_00660",0,NA,NA,NA,NA,NA
"AENJPLPP_00661",3.68077086793107,-5.28569395327656,3.91802885759827,-1.34906968411577,0.177314584617392,0.830150536733995
"AENJPLPP_00662",0,NA,NA,NA,NA,NA
"AENJPLPP_00663",0,NA,NA,NA,NA,NA
"AENJPLPP_00664",0,NA,NA,NA,NA,NA
"AENJPLPP_00665",0,NA,NA,NA,NA,NA
"AENJPLPP_00666",196.840389455914,0.369638814741714,1.953072943033,0.189260117529296,0.849888951971517,0.999399299569476
"AENJPLPP_00667",221.818232594356,-0.0566842123980482,1.96616586437549,-0.0288298222571638,0.977000316038828,0.999399299569476
"AENJPLPP_00668",0,NA,NA,NA,NA,NA
"AENJPLPP_00669",0,NA,NA,NA,NA,NA
"AENJPLPP_00670",8.30031742648931,-1.27780069944676,3.11365198602246,-0.410386486731,0.681522457521736,0.999399299569476
"AENJPLPP_00671",0,NA,NA,NA,NA,NA
"AENJPLPP_00672",1.55026083458486,-4.00362016067082,3.93400313133795,-1.01769623129639,0.308822338835947,0.999399299569476
"AENJPLPP_00673",0,NA,NA,NA,NA,NA
"AENJPLPP_00674",32.5623494966804,-2.04616556418809,2.59610506107887,-0.788167472443412,0.430598752716569,0.999399299569476
"AENJPLPP_00675",11.8437667806579,0.068788584856242,3.3783498715414,0.0203615929290523,0.983754921896227,0.999399299569476
"AENJPLPP_00676",0,NA,NA,NA,NA,NA
"AENJPLPP_00677",0,NA,NA,NA,NA,NA
"AENJPLPP_00678",0,NA,NA,NA,NA,NA
"AENJPLPP_00679",43.8050313718554,2.08768412077109,2.63645985826367,0.791851282782664,0.42844739602764,0.999399299569476
"AENJPLPP_00680",0,NA,NA,NA,NA,NA
"AENJPLPP_00681",0,NA,NA,NA,NA,NA
"AENJPLPP_00682",0,NA,NA,NA,NA,NA
"AENJPLPP_00683",0,NA,NA,NA,NA,NA
"AENJPLPP_00684",3.79473132781484,-4.2998327048625,3.62226974210393,-1.18705480568794,0.235206003387171,0.90503179564194
"AENJPLPP_00685",0,NA,NA,NA,NA,NA
"AENJPLPP_00686",12.2215197917325,-7.01222257563904,3.62618058690959,-1.93377643710105,NA,NA
"AENJPLPP_00687",0,NA,NA,NA,NA,NA
"AENJPLPP_00688",5.79180179339846,-1.24973874761302,3.06193549337741,-0.408153192748852,0.683161209873396,0.999399299569476
"AENJPLPP_00689",0,NA,NA,NA,NA,NA
"AENJPLPP_00690",0,NA,NA,NA,NA,NA
"AENJPLPP_00691",0,NA,NA,NA,NA,NA
"AENJPLPP_00692",91.6587491716206,1.18582320410351,2.2637071490935,0.523841259492588,0.600388953436607,0.999399299569476
"AENJPLPP_00693",222.807794633819,-0.17928593208112,1.86157997768858,-0.0963084767938521,0.923275578876739,0.999399299569476
"AENJPLPP_00694",0,NA,NA,NA,NA,NA
"AENJPLPP_00695",0,NA,NA,NA,NA,NA
"AENJPLPP_00696",0,NA,NA,NA,NA,NA
"AENJPLPP_00697",0,NA,NA,NA,NA,NA
"AENJPLPP_00698",0,NA,NA,NA,NA,NA
"AENJPLPP_00699",27.3809553140518,0.0224551408455306,2.64674952857654,0.00848404452445762,0.993230793067672,0.999399299569476
"AENJPLPP_00700",0,NA,NA,NA,NA,NA
"AENJPLPP_00701",6.39904353556426,6.3451642855293,3.72818606654129,1.70194410157641,0.088765847446902,0.79959027291245
"AENJPLPP_00702",40.3686792461814,1.63437415978136,2.46612147730061,0.662730597346862,0.507503109858837,0.999399299569476
"AENJPLPP_00703",19.9355580013726,2.13249055882651,2.93970214023678,0.725410418163913,0.4682002836058,0.999399299569476
"AENJPLPP_00704",0,NA,NA,NA,NA,NA
"AENJPLPP_00705",0,NA,NA,NA,NA,NA
"AENJPLPP_00706",0,NA,NA,NA,NA,NA
"AENJPLPP_00707",0,NA,NA,NA,NA,NA
"AENJPLPP_00708",1.21478194888832,3.94636804691817,3.94435068548828,1.00051145590003,0.31706305644996,0.999399299569476
"AENJPLPP_00709",0,NA,NA,NA,NA,NA
"AENJPLPP_00710",0,NA,NA,NA,NA,NA
"AENJPLPP_00711",14.1656133247901,-1.26057475883075,2.99330197921593,-0.421131836207502,0.673658815332374,0.999399299569476
"AENJPLPP_00712",0,NA,NA,NA,NA,NA
"AENJPLPP_00713",0,NA,NA,NA,NA,NA
"AENJPLPP_00714",0,NA,NA,NA,NA,NA
"AENJPLPP_00715",0,NA,NA,NA,NA,NA
"AENJPLPP_00716",0,NA,NA,NA,NA,NA
"AENJPLPP_00717",0,NA,NA,NA,NA,NA
"AENJPLPP_00718",3.97921174911467,-5.39777465558833,3.89003907706218,-1.38758880017853,0.165262293803977,0.830150536733995
"AENJPLPP_00719",0,NA,NA,NA,NA,NA
"AENJPLPP_00720",0,NA,NA,NA,NA,NA
"AENJPLPP_00721",0,NA,NA,NA,NA,NA
"AENJPLPP_00722",9.39246428438702,-6.63287618196811,3.6598336759265,-1.81234361156835,NA,NA
"AENJPLPP_00723",0,NA,NA,NA,NA,NA
"AENJPLPP_00724",0,NA,NA,NA,NA,NA
"AENJPLPP_00725",0,NA,NA,NA,NA,NA
"AENJPLPP_00726",158.475513259897,-0.213936625561165,2.32275904574784,-0.092104527997774,0.926614990925179,0.999399299569476
"AENJPLPP_00727",0.520620835237853,2.72340529683195,3.99393356664367,0.681885477409327,0.495311369073051,0.999399299569476
"AENJPLPP_00728",0,NA,NA,NA,NA,NA
"AENJPLPP_00729",0,NA,NA,NA,NA,NA
"AENJPLPP_00730",0,NA,NA,NA,NA,NA
"AENJPLPP_00731",1.21478194888832,3.94636804691817,3.94435068548828,1.00051145590003,0.31706305644996,0.999399299569476
"AENJPLPP_00732",0,NA,NA,NA,NA,NA
"AENJPLPP_00733",72.1605920441219,-2.45355638027884,2.24601662914515,-1.09240347931559,0.274655794381911,0.997796443188681
"AENJPLPP_00734",0,NA,NA,NA,NA,NA
"AENJPLPP_00735",0,NA,NA,NA,NA,NA
"AENJPLPP_00736",0,NA,NA,NA,NA,NA
"AENJPLPP_00737",0,NA,NA,NA,NA,NA
"AENJPLPP_00738",10.0255305887854,4.35393904563534,2.64388177190155,1.64679793624201,0.0995995857095422,0.79959027291245
"AENJPLPP_00739",1.0879680768419,1.05812020728844,3.90071213029037,0.271263341652867,0.786188498881073,0.999399299569476
"AENJPLPP_00740",25.6850943790138,8.34924208096431,3.14462897378665,2.65508018610871,0.00792895583001382,0.453150377532009
"AENJPLPP_00741",5.76985703621627,-5.93224564337547,3.75942452543498,-1.57796641566812,0.114573325469549,0.79959027291245
"AENJPLPP_00742",0,NA,NA,NA,NA,NA
"AENJPLPP_00743",0,NA,NA,NA,NA,NA
"AENJPLPP_00744",4.64841506553256,5.88432638532701,3.39839805349872,1.73150004581393,0.0833626167195443,0.79959027291245
"AENJPLPP_00745",0,NA,NA,NA,NA,NA
"AENJPLPP_00746",18.7290558148289,-0.882279046914738,2.67449147971916,-0.329886654567837,0.741485607682148,0.999399299569476
"AENJPLPP_00747",1051.65009634463,-1.51994162574602,1.99539494736937,-0.761724704049106,0.446224327854441,0.999399299569476
"AENJPLPP_00748",0,NA,NA,NA,NA,NA
"AENJPLPP_00749",41.3869811373872,-4.00217502607796,2.53203366393844,-1.5806168310783,0.1139656750589,0.79959027291245
"AENJPLPP_00750",0,NA,NA,NA,NA,NA
"AENJPLPP_00751",0,NA,NA,NA,NA,NA
"AENJPLPP_00752",0,NA,NA,NA,NA,NA
"AENJPLPP_00753",0,NA,NA,NA,NA,NA
"AENJPLPP_00754",0,NA,NA,NA,NA,NA
"AENJPLPP_00755",0,NA,NA,NA,NA,NA
"AENJPLPP_00756",0,NA,NA,NA,NA,NA
"AENJPLPP_00757",0,NA,NA,NA,NA,NA
"AENJPLPP_00758",0,NA,NA,NA,NA,NA
"AENJPLPP_00759",0,NA,NA,NA,NA,NA
"AENJPLPP_00760",0,NA,NA,NA,NA,NA
"AENJPLPP_00761",0,NA,NA,NA,NA,NA
"AENJPLPP_00762",108.190009616788,-0.792576815296524,2.72841677946808,-0.290489642660475,0.771441673307128,0.999399299569476
"AENJPLPP_00763",0,NA,NA,NA,NA,NA
"AENJPLPP_00764",0,NA,NA,NA,NA,NA
"AENJPLPP_00765",17.0736367899394,-3.14494037717632,2.5345560214082,-1.24082496129993,0.214670417998936,0.891940469150511
"AENJPLPP_00766",0,NA,NA,NA,NA,NA
"AENJPLPP_00767",0,NA,NA,NA,NA,NA
"AENJPLPP_00768",0,NA,NA,NA,NA,NA
"AENJPLPP_00769",0,NA,NA,NA,NA,NA
"AENJPLPP_00770",0,NA,NA,NA,NA,NA
"AENJPLPP_00771",0,NA,NA,NA,NA,NA
"AENJPLPP_00772",0,NA,NA,NA,NA,NA
"AENJPLPP_00773",0,NA,NA,NA,NA,NA
"AENJPLPP_00774",188.281995637779,0.719814643793291,2.37344677155957,0.303278191202202,0.761677864911474,0.999399299569476
"AENJPLPP_00775",0,NA,NA,NA,NA,NA
"AENJPLPP_00776",0,NA,NA,NA,NA,NA
"AENJPLPP_00777",0,NA,NA,NA,NA,NA
"AENJPLPP_00778",0,NA,NA,NA,NA,NA
"AENJPLPP_00779",0,NA,NA,NA,NA,NA
"AENJPLPP_00796",0,NA,NA,NA,NA,NA
"AENJPLPP_00797",0,NA,NA,NA,NA,NA
"AENJPLPP_00798",8.23329557556482,6.70668033715291,3.68039377153091,1.82227249405522,0.0684136495922584,0.79959027291245
"AENJPLPP_00799",0,NA,NA,NA,NA,NA
"AENJPLPP_00800",0,NA,NA,NA,NA,NA
"AENJPLPP_00801",0,NA,NA,NA,NA,NA
"AENJPLPP_00802",0,NA,NA,NA,NA,NA
"AENJPLPP_00803",0,NA,NA,NA,NA,NA
"AENJPLPP_00804",0,NA,NA,NA,NA,NA
"AENJPLPP_00805",0,NA,NA,NA,NA,NA
"AENJPLPP_00806",0,NA,NA,NA,NA,NA
"AENJPLPP_00807",0,NA,NA,NA,NA,NA
"AENJPLPP_00808",0,NA,NA,NA,NA,NA
"AENJPLPP_00809",5.73367686469733,-2.49281422532002,3.44908001478556,-0.722747577508723,0.469834979480544,0.999399299569476
"AENJPLPP_00810",0,NA,NA,NA,NA,NA
"AENJPLPP_00811",0,NA,NA,NA,NA,NA
"AENJPLPP_00812",0,NA,NA,NA,NA,NA
"AENJPLPP_00813",0.696362056095068,-2.90906660922758,3.96432758284263,-0.733810854031802,0.463064024440485,0.999399299569476
"AENJPLPP_00814",0,NA,NA,NA,NA,NA
"AENJPLPP_00815",0,NA,NA,NA,NA,NA
"AENJPLPP_00816",0,NA,NA,NA,NA,NA
"AENJPLPP_00817",0,NA,NA,NA,NA,NA
"AENJPLPP_00818",0,NA,NA,NA,NA,NA
"AENJPLPP_00819",0,NA,NA,NA,NA,NA
"AENJPLPP_00820",0,NA,NA,NA,NA,NA
"AENJPLPP_00821",0,NA,NA,NA,NA,NA
"AENJPLPP_00822",3.99142640349021,5.66286470883802,3.88958166320188,1.45590585291283,0.145418647470005,0.824971173147143
"AENJPLPP_00823",0,NA,NA,NA,NA,NA
"AENJPLPP_00824",35.4270900039906,1.17622454878281,2.64984675551963,0.443883989265692,0.657126460717486,0.999399299569476
"AENJPLPP_00825",0,NA,NA,NA,NA,NA
"AENJPLPP_00826",0,NA,NA,NA,NA,NA
"AENJPLPP_00827",0,NA,NA,NA,NA,NA
"AENJPLPP_00828",0,NA,NA,NA,NA,NA
"AENJPLPP_00829",0,NA,NA,NA,NA,NA
"AENJPLPP_00830",0,NA,NA,NA,NA,NA
"AENJPLPP_00831",0,NA,NA,NA,NA,NA
"AENJPLPP_00832",0,NA,NA,NA,NA,NA
"AENJPLPP_00833",8.95322643550801,-6.56464960686231,3.66252760256493,-1.79238228874097,NA,NA
"AENJPLPP_00834",0.624296930298953,2.99672093642484,3.97903055622948,0.753128405041584,0.451372756777549,0.999399299569476
"AENJPLPP_00835",0,NA,NA,NA,NA,NA
"AENJPLPP_00836",0,NA,NA,NA,NA,NA
"AENJPLPP_00837",0,NA,NA,NA,NA,NA
"AENJPLPP_00838",0,NA,NA,NA,NA,NA
"AENJPLPP_00839",0,NA,NA,NA,NA,NA
"AENJPLPP_00840",0,NA,NA,NA,NA,NA
"AENJPLPP_00841",0,NA,NA,NA,NA,NA
"AENJPLPP_00842",52.8765174116775,0.020343788062885,2.31792313371973,0.00877673110334679,0.992997271662975,0.999399299569476
"AENJPLPP_00843",7.40931765979218,1.63509801395827,3.39911075129512,0.481036992788559,0.630490207312993,0.999399299569476
"AENJPLPP_00844",0,NA,NA,NA,NA,NA
"AENJPLPP_00845",0,NA,NA,NA,NA,NA
"AENJPLPP_00846",6.41302329589166,0.230768656890019,3.44349784516826,0.0670157692167054,0.946569149402604,0.999399299569476
"AENJPLPP_00847",0,NA,NA,NA,NA,NA
"AENJPLPP_00848",0,NA,NA,NA,NA,NA
"AENJPLPP_00849",0.258376805764143,-0.710228645321143,4.07832283361702,-0.174147235100378,0.861749752068016,0.999399299569476
"AENJPLPP_00850",39.9197831370586,-1.21552688267815,2.98323768171774,-0.407452242282705,0.683675863613343,0.999399299569476
"AENJPLPP_00851",250.793132542594,-0.321167368097582,1.9076611944967,-0.168356608093774,0.866302742513692,0.999399299569476
"AENJPLPP_00852",0,NA,NA,NA,NA,NA
"AENJPLPP_00853",0,NA,NA,NA,NA,NA
"AENJPLPP_00854",0,NA,NA,NA,NA,NA
"AENJPLPP_00855",0,NA,NA,NA,NA,NA
"AENJPLPP_00856",0,NA,NA,NA,NA,NA
"AENJPLPP_00857",13.8412114009062,-1.48809964747883,2.94910472596165,-0.504593693936587,0.613844239897769,0.999399299569476
"AENJPLPP_00858",0,NA,NA,NA,NA,NA
"AENJPLPP_00859",0,NA,NA,NA,NA,NA
"AENJPLPP_00860",0,NA,NA,NA,NA,NA
"AENJPLPP_00861",0,NA,NA,NA,NA,NA
"AENJPLPP_00862",0,NA,NA,NA,NA,NA
"AENJPLPP_00863",0,NA,NA,NA,NA,NA
"AENJPLPP_00864",0,NA,NA,NA,NA,NA
"AENJPLPP_00865",0,NA,NA,NA,NA,NA
"AENJPLPP_00866",0,NA,NA,NA,NA,NA
"AENJPLPP_00867",0,NA,NA,NA,NA,NA
"AENJPLPP_00868",0,NA,NA,NA,NA,NA
"AENJPLPP_00869",0,NA,NA,NA,NA,NA
"AENJPLPP_00870",0,NA,NA,NA,NA,NA
"AENJPLPP_00871",0,NA,NA,NA,NA,NA
"AENJPLPP_00872",0.452648881175278,-2.29072930073655,3.99425800100669,-0.573505592317572,0.56630241370824,0.999399299569476
"AENJPLPP_00873",0,NA,NA,NA,NA,NA
"AENJPLPP_00874",0,NA,NA,NA,NA,NA
"AENJPLPP_00875",9.13678042585157,0.176812664330461,3.39386244012137,0.0520977698566175,0.958450789951472,0.999399299569476
"AENJPLPP_00876",0,NA,NA,NA,NA,NA
"AENJPLPP_00877",0,NA,NA,NA,NA,NA
"AENJPLPP_00878",0,NA,NA,NA,NA,NA
"AENJPLPP_00879",0,NA,NA,NA,NA,NA
"AENJPLPP_00880",0,NA,NA,NA,NA,NA
"AENJPLPP_00881",0,NA,NA,NA,NA,NA
"AENJPLPP_00882",0,NA,NA,NA,NA,NA
"AENJPLPP_00883",0,NA,NA,NA,NA,NA
"AENJPLPP_00884",0,NA,NA,NA,NA,NA
"AENJPLPP_00885",0.156074232574738,1.22879329931982,4.0804728567969,0.301139927269213,0.763307795727942,0.999399299569476
"AENJPLPP_00886",0,NA,NA,NA,NA,NA
"AENJPLPP_00887",0,NA,NA,NA,NA,NA
"AENJPLPP_00888",0,NA,NA,NA,NA,NA
"AENJPLPP_00889",0,NA,NA,NA,NA,NA
"AENJPLPP_00890",0.347080556825235,2.13795661017787,4.03683080484285,0.529612637619847,0.596380530421439,0.999399299569476
"AENJPLPP_00891",0,NA,NA,NA,NA,NA
"AENJPLPP_00892",0,NA,NA,NA,NA,NA
"AENJPLPP_00893",4.03051487901144,2.48447573804785,3.53927374969619,0.701973318187416,0.482695803260158,0.999399299569476
"AENJPLPP_00894",0,NA,NA,NA,NA,NA
"AENJPLPP_00895",0,NA,NA,NA,NA,NA
"AENJPLPP_00896",0.347080556825235,2.13795661017787,4.03683080484285,0.529612637619847,0.596380530421439,0.999399299569476
"AENJPLPP_00897",4.07869204284254,-5.4332835159807,3.8798216198383,-1.40039518523203,0.161395011034487,0.830150536733995
"AENJPLPP_00898",0,NA,NA,NA,NA,NA
"AENJPLPP_00899",0,NA,NA,NA,NA,NA
"AENJPLPP_00900",0,NA,NA,NA,NA,NA
"AENJPLPP_00901",0,NA,NA,NA,NA,NA
"AENJPLPP_00902",0,NA,NA,NA,NA,NA
"AENJPLPP_00903",0.312148465149476,2.0054524115314,4.0491146001973,0.495281712064577,0.620401278235885,0.999399299569476
"AENJPLPP_00904",0,NA,NA,NA,NA,NA
"AENJPLPP_00905",0,NA,NA,NA,NA,NA
"AENJPLPP_00906",5.57089644876054,-5.8817560588372,3.76959213294717,-1.56031630250636,0.118685152731907,0.79959027291245
"AENJPLPP_00907",0,NA,NA,NA,NA,NA
"AENJPLPP_00908",0,NA,NA,NA,NA,NA
"AENJPLPP_00909",0,NA,NA,NA,NA,NA
"AENJPLPP_00910",17.5914328094237,-0.0320499066408822,2.721819019764,-0.0117751791754549,0.990604983446479,0.999399299569476
"AENJPLPP_00911",25.0008161270822,-1.44176894507173,2.72728144890591,-0.52864692261597,0.597050403474182,0.999399299569476
"AENJPLPP_00912",0,NA,NA,NA,NA,NA
"AENJPLPP_00913",0,NA,NA,NA,NA,NA
"AENJPLPP_00914",0,NA,NA,NA,NA,NA
"AENJPLPP_00915",0,NA,NA,NA,NA,NA
"AENJPLPP_00916",0,NA,NA,NA,NA,NA
"AENJPLPP_00917",0,NA,NA,NA,NA,NA
"AENJPLPP_00918",0,NA,NA,NA,NA,NA
"AENJPLPP_00920",0,NA,NA,NA,NA,NA
"AENJPLPP_00921",0,NA,NA,NA,NA,NA
"AENJPLPP_00922",0,NA,NA,NA,NA,NA
"AENJPLPP_00923",0,NA,NA,NA,NA,NA
"AENJPLPP_00924",0,NA,NA,NA,NA,NA
"AENJPLPP_00925",0,NA,NA,NA,NA,NA
"AENJPLPP_00926",0,NA,NA,NA,NA,NA
"AENJPLPP_00927",0,NA,NA,NA,NA,NA
"AENJPLPP_00928",0,NA,NA,NA,NA,NA
"AENJPLPP_00929",321.320230155339,0.276899238161745,1.8761224635116,0.147591238603617,0.882665369953695,0.999399299569476
"AENJPLPP_00930",47.5134925773803,-1.69934659316213,2.35615231738984,-0.721238003426142,0.470763093538637,0.999399299569476
"AENJPLPP_00931",0,NA,NA,NA,NA,NA
"AENJPLPP_00932",2.0289650234716,4.6902147086402,3.92925192368324,1.19366607174519,0.232608617290593,0.90503179564194
"AENJPLPP_00933",0,NA,NA,NA,NA,NA
"AENJPLPP_00934",0,NA,NA,NA,NA,NA
"AENJPLPP_00935",36.4643755732613,2.49263177959255,2.56950235953697,0.970083475635229,0.33200488493841,0.999399299569476
"AENJPLPP_00936",0,NA,NA,NA,NA,NA
"AENJPLPP_00937",0,NA,NA,NA,NA,NA
"AENJPLPP_00938",0,NA,NA,NA,NA,NA
"AENJPLPP_00939",84.647563465883,-1.11716882979289,1.86378762974252,-0.599407793015143,0.548900981479037,0.999399299569476
"AENJPLPP_00940",0,NA,NA,NA,NA,NA
"AENJPLPP_00941",0,NA,NA,NA,NA,NA
"AENJPLPP_00942",0,NA,NA,NA,NA,NA
"AENJPLPP_00943",109.912455313358,1.33699098277197,2.26035274879813,0.591496607546267,0.554187727527929,0.999399299569476
"AENJPLPP_00944",0,NA,NA,NA,NA,NA
"AENJPLPP_00945",0,NA,NA,NA,NA,NA
"AENJPLPP_00946",435.148408119355,-0.520418363455134,1.88569588545121,-0.275982128120627,0.782561793053455,0.999399299569476
"AENJPLPP_00947",373.791685261176,-0.676968828355828,1.8496894157832,-0.365990540130318,0.714372134484057,0.999399299569476
"AENJPLPP_00948",31.5590779572201,-1.3219782328097,2.9752015676343,-0.444332325981147,0.656802333151688,0.999399299569476
"AENJPLPP_00949",0,NA,NA,NA,NA,NA
"AENJPLPP_00950",0,NA,NA,NA,NA,NA
"AENJPLPP_00951",0,NA,NA,NA,NA,NA
"AENJPLPP_00952",0,NA,NA,NA,NA,NA
"AENJPLPP_00953",0,NA,NA,NA,NA,NA
"AENJPLPP_00954",0,NA,NA,NA,NA,NA
"AENJPLPP_00955",0,NA,NA,NA,NA,NA
"AENJPLPP_00956",0,NA,NA,NA,NA,NA
"AENJPLPP_00957",0,NA,NA,NA,NA,NA
"AENJPLPP_00958",0,NA,NA,NA,NA,NA
"AENJPLPP_00959",0,NA,NA,NA,NA,NA
"AENJPLPP_00960",0,NA,NA,NA,NA,NA
"AENJPLPP_00961",0,NA,NA,NA,NA,NA
"AENJPLPP_00962",0,NA,NA,NA,NA,NA
"AENJPLPP_00963",0,NA,NA,NA,NA,NA
"AENJPLPP_00964",0,NA,NA,NA,NA,NA
"AENJPLPP_00965",2090.80188009413,-0.847644897607001,1.8797928092076,-0.450924640979085,0.652043863350875,0.999399299569476
"AENJPLPP_00966",3.43363311664424,5.44784489440197,3.92007919218907,1.38972827519838,0.164611405326899,0.830150536733995
"AENJPLPP_00967",0,NA,NA,NA,NA,NA
"AENJPLPP_00968",0,NA,NA,NA,NA,NA
"AENJPLPP_00969",0,NA,NA,NA,NA,NA
"AENJPLPP_00970",0,NA,NA,NA,NA,NA
"AENJPLPP_00971",0,NA,NA,NA,NA,NA
"AENJPLPP_00972",0,NA,NA,NA,NA,NA
"AENJPLPP_00973",0,NA,NA,NA,NA,NA
"AENJPLPP_00974",0,NA,NA,NA,NA,NA
"AENJPLPP_00975",0,NA,NA,NA,NA,NA
"AENJPLPP_00976",0,NA,NA,NA,NA,NA
"AENJPLPP_00977",23.5333656482321,2.28685754191964,2.94608719367669,0.776235525828296,0.437609933605678,0.999399299569476
"AENJPLPP_00978",0,NA,NA,NA,NA,NA
"AENJPLPP_00979",0,NA,NA,NA,NA,NA
"AENJPLPP_00980",0,NA,NA,NA,NA,NA
"AENJPLPP_00981",0,NA,NA,NA,NA,NA
"AENJPLPP_00982",0,NA,NA,NA,NA,NA
"AENJPLPP_00983",0,NA,NA,NA,NA,NA
"AENJPLPP_00984",0,NA,NA,NA,NA,NA
"AENJPLPP_00985",46.767512203202,-1.59668232065947,2.65233703763633,-0.601990734210151,0.547180305173009,0.999399299569476
"AENJPLPP_00986",1.1316222029382,-3.59305386766316,3.94285851920058,-0.911281459927115,0.362147092538247,0.999399299569476
"AENJPLPP_00987",15.5582343820902,-2.09861889475156,2.92878539165405,-0.716549222326716,0.473652285447137,0.999399299569476
"AENJPLPP_00988",290.31962629676,0.630353595441136,2.0158045094361,0.312705717489178,0.754504251344487,0.999399299569476
"AENJPLPP_00989",0,NA,NA,NA,NA,NA
"AENJPLPP_00990",197.812721735651,-1.11800090913249,2.83653538484409,-0.394143120902384,0.693475376508698,0.999399299569476
"AENJPLPP_00991",3.68077086793107,-5.28569395327656,3.91802885759827,-1.34906968411577,0.177314584617392,0.830150536733995
"AENJPLPP_00992",0,NA,NA,NA,NA,NA
"AENJPLPP_00993",0,NA,NA,NA,NA,NA
"AENJPLPP_00994",0,NA,NA,NA,NA,NA
"AENJPLPP_00995",12.1055576057131,7.26414100771755,2.80799260129995,2.58695161958569,0.00968291866930568,0.453150377532009
"AENJPLPP_00996",0,NA,NA,NA,NA,NA
"AENJPLPP_00997",0,NA,NA,NA,NA,NA
"AENJPLPP_00999",0,NA,NA,NA,NA,NA
"AENJPLPP_01000",0,NA,NA,NA,NA,NA
"AENJPLPP_01001",0,NA,NA,NA,NA,NA
"AENJPLPP_01002",0,NA,NA,NA,NA,NA
"AENJPLPP_01003",0,NA,NA,NA,NA,NA
"AENJPLPP_01004",4.07869204284254,-5.4332835159807,3.8798216198383,-1.40039518523203,0.161395011034487,0.830150536733995
"AENJPLPP_01005",0,NA,NA,NA,NA,NA
"AENJPLPP_01006",0,NA,NA,NA,NA,NA
"AENJPLPP_01007",0,NA,NA,NA,NA,NA
"AENJPLPP_01008",100.23339687671,-3.24855089137854,3.46780135313694,-0.936775368762093,NA,NA
"AENJPLPP_01009",0,NA,NA,NA,NA,NA
"AENJPLPP_01010",0,NA,NA,NA,NA,NA
"AENJPLPP_01011",0,NA,NA,NA,NA,NA
"AENJPLPP_01012",3.90185581436845,5.63205473530984,3.89455456270169,1.44613578899324,0.148139119324207,0.825255292180703
"AENJPLPP_01013",0,NA,NA,NA,NA,NA
"AENJPLPP_01014",0,NA,NA,NA,NA,NA
"AENJPLPP_01015",0.520620835237853,2.72340529683195,3.99393356664367,0.681885477409327,0.495311369073051,0.999399299569476
"AENJPLPP_01016",0,NA,NA,NA,NA,NA
"AENJPLPP_01017",0,NA,NA,NA,NA,NA
"AENJPLPP_01018",2.45498420681976,3.22545759931173,3.79701912949676,0.849470990086693,0.395619265887911,0.999399299569476
"AENJPLPP_01019",32.6000712664598,0.732113426291699,3.0024260152275,0.243840621743422,0.807354258094813,0.999399299569476
"AENJPLPP_01020",0,NA,NA,NA,NA,NA
"AENJPLPP_01021",0,NA,NA,NA,NA,NA
"AENJPLPP_01022",0,NA,NA,NA,NA,NA
"AENJPLPP_01023",0,NA,NA,NA,NA,NA
"AENJPLPP_01024",0,NA,NA,NA,NA,NA
"AENJPLPP_01025",9.97539322591859,-6.72104080014016,3.30152384692613,-2.03573898349932,NA,NA
"AENJPLPP_01026",5.80073097369339,6.20113479378651,3.7613374558157,1.64865154127515,0.0992190430924262,0.79959027291245
"AENJPLPP_01027",0,NA,NA,NA,NA,NA
"AENJPLPP_01028",0,NA,NA,NA,NA,NA
"AENJPLPP_01029",0,NA,NA,NA,NA,NA
"AENJPLPP_01030",0,NA,NA,NA,NA,NA
"AENJPLPP_01031",0,NA,NA,NA,NA,NA
"AENJPLPP_01032",42.4867936987094,0.0885715070714775,2.26195680184534,0.0391570285512169,0.968765193589582,0.999399299569476
"AENJPLPP_01033",11.6860075202674,-0.314640040363148,3.10300406884118,-0.101398526519062,0.91923410611432,0.999399299569476
"AENJPLPP_01034",0,NA,NA,NA,NA,NA
"AENJPLPP_01035",0,NA,NA,NA,NA,NA
"AENJPLPP_01036",0,NA,NA,NA,NA,NA
"AENJPLPP_01037",0,NA,NA,NA,NA,NA
"AENJPLPP_01038",0,NA,NA,NA,NA,NA
"AENJPLPP_01039",0,NA,NA,NA,NA,NA
"AENJPLPP_01040",38.3294139234392,-0.593283367451766,2.65690085134749,-0.223299024181077,0.823302786684704,0.999399299569476
"AENJPLPP_01041",0,NA,NA,NA,NA,NA
"AENJPLPP_01042",0,NA,NA,NA,NA,NA
"AENJPLPP_01043",52.3476106715637,0.827134607690852,3.03823213619457,0.272242070590054,NA,NA
"AENJPLPP_01044",0,NA,NA,NA,NA,NA
"AENJPLPP_01045",0,NA,NA,NA,NA,NA
"AENJPLPP_01046",0,NA,NA,NA,NA,NA
"AENJPLPP_01047",0,NA,NA,NA,NA,NA
"AENJPLPP_01048",11.3499689290344,0.52084764421041,2.72038080406437,0.191461299621083,0.848164198054313,0.999399299569476
"AENJPLPP_01049",0,NA,NA,NA,NA,NA
"AENJPLPP_01050",0,NA,NA,NA,NA,NA
"AENJPLPP_01051",0,NA,NA,NA,NA,NA
"AENJPLPP_01052",0,NA,NA,NA,NA,NA
"AENJPLPP_01053",17.5107689316706,0.405533064014896,2.98810548210346,0.135715779260049,0.892045973093886,0.999399299569476
"AENJPLPP_01054",0,NA,NA,NA,NA,NA
"AENJPLPP_01055",0,NA,NA,NA,NA,NA
"AENJPLPP_01056",0,NA,NA,NA,NA,NA
"AENJPLPP_01057",0,NA,NA,NA,NA,NA
"AENJPLPP_01058",0,NA,NA,NA,NA,NA
"AENJPLPP_01059",0.173540278412618,1.22879329931982,4.0804728567969,0.301139927269213,0.763307795727942,0.999399299569476
"AENJPLPP_01060",0,NA,NA,NA,NA,NA
"AENJPLPP_01061",8.50347364221827,6.75407581230853,3.67169529238916,1.83949790885661,0.0658419851968116,0.79959027291245
"AENJPLPP_01062",0,NA,NA,NA,NA,NA
"AENJPLPP_01063",0,NA,NA,NA,NA,NA
"AENJPLPP_01064",0,NA,NA,NA,NA,NA
"AENJPLPP_01065",1.24478442323201,-3.72923331286087,3.93964411758875,-0.946591418298803,0.343847018564886,0.999399299569476
"AENJPLPP_01066",0,NA,NA,NA,NA,NA
"AENJPLPP_01067",0,NA,NA,NA,NA,NA
"AENJPLPP_01068",0,NA,NA,NA,NA,NA
"AENJPLPP_01069",0,NA,NA,NA,NA,NA
"AENJPLPP_01070",321.742020708355,-0.753927439776361,1.83649394968875,-0.410525414420307,0.68142056432438,0.999399299569476
"AENJPLPP_01071",0,NA,NA,NA,NA,NA
"AENJPLPP_01072",0,NA,NA,NA,NA,NA
"AENJPLPP_01073",0,NA,NA,NA,NA,NA
"AENJPLPP_01074",34.3841500185502,-1.72416420738064,3.00419169574934,-0.573919503812018,0.56602227418731,0.999399299569476
"AENJPLPP_01075",0,NA,NA,NA,NA,NA
"AENJPLPP_01076",0,NA,NA,NA,NA,NA
"AENJPLPP_01077",0,NA,NA,NA,NA,NA
"AENJPLPP_01078",0,NA,NA,NA,NA,NA
"AENJPLPP_01079",0,NA,NA,NA,NA,NA
"AENJPLPP_01080",0,NA,NA,NA,NA,NA
"AENJPLPP_01081",10.3605505062133,0.68734461941509,2.50936037902169,0.273912278667228,0.784152035325241,0.999399299569476
"AENJPLPP_01082",4.18998754550268,1.16602267224062,2.80013305140014,0.416416881211262,0.677104977763028,0.999399299569476
"AENJPLPP_01083",0,NA,NA,NA,NA,NA
"AENJPLPP_01084",0,NA,NA,NA,NA,NA
"AENJPLPP_01085",0,NA,NA,NA,NA,NA
"AENJPLPP_01086",0,NA,NA,NA,NA,NA
"AENJPLPP_01087",0.397921174911467,-2.12182883282595,4.00479077019896,-0.529822643573596,0.596234904065106,0.999399299569476
"AENJPLPP_01088",0,NA,NA,NA,NA,NA
"AENJPLPP_01089",152.980182444055,-0.687669314065462,1.97406884744469,-0.348351231496108,0.72757642311097,0.999399299569476
"AENJPLPP_01090",20.4182035143251,-2.66604179309745,2.95207316485491,-0.903108305321588,0.366468416518233,0.999399299569476
"AENJPLPP_01091",0,NA,NA,NA,NA,NA
"AENJPLPP_01092",0,NA,NA,NA,NA,NA
"AENJPLPP_01093",0,NA,NA,NA,NA,NA
"AENJPLPP_01094",3.7291823740165,4.48451261402022,3.65501556294067,1.22694761124688,0.219842282047294,0.900742683388218
"AENJPLPP_01095",0.173540278412618,1.22879329931982,4.0804728567969,0.301139927269213,0.763307795727942,0.999399299569476
"AENJPLPP_01096",0,NA,NA,NA,NA,NA
"AENJPLPP_01097",0,NA,NA,NA,NA,NA
"AENJPLPP_01098",0,NA,NA,NA,NA,NA
"AENJPLPP_01099",0,NA,NA,NA,NA,NA
"AENJPLPP_01100",5.94266653257529,-5.9622543616907,3.78699385334551,-1.57440296778499,0.1153943181575,0.79959027291245
"AENJPLPP_01101",0,NA,NA,NA,NA,NA
"AENJPLPP_01102",191.0110601721,-0.127412743006985,1.99109093823194,-0.0639914232747831,0.94897705604729,0.999399299569476
"AENJPLPP_01103",2.0289650234716,4.6902147086402,3.92925192368324,1.19366607174519,0.232608617290593,0.90503179564194
"AENJPLPP_01104",81.7709940201761,-0.991006422989291,2.379324910256,-0.416507396159974,0.677038756387314,0.999399299569476
"AENJPLPP_01105",20.4726816449199,-0.0256666665320321,3.03289050056945,-0.00846277388755479,0.9932477639712,0.999399299569476
"AENJPLPP_01106",0,NA,NA,NA,NA,NA
"AENJPLPP_01107",0,NA,NA,NA,NA,NA
"AENJPLPP_01108",257.169654046482,1.03204016684645,1.86382346996289,0.553722057629737,0.579769077170868,0.999399299569476
"AENJPLPP_01109",15.9449701772447,-1.77592615007508,3.05414093868955,-0.581481400408812,NA,NA
"AENJPLPP_01110",259.416963993728,0.615063304073211,1.85463000511747,0.331636661962802,0.740163632577008,0.999399299569476
"AENJPLPP_01111",0,NA,NA,NA,NA,NA
"AENJPLPP_01112",0,NA,NA,NA,NA,NA
"AENJPLPP_01113",0,NA,NA,NA,NA,NA
"AENJPLPP_01114",46.3412348739515,-0.945752163802818,2.7223729927034,-0.347399921442673,0.728290892350083,0.999399299569476
"AENJPLPP_01115",3.2828496930196,-5.12142047684801,3.91938122929186,-1.30669107627821,0.19131765060848,0.85083477783168
"AENJPLPP_01116",84.0582368439352,0.223752502100416,3.06897327458945,0.0729079343743547,0.941879380031927,0.999399299569476
"AENJPLPP_01117",0,NA,NA,NA,NA,NA
"AENJPLPP_01118",0,NA,NA,NA,NA,NA
"AENJPLPP_01119",0,NA,NA,NA,NA,NA
"AENJPLPP_01120",7.03484157619829,-0.92131959683981,2.53418554619821,-0.363556487890943,0.716189223959626,0.999399299569476
"AENJPLPP_01121",0,NA,NA,NA,NA,NA
"AENJPLPP_01122",0,NA,NA,NA,NA,NA
"AENJPLPP_01123",8.0694607781771,4.5538248873306,2.98025241870075,1.52799972873299,0.126512605307873,0.79959027291245
"AENJPLPP_01124",0,NA,NA,NA,NA,NA
"AENJPLPP_01125",0,NA,NA,NA,NA,NA
"AENJPLPP_01126",31.6491572261874,-1.02818039565043,2.64158183996647,-0.389229052113516,0.697106714136539,0.999399299569476
"AENJPLPP_01127",0,NA,NA,NA,NA,NA
"AENJPLPP_01128",191.799036713643,-0.823127465313393,1.89103143166132,-0.435279631809322,0.663359467403359,0.999399299569476
"AENJPLPP_01129",0,NA,NA,NA,NA,NA
"AENJPLPP_01130",0,NA,NA,NA,NA,NA
"AENJPLPP_01131",31.9814099851421,1.10620123342266,3.0045077685729,0.368180520281394,0.712738634305191,0.999399299569476
"AENJPLPP_01132",2.92916630886058,0.518777733912821,3.68096001366203,0.14093544401117,0.887920941320631,0.999399299569476
"AENJPLPP_01133",120.742789805,0.279197966392552,2.28244900995318,0.122323857039102,0.902642538689837,0.999399299569476
"AENJPLPP_01134",15.519042479928,-2.43232611414627,2.96895575654714,-0.81925306861933,0.412642042759595,0.999399299569476
"AENJPLPP_01135",0,NA,NA,NA,NA,NA
"AENJPLPP_01136",0,NA,NA,NA,NA,NA
"AENJPLPP_01137",22.1053486558765,-1.12886141775901,3.37675905340652,-0.334303217939167,NA,NA
"AENJPLPP_01138",86.4496035434306,23.454729877821,3.610924059757,6.49549242511607,NA,NA
"AENJPLPP_01139",149.588441820917,-0.823707083041974,2.32502074656104,-0.354279455037262,0.723129463072962,0.999399299569476
"AENJPLPP_01140",605.15748448423,-0.116749848534996,1.85778525610815,-0.0628435650197663,0.949891074537658,0.999399299569476
"AENJPLPP_01141",0,NA,NA,NA,NA,NA
"AENJPLPP_01142",13.7283921975287,0.415052843284761,3.37609078773977,0.122938886830893,0.902155491940157,0.999399299569476
"AENJPLPP_01143",0,NA,NA,NA,NA,NA
"AENJPLPP_01144",0,NA,NA,NA,NA,NA
"AENJPLPP_01145",92.7532085246712,0.319852733318152,1.99226744880012,0.160547085940088,0.87245013341412,0.999399299569476
"AENJPLPP_01146",15.9764505800016,7.66437962750989,3.14872494085143,2.43412167511761,0.0149279760564187,0.523967902433746
"AENJPLPP_01147",0,NA,NA,NA,NA,NA
"AENJPLPP_01148",0,NA,NA,NA,NA,NA
"AENJPLPP_01149",19.1703131216184,-7.66158548562147,3.14089832412876,-2.43929751777199,0.0147158470168552,0.523967902433746
"AENJPLPP_01150",0.867701392063088,3.4607694268841,3.95928928206162,0.874088549822271,0.382070032598583,0.999399299569476
"AENJPLPP_01151",0,NA,NA,NA,NA,NA
"AENJPLPP_01152",0,NA,NA,NA,NA,NA
"AENJPLPP_01153",32.0699494573709,1.57840025826075,3.38392712297202,0.466440381515806,NA,NA
"AENJPLPP_01154",0,NA,NA,NA,NA,NA
"AENJPLPP_01155",0,NA,NA,NA,NA,NA
"AENJPLPP_01156",0,NA,NA,NA,NA,NA
"AENJPLPP_01157",5.77474660526531,6.19717429825165,3.7557110104696,1.65006686642719,0.0989292606414583,0.79959027291245
"AENJPLPP_01158",0,NA,NA,NA,NA,NA
"AENJPLPP_01159",21.6752362051615,-4.22719475009854,2.86155531860516,-1.47723677491549,0.139612179214839,0.812873543454821
"AENJPLPP_01160",0,NA,NA,NA,NA,NA
"AENJPLPP_01161",5.27245556757694,-5.80254021499942,3.7863791792494,-1.53247731943997,0.125404690263144,0.79959027291245
"AENJPLPP_01162",17.1475482102793,4.49475540044097,2.50200028975248,1.79646478014022,0.072420629228935,0.79959027291245
"AENJPLPP_01163",1.71681655832212,4.44980006318331,3.93331619467321,1.13131003025121,0.257924624122499,0.96721734045937
"AENJPLPP_01164",0,NA,NA,NA,NA,NA
"AENJPLPP_01165",0,NA,NA,NA,NA,NA
"AENJPLPP_01166",0,NA,NA,NA,NA,NA
"AENJPLPP_01167",0.273020572140484,0.275625242264106,4.07924652375835,0.0675676845365459,0.946129780592333,0.999399299569476
"AENJPLPP_01194",0,NA,NA,NA,NA,NA
"AENJPLPP_01195",0,NA,NA,NA,NA,NA
"AENJPLPP_01196",0,NA,NA,NA,NA,NA
"AENJPLPP_01197",0,NA,NA,NA,NA,NA
"AENJPLPP_01198",0,NA,NA,NA,NA,NA
"AENJPLPP_01199",0,NA,NA,NA,NA,NA
"AENJPLPP_01200",0,NA,NA,NA,NA,NA
"AENJPLPP_01201",0,NA,NA,NA,NA,NA
"AENJPLPP_01202",0,NA,NA,NA,NA,NA
"AENJPLPP_01203",0,NA,NA,NA,NA,NA
"AENJPLPP_01204",0,NA,NA,NA,NA,NA
"AENJPLPP_01205",15.6035788842103,-7.36532634386384,3.1546673458181,-2.33473946266553,0.0195570353883289,0.5492815939949
"AENJPLPP_01206",0,NA,NA,NA,NA,NA
"AENJPLPP_01207",0,NA,NA,NA,NA,NA
"AENJPLPP_01208",8443.55281915835,-0.826281963700753,1.83884853319342,-0.449347485007803,0.653181008122049,0.999399299569476
"AENJPLPP_01209",22.3731183259713,-2.05266592887271,2.69835512023845,-0.760710076104187,0.446830255110517,0.999399299569476
"AENJPLPP_01210",17.9794707819868,1.11867202055471,3.37096865854129,0.331854767536992,NA,NA
"AENJPLPP_01211",9.50562650468084,-6.65012861052624,3.65800494207831,-1.81796599945213,NA,NA
"AENJPLPP_01212",0,NA,NA,NA,NA,NA
"AENJPLPP_01213",0,NA,NA,NA,NA,NA
"AENJPLPP_01214",0,NA,NA,NA,NA,NA
"AENJPLPP_01215",0,NA,NA,NA,NA,NA
"AENJPLPP_01216",5.17297527384907,-5.77513745494872,3.79243077494507,-1.5228062943436,0.127807174765975,0.79959027291245
"AENJPLPP_01217",0.347080556825235,2.13795661017787,4.03683080484285,0.529612637619847,0.596380530421439,0.999399299569476
"AENJPLPP_01218",0,NA,NA,NA,NA,NA
"AENJPLPP_01219",0,NA,NA,NA,NA,NA
"AENJPLPP_01220",0,NA,NA,NA,NA,NA
"AENJPLPP_01221",0,NA,NA,NA,NA,NA
"AENJPLPP_01222",0,NA,NA,NA,NA,NA
"AENJPLPP_01223",0,NA,NA,NA,NA,NA
"AENJPLPP_01224",0,NA,NA,NA,NA,NA
"AENJPLPP_01225",0,NA,NA,NA,NA,NA
"AENJPLPP_01226",0,NA,NA,NA,NA,NA
"AENJPLPP_01227",97.7176233256914,-0.516886402837594,1.93130344377795,-0.26763603850179,0.788979487871208,0.999399299569476
"AENJPLPP_01228",0,NA,NA,NA,NA,NA
"AENJPLPP_01229",36.2251240744788,-2.57259969679495,2.35716435013966,-1.09139598036197,0.275098680381964,0.997796443188681
"AENJPLPP_01230",0,NA,NA,NA,NA,NA
"AENJPLPP_01231",0,NA,NA,NA,NA,NA
"AENJPLPP_01232",0,NA,NA,NA,NA,NA
"AENJPLPP_01233",6.36673879858348,-6.07389746998473,3.73300070697869,-1.62708178935778,0.103719728134991,0.79959027291245
"AENJPLPP_01234",0,NA,NA,NA,NA,NA
"AENJPLPP_01235",0,NA,NA,NA,NA,NA
"AENJPLPP_01236",0,NA,NA,NA,NA,NA
"AENJPLPP_01237",0,NA,NA,NA,NA,NA
"AENJPLPP_01238",111.628238699762,-0.361559621670787,2.07430678810434,-0.174303831884583,0.86162668793497,0.999399299569476
"AENJPLPP_01239",311.318820399952,0.320628059297371,1.8434854375905,0.173924921108377,0.861924466902587,0.999399299569476
"AENJPLPP_01240",0,NA,NA,NA,NA,NA
"AENJPLPP_01241",0,NA,NA,NA,NA,NA
"AENJPLPP_01242",0,NA,NA,NA,NA,NA
"AENJPLPP_01243",0,NA,NA,NA,NA,NA
"AENJPLPP_01244",0,NA,NA,NA,NA,NA
"AENJPLPP_01245",0,NA,NA,NA,NA,NA
"AENJPLPP_01246",0,NA,NA,NA,NA,NA
"AENJPLPP_01247",35.9788149589828,-1.24515180735729,2.46895116919084,-0.50432419356652,0.614033578885738,0.999399299569476
"AENJPLPP_01248",0,NA,NA,NA,NA,NA
"AENJPLPP_01249",0,NA,NA,NA,NA,NA
"AENJPLPP_01250",0,NA,NA,NA,NA,NA
"AENJPLPP_01251",0,NA,NA,NA,NA,NA
"AENJPLPP_01252",2.42956389777665,4.94657966601395,3.92559916018667,1.2600827196475,0.207639523319587,0.881153535056939
"AENJPLPP_01253",0,NA,NA,NA,NA,NA
"AENJPLPP_01254",0,NA,NA,NA,NA,NA
"AENJPLPP_01255",0,NA,NA,NA,NA,NA
"AENJPLPP_01256",0,NA,NA,NA,NA,NA
"AENJPLPP_01257",0,NA,NA,NA,NA,NA
"AENJPLPP_01258",0,NA,NA,NA,NA,NA
"AENJPLPP_01259",342.638458925133,-1.47316122847681,1.89469762983704,-0.777517850488637,0.436853307075559,0.999399299569476
"AENJPLPP_01260",0.397921174911467,-2.12182883282595,4.00479077019896,-0.529822643573596,0.596234904065106,0.999399299569476
"AENJPLPP_01261",0,NA,NA,NA,NA,NA
"AENJPLPP_01262",8.10286270435518,-0.677343499430313,3.40844005165859,-0.198725366784934,0.842477579939724,0.999399299569476
"AENJPLPP_01263",0,NA,NA,NA,NA,NA
"AENJPLPP_01264",0,NA,NA,NA,NA,NA
"AENJPLPP_01265",11.3047591180739,-3.05644110570326,2.56481159958592,-1.19168250260437,0.233385761426536,0.90503179564194
"AENJPLPP_01266",56.676901098676,1.71654787553561,2.72608778376125,0.629674468210721,0.528907590435719,0.999399299569476
"AENJPLPP_01267",0,NA,NA,NA,NA,NA
"AENJPLPP_01268",0,NA,NA,NA,NA,NA
"AENJPLPP_01269",0.534200910815345,2.75707613172866,3.99194488875287,0.690659868450738,0.489779314772782,0.999399299569476
"AENJPLPP_01270",0,NA,NA,NA,NA,NA
"AENJPLPP_01271",0,NA,NA,NA,NA,NA
"AENJPLPP_01272",0,NA,NA,NA,NA,NA
"AENJPLPP_01273",0,NA,NA,NA,NA,NA
"AENJPLPP_01274",9.15218702296375,-6.59629598094395,3.65896706777261,-1.80277544420738,NA,NA
"AENJPLPP_01275",0,NA,NA,NA,NA,NA
"AENJPLPP_01276",154.403897887841,0.391910235360061,1.9412328733163,0.201887285522083,0.840004842099834,0.999399299569476
"AENJPLPP_01277",0,NA,NA,NA,NA,NA
"AENJPLPP_01278",0,NA,NA,NA,NA,NA
"AENJPLPP_01279",0,NA,NA,NA,NA,NA
"AENJPLPP_01280",38.587525053519,0.365099242519799,2.31864309867374,0.157462458421753,0.874880392600201,0.999399299569476
"AENJPLPP_01281",0,NA,NA,NA,NA,NA
"AENJPLPP_01282",0,NA,NA,NA,NA,NA
"AENJPLPP_01283",0,NA,NA,NA,NA,NA
"AENJPLPP_01284",56.2490487549547,-0.964168877404105,2.76196241658781,-0.349088340816477,0.727022989336906,0.999399299569476
"AENJPLPP_01285",0,NA,NA,NA,NA,NA
"AENJPLPP_01286",94.223517754879,-0.111021340884582,2.04129414248118,-0.0543877232458212,0.956626259808924,0.999399299569476
"AENJPLPP_01287",0,NA,NA,NA,NA,NA
"AENJPLPP_01288",36.9049260842152,-2.10461501063218,2.75155994139615,-0.76488066967725,0.444342605524817,0.999399299569476
"AENJPLPP_01289",11.9410461319412,0.381861265389112,3.37702523538849,0.113076225012332,0.909970123774756,0.999399299569476
"AENJPLPP_01290",0,NA,NA,NA,NA,NA
"AENJPLPP_01291",0.198960587455734,-1.34627142813778,4.04117414497344,-0.333138681937853,0.73902960147275,0.999399299569476
"AENJPLPP_01292",0,NA,NA,NA,NA,NA
"AENJPLPP_01293",0,NA,NA,NA,NA,NA
"AENJPLPP_01294",0,NA,NA,NA,NA,NA
"AENJPLPP_01295",35.2631574005676,-1.44267992876315,2.61651943320342,-0.55137367238923,0.581377544693549,0.999399299569476
"AENJPLPP_01296",0,NA,NA,NA,NA,NA
"AENJPLPP_01297",124.627166553671,-1.54649646243892,1.9569361594729,-0.790264135573778,0.429373527250444,0.999399299569476
"AENJPLPP_01298",0,NA,NA,NA,NA,NA
"AENJPLPP_01299",108.241375852408,1.87570784884375,2.66646370599429,0.703443982615291,0.481779104926258,0.999399299569476
"AENJPLPP_01300",0,NA,NA,NA,NA,NA
"AENJPLPP_01301",0,NA,NA,NA,NA,NA
"AENJPLPP_01302",0,NA,NA,NA,NA,NA
"AENJPLPP_01303",42.0391556172293,-0.100759539292847,2.68301202724534,-0.037554635711528,0.97004277784268,0.999399299569476
"AENJPLPP_01304",0,NA,NA,NA,NA,NA
"AENJPLPP_01305",0,NA,NA,NA,NA,NA
"AENJPLPP_01306",7.92199847696324,-0.238219413806079,3.40848757031961,-0.069890063816117,0.944281161717166,0.999399299569476
"AENJPLPP_01307",0,NA,NA,NA,NA,NA
"AENJPLPP_01308",0,NA,NA,NA,NA,NA
"AENJPLPP_01309",1.09428323100653,-3.55027089329751,3.94393108194668,-0.900185834775068,0.368021363178723,0.999399299569476
"AENJPLPP_01310",0,NA,NA,NA,NA,NA
"AENJPLPP_01311",10.9426623260696,7.1189057375599,3.32430293940053,2.14147322531431,0.032235895406132,0.74182652126676
"AENJPLPP_01312",0,NA,NA,NA,NA,NA
"AENJPLPP_01313",0,NA,NA,NA,NA,NA
"AENJPLPP_01314",0,NA,NA,NA,NA,NA
"AENJPLPP_01315",0,NA,NA,NA,NA,NA
"AENJPLPP_01316",165.319338940859,-0.182579027290959,1.87161876505902,-0.0975513981263175,0.922288519024395,0.999399299569476
"AENJPLPP_01317",258.911348594359,-0.529765970614257,1.85185927301203,-0.286072477717272,0.774822610651415,0.999399299569476
"AENJPLPP_01318",0,NA,NA,NA,NA,NA
"AENJPLPP_01319",0,NA,NA,NA,NA,NA
"AENJPLPP_01320",0,NA,NA,NA,NA,NA
"AENJPLPP_01321",40.4885863678691,1.270552197003,2.42358137269104,0.524245734564395,0.60010763480241,0.999399299569476
"AENJPLPP_01322",42.8505610637351,22.477170877252,3.58735197585511,6.2656720133781,NA,NA
"AENJPLPP_01323",0,NA,NA,NA,NA,NA
"AENJPLPP_01324",0,NA,NA,NA,NA,NA
"AENJPLPP_01325",314.222200513037,1.51241635539047,1.87891421181198,0.804941676358885,0.420853336991865,0.999399299569476
"AENJPLPP_01326",0,NA,NA,NA,NA,NA
"AENJPLPP_01327",0,NA,NA,NA,NA,NA
"AENJPLPP_01328",0,NA,NA,NA,NA,NA
"AENJPLPP_01329",0,NA,NA,NA,NA,NA
"AENJPLPP_01330",0,NA,NA,NA,NA,NA
"AENJPLPP_01331",0,NA,NA,NA,NA,NA
"AENJPLPP_01332",186.70759415593,-1.02340129534949,2.42962538264592,-0.421217732848584,0.673596096655936,0.999399299569476
"AENJPLPP_01333",0,NA,NA,NA,NA,NA
"AENJPLPP_01334",0,NA,NA,NA,NA,NA
"AENJPLPP_01335",0,NA,NA,NA,NA,NA
"AENJPLPP_01336",87.2187247437808,3.56451428361671,2.59477960357972,1.37372525924713,0.169526992049748,0.830150536733995
"AENJPLPP_01337",6.24745002285424,6.30926995619595,3.73837002018394,1.68770611847714,0.091467656709358,0.79959027291245
"AENJPLPP_01338",0,NA,NA,NA,NA,NA
"AENJPLPP_01339",0,NA,NA,NA,NA,NA
"AENJPLPP_01340",0,NA,NA,NA,NA,NA
"AENJPLPP_01341",0,NA,NA,NA,NA,NA
"AENJPLPP_01342",0,NA,NA,NA,NA,NA
"AENJPLPP_01343",1.17008305780315,-1.13218474568359,3.90394682162491,-0.290010288924056,0.771808366287253,0.999399299569476
"AENJPLPP_01344",0,NA,NA,NA,NA,NA
"AENJPLPP_01345",0,NA,NA,NA,NA,NA
"AENJPLPP_01346",0,NA,NA,NA,NA,NA
"AENJPLPP_01347",18.6860906528301,-1.27040749397346,2.60470222948281,-0.487736171756459,0.62573672716561,0.999399299569476
"AENJPLPP_01348",0.0994802937278668,-0.686156850506019,4.07924677847551,-0.168206751826485,0.866420629438556,0.999399299569476
"AENJPLPP_01349",0,NA,NA,NA,NA,NA
"AENJPLPP_01350",0,NA,NA,NA,NA,NA
"AENJPLPP_01351",1.59168469964587,-4.08452852558401,3.93253092767297,-1.03865134202542,0.298966918513957,0.999399299569476
"AENJPLPP_01352",15.4735735106184,1.40848503172477,3.0220893619175,0.466063330050273,0.641170170247155,0.999399299569476
"AENJPLPP_01353",0,NA,NA,NA,NA,NA
"AENJPLPP_01354",0,NA,NA,NA,NA,NA
"AENJPLPP_01355",0,NA,NA,NA,NA,NA
"AENJPLPP_01356",0,NA,NA,NA,NA,NA
"AENJPLPP_01357",0,NA,NA,NA,NA,NA
"AENJPLPP_01358",0,NA,NA,NA,NA,NA
"AENJPLPP_01359",0,NA,NA,NA,NA,NA
"AENJPLPP_01360",47.3341170691561,1.50038545953941,2.61881818143926,0.57292463836295,0.566695721446894,0.999399299569476
"AENJPLPP_01361",3.41042751013356,4.41049489341258,3.6594764667232,1.20522564730738,0.228116203943168,0.90503179564194
"AENJPLPP_01362",471.2300078673,0.12125259198764,1.83458891146407,0.0660925132763809,0.947304171360162,0.999399299569476
"AENJPLPP_01363",0,NA,NA,NA,NA,NA
"AENJPLPP_01364",0,NA,NA,NA,NA,NA
"AENJPLPP_01365",0,NA,NA,NA,NA,NA
"AENJPLPP_01366",125.34637299541,0.203496933838399,1.94816812228474,0.104455530049298,0.916807857041804,0.999399299569476
"AENJPLPP_01367",2.2062897604621,0.503654548807406,3.44756046082376,0.146090127941386,0.883850239567469,0.999399299569476
"AENJPLPP_01368",55.7576868331967,-3.69620293516005,2.9776061332174,-1.24133373246588,0.214482488286992,0.891940469150511
"AENJPLPP_01369",92.5072711940032,1.81270686006868,3.05893977346566,0.592593184015177,0.553453441717727,0.999399299569476
"AENJPLPP_01370",0,NA,NA,NA,NA,NA
"AENJPLPP_01371",6.59453057967947,6.38727651262008,3.72477894102074,1.71480686874527,0.0863806417989791,0.79959027291245
"AENJPLPP_01372",25.6738809220944,0.440541740337839,2.62120333129615,0.168068510778215,0.866529381693303,0.999399299569476
"AENJPLPP_01373",5.20620835237853,6.0462199782831,3.79101158979091,1.59488301079464,0.110738399436915,0.79959027291245
"AENJPLPP_01374",6.63527080641195,6.39605191504178,3.34579497635158,1.91166881421298,0.0559186867730881,0.79959027291245
"AENJPLPP_01375",0.173540278412618,1.22879329931982,4.0804728567969,0.301139927269213,0.763307795727942,0.999399299569476
"AENJPLPP_01376",5.01197043133321,2.16924282464242,3.47776170192087,0.623746826426974,0.532793865372094,0.999399299569476
"AENJPLPP_01377",0,NA,NA,NA,NA,NA
"AENJPLPP_01378",3.98299538333598,1.75186598937737,3.15137166878929,0.555905863699795,0.57827520950979,0.999399299569476
"AENJPLPP_01379",0,NA,NA,NA,NA,NA
"AENJPLPP_01380",0,NA,NA,NA,NA,NA
"AENJPLPP_01381",0,NA,NA,NA,NA,NA
"AENJPLPP_01382",0.198960587455734,-1.34627142813778,4.04117414497344,-0.333138681937853,0.73902960147275,0.999399299569476
"AENJPLPP_01383",11.7996824765697,-0.21626953590869,3.37913218204096,-0.0640015022372002,0.948969030649824,0.999399299569476
"AENJPLPP_01384",0,NA,NA,NA,NA,NA
"AENJPLPP_01385",244.890400774804,-0.479928397452124,1.93588286201908,-0.247911899458405,0.804202572825893,0.999399299569476
"AENJPLPP_01386",11.68684304151,1.40801664983628,3.36633233272109,0.418264303898404,0.6757538853359,0.999399299569476
"AENJPLPP_01387",3.68077086793107,-5.28569395327656,3.91802885759827,-1.34906968411577,0.177314584617392,0.830150536733995
"AENJPLPP_01388",0,NA,NA,NA,NA,NA
"AENJPLPP_01389",6.56340877704153,-6.11667334537119,3.73035922095279,-1.63970089288315,0.101067373210204,0.79959027291245
"AENJPLPP_01390",42.9160421179802,-1.31134230947001,2.66037935864399,-0.492915532970607,0.622072271475946,0.999399299569476
"AENJPLPP_01391",4.51204723872806,5.83975536199833,3.83978053249119,1.5208565470302,0.128295840399512,0.79959027291245
"AENJPLPP_01392",4.47661321775401,-5.56716787612413,3.84202838961817,-1.44901789147826,0.14733258616746,0.825255292180703
"AENJPLPP_01393",0,NA,NA,NA,NA,NA
"AENJPLPP_01403",0,NA,NA,NA,NA,NA
"AENJPLPP_01404",0,NA,NA,NA,NA,NA
"AENJPLPP_01405",0,NA,NA,NA,NA,NA
"AENJPLPP_01406",0.452648881175278,-2.29072930073655,3.99425800100669,-0.573505592317572,0.56630241370824,0.999399299569476
"AENJPLPP_01407",0,NA,NA,NA,NA,NA
"AENJPLPP_01408",0,NA,NA,NA,NA,NA
"AENJPLPP_01409",0,NA,NA,NA,NA,NA
"AENJPLPP_01410",0,NA,NA,NA,NA,NA
"AENJPLPP_01411",0,NA,NA,NA,NA,NA
"AENJPLPP_01412",0,NA,NA,NA,NA,NA
"AENJPLPP_01413",9.50562650468084,-6.65012861052624,3.65800494207831,-1.81796599945213,NA,NA
"AENJPLPP_01414",0,NA,NA,NA,NA,NA
"AENJPLPP_01415",0,NA,NA,NA,NA,NA
"AENJPLPP_01416",0,NA,NA,NA,NA,NA
"AENJPLPP_01417",0,NA,NA,NA,NA,NA
"AENJPLPP_01418",18.0776858512681,-2.9605963334667,3.36503744692894,-0.879810813448347,0.378961805726154,0.999399299569476
"AENJPLPP_01419",5.47141615503267,-5.85583182424245,3.77497207146759,-1.55122520468499,0.120847723951595,0.79959027291245
"AENJPLPP_01420",0,NA,NA,NA,NA,NA
"AENJPLPP_01421",0,NA,NA,NA,NA,NA
"AENJPLPP_01422",0,NA,NA,NA,NA,NA
"AENJPLPP_01423",0,NA,NA,NA,NA,NA
"AENJPLPP_01424",0,NA,NA,NA,NA,NA
"AENJPLPP_01425",0,NA,NA,NA,NA,NA
"AENJPLPP_01426",0.156074232574738,1.22879329931982,4.0804728567969,0.301139927269213,0.763307795727942,0.999399299569476
"AENJPLPP_01427",0,NA,NA,NA,NA,NA
"AENJPLPP_01428",4.57609351148187,-5.5987805224142,3.83378616036928,-1.46037892783121,0.144185960834016,0.824971173147143
"AENJPLPP_01429",0,NA,NA,NA,NA,NA
"AENJPLPP_01430",0,NA,NA,NA,NA,NA
"AENJPLPP_01431",0,NA,NA,NA,NA,NA
"AENJPLPP_01432",0,NA,NA,NA,NA,NA
"AENJPLPP_01433",0,NA,NA,NA,NA,NA
"AENJPLPP_01434",3.374583218576,5.4229979240269,3.212083599944,1.68831157573901,0.0913514342951769,0.79959027291245
"AENJPLPP_01435",0,NA,NA,NA,NA,NA
"AENJPLPP_01436",0.11316222029382,-0.710228645321143,4.07832283361702,-0.174147235100378,0.861749752068016,0.999399299569476
"AENJPLPP_01437",35.1328401521206,-2.76385535969441,2.94877571839544,-0.937289106951256,0.348609864680122,0.999399299569476
"AENJPLPP_01438",26.0295847747253,-0.500509563086783,2.74747747144317,-0.182170579482088,0.855448860814051,0.999399299569476
"AENJPLPP_01439",0,NA,NA,NA,NA,NA
"AENJPLPP_01440",0,NA,NA,NA,NA,NA
"AENJPLPP_01441",2.0289650234716,4.6902147086402,3.92925192368324,1.19366607174519,0.232608617290593,0.90503179564194
"AENJPLPP_01442",0,NA,NA,NA,NA,NA
"AENJPLPP_01443",0,NA,NA,NA,NA,NA
"AENJPLPP_01444",0,NA,NA,NA,NA,NA
"AENJPLPP_01445",26.01070424715,0.0796447666871289,3.00440842748871,0.026509300785613,0.978851115253038,0.999399299569476
"AENJPLPP_01446",0,NA,NA,NA,NA,NA
"AENJPLPP_01447",51.3537909019431,-2.27743770858,2.62874021365146,-0.866360889049785,0.386292284925119,0.999399299569476
"AENJPLPP_01448",0,NA,NA,NA,NA,NA
"AENJPLPP_01449",0,NA,NA,NA,NA,NA
"AENJPLPP_01450",0,NA,NA,NA,NA,NA
"AENJPLPP_01451",14.9718936769742,0.120436191165886,3.37375611798154,0.035697954136039,NA,NA
"AENJPLPP_01452",0,NA,NA,NA,NA,NA
"AENJPLPP_01453",0,NA,NA,NA,NA,NA
"AENJPLPP_01454",0,NA,NA,NA,NA,NA
"AENJPLPP_01455",28.9140524015174,0.394077176129424,2.30613158748369,0.170882346119467,0.864316278236919,0.999399299569476
"AENJPLPP_01456",0,NA,NA,NA,NA,NA
"AENJPLPP_01457",83.2836069723526,-0.227064460744231,1.92929136490933,-0.117693192886344,0.906310760583653,0.999399299569476
"AENJPLPP_01458",0,NA,NA,NA,NA,NA
"AENJPLPP_01459",0,NA,NA,NA,NA,NA
"AENJPLPP_01460",0,NA,NA,NA,NA,NA
"AENJPLPP_01461",0,NA,NA,NA,NA,NA
"AENJPLPP_01462",0,NA,NA,NA,NA,NA
"AENJPLPP_01463",1050.67779434945,0.864344319160696,1.85183687451242,0.466749707307927,0.640678961823166,0.999399299569476
"AENJPLPP_01464",121.776517316652,1.45419216661816,2.34747590987846,0.619470538759843,0.53560642443768,0.999399299569476
"AENJPLPP_01465",0,NA,NA,NA,NA,NA
"AENJPLPP_01466",0,NA,NA,NA,NA,NA
"AENJPLPP_01467",0,NA,NA,NA,NA,NA
"AENJPLPP_01468",0,NA,NA,NA,NA,NA
"AENJPLPP_01469",0,NA,NA,NA,NA,NA
"AENJPLPP_01470",0,NA,NA,NA,NA,NA
"AENJPLPP_01471",0.969382628235552,-2.13628591395555,3.95737847509978,-0.539823503715217,0.589318756423667,0.999399299569476
"AENJPLPP_01472",0,NA,NA,NA,NA,NA
"AENJPLPP_01473",0,NA,NA,NA,NA,NA
"AENJPLPP_01474",0,NA,NA,NA,NA,NA
"AENJPLPP_01475",0,NA,NA,NA,NA,NA
"AENJPLPP_01476",0,NA,NA,NA,NA,NA
"AENJPLPP_01477",0,NA,NA,NA,NA,NA
"AENJPLPP_01478",0,NA,NA,NA,NA,NA
"AENJPLPP_01479",0,NA,NA,NA,NA,NA
"AENJPLPP_01480",0,NA,NA,NA,NA,NA
"AENJPLPP_01481",0,NA,NA,NA,NA,NA
"AENJPLPP_01482",0.795842349822934,-3.0980676724468,3.9573787140383,-0.782858527402697,0.433710193839788,0.999399299569476
"AENJPLPP_01483",0,NA,NA,NA,NA,NA
"AENJPLPP_01484",0.520620835237853,2.72340529683195,3.99393356664367,0.681885477409327,0.495311369073051,0.999399299569476
"AENJPLPP_01485",0,NA,NA,NA,NA,NA
"AENJPLPP_01486",0,NA,NA,NA,NA,NA
"AENJPLPP_01487",0,NA,NA,NA,NA,NA
"AENJPLPP_01488",0,NA,NA,NA,NA,NA
"AENJPLPP_01489",0,NA,NA,NA,NA,NA
"AENJPLPP_01490",0,NA,NA,NA,NA,NA
"AENJPLPP_01491",0,NA,NA,NA,NA,NA
"AENJPLPP_01492",0,NA,NA,NA,NA,NA
"AENJPLPP_01493",0,NA,NA,NA,NA,NA
"AENJPLPP_01494",0,NA,NA,NA,NA,NA
"AENJPLPP_01495",0,NA,NA,NA,NA,NA
"AENJPLPP_01496",0,NA,NA,NA,NA,NA
"AENJPLPP_01497",0,NA,NA,NA,NA,NA
"AENJPLPP_01498",0.226324440587639,-1.46875160539669,4.03475243563539,-0.364025210673278,0.7158391836705,0.999399299569476
"AENJPLPP_01499",0,NA,NA,NA,NA,NA
"AENJPLPP_01500",0,NA,NA,NA,NA,NA
"AENJPLPP_01501",0,NA,NA,NA,NA,NA
"AENJPLPP_01502",0,NA,NA,NA,NA,NA
"AENJPLPP_01503",0,NA,NA,NA,NA,NA
"AENJPLPP_01504",0.11316222029382,-0.710228645321143,4.07832283361702,-0.174147235100378,0.861749752068016,0.999399299569476
"AENJPLPP_01505",0,NA,NA,NA,NA,NA
"AENJPLPP_01506",1.38832222730094,4.13906659884109,3.93967100392889,1.05061224521371,0.293436714747767,0.999399299569476
"AENJPLPP_01507",0,NA,NA,NA,NA,NA
"AENJPLPP_01508",0,NA,NA,NA,NA,NA
"AENJPLPP_01509",0,NA,NA,NA,NA,NA
"AENJPLPP_01510",144.528332185906,-0.271220980343029,2.33934170984936,-0.115939017887427,0.907700872389762,0.999399299569476
"AENJPLPP_01511",0,NA,NA,NA,NA,NA
"AENJPLPP_01512",0,NA,NA,NA,NA,NA
"AENJPLPP_01513",0,NA,NA,NA,NA,NA
"AENJPLPP_01514",0,NA,NA,NA,NA,NA
"AENJPLPP_01515",0,NA,NA,NA,NA,NA
"AENJPLPP_01516",0,NA,NA,NA,NA,NA
"AENJPLPP_01517",0,NA,NA,NA,NA,NA
"AENJPLPP_01518",6.89567465141063,-1.04531696801937,3.42712765181722,-0.30501255693382,0.760356588690828,0.999399299569476
"AENJPLPP_01519",0,NA,NA,NA,NA,NA
"AENJPLPP_01520",0,NA,NA,NA,NA,NA
"AENJPLPP_01521",0,NA,NA,NA,NA,NA
"AENJPLPP_01522",0,NA,NA,NA,NA,NA
"AENJPLPP_01523",4.33850696031544,5.78316782442123,3.8561581415095,1.49972268050122,0.133686252989334,0.804091403232137
"AENJPLPP_01524",0,NA,NA,NA,NA,NA
"AENJPLPP_01525",0,NA,NA,NA,NA,NA
"AENJPLPP_01526",2.45498420681976,3.22545759931173,3.79701912949676,0.849470990086693,0.395619265887911,0.999399299569476
"AENJPLPP_01527",0,NA,NA,NA,NA,NA
"AENJPLPP_01528",8.91522964967606,0.982312726618796,3.38648103951454,0.290068869471542,0.771763550975744,0.999399299569476
"AENJPLPP_01529",9.95723398059681,-5.72592935473783,3.01684618392781,-1.89798518242084,0.0576980339899761,0.79959027291245
"AENJPLPP_01530",259.38238767513,-0.667425232921193,1.89257662849866,-0.352654271891039,0.724347645159035,0.999399299569476
"AENJPLPP_01531",0,NA,NA,NA,NA,NA
"AENJPLPP_01532",0,NA,NA,NA,NA,NA
"AENJPLPP_01533",117.151811081158,-1.29820567188631,1.86713623624552,-0.69529241984868,0.486872063693055,0.999399299569476
"AENJPLPP_01534",0,NA,NA,NA,NA,NA
"AENJPLPP_01535",2.26733482321043,-4.58075782010165,3.77024794572266,-1.21497521808838,0.224375543371093,0.902601617651895
"AENJPLPP_01536",6.26725850485561,-6.05123521183134,3.73702658113902,-1.61926469626207,0.105390323184328,0.79959027291245
"AENJPLPP_01537",21.5523566720477,-0.240202698286484,2.98260802001789,-0.0805344506131393,0.935812197581162,0.999399299569476
"AENJPLPP_01538",0,NA,NA,NA,NA,NA
"AENJPLPP_01539",0,NA,NA,NA,NA,NA
"AENJPLPP_01540",5.98109684738331,-2.56628322251,3.02492371365517,-0.848379485051219,0.396226663968967,0.999399299569476
"AENJPLPP_01541",0,NA,NA,NA,NA,NA
"AENJPLPP_01542",0,NA,NA,NA,NA,NA
"AENJPLPP_01543",0,NA,NA,NA,NA,NA
"AENJPLPP_01544",0,NA,NA,NA,NA,NA
"AENJPLPP_01545",20.0602521607804,0.360418257354955,2.69412944985159,0.133779116432141,0.893577241409737,0.999399299569476
"AENJPLPP_01546",471.791475273881,-0.163592408092226,1.85121782162593,-0.0883701562188629,0.929582480362638,0.999399299569476
"AENJPLPP_01547",0,NA,NA,NA,NA,NA
"AENJPLPP_01548",5.19373629964719,-0.590500049850181,3.14327266200196,-0.187861542203624,0.850985190795018,0.999399299569476
"AENJPLPP_01549",31.769256742687,-0.055606849356554,2.67688396624388,-0.0207729771098669,0.983426754229081,0.999399299569476
"AENJPLPP_01550",0,NA,NA,NA,NA,NA
"AENJPLPP_01551",0,NA,NA,NA,NA,NA
"AENJPLPP_01552",0,NA,NA,NA,NA,NA
"AENJPLPP_01553",0,NA,NA,NA,NA,NA
"AENJPLPP_01554",0.473721001708086,1.27972788917508,4.02743380271914,0.317752681201382,0.750672546685722,0.999399299569476
"AENJPLPP_01555",0,NA,NA,NA,NA,NA
"AENJPLPP_01556",0.2984408811836,-1.78430495789986,4.02033436118155,-0.443820040225576,0.657172698296208,0.999399299569476
"AENJPLPP_01557",0,NA,NA,NA,NA,NA
"AENJPLPP_01558",482.259925593234,-0.0454551357725463,1.84209467819748,-0.0246757869237346,0.980313568434683,0.999399299569476
"AENJPLPP_01559",0.0994802937278668,-0.686156850506019,4.07924677847551,-0.168206751826485,0.866420629438556,0.999399299569476
"AENJPLPP_01560",14.6421893058725,-0.714705638898204,2.96698188612004,-0.240886418026917,0.809643149074367,0.999399299569476
"AENJPLPP_01561",0,NA,NA,NA,NA,NA
"AENJPLPP_01562",0,NA,NA,NA,NA,NA
"AENJPLPP_01563",0,NA,NA,NA,NA,NA
"AENJPLPP_01564",37.4240707980219,22.2893290009832,3.58512857608401,6.21716307461684,NA,NA
"AENJPLPP_01565",161.397255562996,-1.28622667396877,2.33710952578322,-0.55034933527034,0.582079791829641,0.999399299569476
"AENJPLPP_01566",0,NA,NA,NA,NA,NA
"AENJPLPP_01567",0,NA,NA,NA,NA,NA
"AENJPLPP_01568",9.34174242149685,0.111858481373044,3.39479519786809,0.0329499939917703,0.973714464978242,0.999399299569476
"AENJPLPP_01569",0,NA,NA,NA,NA,NA
"AENJPLPP_01570",0,NA,NA,NA,NA,NA
"AENJPLPP_01571",0,NA,NA,NA,NA,NA
"AENJPLPP_01572",0,NA,NA,NA,NA,NA
"AENJPLPP_01573",11.2373447453811,7.15705795302953,3.62683082026221,1.9733641594322,NA,NA
"AENJPLPP_01574",0.173540278412618,1.22879329931982,4.0804728567969,0.301139927269213,0.763307795727942,0.999399299569476
"AENJPLPP_01575",0,NA,NA,NA,NA,NA
"AENJPLPP_01576",0,NA,NA,NA,NA,NA
"AENJPLPP_01577",49.7982781676484,3.5961448960976,3.10520215323098,1.15810331135955,NA,NA
"AENJPLPP_01578",0,NA,NA,NA,NA,NA
"AENJPLPP_01579",8.93629621858614,5.1667412521143,2.98427111048747,1.73132435386218,0.0833939301387536,0.79959027291245
"AENJPLPP_01580",0,NA,NA,NA,NA,NA
"AENJPLPP_01581",0,NA,NA,NA,NA,NA
"AENJPLPP_01582",0,NA,NA,NA,NA,NA
"AENJPLPP_01583",0,NA,NA,NA,NA,NA
"AENJPLPP_01584",6.5449874535087,-6.11304771982972,3.34953219878677,-1.82504521737212,0.0679942060873216,0.79959027291245
"AENJPLPP_01585",0,NA,NA,NA,NA,NA
"AENJPLPP_01586",0,NA,NA,NA,NA,NA
"AENJPLPP_01587",45.0884148137463,0.898340927128229,2.72390861967544,0.329798481725598,0.741552234661552,0.999399299569476
"AENJPLPP_01588",0,NA,NA,NA,NA,NA
"AENJPLPP_01589",0,NA,NA,NA,NA,NA
"AENJPLPP_01590",0,NA,NA,NA,NA,NA
"AENJPLPP_01591",53.0928383846268,-2.96863710673712,2.45989159792094,-1.20681623094536,0.227502923859391,0.90503179564194
"AENJPLPP_01592",0,NA,NA,NA,NA,NA
"AENJPLPP_01593",0.258376805764143,-0.710228645321143,4.07832283361702,-0.174147235100378,0.861749752068016,0.999399299569476
"AENJPLPP_01594",0,NA,NA,NA,NA,NA
"AENJPLPP_01595",7.9384245269144,-5.38432760056878,3.4656692664147,-1.55361841729894,0.120275463526457,0.79959027291245
"AENJPLPP_01596",51.3027186662492,1.57493159714985,2.66909837598598,0.590061277366016,0.555149568285741,0.999399299569476
"AENJPLPP_01597",2.64802120818929,1.33317180410517,3.76212876405219,0.354366340898234,0.723064356103353,0.999399299569476
"AENJPLPP_01598",0,NA,NA,NA,NA,NA
"AENJPLPP_01599",0,NA,NA,NA,NA,NA
"AENJPLPP_01600",0,NA,NA,NA,NA,NA
"AENJPLPP_01601",0,NA,NA,NA,NA,NA
"AENJPLPP_01602",0,NA,NA,NA,NA,NA
"AENJPLPP_01603",0,NA,NA,NA,NA,NA
"AENJPLPP_01604",9.6162786748954,0.448408508838638,2.35269826418966,0.190593292673289,0.848844245536291,0.999399299569476
"AENJPLPP_01605",0,NA,NA,NA,NA,NA
"AENJPLPP_01606",86.0668699652307,-0.449296573233959,2.27828153525161,-0.197208539103724,0.843664348597555,0.999399299569476
"AENJPLPP_01607",0,NA,NA,NA,NA,NA
"AENJPLPP_01608",0,NA,NA,NA,NA,NA
"AENJPLPP_01609",11.7937833397158,-1.47123180986007,2.98966553619236,-0.492105819881724,0.622644538219252,0.999399299569476
"AENJPLPP_01610",0,NA,NA,NA,NA,NA
"AENJPLPP_01611",0,NA,NA,NA,NA,NA
"AENJPLPP_01612",0,NA,NA,NA,NA,NA
"AENJPLPP_01613",0.18712035399011,1.22879329931982,4.0804728567969,0.301139927269213,0.763307795727942,0.999399299569476
"AENJPLPP_01614",0,NA,NA,NA,NA,NA
"AENJPLPP_01615",0,NA,NA,NA,NA,NA
"AENJPLPP_01616",59.6200522073589,1.84186132545742,2.09064060032979,0.881003327480999,0.37831601899013,0.999399299569476
"AENJPLPP_01617",0,NA,NA,NA,NA,NA
"AENJPLPP_01618",0,NA,NA,NA,NA,NA
"AENJPLPP_01619",0,NA,NA,NA,NA,NA
"AENJPLPP_01620",0,NA,NA,NA,NA,NA
"AENJPLPP_01621",0,NA,NA,NA,NA,NA
"AENJPLPP_01622",0,NA,NA,NA,NA,NA
"AENJPLPP_01623",67.4897413507569,0.12285978989386,2.33171596946707,0.052690718553487,0.957978334275515,0.999399299569476
"AENJPLPP_01624",0,NA,NA,NA,NA,NA
"AENJPLPP_01625",130.618542459735,1.32043883017353,2.27103105672424,0.58142702463882,0.560952688085733,0.999399299569476
"AENJPLPP_01626",11.3329941465381,0.37053386687834,3.09970500267735,0.119538429159644,0.904848796224523,0.999399299569476
"AENJPLPP_01627",0,NA,NA,NA,NA,NA
"AENJPLPP_01628",5.59411581535906,-3.29186580332578,3.45585449772939,-0.952547569780107,0.340819352830553,0.999399299569476
"AENJPLPP_01629",0,NA,NA,NA,NA,NA
"AENJPLPP_01630",0,NA,NA,NA,NA,NA
"AENJPLPP_01631",0,NA,NA,NA,NA,NA
"AENJPLPP_01632",0,NA,NA,NA,NA,NA
"AENJPLPP_01633",33.8050332729284,2.63101078401971,2.94311230790634,0.893955278890241,0.37134581932422,0.999399299569476
"AENJPLPP_01634",0,NA,NA,NA,NA,NA
"AENJPLPP_01635",0,NA,NA,NA,NA,NA
"AENJPLPP_01636",110.033120023159,0.177594882135007,1.93832566212486,0.0916228297469483,0.926997712226841,0.999399299569476
"AENJPLPP_01637",110.514614263186,-0.567261534986897,2.69719080630524,-0.210315686106006,0.833421293328595,0.999399299569476
"AENJPLPP_01638",0,NA,NA,NA,NA,NA
"AENJPLPP_01639",3.5812905742032,-5.24634619757344,3.91833901687382,-1.33892094966278,0.180596408780383,0.830150536733995
"AENJPLPP_01640",315.380352962439,-0.381515775099031,1.88166575917555,-0.202754274099238,0.839327099499791,0.999399299569476
"AENJPLPP_01641",0,NA,NA,NA,NA,NA
"AENJPLPP_01642",63.1463144433665,-1.35234734157548,2.68733856601425,-0.503229239024106,0.614803109892958,0.999399299569476
"AENJPLPP_01643",0,NA,NA,NA,NA,NA
"AENJPLPP_01644",0,NA,NA,NA,NA,NA
"AENJPLPP_01645",2.99392566384175,5.24602793416591,3.92207505450716,1.337564391619,0.181038478632385,0.830150536733995
"AENJPLPP_01646",3.47080556825235,5.461213679008,3.91995654823438,1.39318219776386,0.163564701686559,0.830150536733995
"AENJPLPP_01647",0,NA,NA,NA,NA,NA
"AENJPLPP_01648",0,NA,NA,NA,NA,NA
"AENJPLPP_01649",0,NA,NA,NA,NA,NA
"AENJPLPP_01650",0,NA,NA,NA,NA,NA
"AENJPLPP_01651",0,NA,NA,NA,NA,NA
"AENJPLPP_01652",100.455287128189,-0.993064080682463,1.85698398980566,-0.534772559232667,0.592807140298906,0.999399299569476
"AENJPLPP_01653",0,NA,NA,NA,NA,NA
"AENJPLPP_01654",0,NA,NA,NA,NA,NA
"AENJPLPP_01655",0,NA,NA,NA,NA,NA
"AENJPLPP_01656",0,NA,NA,NA,NA,NA
"AENJPLPP_01657",23.4362371056725,0.817917009453156,2.6275695594849,0.311282723801039,0.755585699748893,0.999399299569476
"AENJPLPP_01658",16.731200040291,-1.51372602121103,2.59648143648779,-0.582991274244819,0.55989917428177,0.999399299569476
"AENJPLPP_01659",0,NA,NA,NA,NA,NA
"AENJPLPP_01660",152.307671537535,-0.806776253258605,2.46976189028039,-0.326661552449096,0.743923882949272,0.999399299569476
"AENJPLPP_01661",1.24478442323201,-3.72923331286087,3.93964411758875,-0.946591418298803,0.343847018564886,0.999399299569476
"AENJPLPP_01662",10.6850901436707,-5.83485991276078,2.97587803578193,-1.9607187668992,0.049911838619719,0.79959027291245
"AENJPLPP_01663",0,NA,NA,NA,NA,NA
"AENJPLPP_01664",0,NA,NA,NA,NA,NA
"AENJPLPP_01665",0,NA,NA,NA,NA,NA
"AENJPLPP_01666",0,NA,NA,NA,NA,NA
"AENJPLPP_01667",0,NA,NA,NA,NA,NA
"AENJPLPP_01668",0,NA,NA,NA,NA,NA
"AENJPLPP_01669",0,NA,NA,NA,NA,NA
"AENJPLPP_01670",0,NA,NA,NA,NA,NA
"AENJPLPP_01671",0,NA,NA,NA,NA,NA
"AENJPLPP_01672",0,NA,NA,NA,NA,NA
"AENJPLPP_01673",0,NA,NA,NA,NA,NA
"AENJPLPP_01674",47.4355567948815,-0.593657880275212,2.70456124347065,-0.219502472613042,0.826258653963471,0.999399299569476
"AENJPLPP_01675",0,NA,NA,NA,NA,NA
"AENJPLPP_01676",0,NA,NA,NA,NA,NA
"AENJPLPP_01677",0,NA,NA,NA,NA,NA
"AENJPLPP_01678",0,NA,NA,NA,NA,NA
"AENJPLPP_01679",94.373707450564,3.30534989016766,2.25042424400424,1.4687674552805,0.141895874127088,0.820770252303744
"AENJPLPP_01680",0,NA,NA,NA,NA,NA
"AENJPLPP_01681",0,NA,NA,NA,NA,NA
"AENJPLPP_01682",0,NA,NA,NA,NA,NA
"AENJPLPP_01683",0,NA,NA,NA,NA,NA
"AENJPLPP_01684",0,NA,NA,NA,NA,NA
"AENJPLPP_01685",3.47080556825235,5.461213679008,3.91995654823438,1.39318219776386,0.163564701686559,0.830150536733995
"AENJPLPP_01686",0,NA,NA,NA,NA,NA
"AENJPLPP_01687",7.44645634189824,-0.732591545034993,3.42148243092446,-0.214115243852663,0.830457188575435,0.999399299569476
"AENJPLPP_01688",0,NA,NA,NA,NA,NA
"AENJPLPP_01689",0,NA,NA,NA,NA,NA
"AENJPLPP_01690",51.6171165996319,-0.325890883430073,2.64193690064968,-0.123353015490239,0.901827561053561,0.999399299569476
"AENJPLPP_01691",0,NA,NA,NA,NA,NA
"AENJPLPP_01692",21.2571417515798,8.07645647115349,3.29134912901894,2.45384374448324,NA,NA
"AENJPLPP_01693",0,NA,NA,NA,NA,NA
"AENJPLPP_01694",8.90139481712973,4.35189788002076,3.36379135858167,1.29374786248803,0.195752527036745,0.866204932137598
"AENJPLPP_01695",0,NA,NA,NA,NA,NA
"AENJPLPP_01696",0,NA,NA,NA,NA,NA
"AENJPLPP_01697",2.88492851810814,-4.93600299829125,3.9211027206368,-1.25883032145856,0.208091625793108,0.881153535056939
"AENJPLPP_01698",1.90894306253879,4.59859954024267,3.93072190801586,1.16991220642316,0.242036301169854,0.919322431482063
"AENJPLPP_01699",0,NA,NA,NA,NA,NA
"AENJPLPP_01700",0,NA,NA,NA,NA,NA
"AENJPLPP_01701",0,NA,NA,NA,NA,NA
"AENJPLPP_01702",9.23185883469024,1.05580706827374,3.38627950947826,0.311789698788453,0.755200353260236,0.999399299569476
"AENJPLPP_01703",2040.72063574261,0.347236709052306,1.82506968356791,0.190259425258479,0.849105846812043,0.999399299569476
"AENJPLPP_01704",2.3875270494688,-4.66468189935687,3.92405128025804,-1.18874132018227,0.234541475369433,0.90503179564194
"AENJPLPP_01705",55.7015437785531,9.4655767242506,3.16633084365243,2.98944652079751,0.00279483368095452,0.412237967940791
"AENJPLPP_01706",43.3084544616621,0.15434130023589,2.44593455110325,0.0631011570470167,0.949685952946869,0.999399299569476
"AENJPLPP_01707",0,NA,NA,NA,NA,NA
"AENJPLPP_01708",0,NA,NA,NA,NA,NA
"AENJPLPP_01709",124.528748422982,-0.735977009944105,2.30472964554059,-0.3193333375861,0.749473755236643,0.999399299569476
"AENJPLPP_01710",0,NA,NA,NA,NA,NA
"AENJPLPP_01711",0.0994802937278668,-0.686156850506019,4.07924677847551,-0.168206751826485,0.866420629438556,0.999399299569476
"AENJPLPP_01712",9.83267665220851,6.96450936095403,3.64436178943369,1.91103676400807,0.0559998565342595,0.79959027291245
"AENJPLPP_01713",0,NA,NA,NA,NA,NA
"AENJPLPP_01714",5.20620835237853,6.0462199782831,3.79101158979091,1.59488301079464,0.110738399436915,0.79959027291245
"AENJPLPP_01715",24.8568427483997,-0.351217563599748,2.98873543479626,-0.117513768368625,0.906452934057967,0.999399299569476
"AENJPLPP_01716",0,NA,NA,NA,NA,NA
"AENJPLPP_01717",39.4476303766323,8.96794030866256,2.6618427070783,3.36907221633166,0.000754216652206009,0.217608420095999
"AENJPLPP_01718",0,NA,NA,NA,NA,NA
"AENJPLPP_01719",0,NA,NA,NA,NA,NA
"AENJPLPP_01720",0,NA,NA,NA,NA,NA
"AENJPLPP_01721",75.2178132209418,-0.287262183675997,1.89455338455494,-0.151625278030093,0.879482494935808,0.999399299569476
"AENJPLPP_01722",0.0994802937278668,-0.686156850506019,4.07924677847551,-0.168206751826485,0.866420629438556,0.999399299569476
"AENJPLPP_01723",0,NA,NA,NA,NA,NA
"AENJPLPP_01724",0,NA,NA,NA,NA,NA
"AENJPLPP_01725",0,NA,NA,NA,NA,NA
"AENJPLPP_01726",0,NA,NA,NA,NA,NA
"AENJPLPP_01727",26.5567386365993,2.7647612361347,2.96151269140669,0.933563865573529,0.350528911987098,0.999399299569476
"AENJPLPP_01728",9.0093934770539,5.84429521443855,3.40517432088656,1.71629839288725,0.0861074423247717,0.79959027291245
"AENJPLPP_01729",0,NA,NA,NA,NA,NA
"AENJPLPP_01730",29.9994949551196,0.573491764577751,2.63720730202637,0.217461768795003,NA,NA
"AENJPLPP_01731",0,NA,NA,NA,NA,NA
"AENJPLPP_01732",0,NA,NA,NA,NA,NA
"AENJPLPP_01733",47.5669458326089,-0.431841508480421,2.63399432813042,-0.163949293234407,0.869771061683266,0.999399299569476
"AENJPLPP_01734",37.2567307563646,1.04428117018984,2.29573348854662,0.454879094372123,0.649196223685185,0.999399299569476
"AENJPLPP_01735",14.0225536328384,-0.109497740354162,3.0098502185257,-0.0363797971341567,0.970979523066096,0.999399299569476
"AENJPLPP_01736",1.56186250571356,4.30903305327285,3.93602748305237,1.09476701365185,0.273618721253293,0.997796443188681
"AENJPLPP_01737",6.555117768139,6.37990511207728,3.72219190625523,1.7140183184418,0.0865253616233973,0.79959027291245
"AENJPLPP_01738",0,NA,NA,NA,NA,NA
"AENJPLPP_01739",0,NA,NA,NA,NA,NA
"AENJPLPP_01740",0,NA,NA,NA,NA,NA
"AENJPLPP_01741",0,NA,NA,NA,NA,NA
"AENJPLPP_01742",391.955051048971,-0.00295386798393971,2.39859663320097,-0.00123149842831127,0.999017406665762,0.999399299569476
"AENJPLPP_01743",0.156074232574738,1.22879329931982,4.0804728567969,0.301139927269213,0.763307795727942,0.999399299569476
"AENJPLPP_01744",0,NA,NA,NA,NA,NA
"AENJPLPP_01745",0,NA,NA,NA,NA,NA
"AENJPLPP_01746",0,NA,NA,NA,NA,NA
"AENJPLPP_01747",95.5471267340257,2.34768048289103,2.25406123718449,1.04153358576162,0.297627974070423,0.999399299569476
"AENJPLPP_01748",0,NA,NA,NA,NA,NA
"AENJPLPP_01749",0.446560850553102,1.18478982571022,4.03559030090369,0.293585259495968,0.769074840879829,0.999399299569476
"AENJPLPP_01750",40.4487969591254,0.142654478912494,2.39765121322481,0.0594975941978757,0.952555781636487,0.999399299569476
"AENJPLPP_01751",0,NA,NA,NA,NA,NA
"AENJPLPP_01752",27.6336226026504,-1.82787709774599,2.98502245355494,-0.612349530426187,0.540306525851688,0.999399299569476
"AENJPLPP_01753",4.69879317180826,-3.01277804875298,3.50395360368578,-0.859822471845479,0.389886909971371,0.999399299569476
"AENJPLPP_01754",19.2853772801188,3.97858265081225,2.60622880069239,1.52656691145277,0.126868740176141,0.79959027291245
"AENJPLPP_01755",0,NA,NA,NA,NA,NA
"AENJPLPP_01756",0,NA,NA,NA,NA,NA
"AENJPLPP_01757",18.2316063708392,-1.46618924098515,2.30313192381824,-0.636606711852803,0.524381052190865,0.999399299569476
"AENJPLPP_01758",0,NA,NA,NA,NA,NA
"AENJPLPP_01759",0,NA,NA,NA,NA,NA
"AENJPLPP_01760",0,NA,NA,NA,NA,NA
"AENJPLPP_01761",0,NA,NA,NA,NA,NA
"AENJPLPP_01762",29.7354539804182,3.56380130682155,2.66789313506081,1.33581111626509,NA,NA
"AENJPLPP_01763",19.6276885956035,0.519143781183859,2.61886052836652,0.19823269531183,0.842863007877431,0.999399299569476
"AENJPLPP_01764",875.944153190509,0.448022550075154,1.88810299659372,0.237287134697324,0.812434042156239,0.999399299569476
"AENJPLPP_01765",0,NA,NA,NA,NA,NA
"AENJPLPP_01766",9.22808612767979,6.87287185167523,3.21784446468432,2.13586204277573,0.0326906602592131,0.74182652126676
"AENJPLPP_01767",45.3059894504482,0.555501113533138,2.70711083369752,0.205200727882428,0.837415300777207,0.999399299569476
"AENJPLPP_01768",18.835755565703,-0.39797090467867,2.73646689141039,-0.145432384337584,0.884369497455233,0.999399299569476
"AENJPLPP_01769",48.7625714969863,-0.0386076749894465,2.29190707204244,-0.0168452183163959,0.986560096005951,0.999399299569476
"AENJPLPP_01770",0,NA,NA,NA,NA,NA
"AENJPLPP_01771",0,NA,NA,NA,NA,NA
"AENJPLPP_01772",0,NA,NA,NA,NA,NA
"AENJPLPP_01773",0,NA,NA,NA,NA,NA
"AENJPLPP_01774",0,NA,NA,NA,NA,NA
"AENJPLPP_01775",0,NA,NA,NA,NA,NA
"AENJPLPP_01776",0,NA,NA,NA,NA,NA
"AENJPLPP_01777",45.1887131416712,0.210548102313064,2.27447540722487,0.0925699621302818,0.926245208000532,0.999399299569476
"AENJPLPP_01778",0,NA,NA,NA,NA,NA
"AENJPLPP_01779",0,NA,NA,NA,NA,NA
"AENJPLPP_01780",0,NA,NA,NA,NA,NA
"AENJPLPP_01781",10.4124167047571,7.04626723964928,3.64046712325844,1.93553931434559,0.0529241491180424,0.79959027291245
"AENJPLPP_01782",0,NA,NA,NA,NA,NA
"AENJPLPP_01783",4.68558751714068,5.89420688625174,3.82583084720293,1.54063447174122,0.123405773259117,0.79959027291245
"AENJPLPP_01784",7.03966934286493,-6.2129532811527,3.289421557504,-1.8887677278637,0.0589229588685614,0.79959027291245
"AENJPLPP_01785",961.833934109964,0.614634297565916,1.83788117052916,0.33442548268175,0.738058512863031,0.999399299569476
"AENJPLPP_01786",41.6779312983058,1.3480017204389,3.4084252943413,0.395491056435024,NA,NA
"AENJPLPP_01787",3.68077086793107,-5.28569395327656,3.91802885759827,-1.34906968411577,0.177314584617392,0.830150536733995
"AENJPLPP_01788",0.0994802937278668,-0.686156850506019,4.07924677847551,-0.168206751826485,0.866420629438556,0.999399299569476
"AENJPLPP_01789",0,NA,NA,NA,NA,NA
"AENJPLPP_01790",8.05790379195721,-6.41295915967948,3.68113704811632,-1.7421136664719,NA,NA
"AENJPLPP_01791",0,NA,NA,NA,NA,NA
"AENJPLPP_01792",0.198960587455734,-1.34627142813778,4.04117414497344,-0.333138681937853,0.73902960147275,0.999399299569476
"AENJPLPP_01793",0,NA,NA,NA,NA,NA
"AENJPLPP_01794",18.4524016405133,-2.141365602134,2.59848758847784,-0.824081520200134,0.409893239625407,0.999399299569476
"AENJPLPP_01795",0,NA,NA,NA,NA,NA
"AENJPLPP_01796",0,NA,NA,NA,NA,NA
"AENJPLPP_01797",0,NA,NA,NA,NA,NA
"AENJPLPP_01798",9.35242110398992,1.63366875855107,2.64709902326815,0.617154380773455,0.537132902455811,0.999399299569476
"AENJPLPP_01799",41.0215458122292,-1.49333622156386,2.65621082460225,-0.562205457387773,0.573976043588148,0.999399299569476
"AENJPLPP_01800",0.258376805764143,-0.710228645321143,4.07832283361702,-0.174147235100378,0.861749752068016,0.999399299569476
"AENJPLPP_01801",0,NA,NA,NA,NA,NA
"AENJPLPP_01802",3.62119104940222,-5.26064932031496,3.9182253004196,-1.34261021686313,0.17939822035248,0.830150536733995
"AENJPLPP_01803",0,NA,NA,NA,NA,NA
"AENJPLPP_01804",7.47367402342677,0.498001051715211,3.0440625996965,0.16359750675458,0.870048007582978,0.999399299569476
"AENJPLPP_01805",0,NA,NA,NA,NA,NA
"AENJPLPP_01806",8.3309243640977,-5.46945971103467,3.42177946797241,-1.59842554502076,NA,NA
"AENJPLPP_01807",0,NA,NA,NA,NA,NA
"AENJPLPP_01808",30.2425597077352,-0.574382646549946,3.0068473102732,-0.191024879975618,0.848506100671027,0.999399299569476
"AENJPLPP_01809",0,NA,NA,NA,NA,NA
"AENJPLPP_01810",0,NA,NA,NA,NA,NA
"AENJPLPP_01811",7.63103578064781,-3.77877558153236,2.9776089528726,-1.26906374924983,0.204418328157347,0.881153535056939
"AENJPLPP_01812",0,NA,NA,NA,NA,NA
"AENJPLPP_01813",57.0571162471954,-1.57153866743692,2.31698393539843,-0.678269125403618,0.497601070827895,0.999399299569476
"AENJPLPP_01814",0,NA,NA,NA,NA,NA
"AENJPLPP_01815",0,NA,NA,NA,NA,NA
"AENJPLPP_01816",0,NA,NA,NA,NA,NA
"AENJPLPP_01817",20.8965515751434,-2.1634759311976,2.9396765492067,-0.735957135073732,0.461756784612521,0.999399299569476
"AENJPLPP_01818",0,NA,NA,NA,NA,NA
"AENJPLPP_01819",0,NA,NA,NA,NA,NA
"AENJPLPP_01820",0,NA,NA,NA,NA,NA
"AENJPLPP_01821",0,NA,NA,NA,NA,NA
"AENJPLPP_01822",0,NA,NA,NA,NA,NA
"AENJPLPP_01823",39.6828128688039,0.00199139803305966,2.64508815734671,0.000752866412988382,0.999399299569476,0.999399299569476
"AENJPLPP_01824",0.226324440587639,-1.46875160539669,4.03475243563539,-0.364025210673278,0.7158391836705,0.999399299569476
"AENJPLPP_01825",5.65696500426487,6.16621747396835,3.36796515853387,1.83084360547619,0.0671238897196513,0.79959027291245
"AENJPLPP_01826",28.0895818265204,-1.82798652213219,2.33300589427838,-0.783532749152186,0.433314330124739,0.999399299569476
"AENJPLPP_01827",5.68919422419773,-0.993648407516497,3.45787003155662,-0.287358517945566,0.773837820197115,0.999399299569476
"AENJPLPP_01828",0,NA,NA,NA,NA,NA
"AENJPLPP_01829",0,NA,NA,NA,NA,NA
"AENJPLPP_01830",4.97401468639334,-5.71871952901674,3.80418538672939,-1.50327046336019,0.132769313513148,0.804091403232137
"AENJPLPP_01831",0,NA,NA,NA,NA,NA
"AENJPLPP_01832",11.0310119684012,3.66489132438736,3.33610192358592,1.09855496274767,0.271962231355921,0.997796443188681
"AENJPLPP_01833",5.96903649721457,2.3935263297,3.09372503468354,0.773671319482613,0.439125184675876,0.999399299569476
"AENJPLPP_01834",0,NA,NA,NA,NA,NA
"AENJPLPP_01835",0,NA,NA,NA,NA,NA
"AENJPLPP_01836",7.98616556532801,3.55914008050846,2.61878630075265,1.35907999804549,0.174121240295797,0.830150536733995
"AENJPLPP_01837",0,NA,NA,NA,NA,NA
"AENJPLPP_01838",0.312148465149476,2.0054524115314,4.0491146001973,0.495281712064577,0.620401278235885,0.999399299569476
"AENJPLPP_01839",42.600381218429,2.25208177646137,2.57643957387641,0.874106188748289,NA,NA
"AENJPLPP_01840",0,NA,NA,NA,NA,NA
"AENJPLPP_01841",0,NA,NA,NA,NA,NA
"AENJPLPP_01842",4.33850696031544,5.78316782442123,3.8561581415095,1.49972268050122,0.133686252989334,0.804091403232137
"AENJPLPP_01843",0,NA,NA,NA,NA,NA
"AENJPLPP_01844",0,NA,NA,NA,NA,NA
"AENJPLPP_01845",0,NA,NA,NA,NA,NA
"AENJPLPP_01846",2.77664445460188,5.1392503843566,3.92324904026619,1.30994752859428,0.190213586937189,0.85083477783168
"AENJPLPP_01847",18.4664452461423,-4.58399879246354,2.51423649072707,-1.8232170320374,0.0682705264494406,0.79959027291245
"AENJPLPP_01848",0,NA,NA,NA,NA,NA
"AENJPLPP_01849",14.7624426206385,-2.64798536798715,3.33255750649249,-0.794580547470928,NA,NA
"AENJPLPP_01850",22.4557243179054,-7.88955625190067,3.13144106952944,-2.51946502479966,0.0117533316391008,0.455211062494393
"AENJPLPP_01851",0,NA,NA,NA,NA,NA
"AENJPLPP_01852",17.9651582793157,-7.56822644540144,3.12350882138986,-2.42298865736317,0.0153934073031383,0.523967902433746
"AENJPLPP_01853",0,NA,NA,NA,NA,NA
"AENJPLPP_01854",0,NA,NA,NA,NA,NA
"AENJPLPP_01855",12.6091470644297,-1.40123621358335,2.70779176069129,-0.517483003650778,0.604819030558582,0.999399299569476
"AENJPLPP_01856",0,NA,NA,NA,NA,NA
"AENJPLPP_01857",9.20837972190955,6.86992394499649,3.6542986898377,1.87995687492683,0.0601139555532074,0.79959027291245
"AENJPLPP_01858",6.97338877183789,1.85414557973074,3.01571559151832,0.61482773274294,0.538668492398441,0.999399299569476
"AENJPLPP_01859",17.6199862853741,-2.19520743959358,3.08439471067021,-0.711714175880097,0.476641787581839,0.999399299569476
"AENJPLPP_01860",0,NA,NA,NA,NA,NA
"AENJPLPP_01861",0,NA,NA,NA,NA,NA
"AENJPLPP_01862",69.6087469000096,-0.323672742865725,2.67869559067629,-0.120832222964166,0.903823926856802,0.999399299569476
"AENJPLPP_01863",0,NA,NA,NA,NA,NA
"AENJPLPP_01864",16.4414958306144,-1.68427285073934,2.93770151469502,-0.573330150226032,0.566421174776464,0.999399299569476
"AENJPLPP_01865",0,NA,NA,NA,NA,NA
"AENJPLPP_01866",0,NA,NA,NA,NA,NA
"AENJPLPP_01867",0,NA,NA,NA,NA,NA
"AENJPLPP_01868",0,NA,NA,NA,NA,NA
"AENJPLPP_01869",0,NA,NA,NA,NA,NA
"AENJPLPP_01870",0,NA,NA,NA,NA,NA
"AENJPLPP_01871",0,NA,NA,NA,NA,NA
"AENJPLPP_01872",36.7087035437066,0.430302759426701,2.42039464822367,0.177782065310093,0.85889413277482,0.999399299569476
"AENJPLPP_01873",0,NA,NA,NA,NA,NA
"AENJPLPP_01874",0,NA,NA,NA,NA,NA
"AENJPLPP_01875",0.468222697724215,2.58474965953197,4.00261799710797,0.645764762312951,0.518431711894092,0.999399299569476
"AENJPLPP_01876",0,NA,NA,NA,NA,NA
"AENJPLPP_01877",0,NA,NA,NA,NA,NA
"AENJPLPP_01878",7.75540903809852,-5.36313446903126,3.4378112490106,-1.56004331842674,0.118749644759207,0.79959027291245
"AENJPLPP_01879",201.651707544515,1.85756727478058,1.90396695341339,0.975629997910612,0.32924785338207,0.999399299569476
"AENJPLPP_01880",116.011449394588,-0.133624784618261,2.34974433502117,-0.0568677973287069,0.95465050679241,0.999399299569476
"AENJPLPP_01881",0,NA,NA,NA,NA,NA
"AENJPLPP_01882",9.94802937278668,-6.71636200584411,3.64640810209882,-1.84191177119705,NA,NA
"AENJPLPP_01883",1.09251962802317,3.79987715089802,3.94834615173865,0.96239716703277,0.3358501361954,0.999399299569476
"AENJPLPP_01884",0,NA,NA,NA,NA,NA
"AENJPLPP_01885",0,NA,NA,NA,NA,NA
"AENJPLPP_01886",43.4545587527949,-0.394171279083834,2.62141572689475,-0.150365802356255,0.880476020246199,0.999399299569476
"AENJPLPP_01887",0,NA,NA,NA,NA,NA
"AENJPLPP_01888",153.980933565978,2.21988609539945,2.24037280331435,0.990855670143563,0.321756061115631,0.999399299569476
"AENJPLPP_01889",0,NA,NA,NA,NA,NA
"AENJPLPP_01890",0,NA,NA,NA,NA,NA
"AENJPLPP_01891",0,NA,NA,NA,NA,NA
"AENJPLPP_01892",0.867701392063088,3.4607694268841,3.95928928206162,0.874088549822271,0.382070032598583,0.999399299569476
"AENJPLPP_01893",52.4688852726304,-9.11134160422776,2.86640399359758,-3.17866623985276,0.00147954348587664,0.261879197000165
"AENJPLPP_01894",7.03200458419716,-0.373475291487777,3.08961222871048,-0.120880959758389,0.903785323479696,0.999399299569476
"AENJPLPP_01895",0,NA,NA,NA,NA,NA
"AENJPLPP_01896",12.301332343434,-1.66780981646283,3.36091685687447,-0.496236559095911,NA,NA
"AENJPLPP_01897",0,NA,NA,NA,NA,NA
"AENJPLPP_01898",0,NA,NA,NA,NA,NA
"AENJPLPP_01899",0,NA,NA,NA,NA,NA
"AENJPLPP_01900",28.493993204073,-2.12248198920208,2.66060852443624,-0.797743061299035,0.425019609417749,0.999399299569476
"AENJPLPP_01901",0,NA,NA,NA,NA,NA
"AENJPLPP_01902",0,NA,NA,NA,NA,NA
"AENJPLPP_01903",0,NA,NA,NA,NA,NA
"AENJPLPP_01904",0,NA,NA,NA,NA,NA
"AENJPLPP_01905",0,NA,NA,NA,NA,NA
"AENJPLPP_01906",0,NA,NA,NA,NA,NA
"AENJPLPP_01907",0,NA,NA,NA,NA,NA
"AENJPLPP_01908",0,NA,NA,NA,NA,NA
"AENJPLPP_01909",8.05570518944024,-2.49479959127096,2.62526414072667,-0.950304219894767,0.341957695315794,0.999399299569476
"AENJPLPP_01910",0,NA,NA,NA,NA,NA
"AENJPLPP_01911",16.699942885497,21.1675087665914,3.5926587013419,5.89187855742743,NA,NA
"AENJPLPP_01912",0,NA,NA,NA,NA,NA
"AENJPLPP_01913",16.241005788019,-1.12669139460297,2.64800422409959,-0.425487008045118,0.67048169054685,0.999399299569476
"AENJPLPP_01914",31.7489716834724,2.82748391057865,2.70645513721787,1.0447185588619,0.296153064726039,0.999399299569476
"AENJPLPP_01915",0,NA,NA,NA,NA,NA
"AENJPLPP_01916",0,NA,NA,NA,NA,NA
"AENJPLPP_01917",0,NA,NA,NA,NA,NA
"AENJPLPP_01918",0,NA,NA,NA,NA,NA
"AENJPLPP_01919",0,NA,NA,NA,NA,NA
"AENJPLPP_01920",0,NA,NA,NA,NA,NA
"AENJPLPP_01921",0,NA,NA,NA,NA,NA
"AENJPLPP_01922",0,NA,NA,NA,NA,NA
"AENJPLPP_01923",0,NA,NA,NA,NA,NA
"AENJPLPP_01924",0,NA,NA,NA,NA,NA
"AENJPLPP_01925",0,NA,NA,NA,NA,NA
"AENJPLPP_01926",0,NA,NA,NA,NA,NA
"AENJPLPP_01927",0,NA,NA,NA,NA,NA
"AENJPLPP_01928",0.446560850553102,1.18478982571022,4.03559030090369,0.293585259495968,0.769074840879829,0.999399299569476
"AENJPLPP_01929",0,NA,NA,NA,NA,NA
"AENJPLPP_01930",0,NA,NA,NA,NA,NA
"AENJPLPP_01931",585.124876943597,0.164883004780785,1.85423931862551,0.0889221812549026,0.929143755287864,0.999399299569476
"AENJPLPP_01932",0,NA,NA,NA,NA,NA
"AENJPLPP_01933",0,NA,NA,NA,NA,NA
"AENJPLPP_01934",8.15730696774065,-2.52088501085353,2.98056557798651,-0.845774046869482,0.397678806266661,0.999399299569476
"AENJPLPP_01935",685.016459254994,1.26939347146162,1.83269500151248,0.692637602227334,0.488537006440048,0.999399299569476
"AENJPLPP_01936",12.7478922512012,-0.345197287063754,3.37612342217781,-0.102246643234707,0.91856090577861,0.999399299569476
"AENJPLPP_01937",0,NA,NA,NA,NA,NA
"AENJPLPP_01938",0,NA,NA,NA,NA,NA
"AENJPLPP_01939",25.9094427873727,8.36191412833793,3.18864589517343,2.62240286417352,0.00873121531338314,0.453150377532009
"AENJPLPP_01940",21.485622300731,0.645849209640477,2.75919655521524,0.234071475777881,0.814929489879438,0.999399299569476
"AENJPLPP_01941",76.9092796557969,-5.29614353182356,2.46887002443317,-2.14516903660795,0.0319393342871558,0.74182652126676
"AENJPLPP_01942",0,NA,NA,NA,NA,NA
"AENJPLPP_01943",0,NA,NA,NA,NA,NA
"AENJPLPP_01944",0,NA,NA,NA,NA,NA
"AENJPLPP_01945",8.96982509497651,-2.55783511056757,3.37120346959193,-0.758730564215154,NA,NA
"AENJPLPP_01946",0,NA,NA,NA,NA,NA
"AENJPLPP_01947",185.515350730071,0.222368832408293,1.90039723956893,0.117011763529363,0.90685073157254,0.999399299569476
"AENJPLPP_01948",39.5124746932755,8.97057041666556,2.72232014556513,3.29519304747435,0.000983540881789824,0.217608420095999
"AENJPLPP_01949",0,NA,NA,NA,NA,NA
"AENJPLPP_01950",2.58648763692454,-4.77940493487997,3.92273734974713,-1.21838515015237,0.223077645526065,0.901478156577935
"AENJPLPP_01951",0,NA,NA,NA,NA,NA
"AENJPLPP_01952",9.71825559110659,6.94672819433702,3.65012435253108,1.90314836521117,0.057021188508948,0.79959027291245
"AENJPLPP_01953",0,NA,NA,NA,NA,NA
"AENJPLPP_01954",5.59826030189245,-5.88998361797142,3.40071667401372,-1.73198304433275,0.0832765814034394,0.79959027291245
"AENJPLPP_01955",0,NA,NA,NA,NA,NA
"AENJPLPP_01956",236.193919033662,0.375635624275622,2.39658758917478,0.156737699040228,0.875451574727536,0.999399299569476
"AENJPLPP_01957",0,NA,NA,NA,NA,NA
"AENJPLPP_01958",0,NA,NA,NA,NA,NA
"AENJPLPP_01959",0,NA,NA,NA,NA,NA
"AENJPLPP_01960",0,NA,NA,NA,NA,NA
"AENJPLPP_01961",14.2215617187996,1.25677123560976,2.97059657070212,0.42307031793035,0.672243957705998,0.999399299569476
"AENJPLPP_01962",31.3539096042118,0.876167046551131,2.99867012677999,0.292185205276971,0.770145022804138,0.999399299569476
"AENJPLPP_01963",0,NA,NA,NA,NA,NA
"AENJPLPP_01964",0,NA,NA,NA,NA,NA
"AENJPLPP_01965",36.1684392456561,-0.952938605685049,2.83167087916571,-0.336528730332464,0.736472189973632,0.999399299569476
"AENJPLPP_01966",3.59911650225193,1.25103091611715,2.87405727423938,0.435283919819669,0.663356355307615,0.999399299569476
"AENJPLPP_01967",7.46223197174256,6.5656227161193,3.69684880768615,1.77600520271986,0.07573205961868,0.79959027291245
"AENJPLPP_01968",0,NA,NA,NA,NA,NA
"AENJPLPP_01969",34.8153667379721,2.68120590591986,3.09722302009041,0.865680607604935,NA,NA
"AENJPLPP_01970",0,NA,NA,NA,NA,NA
"AENJPLPP_01971",115.186241926927,1.78083390988603,2.38035822412153,0.748136936634084,0.454377564642274,0.999399299569476
"AENJPLPP_01972",160.919221814436,3.03292590394498,2.25528694306512,1.34480710459973,0.17868753534835,0.830150536733995
"AENJPLPP_01973",0.156074232574738,1.22879329931982,4.0804728567969,0.301139927269213,0.763307795727942,0.999399299569476
"AENJPLPP_01974",0,NA,NA,NA,NA,NA
"AENJPLPP_01975",18.1046109786696,21.2795661640796,3.58839839507798,5.93010134918901,NA,NA
"AENJPLPP_01976",27.9295728375338,-1.79684112309669,2.95035744622635,-0.609024891338146,0.542507940216868,0.999399299569476
"AENJPLPP_01977",0,NA,NA,NA,NA,NA
"AENJPLPP_01978",0,NA,NA,NA,NA,NA
"AENJPLPP_01979",119.199417696838,1.50613344893604,1.85181451136894,0.813328462267341,0.41602976265817,0.999399299569476
"AENJPLPP_01980",0,NA,NA,NA,NA,NA
"AENJPLPP_01981",0,NA,NA,NA,NA,NA
"AENJPLPP_01982",14.7259158692613,-7.28157136419075,3.15746006657275,-2.30614836313496,0.0211023437240979,0.5492815939949
"AENJPLPP_01983",0,NA,NA,NA,NA,NA
"AENJPLPP_01984",26.3022573824683,0.531139587658852,3.00230170084428,0.176910797309108,0.859578457371314,0.999399299569476
"AENJPLPP_01985",4.15610061439835,-5.4513972796751,3.4487353951339,-1.58069456049511,0.113947892712075,0.79959027291245
"AENJPLPP_01986",0,NA,NA,NA,NA,NA
"AENJPLPP_01987",5.37193586130481,-5.82943044456962,3.78056383830468,-1.5419473639106,0.123086384945994,0.79959027291245
"AENJPLPP_01988",5.27245556757694,-5.80254021499942,3.7863791792494,-1.53247731943997,0.125404690263144,0.79959027291245
"AENJPLPP_01989",0,NA,NA,NA,NA,NA
"AENJPLPP_01990",0,NA,NA,NA,NA,NA
"AENJPLPP_01991",92.8430266011406,-1.88062285169739,1.90851505485594,-0.985385390024787,0.32443480330508,0.999399299569476
"AENJPLPP_01992",0,NA,NA,NA,NA,NA
"AENJPLPP_01993",90.2039819063858,0.305791151224544,2.46836571229711,0.123884054012389,0.901407078735072,0.999399299569476
"AENJPLPP_01994",0,NA,NA,NA,NA,NA
"AENJPLPP_01995",0,NA,NA,NA,NA,NA
"AENJPLPP_01996",5.27245556757694,-5.80254021499942,3.7863791792494,-1.53247731943997,0.125404690263144,0.79959027291245
"AENJPLPP_01997",54.7017710317402,-3.1447609193603,3.00129449859051,-1.0478015139258,0.294730064858083,0.999399299569476
"AENJPLPP_01998",120.093269270997,1.58392326245529,1.86930096314817,0.847334535038029,0.396808682454209,0.999399299569476
"AENJPLPP_01999",0,NA,NA,NA,NA,NA
"AENJPLPP_02000",0,NA,NA,NA,NA,NA
"AENJPLPP_02001",0,NA,NA,NA,NA,NA
"AENJPLPP_02002",0,NA,NA,NA,NA,NA
"AENJPLPP_02003",0,NA,NA,NA,NA,NA
"AENJPLPP_02004",0,NA,NA,NA,NA,NA
"AENJPLPP_02005",93.5343763867465,-0.497668716840473,2.29642825006494,-0.216714246058591,0.828431045086226,0.999399299569476
"AENJPLPP_02006",0,NA,NA,NA,NA,NA
"AENJPLPP_02007",0,NA,NA,NA,NA,NA
"AENJPLPP_02008",5.25174363504644,-5.79566384336337,3.40164832342455,-1.70378101800032,0.0884220055141697,0.79959027291245
"AENJPLPP_02009",17.9742168013202,1.94715922034781,2.94701601345682,0.66072230739724,0.508790415253859,0.999399299569476
"AENJPLPP_02010",0,NA,NA,NA,NA,NA
"AENJPLPP_02011",0,NA,NA,NA,NA,NA
"AENJPLPP_02012",9.1779031777492,0.766203907647336,3.02953022249335,0.252911788751438,0.800336379462191,0.999399299569476
"AENJPLPP_02013",6.9017358131537,-0.281317128292939,3.42317253567458,-0.0821802364213878,0.934503389329353,0.999399299569476
"AENJPLPP_02014",0,NA,NA,NA,NA,NA
"AENJPLPP_02015",84.8688871691835,0.853755107907877,2.09719696885022,0.407093430225558,NA,NA
"AENJPLPP_02016",0,NA,NA,NA,NA,NA
"AENJPLPP_02017",0,NA,NA,NA,NA,NA
"AENJPLPP_02018",114.204963452015,1.44609223715287,1.89737866018571,0.762152683329607,0.445968882593947,0.999399299569476
"AENJPLPP_02019",0,NA,NA,NA,NA,NA
"AENJPLPP_02020",0,NA,NA,NA,NA,NA
"AENJPLPP_02021",0,NA,NA,NA,NA,NA
"AENJPLPP_02022",0,NA,NA,NA,NA,NA
"AENJPLPP_02023",0,NA,NA,NA,NA,NA
"AENJPLPP_02024",0,NA,NA,NA,NA,NA
"AENJPLPP_02025",9.92711328674314,-0.372437304660618,2.64836958736429,-0.140628901055791,0.888163115381422,0.999399299569476
"AENJPLPP_02026",0,NA,NA,NA,NA,NA
"AENJPLPP_02027",0,NA,NA,NA,NA,NA
"AENJPLPP_02028",0,NA,NA,NA,NA,NA
"AENJPLPP_02029",0,NA,NA,NA,NA,NA
"AENJPLPP_02030",66.2445510361736,-1.10694893304903,1.92563678597589,-0.57484824817991,0.565393932732471,0.999399299569476
"AENJPLPP_02031",0,NA,NA,NA,NA,NA
"AENJPLPP_02032",0,NA,NA,NA,NA,NA
"AENJPLPP_02033",78.5394860141735,-1.47595243208029,2.25284433415831,-0.655150650979941,0.512370763603788,0.999399299569476
"AENJPLPP_02034",0,NA,NA,NA,NA,NA
"AENJPLPP_02035",9.07835829418426,-2.09950286434145,3.37007259103758,-0.622984463279782,NA,NA
"AENJPLPP_02036",5.17077433140448,-2.69655358891707,3.47102457696791,-0.776875394893523,0.437232289203106,0.999399299569476
"AENJPLPP_02037",0,NA,NA,NA,NA,NA
"AENJPLPP_02038",8.9234042415757,-2.2413029567142,3.37354666316601,-0.664375857368688,NA,NA
"AENJPLPP_02039",0,NA,NA,NA,NA,NA
"AENJPLPP_02040",0,NA,NA,NA,NA,NA
"AENJPLPP_02041",0,NA,NA,NA,NA,NA
"AENJPLPP_02042",0,NA,NA,NA,NA,NA
"AENJPLPP_02043",6.75365526127196,0.0713123770990276,3.43061581617776,0.020787048425166,0.983415529367613,0.999399299569476
"AENJPLPP_02044",0,NA,NA,NA,NA,NA
"AENJPLPP_02045",0,NA,NA,NA,NA,NA
"AENJPLPP_02046",2.5890491401919,-4.77946397096742,3.73842312747143,-1.27847057649681,0.201083552932169,0.876645046034331
"AENJPLPP_02047",0,NA,NA,NA,NA,NA
"AENJPLPP_02048",244.657569856709,-0.0560119740895099,1.88870353714027,-0.0296563081436904,0.976341157631181,0.999399299569476
"AENJPLPP_02049",0,NA,NA,NA,NA,NA
"AENJPLPP_02050",0,NA,NA,NA,NA,NA
"AENJPLPP_02051",0,NA,NA,NA,NA,NA
"AENJPLPP_02052",0,NA,NA,NA,NA,NA
"AENJPLPP_02053",0,NA,NA,NA,NA,NA
"AENJPLPP_02054",73.1590902134067,-1.02704442560902,2.39594587931133,-0.428659275853188,0.668171201295512,0.999399299569476
"AENJPLPP_02055",0,NA,NA,NA,NA,NA
"AENJPLPP_02056",0,NA,NA,NA,NA,NA
"AENJPLPP_02057",0,NA,NA,NA,NA,NA
"AENJPLPP_02058",138.469860208665,0.0153888704407637,1.91604527480183,0.00803157975604486,0.993591795408769,0.999399299569476
"AENJPLPP_02059",7.29769380561427,6.53255172987042,3.7044469651318,1.76343507988054,0.0778271376280793,0.79959027291245
"AENJPLPP_02060",0,NA,NA,NA,NA,NA
"AENJPLPP_02061",19.8619605284984,7.97837463037989,3.13426771763635,2.54553067866092,0.0109111775613344,0.455211062494393
"AENJPLPP_02062",0,NA,NA,NA,NA,NA
"AENJPLPP_02063",525.667882612132,2.57564203292003,2.31025143069756,1.11487520306062,0.26490390418087,0.980920314644644
"AENJPLPP_02064",0,NA,NA,NA,NA,NA
"AENJPLPP_02065",0,NA,NA,NA,NA,NA
"AENJPLPP_02066",0,NA,NA,NA,NA,NA
"AENJPLPP_02067",0,NA,NA,NA,NA,NA
"AENJPLPP_02068",0,NA,NA,NA,NA,NA
"AENJPLPP_02069",0,NA,NA,NA,NA,NA
"AENJPLPP_02070",18.0917412908669,0.415668765454228,2.7823940292049,0.149392487581283,0.881243939254253,0.999399299569476
"AENJPLPP_02071",0,NA,NA,NA,NA,NA
"AENJPLPP_02072",0,NA,NA,NA,NA,NA
"AENJPLPP_02073",0,NA,NA,NA,NA,NA
"AENJPLPP_02074",0,NA,NA,NA,NA,NA
"AENJPLPP_02075",52.1985691562956,0.0767222577815703,2.27500864527515,0.0337239411994811,0.973097287512171,0.999399299569476
"AENJPLPP_02076",10.6710625448183,-2.20072649871179,2.5970147035773,-0.847406252910452,0.396768720400832,0.999399299569476
"AENJPLPP_02077",0.2984408811836,-1.78430495789986,4.02033436118155,-0.443820040225576,0.657172698296208,0.999399299569476
"AENJPLPP_02078",10.291619469456,7.02876741646148,3.64490183625106,1.92838318622344,0.0538074816208484,0.79959027291245
"AENJPLPP_02079",12.0787282065264,-1.1164528923231,3.37474268282,-0.330826079868753,NA,NA
"AENJPLPP_02080",0,NA,NA,NA,NA,NA
"AENJPLPP_02081",0,NA,NA,NA,NA,NA
"AENJPLPP_02082",0,NA,NA,NA,NA,NA
"AENJPLPP_02083",0,NA,NA,NA,NA,NA
"AENJPLPP_02084",0,NA,NA,NA,NA,NA
"AENJPLPP_02085",19.3003171995753,-3.18420008785985,3.0126124803118,-1.05695641529384,0.290531479350353,0.999399299569476
"AENJPLPP_02086",8.20591920210766,0.00682748330140072,3.03648593310222,0.00224848178184228,0.99820597261269,0.999399299569476
"AENJPLPP_02087",76.4210481848816,1.3111050960654,2.67306121246475,0.490488242450861,0.623788447734975,0.999399299569476
"AENJPLPP_02088",12.269133058228,-1.44712811539853,3.09468850138933,-0.467616729357043,0.640058699214276,0.999399299569476
"AENJPLPP_02089",0,NA,NA,NA,NA,NA
"AENJPLPP_02091",0,NA,NA,NA,NA,NA
"AENJPLPP_02092",0,NA,NA,NA,NA,NA
"AENJPLPP_02093",0,NA,NA,NA,NA,NA
"AENJPLPP_02094",5.09145364433049,4.2095090843346,3.49829311877135,1.20330370881358,0.228858814380758,0.90503179564194
"AENJPLPP_02095",0,NA,NA,NA,NA,NA
"AENJPLPP_02096",0,NA,NA,NA,NA,NA
"AENJPLPP_02097",17.4380090328952,0.116230406605577,3.00829576782725,0.0386366287014142,0.969180098603733,0.999399299569476
"AENJPLPP_02098",0,NA,NA,NA,NA,NA
"AENJPLPP_02099",0,NA,NA,NA,NA,NA
"AENJPLPP_02100",0,NA,NA,NA,NA,NA
"AENJPLPP_02101",71.203419001106,0.0793317103702957,2.69401471367777,0.0294473931294885,0.976507774924912,0.999399299569476
"AENJPLPP_02102",0,NA,NA,NA,NA,NA
"AENJPLPP_02103",0.0994802937278668,-0.686156850506019,4.07924677847551,-0.168206751826485,0.866420629438556,0.999399299569476
"AENJPLPP_02104",0,NA,NA,NA,NA,NA
"AENJPLPP_02105",0,NA,NA,NA,NA,NA
"AENJPLPP_02106",0,NA,NA,NA,NA,NA
"AENJPLPP_02107",0,NA,NA,NA,NA,NA
"AENJPLPP_02108",0,NA,NA,NA,NA,NA
"AENJPLPP_02109",0,NA,NA,NA,NA,NA
"AENJPLPP_02110",10.5446441470363,0.927667924137853,3.38564422290626,0.274000415596397,0.784084302276497,0.999399299569476
"AENJPLPP_02111",0,NA,NA,NA,NA,NA
"AENJPLPP_02112",0,NA,NA,NA,NA,NA
"AENJPLPP_02113",19.6364116282211,-1.67649824400994,2.94323964497911,-0.569609833460175,0.568942357433997,0.999399299569476
"AENJPLPP_02114",0,NA,NA,NA,NA,NA
"AENJPLPP_02115",0,NA,NA,NA,NA,NA
"AENJPLPP_02116",0,NA,NA,NA,NA,NA
"AENJPLPP_02117",0,NA,NA,NA,NA,NA
"AENJPLPP_02118",0.775130417292429,-2.97631685517073,3.96175374029742,-0.751262458566465,0.452494717745167,0.999399299569476
"AENJPLPP_02119",0,NA,NA,NA,NA,NA
"AENJPLPP_02120",0,NA,NA,NA,NA,NA
"AENJPLPP_02121",0.2984408811836,-1.78430495789986,4.02033436118155,-0.443820040225576,0.657172698296208,0.999399299569476
"AENJPLPP_02122",4.97913769292806,-5.71893521045994,3.80872492289884,-1.50153537633462,0.133217143823098,0.804091403232137
"AENJPLPP_02123",0,NA,NA,NA,NA,NA
"AENJPLPP_02124",0,NA,NA,NA,NA,NA
"AENJPLPP_02125",0,NA,NA,NA,NA,NA
"AENJPLPP_02126",0.867701392063088,3.4607694268841,3.95928928206162,0.874088549822271,0.382070032598583,0.999399299569476
"AENJPLPP_02127",209.270728653206,-2.01126627346587,2.29635457793046,-0.875851792573985,0.381110609579421,0.999399299569476
"AENJPLPP_02128",9.57966651732071,-6.65479755420349,2.85750704501365,-2.32888229123218,0.0198653023242774,0.5492815939949
"AENJPLPP_02129",0,NA,NA,NA,NA,NA
"AENJPLPP_02130",0,NA,NA,NA,NA,NA
"AENJPLPP_02131",0,NA,NA,NA,NA,NA
"AENJPLPP_02132",0,NA,NA,NA,NA,NA
"AENJPLPP_02133",0,NA,NA,NA,NA,NA
"AENJPLPP_02134",0,NA,NA,NA,NA,NA
"AENJPLPP_02135",6.59453057967947,6.38727651262008,3.72477894102074,1.71480686874527,0.0863806417989791,0.79959027291245
"AENJPLPP_02136",0,NA,NA,NA,NA,NA
"AENJPLPP_02137",0,NA,NA,NA,NA,NA
"AENJPLPP_02138",56.8688555028365,1.39493230607916,2.65898843390229,0.524610144329203,0.599854233280588,0.999399299569476
"AENJPLPP_02139",0,NA,NA,NA,NA,NA
"AENJPLPP_02140",0,NA,NA,NA,NA,NA
"AENJPLPP_02141",0,NA,NA,NA,NA,NA
"AENJPLPP_02142",0,NA,NA,NA,NA,NA
"AENJPLPP_02143",0,NA,NA,NA,NA,NA
"AENJPLPP_02144",0,NA,NA,NA,NA,NA
"AENJPLPP_02145",4.68558751714068,5.89420688625174,3.82583084720293,1.54063447174122,0.123405773259117,0.79959027291245
"AENJPLPP_02146",0,NA,NA,NA,NA,NA
"AENJPLPP_02148",65.4422661445414,-1.88704637103872,2.65034950642822,-0.711999065203225,0.476465354884313,0.999399299569476
"AENJPLPP_02149",0,NA,NA,NA,NA,NA
"AENJPLPP_02150",0,NA,NA,NA,NA,NA
"AENJPLPP_02151",110.833703425129,-0.713817473162506,3.07808679032976,-0.231902971483801,0.816613376529085,0.999399299569476
"AENJPLPP_02152",0,NA,NA,NA,NA,NA
"AENJPLPP_02153",0,NA,NA,NA,NA,NA
"AENJPLPP_02154",0,NA,NA,NA,NA,NA
"AENJPLPP_02155",0,NA,NA,NA,NA,NA
"AENJPLPP_02156",0,NA,NA,NA,NA,NA
"AENJPLPP_02157",0,NA,NA,NA,NA,NA
"AENJPLPP_02158",0,NA,NA,NA,NA,NA
"AENJPLPP_02159",0,NA,NA,NA,NA,NA
"AENJPLPP_02160",0,NA,NA,NA,NA,NA
"AENJPLPP_02161",0,NA,NA,NA,NA,NA
"AENJPLPP_02162",0,NA,NA,NA,NA,NA
"AENJPLPP_02163",0,NA,NA,NA,NA,NA
"AENJPLPP_02164",0,NA,NA,NA,NA,NA
"AENJPLPP_02165",154.266899213029,-0.365227582065624,2.3296011081291,-0.156776875144491,0.875420698418266,0.999399299569476
"AENJPLPP_02166",0,NA,NA,NA,NA,NA
"AENJPLPP_02167",0,NA,NA,NA,NA,NA
"AENJPLPP_02168",0,NA,NA,NA,NA,NA
"AENJPLPP_02169",0,NA,NA,NA,NA,NA
"AENJPLPP_02170",0,NA,NA,NA,NA,NA
"AENJPLPP_02171",0,NA,NA,NA,NA,NA
"AENJPLPP_02172",0,NA,NA,NA,NA,NA
"AENJPLPP_02173",0,NA,NA,NA,NA,NA
"AENJPLPP_02174",0,NA,NA,NA,NA,NA
"AENJPLPP_02175",0,NA,NA,NA,NA,NA
"AENJPLPP_02176",0,NA,NA,NA,NA,NA
"AENJPLPP_02177",0,NA,NA,NA,NA,NA
"AENJPLPP_02178",0,NA,NA,NA,NA,NA
"AENJPLPP_02179",0,NA,NA,NA,NA,NA
"AENJPLPP_02180",0,NA,NA,NA,NA,NA
"AENJPLPP_02181",214.762133392573,0.693282226630106,1.87498419112143,0.369753638410921,0.711566061955471,0.999399299569476
"AENJPLPP_02182",77.4045162120577,-1.39229942180681,2.83923915935427,-0.490377648258225,0.623866690314135,0.999399299569476
"AENJPLPP_02183",61.5426345755276,0.474174583833343,2.70498980030114,0.175296255749487,0.860846853699003,0.999399299569476
"AENJPLPP_02184",0.596881762367201,-2.69140357777283,3.97349596425415,-0.677338948368109,0.498190924445552,0.999399299569476
"AENJPLPP_02185",573.852581326484,-0.451383730897739,1.85423480763203,-0.243433964803079,0.80766923490168,0.999399299569476
"AENJPLPP_02186",0,NA,NA,NA,NA,NA
"AENJPLPP_02187",0,NA,NA,NA,NA,NA
"AENJPLPP_02188",0,NA,NA,NA,NA,NA
"AENJPLPP_02189",0,NA,NA,NA,NA,NA
"AENJPLPP_02190",0,NA,NA,NA,NA,NA
"AENJPLPP_02191",0,NA,NA,NA,NA,NA
"AENJPLPP_02192",0,NA,NA,NA,NA,NA
"AENJPLPP_02193",64.6450377360432,-2.91215734387141,2.67480497058785,-1.08873632877667,0.27627017656809,0.997955535766367
"AENJPLPP_02194",0,NA,NA,NA,NA,NA
"AENJPLPP_02195",14.6429335162149,2.49151483706487,2.93369142887042,0.849276380107977,0.395727520748239,0.999399299569476
"AENJPLPP_02196",9.55010819787521,-6.65757868226443,3.65237266869214,-1.82280924926766,NA,NA
"AENJPLPP_02197",198.19778152714,-0.182964370178495,1.90481698653705,-0.0960535166746511,0.923478068853986,0.999399299569476
"AENJPLPP_02198",0,NA,NA,NA,NA,NA
"AENJPLPP_02199",0,NA,NA,NA,NA,NA
"AENJPLPP_02200",0,NA,NA,NA,NA,NA
"AENJPLPP_02201",0,NA,NA,NA,NA,NA
"AENJPLPP_02202",0,NA,NA,NA,NA,NA
"AENJPLPP_02203",0,NA,NA,NA,NA,NA
"AENJPLPP_02205",0,NA,NA,NA,NA,NA
"AENJPLPP_02206",0,NA,NA,NA,NA,NA
"AENJPLPP_02207",0,NA,NA,NA,NA,NA
"AENJPLPP_02208",0,NA,NA,NA,NA,NA
"AENJPLPP_02209",0,NA,NA,NA,NA,NA
"AENJPLPP_02210",0,NA,NA,NA,NA,NA
"AENJPLPP_02211",0,NA,NA,NA,NA,NA
"AENJPLPP_02212",0,NA,NA,NA,NA,NA
"AENJPLPP_02213",0,NA,NA,NA,NA,NA
"AENJPLPP_02214",0,NA,NA,NA,NA,NA
"AENJPLPP_02215",0,NA,NA,NA,NA,NA
"AENJPLPP_02216",55.1142042861735,0.482642965502376,2.7633721670392,0.174657243515448,0.861348965998677,0.999399299569476
"AENJPLPP_02217",0,NA,NA,NA,NA,NA
"AENJPLPP_02218",0,NA,NA,NA,NA,NA
"AENJPLPP_02219",1.0434426129203,-1.03809845508759,3.91939037873387,-0.264862224676618,0.791115599659106,0.999399299569476
"AENJPLPP_02220",0,NA,NA,NA,NA,NA
"AENJPLPP_02221",0,NA,NA,NA,NA,NA
"AENJPLPP_02222",0,NA,NA,NA,NA,NA
"AENJPLPP_02223",149.234622285433,0.624711236519221,1.97290449178511,0.316645452996041,0.751512642572581,0.999399299569476
"AENJPLPP_02224",20.3808107747897,0.642245351153696,2.00708136131694,0.319989694255488,0.748976142949772,0.999399299569476
"AENJPLPP_02225",17.1681655832212,21.200564327099,3.5911102767441,5.90362386373736,NA,NA
"AENJPLPP_02226",0,NA,NA,NA,NA,NA
"AENJPLPP_02227",0,NA,NA,NA,NA,NA
"AENJPLPP_02228",0,NA,NA,NA,NA,NA
"AENJPLPP_02229",0,NA,NA,NA,NA,NA
"AENJPLPP_02230",1.21228824705045,2.62637417420399,3.95214762465389,0.664543540281847,0.50634249148151,0.999399299569476
"AENJPLPP_02231",0,NA,NA,NA,NA,NA
"AENJPLPP_02232",12.3213597672959,7.28913089819416,3.62071363553619,2.01317520022947,NA,NA
"AENJPLPP_02233",24.2456189584853,-7.99922067335982,2.76747909205214,-2.8904358108188,0.00384708087217089,0.451134791827686
"AENJPLPP_02234",0,NA,NA,NA,NA,NA
"AENJPLPP_02235",10.6130478150822,7.07463600125502,3.63391082327688,1.94683808857903,0.0515541489950284,0.79959027291245
"AENJPLPP_02236",0,NA,NA,NA,NA,NA
"AENJPLPP_02237",0,NA,NA,NA,NA,NA
"AENJPLPP_02238",0,NA,NA,NA,NA,NA
"AENJPLPP_02239",30.924726394534,-1.32053332693473,2.66681063753564,-0.495173263653626,0.620477821651132,0.999399299569476
"AENJPLPP_02240",0,NA,NA,NA,NA,NA
"AENJPLPP_02241",0,NA,NA,NA,NA,NA
"AENJPLPP_02242",14.3588293968759,20.8134536806952,3.60289449822062,5.77687015009028,NA,NA
"AENJPLPP_02243",94.4700066954119,-0.150868754524119,1.94630407507336,-0.0775155107859662,0.938213452576339,0.999399299569476
"AENJPLPP_02244",0,NA,NA,NA,NA,NA
"AENJPLPP_02245",15.5976066329817,3.56790416831027,3.31347676767951,1.0767856298594,NA,NA
"AENJPLPP_02246",0,NA,NA,NA,NA,NA
"AENJPLPP_02247",0,NA,NA,NA,NA,NA
"AENJPLPP_02248",17.73574280856,-0.453203577096241,2.9708234475531,-0.152551501325169,0.878751973541285,0.999399299569476
"AENJPLPP_02249",0,NA,NA,NA,NA,NA
"AENJPLPP_02250",0,NA,NA,NA,NA,NA
"AENJPLPP_02251",148.728702180875,-2.63232366342717,1.90997472571055,-1.37819816565787,0.168142113458548,0.830150536733995
"AENJPLPP_02252",0,NA,NA,NA,NA,NA
"AENJPLPP_02253",0,NA,NA,NA,NA,NA
"AENJPLPP_02254",58.3972677206648,-1.92761748347442,3.45233985003774,-0.558351021975239,NA,NA
"AENJPLPP_02255",1.492204405918,-3.99236226679345,3.93421447881243,-1.01478002490565,0.310210697570267,0.999399299569476
"AENJPLPP_02256",0.520620835237853,2.72340529683195,3.99393356664367,0.681885477409327,0.495311369073051,0.999399299569476
"AENJPLPP_02257",0,NA,NA,NA,NA,NA
"AENJPLPP_02258",0,NA,NA,NA,NA,NA
"AENJPLPP_02259",7.38953740825977,-0.309846535403381,3.12867707486343,-0.0990343611658631,0.921110987932463,0.999399299569476
"AENJPLPP_02260",48.7225933625103,2.57494870810403,2.68797410246449,0.95795145710041,0.338087237123986,0.999399299569476
"AENJPLPP_02261",0,NA,NA,NA,NA,NA
"AENJPLPP_02262",0,NA,NA,NA,NA,NA
"AENJPLPP_02263",16.0814977549684,-7.4031270619769,3.20055434963541,-2.31307650276904,0.0207184333495898,0.5492815939949
"AENJPLPP_02264",0,NA,NA,NA,NA,NA
"AENJPLPP_02265",0,NA,NA,NA,NA,NA
"AENJPLPP_02266",0,NA,NA,NA,NA,NA
"AENJPLPP_02267",0,NA,NA,NA,NA,NA
"AENJPLPP_02268",22.5765961452186,-2.29862964453548,2.94538959271118,-0.780416163017549,0.435145957193198,0.999399299569476
"AENJPLPP_02269",0,NA,NA,NA,NA,NA
"AENJPLPP_02270",0,NA,NA,NA,NA,NA
"AENJPLPP_02271",44.9548174018536,0.581468592378827,1.92285173003905,0.30239907908397,0.762347856689171,0.999399299569476
"AENJPLPP_02272",0,NA,NA,NA,NA,NA
"AENJPLPP_02273",0,NA,NA,NA,NA,NA
"AENJPLPP_02274",0,NA,NA,NA,NA,NA
"AENJPLPP_02275",0,NA,NA,NA,NA,NA
"AENJPLPP_02276",0,NA,NA,NA,NA,NA
"AENJPLPP_02277",0,NA,NA,NA,NA,NA
"AENJPLPP_02279",0,NA,NA,NA,NA,NA
"AENJPLPP_02280",22.3186152581876,21.5694334733259,3.58077268350298,6.02368130562956,NA,NA
"AENJPLPP_02281",0,NA,NA,NA,NA,NA
"AENJPLPP_02282",89.6600194151516,-4.94421783460053,2.50967435512561,-1.97006349628698,0.0488310938599199,0.79959027291245
"AENJPLPP_02283",1.04248077310991,-2.23914742134011,3.75168143277483,-0.596838367399437,0.550615299316781,0.999399299569476
"AENJPLPP_02284",0,NA,NA,NA,NA,NA
"AENJPLPP_02285",0,NA,NA,NA,NA,NA
"AENJPLPP_02286",0,NA,NA,NA,NA,NA
"AENJPLPP_02287",3.99142640349021,5.66286470883802,3.88958166320188,1.45590585291283,0.145418647470005,0.824971173147143
"AENJPLPP_02288",26.7742404731582,8.40892351330524,3.14898875184147,2.67035679577701,0.00757706846374897,0.453150377532009
"AENJPLPP_02289",0,NA,NA,NA,NA,NA
"AENJPLPP_02290",0,NA,NA,NA,NA,NA
"AENJPLPP_02291",0,NA,NA,NA,NA,NA
"AENJPLPP_02292",1.53908081788223,-0.986241874714108,3.85723028494194,-0.255686542378413,0.798192887462524,0.999399299569476
"AENJPLPP_02293",0,NA,NA,NA,NA,NA
"AENJPLPP_02294",0,NA,NA,NA,NA,NA
"AENJPLPP_02295",0,NA,NA,NA,NA,NA
"AENJPLPP_02296",17.2472851209508,1.25747788237337,3.36002524662048,0.374246557712073,NA,NA
"AENJPLPP_02297",10.8925118642789,0.901237067983125,3.0006865200035,0.300343625358797,0.763915060087029,0.999399299569476
"AENJPLPP_02298",0,NA,NA,NA,NA,NA
"AENJPLPP_02299",0,NA,NA,NA,NA,NA
"AENJPLPP_02300",0,NA,NA,NA,NA,NA
"AENJPLPP_02301",0,NA,NA,NA,NA,NA
"AENJPLPP_02302",0,NA,NA,NA,NA,NA
"AENJPLPP_02303",0,NA,NA,NA,NA,NA
"AENJPLPP_02304",92.1892270191172,1.35364239563495,2.3270278682386,0.581704419663682,0.560765794036719,0.999399299569476
"AENJPLPP_02305",0,NA,NA,NA,NA,NA
"AENJPLPP_02306",0,NA,NA,NA,NA,NA
"AENJPLPP_02307",0,NA,NA,NA,NA,NA
"AENJPLPP_02308",0.2984408811836,-1.78430495789986,4.02033436118155,-0.443820040225576,0.657172698296208,0.999399299569476
"AENJPLPP_02309",0,NA,NA,NA,NA,NA
"AENJPLPP_02310",0,NA,NA,NA,NA,NA
"AENJPLPP_02311",24.1297170275311,-0.99081235990942,2.63247181616932,-0.376380994403661,0.706633673270937,0.999399299569476
"AENJPLPP_02312",0,NA,NA,NA,NA,NA
"AENJPLPP_02313",0,NA,NA,NA,NA,NA
"AENJPLPP_02314",23.7398542753317,0.901853346163451,2.71053312878553,0.332721757423246,0.739344324370067,0.999399299569476
"AENJPLPP_02315",0,NA,NA,NA,NA,NA
"AENJPLPP_02316",0,NA,NA,NA,NA,NA
"AENJPLPP_02317",0,NA,NA,NA,NA,NA
"AENJPLPP_02318",4.49468952462902,-3.51585557404968,3.3077984114242,-1.0628989849886,0.287827763378675,0.999399299569476
"AENJPLPP_02319",27.2406854753193,0.92353879694348,2.99788588899841,0.308063359026662,0.758034121480241,0.999399299569476
"AENJPLPP_02320",0,NA,NA,NA,NA,NA
"AENJPLPP_02321",16.2254414823956,0.858679307383525,2.6223619999841,0.327444993249875,0.743331340683903,0.999399299569476
"AENJPLPP_02322",0,NA,NA,NA,NA,NA
"AENJPLPP_02323",0,NA,NA,NA,NA,NA
"AENJPLPP_02324",0,NA,NA,NA,NA,NA
"AENJPLPP_02325",0,NA,NA,NA,NA,NA
"AENJPLPP_02326",0,NA,NA,NA,NA,NA
"AENJPLPP_02327",0,NA,NA,NA,NA,NA
"AENJPLPP_02328",0,NA,NA,NA,NA,NA
"AENJPLPP_02329",0,NA,NA,NA,NA,NA
"AENJPLPP_02330",125.462307162889,-0.849383544672173,2.35422235839971,-0.360791554647176,0.718255276602892,0.999399299569476
"AENJPLPP_02331",0,NA,NA,NA,NA,NA
"AENJPLPP_02332",0,NA,NA,NA,NA,NA
"AENJPLPP_02333",0,NA,NA,NA,NA,NA
"AENJPLPP_02334",6.69621181585194,2.85548563975874,3.40416479311941,0.838821212630576,0.401569645183407,0.999399299569476
"AENJPLPP_02335",0.347080556825235,2.13795661017787,4.03683080484285,0.529612637619847,0.596380530421439,0.999399299569476
"AENJPLPP_02336",0,NA,NA,NA,NA,NA
"AENJPLPP_02337",0,NA,NA,NA,NA,NA
"AENJPLPP_02338",0,NA,NA,NA,NA,NA
"AENJPLPP_02339",0,NA,NA,NA,NA,NA
"AENJPLPP_02340",146.72132146602,-1.52083216149327,2.05525252106067,-0.739973383274774,0.459316144947037,0.999399299569476
"AENJPLPP_02341",0,NA,NA,NA,NA,NA
"AENJPLPP_02342",0,NA,NA,NA,NA,NA
"AENJPLPP_02343",0,NA,NA,NA,NA,NA
"AENJPLPP_02344",0,NA,NA,NA,NA,NA
"AENJPLPP_02345",0,NA,NA,NA,NA,NA
"AENJPLPP_02346",0,NA,NA,NA,NA,NA
"AENJPLPP_02347",6.07390974444162,6.26862562668674,3.7458022724176,1.67350681397309,0.094227566270781,0.79959027291245
"AENJPLPP_02348",0,NA,NA,NA,NA,NA
"AENJPLPP_02349",98.7979534754909,-1.38644144874901,2.33680274422723,-0.593307009833858,0.552975708379972,0.999399299569476
"AENJPLPP_02350",0,NA,NA,NA,NA,NA
"AENJPLPP_02351",97.425941484277,1.08101689155633,2.25593323381896,0.479188335607933,0.63180465159864,0.999399299569476
"AENJPLPP_02352",0,NA,NA,NA,NA,NA
"AENJPLPP_02353",0.520620835237853,2.72340529683195,3.99393356664367,0.681885477409327,0.495311369073051,0.999399299569476
"AENJPLPP_02354",64.3228950030102,-0.286585837811593,2.65225728505273,-0.108053558539248,0.913953207298531,0.999399299569476
"AENJPLPP_02356",0,NA,NA,NA,NA,NA
"AENJPLPP_02357",0,NA,NA,NA,NA,NA
"AENJPLPP_02358",0,NA,NA,NA,NA,NA
"AENJPLPP_02359",0,NA,NA,NA,NA,NA
"AENJPLPP_02362",0,NA,NA,NA,NA,NA
"AENJPLPP_02363",0,NA,NA,NA,NA,NA
"AENJPLPP_02364",0,NA,NA,NA,NA,NA
"AENJPLPP_02365",0,NA,NA,NA,NA,NA
"AENJPLPP_02366",0,NA,NA,NA,NA,NA
"AENJPLPP_02367",0,NA,NA,NA,NA,NA
"AENJPLPP_02368",0.62010112896572,1.77023921467586,3.99267982838136,0.443371191972966,0.657497269509807,0.999399299569476
"AENJPLPP_02369",0,NA,NA,NA,NA,NA
"AENJPLPP_02370",0,NA,NA,NA,NA,NA
"AENJPLPP_02371",0,NA,NA,NA,NA,NA
"AENJPLPP_02372",0,NA,NA,NA,NA,NA
"AENJPLPP_02373",6.64170291481275,-4.1892878908684,3.11656724531769,-1.34419942234918,0.178883908420271,0.830150536733995
"AENJPLPP_02374",0,NA,NA,NA,NA,NA
"AENJPLPP_02375",0,NA,NA,NA,NA,NA
"AENJPLPP_02376",0,NA,NA,NA,NA,NA
"AENJPLPP_02377",39.1354348187546,-0.236390115434707,3.44074807102522,-0.068703116460448,NA,NA
"AENJPLPP_02378",0,NA,NA,NA,NA,NA
"AENJPLPP_02379",0,NA,NA,NA,NA,NA
"AENJPLPP_02380",0,NA,NA,NA,NA,NA
"AENJPLPP_02381",0,NA,NA,NA,NA,NA
"AENJPLPP_02382",14.9752005542465,0.915080080826809,2.97681756702167,0.307402136753161,0.758537301984273,0.999399299569476
"AENJPLPP_02383",14.80715716834,-1.03687918068329,3.36706253622664,-0.307947705018062,NA,NA
"AENJPLPP_02384",0,NA,NA,NA,NA,NA
"AENJPLPP_02385",62.404254716037,0.0589454835276622,2.70349480494211,0.0218034388007357,NA,NA
"AENJPLPP_02386",0,NA,NA,NA,NA,NA
"AENJPLPP_02387",0,NA,NA,NA,NA,NA
"AENJPLPP_02388",0,NA,NA,NA,NA,NA
"AENJPLPP_02389",5.20620835237853,6.0462199782831,3.79101158979091,1.59488301079464,0.110738399436915,0.79959027291245
"AENJPLPP_02390",0,NA,NA,NA,NA,NA
"AENJPLPP_02391",0,NA,NA,NA,NA,NA
"AENJPLPP_02392",0,NA,NA,NA,NA,NA
"AENJPLPP_02393",0,NA,NA,NA,NA,NA
"AENJPLPP_02394",0,NA,NA,NA,NA,NA
"AENJPLPP_02395",0,NA,NA,NA,NA,NA
"AENJPLPP_02396",0,NA,NA,NA,NA,NA
"AENJPLPP_02397",41.9415900236525,1.81260972620093,2.99175869289463,0.605867622447574,0.544602661041417,0.999399299569476
"AENJPLPP_02398",9.99667081186649,0.269241356192425,2.33464836442652,0.115324157716814,0.908188191018143,0.999399299569476
"AENJPLPP_02399",52.9768403693703,-0.854282263779137,2.64039109600626,-0.323543836014023,0.746283414788768,0.999399299569476
"AENJPLPP_02400",29.0502644129411,2.23304047514421,2.9503589994018,0.756870765760022,0.449127291321257,0.999399299569476
"AENJPLPP_02401",81.8038582384879,10.020072028222,2.80926985381179,3.56678872078672,NA,NA
"AENJPLPP_02402",0,NA,NA,NA,NA,NA
"AENJPLPP_02403",0,NA,NA,NA,NA,NA
"AENJPLPP_02404",0,NA,NA,NA,NA,NA
"AENJPLPP_02405",0,NA,NA,NA,NA,NA
"AENJPLPP_02406",0,NA,NA,NA,NA,NA
"AENJPLPP_02407",0,NA,NA,NA,NA,NA
"AENJPLPP_02408",0,NA,NA,NA,NA,NA
"AENJPLPP_02409",0,NA,NA,NA,NA,NA
"AENJPLPP_02410",0,NA,NA,NA,NA,NA
"AENJPLPP_02412",116.755266807791,-1.07367374974719,2.35211970676572,-0.456470708807397,0.648051529373185,0.999399299569476
"AENJPLPP_02413",0,NA,NA,NA,NA,NA
"AENJPLPP_02414",1.98960587455734,-4.40359025974,3.92745568551575,-1.12123232248812,0.262188984648664,0.979060132548807
"AENJPLPP_02415",0,NA,NA,NA,NA,NA
"AENJPLPP_02416",8.05790379195721,-6.41295915967948,3.68113704811632,-1.7421136664719,NA,NA
"AENJPLPP_02417",0,NA,NA,NA,NA,NA
"AENJPLPP_02418",0,NA,NA,NA,NA,NA
"AENJPLPP_02419",0,NA,NA,NA,NA,NA
"AENJPLPP_02420",0,NA,NA,NA,NA,NA
"AENJPLPP_02421",0,NA,NA,NA,NA,NA
"AENJPLPP_02422",0,NA,NA,NA,NA,NA
"AENJPLPP_02423",0,NA,NA,NA,NA,NA
"AENJPLPP_02424",0,NA,NA,NA,NA,NA
"AENJPLPP_02425",0,NA,NA,NA,NA,NA
"AENJPLPP_02426",0,NA,NA,NA,NA,NA
"AENJPLPP_02427",0,NA,NA,NA,NA,NA
"AENJPLPP_02428",0,NA,NA,NA,NA,NA
"AENJPLPP_02429",31.9229083914396,-2.08099037756007,2.32765503340075,-0.894028688830108,0.371306541615073,0.999399299569476
"AENJPLPP_02430",0,NA,NA,NA,NA,NA
"AENJPLPP_02431",41.3567687889952,-0.888737087974519,2.45636782135153,-0.361809448995926,0.717494430587669,0.999399299569476
"AENJPLPP_02432",24.849248784138,-8.03570501209232,3.10819608299663,-2.585327565417,0.00972865217300358,0.453150377532009
"AENJPLPP_02433",0,NA,NA,NA,NA,NA
"AENJPLPP_02434",0,NA,NA,NA,NA,NA
"AENJPLPP_02435",0,NA,NA,NA,NA,NA
"AENJPLPP_02436",1025.92673020763,-0.453180354240995,1.87087886641002,-0.242228592335639,0.808603041151341,0.999399299569476
"AENJPLPP_02437",3.64434584666497,5.531609566282,3.91932909903371,1.4113664421918,0.158136592508615,0.830150536733995
"AENJPLPP_02438",2.984408811836,-4.98463487378861,3.92062979413408,-1.27138626586128,0.203591266189268,0.881153535056939
"AENJPLPP_02439",3.57758376643701,-5.24636645918437,3.49165456536242,-1.50254452752254,0.132956537340367,0.804091403232137
"AENJPLPP_02440",0,NA,NA,NA,NA,NA
"AENJPLPP_02441",0,NA,NA,NA,NA,NA
"AENJPLPP_02442",0,NA,NA,NA,NA,NA
"AENJPLPP_02443",0,NA,NA,NA,NA,NA
"AENJPLPP_02444",0,NA,NA,NA,NA,NA
"AENJPLPP_02445",139.522394510858,-0.034096808449706,2.06702961959176,-0.0164955587121389,0.986839045241355,0.999399299569476
"AENJPLPP_02446",68.1309340366459,-1.82467022643611,2.6731981529093,-0.682579487962865,NA,NA
"AENJPLPP_02447",0,NA,NA,NA,NA,NA
"AENJPLPP_02448",0,NA,NA,NA,NA,NA
"AENJPLPP_02449",0,NA,NA,NA,NA,NA
"AENJPLPP_02450",19.7524953319212,-3.42531252077852,2.6065712145559,-1.31410663236459,0.188810322520469,0.85083477783168
"AENJPLPP_02451",12.0381463607,-0.487409180496463,3.01829400110022,-0.161484991296009,0.871711431427889,0.999399299569476
"AENJPLPP_02452",0,NA,NA,NA,NA,NA
"AENJPLPP_02453",0,NA,NA,NA,NA,NA
"AENJPLPP_02454",0,NA,NA,NA,NA,NA
"AENJPLPP_02455",3.40974515467922,-2.15585289225457,3.61147389425307,-0.596945445372089,0.550543804428215,0.999399299569476
"AENJPLPP_02456",22.779417582768,-6.93895499256675,2.91898239496646,-2.37718288556053,0.01744543615417,0.538100097602037
"AENJPLPP_02457",0,NA,NA,NA,NA,NA
"AENJPLPP_02458",0,NA,NA,NA,NA,NA
"AENJPLPP_02459",1.04124167047571,3.72390444326653,3.950581807879,0.942621776832875,0.345874396994178,0.999399299569476
"AENJPLPP_02460",0.198960587455734,-1.34627142813778,4.04117414497344,-0.333138681937853,0.73902960147275,0.999399299569476
"AENJPLPP_02461",42.886392958043,-0.35331433862298,2.62786028034401,-0.134449438299942,0.893047190368566,0.999399299569476
"AENJPLPP_02462",0,NA,NA,NA,NA,NA
"AENJPLPP_02463",107.002456979539,1.60623996732421,2.28839784243464,0.701905908814931,0.482737843746003,0.999399299569476
"AENJPLPP_02464",0.35785709949201,-1.77747403213133,4.02061663547054,-0.442089906421359,0.658424148124598,0.999399299569476
"AENJPLPP_02465",0,NA,NA,NA,NA,NA
"AENJPLPP_02466",0,NA,NA,NA,NA,NA
"AENJPLPP_02467",0,NA,NA,NA,NA,NA
"AENJPLPP_02468",2.6859679306524,-4.83351625521249,3.92215256162286,-1.2323631422467,0.217813462668929,0.896580997497684
"AENJPLPP_02469",3.55528672581208,5.49428194953299,3.91965800410471,1.40172483001816,0.160997432989961,0.830150536733995
"AENJPLPP_02470",0,NA,NA,NA,NA,NA
"AENJPLPP_02471",0,NA,NA,NA,NA,NA
"AENJPLPP_02472",0,NA,NA,NA,NA,NA
"AENJPLPP_02473",0,NA,NA,NA,NA,NA
"AENJPLPP_02474",0,NA,NA,NA,NA,NA
"AENJPLPP_02475",0,NA,NA,NA,NA,NA
"AENJPLPP_02476",0,NA,NA,NA,NA,NA
"AENJPLPP_02477",0,NA,NA,NA,NA,NA
"AENJPLPP_02478",41.7993777985993,-4.68705969855324,2.49839928910688,-1.87602506892673,0.060651837642344,0.79959027291245
"AENJPLPP_02479",0,NA,NA,NA,NA,NA
"AENJPLPP_02480",0,NA,NA,NA,NA,NA
"AENJPLPP_02481",0,NA,NA,NA,NA,NA
"AENJPLPP_02482",0,NA,NA,NA,NA,NA
"AENJPLPP_02483",0,NA,NA,NA,NA,NA
"AENJPLPP_02484",0,NA,NA,NA,NA,NA
"AENJPLPP_02486",0.198960587455734,-1.34627142813778,4.04117414497344,-0.333138681937853,0.73902960147275,0.999399299569476
"AENJPLPP_02487",6.09965202117631,-1.14193938844718,3.05777844613652,-0.373453933488874,0.708810624995933,0.999399299569476
"AENJPLPP_02488",4.34150766441022,5.78313378876646,3.41965520986182,1.69114528625246,0.0908090577732555,0.79959027291245
"AENJPLPP_02489",0,NA,NA,NA,NA,NA
"AENJPLPP_02490",0,NA,NA,NA,NA,NA
"AENJPLPP_02491",0.867701392063088,3.4607694268841,3.95928928206162,0.874088549822271,0.382070032598583,0.999399299569476
"AENJPLPP_02492",0,NA,NA,NA,NA,NA
"AENJPLPP_02493",0,NA,NA,NA,NA,NA
"AENJPLPP_02494",0,NA,NA,NA,NA,NA
"AENJPLPP_02495",29.185881491476,21.9439002097479,3.57701081567913,6.13470334323874,NA,NA
"AENJPLPP_02496",0,NA,NA,NA,NA,NA
"AENJPLPP_02497",0,NA,NA,NA,NA,NA
"AENJPLPP_02498",7.2384932189722,-1.66626653663061,2.77796919405141,-0.599814620046422,0.548629788693428,0.999399299569476
"AENJPLPP_02499",0,NA,NA,NA,NA,NA
"AENJPLPP_02500",3.08388910556387,-5.03169003023824,3.92018698494836,-1.28353317062618,0.199305346102402,0.873194214359535
"AENJPLPP_02501",0,NA,NA,NA,NA,NA
"AENJPLPP_02502",0,NA,NA,NA,NA,NA
"AENJPLPP_02503",0,NA,NA,NA,NA,NA
"AENJPLPP_02504",0,NA,NA,NA,NA,NA
"AENJPLPP_02505",0,NA,NA,NA,NA,NA
"AENJPLPP_02506",0,NA,NA,NA,NA,NA
"AENJPLPP_02507",0,NA,NA,NA,NA,NA
"AENJPLPP_02508",0,NA,NA,NA,NA,NA
"AENJPLPP_02509",0,NA,NA,NA,NA,NA
"AENJPLPP_02510",0,NA,NA,NA,NA,NA
"AENJPLPP_02511",0,NA,NA,NA,NA,NA
"AENJPLPP_02512",0,NA,NA,NA,NA,NA
"AENJPLPP_02513",5.07403582135535,-1.96115373906517,3.12406050978579,-0.627757923677235,0.530162533707426,0.999399299569476
"AENJPLPP_02514",0,NA,NA,NA,NA,NA
"AENJPLPP_02515",1.03735570021532,3.71858751396596,3.95074267096608,0.941237590920252,0.34658311685573,0.999399299569476
"AENJPLPP_02516",0,NA,NA,NA,NA,NA
"AENJPLPP_02517",0,NA,NA,NA,NA,NA
"AENJPLPP_02518",0,NA,NA,NA,NA,NA
"AENJPLPP_02521",0,NA,NA,NA,NA,NA
"AENJPLPP_02522",0,NA,NA,NA,NA,NA
"AENJPLPP_02523",325.999944261157,1.56081079361651,2.31994442937018,0.672779388099499,0.501087652729335,0.999399299569476
"AENJPLPP_02524",0,NA,NA,NA,NA,NA
"AENJPLPP_02525",0,NA,NA,NA,NA,NA
"AENJPLPP_02526",0,NA,NA,NA,NA,NA
"AENJPLPP_02527",0,NA,NA,NA,NA,NA
"AENJPLPP_02528",0,NA,NA,NA,NA,NA
"AENJPLPP_02529",1.21478194888832,3.94636804691817,3.94435068548828,1.00051145590003,0.31706305644996,0.999399299569476
"AENJPLPP_02530",0,NA,NA,NA,NA,NA
"AENJPLPP_02531",0,NA,NA,NA,NA,NA
"AENJPLPP_02532",0,NA,NA,NA,NA,NA
"AENJPLPP_02533",58.4224173048151,-0.601137279344309,1.88712321405139,-0.318546915680059,0.750070112931721,0.999399299569476
"AENJPLPP_02534",0,NA,NA,NA,NA,NA
"AENJPLPP_02535",0,NA,NA,NA,NA,NA
"AENJPLPP_02536",0,NA,NA,NA,NA,NA
"AENJPLPP_02537",0,NA,NA,NA,NA,NA
"AENJPLPP_02538",0,NA,NA,NA,NA,NA
"AENJPLPP_02539",0,NA,NA,NA,NA,NA
"AENJPLPP_02540",0,NA,NA,NA,NA,NA
"AENJPLPP_02541",0,NA,NA,NA,NA,NA
"AENJPLPP_02542",0,NA,NA,NA,NA,NA
"AENJPLPP_02543",85.4874939471099,0.22945233579995,1.93007301349114,0.118882723190307,0.905368269579744,0.999399299569476
"AENJPLPP_02544",0,NA,NA,NA,NA,NA
"AENJPLPP_02545",0,NA,NA,NA,NA,NA
"AENJPLPP_02546",0,NA,NA,NA,NA,NA
"AENJPLPP_02547",0,NA,NA,NA,NA,NA
"AENJPLPP_02548",9.61096252789238,-0.287077251061363,3.38956643745915,-0.0846943868362581,0.932504358590323,0.999399299569476
"AENJPLPP_02549",0,NA,NA,NA,NA,NA
"AENJPLPP_02550",0,NA,NA,NA,NA,NA
"AENJPLPP_02551",0,NA,NA,NA,NA,NA
"AENJPLPP_02552",2.85950820906502,-3.87271314605533,3.7402211228748,-1.03542358027182,0.300471138186423,0.999399299569476
"AENJPLPP_02553",0,NA,NA,NA,NA,NA
"AENJPLPP_02554",0,NA,NA,NA,NA,NA
"AENJPLPP_02555",0,NA,NA,NA,NA,NA
"AENJPLPP_02556",0,NA,NA,NA,NA,NA
"AENJPLPP_02557",0,NA,NA,NA,NA,NA
"AENJPLPP_02558",37.1980297300471,1.3675283545294,2.72618607406702,0.50162693131554,0.615929971562087,0.999399299569476
"AENJPLPP_02559",0,NA,NA,NA,NA,NA
"AENJPLPP_02560",88.6526540773225,1.91965469250054,2.24761224641201,0.854086239993126,0.393057207439942,0.999399299569476
"AENJPLPP_02561",79.8380662879292,0.189543471813599,2.26760150541372,0.0835876459603145,0.933384289655106,0.999399299569476
"AENJPLPP_02562",0,NA,NA,NA,NA,NA
"AENJPLPP_02563",32.2706767847788,1.37459718086245,2.33387643495889,0.58897598873381,0.555877381001874,0.999399299569476
"AENJPLPP_02564",0,NA,NA,NA,NA,NA
"AENJPLPP_02565",0,NA,NA,NA,NA,NA
"AENJPLPP_02566",0,NA,NA,NA,NA,NA
"AENJPLPP_02567",0,NA,NA,NA,NA,NA
"AENJPLPP_02568",0.397921174911467,-2.12182883282595,4.00479077019896,-0.529822643573596,0.596234904065106,0.999399299569476
"AENJPLPP_02569",0,NA,NA,NA,NA,NA
"AENJPLPP_02570",0,NA,NA,NA,NA,NA
"AENJPLPP_02571",0,NA,NA,NA,NA,NA
"AENJPLPP_02572",0,NA,NA,NA,NA,NA
"AENJPLPP_02573",91.4854669558639,1.44568301823033,2.33356276553578,0.61951752041193,0.535575483524313,0.999399299569476
"AENJPLPP_02574",51.546758021015,-1.01721683822664,2.03772118444097,-0.499193337142299,0.617643187996255,0.999399299569476
"AENJPLPP_02575",0,NA,NA,NA,NA,NA
"AENJPLPP_02576",2.07504611029217,0.483579187955643,2.85477810865468,0.169392915859065,0.865487595313459,0.999399299569476
"AENJPLPP_02577",0,NA,NA,NA,NA,NA
"AENJPLPP_02578",0,NA,NA,NA,NA,NA
"AENJPLPP_02579",0,NA,NA,NA,NA,NA
"AENJPLPP_02580",0,NA,NA,NA,NA,NA
"AENJPLPP_02581",0,NA,NA,NA,NA,NA
"AENJPLPP_02582",2.60310417618927,5.04612912500214,3.92434593398105,1.28585226936992,0.198494624257496,0.873194214359535
"AENJPLPP_02583",0,NA,NA,NA,NA,NA
"AENJPLPP_02584",0,NA,NA,NA,NA,NA
"AENJPLPP_02585",0,NA,NA,NA,NA,NA
"AENJPLPP_02586",23.0860010950881,8.19541633105358,3.13714789356017,2.61237806093773,0.00899147615214483,0.453150377532009
"AENJPLPP_02587",6.67218334513261,-2.73394627223695,3.05716401009002,-0.894275303259394,0.371174610378372,0.999399299569476
"AENJPLPP_02588",4.16496668190282,5.72426983637852,3.87215389353049,1.47831671823336,0.1393230249067,0.812873543454821
"AENJPLPP_02589",0.520620835237853,2.72340529683195,3.99393356664367,0.681885477409327,0.495311369073051,0.999399299569476
"AENJPLPP_02590",0,NA,NA,NA,NA,NA
"AENJPLPP_02591",0,NA,NA,NA,NA,NA
"AENJPLPP_02592",0,NA,NA,NA,NA,NA
"AENJPLPP_02593",5.80073097369339,6.20113479378651,3.7613374558157,1.64865154127515,0.0992190430924262,0.79959027291245
"AENJPLPP_02594",0,NA,NA,NA,NA,NA
"AENJPLPP_02595",0,NA,NA,NA,NA,NA
"AENJPLPP_02596",0,NA,NA,NA,NA,NA
"AENJPLPP_02597",0,NA,NA,NA,NA,NA
"AENJPLPP_02598",0,NA,NA,NA,NA,NA
"AENJPLPP_02599",0,NA,NA,NA,NA,NA
"AENJPLPP_02600",0,NA,NA,NA,NA,NA
"AENJPLPP_02601",0,NA,NA,NA,NA,NA
"AENJPLPP_02602",0,NA,NA,NA,NA,NA
"AENJPLPP_02603",0,NA,NA,NA,NA,NA
"AENJPLPP_02604",0,NA,NA,NA,NA,NA
"AENJPLPP_02605",3.37352621696908,2.17702676813915,3.61367472097362,0.60244126442919,0.546880449358525,0.999399299569476
"AENJPLPP_02606",41.1999447396415,2.82878774369893,2.656353811084,1.06491376709512,0.286914954419103,0.999399299569476
"AENJPLPP_02607",0,NA,NA,NA,NA,NA
"AENJPLPP_02608",5.52291332542866,1.60127162552867,3.4612115588382,0.462633271127223,0.643627256088688,0.999399299569476
"AENJPLPP_02609",0,NA,NA,NA,NA,NA
"AENJPLPP_02610",0,NA,NA,NA,NA,NA
"AENJPLPP_02611",0,NA,NA,NA,NA,NA
"AENJPLPP_02612",76.3462041233456,-0.89816619546276,1.96347350658562,-0.45743738963131,0.64735669501221,0.999399299569476
"AENJPLPP_02613",5.68699328175314,-0.254002465405915,3.4616698013857,-0.0733757059394395,0.941507149324491,0.999399299569476
"AENJPLPP_02614",8.95322643550801,-6.56464960686231,3.66252760256493,-1.79238228874097,NA,NA
"AENJPLPP_02615",34.4832767653617,-0.539569571864842,2.26927285289412,-0.237772011936203,0.812057927425346,0.999399299569476
"AENJPLPP_02616",5.3065239075411,6.07527839439374,3.78094827414422,1.60681341131778,0.108095305369907,0.79959027291245
"AENJPLPP_02617",0,NA,NA,NA,NA,NA
"AENJPLPP_02618",0,NA,NA,NA,NA,NA
"AENJPLPP_02619",216.598214672729,0.683389062156986,1.85760137617622,0.367887896144708,0.712956825786225,0.999399299569476
"AENJPLPP_02620",0,NA,NA,NA,NA,NA
"AENJPLPP_02621",0,NA,NA,NA,NA,NA
"AENJPLPP_02622",57.1475936199135,-0.200129836025696,2.32192242961222,-0.0861914392459353,0.931314235875402,0.999399299569476
"AENJPLPP_02623",0,NA,NA,NA,NA,NA
"AENJPLPP_02624",3.35889847493386,-5.13406422527292,3.91927163130436,-1.30995366186555,0.190211511956965,0.85083477783168
"AENJPLPP_02625",0,NA,NA,NA,NA,NA
"AENJPLPP_02626",18.0953872662501,-1.82392868722221,2.94098638006799,-0.620175836101641,0.535142028399812,0.999399299569476
"AENJPLPP_02627",36.0156357727183,-0.945510692562251,2.72793234238544,-0.34660342482521,0.728889272602883,0.999399299569476
"AENJPLPP_02628",0,NA,NA,NA,NA,NA
"AENJPLPP_02629",0,NA,NA,NA,NA,NA
"AENJPLPP_02630",4.27435735884872,0.126221362842549,3.17688764999733,0.0397311383808789,0.968307476431454,0.999399299569476
"AENJPLPP_02631",0,NA,NA,NA,NA,NA
"AENJPLPP_02632",0,NA,NA,NA,NA,NA
"AENJPLPP_02633",0,NA,NA,NA,NA,NA
"AENJPLPP_02634",0,NA,NA,NA,NA,NA
"AENJPLPP_02635",801.250803733607,0.641993543621976,1.86622665909968,0.344006201225145,0.730841622497459,0.999399299569476
"AENJPLPP_02636",0,NA,NA,NA,NA,NA
"AENJPLPP_02637",0,NA,NA,NA,NA,NA
"AENJPLPP_02638",1.09428323100653,-3.55027089329751,3.94393108194668,-0.900185834775068,0.368021363178723,0.999399299569476
"AENJPLPP_02639",0.11316222029382,-0.710228645321143,4.07832283361702,-0.174147235100378,0.861749752068016,0.999399299569476
"AENJPLPP_02640",0,NA,NA,NA,NA,NA
"AENJPLPP_02641",2.57464740345891,-3.70365796012032,3.79481788284736,-0.975977787197884,0.329075472091529,0.999399299569476
"AENJPLPP_02642",0,NA,NA,NA,NA,NA
"AENJPLPP_02643",19.8293557329464,-0.665391255140307,2.64325678311198,-0.251731598455192,0.801248531283494,0.999399299569476
"AENJPLPP_02644",0,NA,NA,NA,NA,NA
"AENJPLPP_02645",125.08665973978,-1.25649556176361,2.78777003457937,-0.450717077154175,0.652193472736954,0.999399299569476
"AENJPLPP_02646",0,NA,NA,NA,NA,NA
"AENJPLPP_02647",0,NA,NA,NA,NA,NA
"AENJPLPP_02648",0,NA,NA,NA,NA,NA
"AENJPLPP_02649",0,NA,NA,NA,NA,NA
"AENJPLPP_02650",0,NA,NA,NA,NA,NA
"AENJPLPP_02651",0,NA,NA,NA,NA,NA
"AENJPLPP_02652",0,NA,NA,NA,NA,NA
"AENJPLPP_02653",0,NA,NA,NA,NA,NA
"AENJPLPP_02654",0,NA,NA,NA,NA,NA
"AENJPLPP_02655",0,NA,NA,NA,NA,NA
"AENJPLPP_02656",0,NA,NA,NA,NA,NA
"AENJPLPP_02657",0,NA,NA,NA,NA,NA
"AENJPLPP_02658",0,NA,NA,NA,NA,NA
"AENJPLPP_02659",0,NA,NA,NA,NA,NA
"AENJPLPP_02660",0,NA,NA,NA,NA,NA
"AENJPLPP_02661",0,NA,NA,NA,NA,NA
"AENJPLPP_02662",0,NA,NA,NA,NA,NA
"AENJPLPP_02663",8.27193432646112,6.71529048270279,3.67260289436735,1.82848259826892,0.0674771549901339,0.79959027291245
"AENJPLPP_02664",52.4238687101883,-0.832758674324633,2.48866667905149,-0.334620413948735,0.737911443716035,0.999399299569476
"AENJPLPP_02665",0,NA,NA,NA,NA,NA
"AENJPLPP_02666",0,NA,NA,NA,NA,NA
"AENJPLPP_02667",0,NA,NA,NA,NA,NA
"AENJPLPP_02668",0,NA,NA,NA,NA,NA
"AENJPLPP_02669",0,NA,NA,NA,NA,NA
"AENJPLPP_02670",0,NA,NA,NA,NA,NA
"AENJPLPP_02671",56.6403415052505,-2.30572317640627,2.38293532552706,-0.967597883042123,0.333245234940777,0.999399299569476
"AENJPLPP_02672",0,NA,NA,NA,NA,NA
"AENJPLPP_02673",0,NA,NA,NA,NA,NA
"AENJPLPP_02674",0,NA,NA,NA,NA,NA
"AENJPLPP_02675",0,NA,NA,NA,NA,NA
"AENJPLPP_02676",0,NA,NA,NA,NA,NA
"AENJPLPP_02677",0,NA,NA,NA,NA,NA
"AENJPLPP_02678",0,NA,NA,NA,NA,NA
"AENJPLPP_02679",0,NA,NA,NA,NA,NA
"AENJPLPP_02680",5.9881918489757,5.26967701369481,2.83103342979651,1.86139695781466,0.0626881398841175,0.79959027291245
"AENJPLPP_02681",0,NA,NA,NA,NA,NA
"AENJPLPP_02682",0,NA,NA,NA,NA,NA
"AENJPLPP_02683",0,NA,NA,NA,NA,NA
"AENJPLPP_02684",7.28869169332994,6.53167360215151,3.70184269378995,1.76443845469414,0.0776581886630725,0.79959027291245
"AENJPLPP_02685",0,NA,NA,NA,NA,NA
"AENJPLPP_02686",0,NA,NA,NA,NA,NA
"AENJPLPP_02687",3.20702644465745,-5.08909639877919,3.5334795313826,-1.44025070856655,0.149796481421312,0.825255292180703
"AENJPLPP_02688",0,NA,NA,NA,NA,NA
"AENJPLPP_02689",38.1883589271416,-1.55891628525504,2.99036474620977,-0.52131308972624,0.602148683862993,0.999399299569476
"AENJPLPP_02690",0,NA,NA,NA,NA,NA
"AENJPLPP_02691",0,NA,NA,NA,NA,NA
"AENJPLPP_02692",0,NA,NA,NA,NA,NA
"AENJPLPP_02693",0,NA,NA,NA,NA,NA
"AENJPLPP_02694",0,NA,NA,NA,NA,NA
"AENJPLPP_02695",0,NA,NA,NA,NA,NA
"AENJPLPP_02696",0,NA,NA,NA,NA,NA
"AENJPLPP_02697",0,NA,NA,NA,NA,NA
"AENJPLPP_02698",3.64434584666497,5.531609566282,3.91932909903371,1.4113664421918,0.158136592508615,0.830150536733995
"AENJPLPP_02699",105.456648484725,2.43272350216165,2.36161774533678,1.03010891875507,0.302958878982772,0.999399299569476
"AENJPLPP_02700",0,NA,NA,NA,NA,NA
"AENJPLPP_02701",0,NA,NA,NA,NA,NA
"AENJPLPP_02702",7.46223197174256,6.5656227161193,3.69684880768615,1.77600520271986,0.07573205961868,0.79959027291245
"AENJPLPP_02703",0,NA,NA,NA,NA,NA
"AENJPLPP_02704",0,NA,NA,NA,NA,NA
"AENJPLPP_02705",0,NA,NA,NA,NA,NA
"AENJPLPP_02706",0,NA,NA,NA,NA,NA
"AENJPLPP_02707",61.0889781595649,1.07226835902684,2.43356190981178,0.440616840156646,0.659490409296151,0.999399299569476
"AENJPLPP_02708",4.01240623451295,-2.75697730620532,3.1500474067032,-0.875217719053549,0.381455453875579,0.999399299569476
"AENJPLPP_02709",1.17984985721256,3.90588999660352,3.94541486704275,0.989982074947456,0.322182880519164,0.999399299569476
"AENJPLPP_02710",319.448204264655,1.07230588531472,1.85895294045892,0.576833260259941,0.564052098846039,0.999399299569476
"AENJPLPP_02711",0,NA,NA,NA,NA,NA
"AENJPLPP_02712",0.795842349822934,-3.0980676724468,3.9573787140383,-0.782858527402697,0.433710193839788,0.999399299569476
"AENJPLPP_02713",70.2957839472333,0.971261589056871,2.30896146569399,0.420648678415665,0.674011642252869,0.999399299569476
"AENJPLPP_02714",0,NA,NA,NA,NA,NA
"AENJPLPP_02715",0,NA,NA,NA,NA,NA
"AENJPLPP_02716",774.128315097861,0.893290788239709,1.87504078084096,0.476411391884002,0.633781320366939,0.999399299569476
"AENJPLPP_02717",0.994802937278668,-3.41471766139286,3.94754156419486,-0.865023865072165,0.387025690233518,0.999399299569476
"AENJPLPP_02718",0,NA,NA,NA,NA,NA
"AENJPLPP_02719",10.6984368480092,1.4931374451845,3.0270886141921,0.49325858456344,0.621829887760324,0.999399299569476
"AENJPLPP_02720",0,NA,NA,NA,NA,NA
"AENJPLPP_02721",0,NA,NA,NA,NA,NA
"AENJPLPP_02722",0,NA,NA,NA,NA,NA
"AENJPLPP_02723",0,NA,NA,NA,NA,NA
"AENJPLPP_02724",0,NA,NA,NA,NA,NA
"AENJPLPP_02725",0,NA,NA,NA,NA,NA
"AENJPLPP_02726",0,NA,NA,NA,NA,NA
"AENJPLPP_02727",0,NA,NA,NA,NA,NA
"AENJPLPP_02728",0,NA,NA,NA,NA,NA
"AENJPLPP_02729",0,NA,NA,NA,NA,NA
"AENJPLPP_02730",100.058500851984,-0.981032854499381,1.98578705884666,-0.494027217132316,0.621286957963761,0.999399299569476
"AENJPLPP_02731",10.1254567393769,-4.21131945802261,3.00601989018823,-1.40096194032798,0.161225454616149,0.830150536733995
"AENJPLPP_02732",103.811412559916,-0.286108160852081,2.34572368080538,-0.12197010380773,0.902922695163991,0.999399299569476
"AENJPLPP_02733",0,NA,NA,NA,NA,NA
"AENJPLPP_02734",5.46259814011584,6.11706548210775,3.77202436807911,1.62169299166613,0.104869100162367,0.79959027291245
"AENJPLPP_02735",3.68077086793107,-5.28569395327656,3.91802885759827,-1.34906968411577,0.177314584617392,0.830150536733995
"AENJPLPP_02736",0,NA,NA,NA,NA,NA
"AENJPLPP_02737",0,NA,NA,NA,NA,NA
"AENJPLPP_02738",0,NA,NA,NA,NA,NA
"AENJPLPP_02739",19.7161865340966,-3.22413832273926,2.89116147897488,-1.11517061436583,0.264777315987633,0.980920314644644
"AENJPLPP_02740",0,NA,NA,NA,NA,NA
"AENJPLPP_02741",0,NA,NA,NA,NA,NA
"AENJPLPP_02742",0,NA,NA,NA,NA,NA
"AENJPLPP_02743",0,NA,NA,NA,NA,NA
"AENJPLPP_02744",0,NA,NA,NA,NA,NA
"AENJPLPP_02745",0,NA,NA,NA,NA,NA
"AENJPLPP_02746",0,NA,NA,NA,NA,NA
"AENJPLPP_02747",0,NA,NA,NA,NA,NA
"AENJPLPP_02748",0,NA,NA,NA,NA,NA
"AENJPLPP_02749",46.7455420421259,-0.422293581237787,3.03756098326407,-0.139023902257265,0.889431261188,0.999399299569476
"AENJPLPP_02750",0,NA,NA,NA,NA,NA
"AENJPLPP_02751",30.8670778845085,0.607034760810203,2.72679736584229,0.222618214471794,0.823832659069831,0.999399299569476
"AENJPLPP_02752",7.11515141491732,6.49690650892779,3.70711085910466,1.75255252833116,0.0796788458697304,0.79959027291245
"AENJPLPP_02753",0,NA,NA,NA,NA,NA
"AENJPLPP_02754",0,NA,NA,NA,NA,NA
"AENJPLPP_02756",0,NA,NA,NA,NA,NA
"AENJPLPP_02757",0,NA,NA,NA,NA,NA
"AENJPLPP_02758",0,NA,NA,NA,NA,NA
"AENJPLPP_02759",0,NA,NA,NA,NA,NA
"AENJPLPP_02760",0.54507930447058,-0.898314436927917,4.01728415696553,-0.2236123714003,0.823058936431305,0.999399299569476
"AENJPLPP_02761",0,NA,NA,NA,NA,NA
"AENJPLPP_02762",0,NA,NA,NA,NA,NA
"AENJPLPP_02763",0,NA,NA,NA,NA,NA
"AENJPLPP_02764",0,NA,NA,NA,NA,NA
"AENJPLPP_02765",0,NA,NA,NA,NA,NA
"AENJPLPP_02766",0,NA,NA,NA,NA,NA
"AENJPLPP_02767",0,NA,NA,NA,NA,NA
"AENJPLPP_02768",8.78107656195766,6.79950704059161,3.35687486234357,2.02554677175086,0.042811250865347,0.79959027291245
"AENJPLPP_02769",0,NA,NA,NA,NA,NA
"AENJPLPP_02770",1.12553417231602,-1.18966569229706,3.91368395216961,-0.303975923154844,0.761146234282893,0.999399299569476
"AENJPLPP_02771",23.2234891018588,8.20401735017762,3.14817178891251,2.60596241255677,0.00916165148753429,0.453150377532009
"AENJPLPP_02772",0.173540278412618,1.22879329931982,4.0804728567969,0.301139927269213,0.763307795727942,0.999399299569476
"AENJPLPP_02773",0,NA,NA,NA,NA,NA
"AENJPLPP_02774",0,NA,NA,NA,NA,NA
"AENJPLPP_02775",0,NA,NA,NA,NA,NA
"AENJPLPP_02776",45.8729828466941,1.82111944102751,2.62475504343748,0.69382453253333,0.487792255660028,0.999399299569476
"AENJPLPP_02777",0,NA,NA,NA,NA,NA
"AENJPLPP_02778",0,NA,NA,NA,NA,NA
"AENJPLPP_02779",0,NA,NA,NA,NA,NA
"AENJPLPP_02780",0,NA,NA,NA,NA,NA
"AENJPLPP_02781",0,NA,NA,NA,NA,NA
"AENJPLPP_02782",0,NA,NA,NA,NA,NA
"AENJPLPP_02783",0,NA,NA,NA,NA,NA
"AENJPLPP_02784",23.7394051813285,1.63304249280021,2.97457508902778,0.549000258498754,0.583005272427515,0.999399299569476
"AENJPLPP_02785",0,NA,NA,NA,NA,NA
"AENJPLPP_02786",0,NA,NA,NA,NA,NA
"AENJPLPP_02787",0,NA,NA,NA,NA,NA
"AENJPLPP_02788",68.3457684331652,-2.83648915459924,1.89515330541473,-1.49670696639421,0.134469522800403,0.804091403232137
"AENJPLPP_02789",0,NA,NA,NA,NA,NA
"AENJPLPP_02790",0,NA,NA,NA,NA,NA
"AENJPLPP_02791",17.1517070501741,-0.833275446080915,3.37698700430799,-0.246751155695273,NA,NA
"AENJPLPP_02792",46.9277612653221,-2.07026733540357,3.00157546633429,-0.689726897965324,0.490365947379842,0.999399299569476
"AENJPLPP_02793",0,NA,NA,NA,NA,NA
"AENJPLPP_02794",0,NA,NA,NA,NA,NA
"AENJPLPP_02795",0,NA,NA,NA,NA,NA
"AENJPLPP_02796",19.9750879607105,0.578876137932775,2.42637601645154,0.238576434158525,0.811434040323709,0.999399299569476
"AENJPLPP_02797",0,NA,NA,NA,NA,NA
"AENJPLPP_02798",0.867701392063088,3.4607694268841,3.95928928206162,0.874088549822271,0.382070032598583,0.999399299569476
"AENJPLPP_02799",0,NA,NA,NA,NA,NA
"AENJPLPP_02800",1.24020225793144,2.1106235139748,3.90997594624105,0.539804731024982,0.589331704046074,0.999399299569476
"AENJPLPP_02801",0,NA,NA,NA,NA,NA
"AENJPLPP_02802",0,NA,NA,NA,NA,NA
"AENJPLPP_02803",0,NA,NA,NA,NA,NA
"AENJPLPP_02804",0,NA,NA,NA,NA,NA
"AENJPLPP_02805",0.62010112896572,1.77023921467586,3.99267982838136,0.443371191972966,0.657497269509807,0.999399299569476
"AENJPLPP_02806",0,NA,NA,NA,NA,NA
"AENJPLPP_02807",0,NA,NA,NA,NA,NA
"AENJPLPP_02808",0,NA,NA,NA,NA,NA
"AENJPLPP_02809",0,NA,NA,NA,NA,NA
"AENJPLPP_02810",0,NA,NA,NA,NA,NA
"AENJPLPP_02811",0,NA,NA,NA,NA,NA
"AENJPLPP_02812",0,NA,NA,NA,NA,NA
"AENJPLPP_02813",15.3123714064656,1.00700473045685,3.36681195577213,0.299097408374833,0.764865723645111,0.999399299569476
"AENJPLPP_02814",0,NA,NA,NA,NA,NA
"AENJPLPP_02815",0,NA,NA,NA,NA,NA
"AENJPLPP_02816",16.1808686424757,0.884420705416522,2.99429667662632,0.295368429027213,0.767712447982724,0.999399299569476
"AENJPLPP_02817",0,NA,NA,NA,NA,NA
"AENJPLPP_02818",56.9464579341603,1.21994167274506,2.30490919112775,0.52927971194742,0.596611427318352,0.999399299569476
"AENJPLPP_02819",43.7093876697449,-0.72701858800383,2.32666859656156,-0.312471913309117,0.75468190514033,0.999399299569476
"AENJPLPP_02820",0,NA,NA,NA,NA,NA
"AENJPLPP_02821",0,NA,NA,NA,NA,NA
"AENJPLPP_02822",0,NA,NA,NA,NA,NA
"AENJPLPP_02823",0,NA,NA,NA,NA,NA
"AENJPLPP_02824",0,NA,NA,NA,NA,NA
"AENJPLPP_02825",0,NA,NA,NA,NA,NA
"AENJPLPP_02826",0,NA,NA,NA,NA,NA
"AENJPLPP_02827",0,NA,NA,NA,NA,NA
"AENJPLPP_02828",0,NA,NA,NA,NA,NA
"AENJPLPP_02829",0,NA,NA,NA,NA,NA
"AENJPLPP_02830",2.08248334095141,4.72415260386454,3.92873050750668,1.20246288077994,0.229184239279991,0.90503179564194
"AENJPLPP_02831",0,NA,NA,NA,NA,NA
"AENJPLPP_02832",5.35067671898602,-5.8226626522605,3.45474230432872,-1.68541157034052,0.0919091928594728,0.79959027291245
"AENJPLPP_02833",59.4948855928944,8.58548488293327,2.52018148764922,3.40669309929011,0.000657550187820098,0.217608420095999
"AENJPLPP_02834",0,NA,NA,NA,NA,NA
"AENJPLPP_02835",0,NA,NA,NA,NA,NA
"AENJPLPP_02836",1.1937635247344,-3.67414627926049,3.94090880693255,-0.932309388331242,0.351176657238613,0.999399299569476
"AENJPLPP_02837",1.24020225793144,2.1106235139748,3.90997594624105,0.539804731024982,0.589331704046074,0.999399299569476
"AENJPLPP_02838",0,NA,NA,NA,NA,NA
"AENJPLPP_02839",0,NA,NA,NA,NA,NA
"AENJPLPP_02840",0,NA,NA,NA,NA,NA
"AENJPLPP_02841",7.02909299815921,6.4783163588219,3.30816943793581,1.95827828059018,0.0501973679409574,0.79959027291245
"AENJPLPP_02842",0,NA,NA,NA,NA,NA
"AENJPLPP_02843",36.5978113968046,-1.50512934039241,2.61147816946102,-0.576351492420498,0.564377624604568,0.999399299569476
"AENJPLPP_02844",0,NA,NA,NA,NA,NA
"AENJPLPP_02845",0,NA,NA,NA,NA,NA
"AENJPLPP_02846",0,NA,NA,NA,NA,NA
"AENJPLPP_02847",0.694161113650471,3.1386912998077,3.97231547482937,0.790141497999355,0.429445137044825,0.999399299569476
"AENJPLPP_02848",0,NA,NA,NA,NA,NA
"AENJPLPP_02849",0,NA,NA,NA,NA,NA
"AENJPLPP_02850",41.6905905817447,-0.682092785621506,2.33080712404928,-0.292642312005858,0.769795568557456,0.999399299569476
"AENJPLPP_02851",0,NA,NA,NA,NA,NA
"AENJPLPP_02852",18.2918008151088,1.32240289320859,2.62211816488048,0.504326201206447,0.614032168311953,0.999399299569476
"AENJPLPP_02853",593.327311424853,0.973652177081892,1.91293938475869,0.508982242113601,0.610764671397915,0.999399299569476
"AENJPLPP_02854",0,NA,NA,NA,NA,NA
"AENJPLPP_02855",0,NA,NA,NA,NA,NA
"AENJPLPP_02856",0,NA,NA,NA,NA,NA
"AENJPLPP_02857",0,NA,NA,NA,NA,NA
"AENJPLPP_02858",0,NA,NA,NA,NA,NA
"AENJPLPP_02859",41.9963405712219,-0.708061229311937,2.44039657469825,-0.290141871470004,0.771707704026432,0.999399299569476
"AENJPLPP_02860",0,NA,NA,NA,NA,NA
"AENJPLPP_02861",0.696362056095068,-2.90906660922758,3.96432758284263,-0.733810854031802,0.463064024440485,0.999399299569476
"AENJPLPP_02862",6.07390974444162,6.26862562668674,3.7458022724176,1.67350681397309,0.094227566270781,0.79959027291245
"AENJPLPP_02863",3.87973145538681,-5.36136704497182,3.90027122970312,-1.37461389970562,0.169251177041764,0.830150536733995
"AENJPLPP_02864",0,NA,NA,NA,NA,NA
"AENJPLPP_02865",0,NA,NA,NA,NA,NA
"AENJPLPP_02866",0,NA,NA,NA,NA,NA
"AENJPLPP_02867",0,NA,NA,NA,NA,NA
"AENJPLPP_02868",0,NA,NA,NA,NA,NA
"AENJPLPP_02869",0,NA,NA,NA,NA,NA
"AENJPLPP_02870",0,NA,NA,NA,NA,NA
"AENJPLPP_02871",0,NA,NA,NA,NA,NA
"AENJPLPP_02872",0,NA,NA,NA,NA,NA
"AENJPLPP_02873",0,NA,NA,NA,NA,NA
"AENJPLPP_02874",0,NA,NA,NA,NA,NA
"AENJPLPP_02875",2.0890861682852,-4.47342315987043,3.92648478053842,-1.13929466428672,0.254580273121637,0.962835648344653
"AENJPLPP_02876",0,NA,NA,NA,NA,NA
"AENJPLPP_02877",0,NA,NA,NA,NA,NA
"AENJPLPP_02878",0,NA,NA,NA,NA,NA
"AENJPLPP_02879",0,NA,NA,NA,NA,NA
"AENJPLPP_02880",9.56264481994233,-6.66020308355989,3.19635934703944,-2.08368407942891,0.0371889133230933,0.79959027291245
"AENJPLPP_02881",48.5333156933052,1.54008409849694,2.05034464827322,0.751134254328406,0.452571862513418,0.999399299569476
"AENJPLPP_02882",0,NA,NA,NA,NA,NA
"AENJPLPP_02883",0,NA,NA,NA,NA,NA
"AENJPLPP_02884",1.38832222730094,4.13906659884109,3.93967100392889,1.05061224521371,0.293436714747767,0.999399299569476
"AENJPLPP_02885",0,NA,NA,NA,NA,NA
"AENJPLPP_02886",0,NA,NA,NA,NA,NA
"AENJPLPP_02887",42.8613858272156,0.386211705869729,3.01982348004565,0.127892146154149,0.898234326466565,0.999399299569476
"AENJPLPP_02888",0,NA,NA,NA,NA,NA
"AENJPLPP_02889",0,NA,NA,NA,NA,NA
"AENJPLPP_02890",0,NA,NA,NA,NA,NA
"AENJPLPP_02891",4.28959661128078,-1.04240896512577,3.52695689179119,-0.295554779121889,0.767570112475131,0.999399299569476
"AENJPLPP_02892",0,NA,NA,NA,NA,NA
"AENJPLPP_02893",0,NA,NA,NA,NA,NA
"AENJPLPP_02894",0,NA,NA,NA,NA,NA
"AENJPLPP_02895",0,NA,NA,NA,NA,NA
"AENJPLPP_02896",0,NA,NA,NA,NA,NA
"AENJPLPP_02897",0,NA,NA,NA,NA,NA
"AENJPLPP_02898",0,NA,NA,NA,NA,NA
"AENJPLPP_02899",0,NA,NA,NA,NA,NA
"AENJPLPP_02900",0,NA,NA,NA,NA,NA
"AENJPLPP_02901",0,NA,NA,NA,NA,NA
"AENJPLPP_02902",0,NA,NA,NA,NA,NA
"AENJPLPP_02903",0,NA,NA,NA,NA,NA
"AENJPLPP_02904",0,NA,NA,NA,NA,NA
"AENJPLPP_02905",63.4876594760638,-0.154066470924807,2.30053933184843,-0.06696971827081,0.946605810381223,0.999399299569476
"AENJPLPP_02906",0,NA,NA,NA,NA,NA
"AENJPLPP_02907",0,NA,NA,NA,NA,NA
"AENJPLPP_02908",0,NA,NA,NA,NA,NA
"AENJPLPP_02909",0,NA,NA,NA,NA,NA
"AENJPLPP_02910",0,NA,NA,NA,NA,NA
"AENJPLPP_02911",0,NA,NA,NA,NA,NA
"AENJPLPP_02912",0,NA,NA,NA,NA,NA
"AENJPLPP_02913",0.935601769950548,3.56354240222748,3.955700667625,0.900862502411493,0.367661430514135,0.999399299569476
"AENJPLPP_02914",0,NA,NA,NA,NA,NA
"AENJPLPP_02915",0,NA,NA,NA,NA,NA
"AENJPLPP_02916",0,NA,NA,NA,NA,NA
"AENJPLPP_02917",0,NA,NA,NA,NA,NA
"AENJPLPP_02918",0,NA,NA,NA,NA,NA
"AENJPLPP_02919",21.1772692056946,-1.37406053623762,3.3713477554349,-0.407570098344948,NA,NA
"AENJPLPP_02920",0,NA,NA,NA,NA,NA
"AENJPLPP_02921",39.0727438513367,0.829347119139947,2.26111734961031,0.366786411719356,0.713778344188417,0.999399299569476
"AENJPLPP_02922",0,NA,NA,NA,NA,NA
"AENJPLPP_02923",20.5421955067566,-2.38830477436416,2.57449835102639,-0.927677725414741,0.353574766174828,0.999399299569476
"AENJPLPP_02924",0,NA,NA,NA,NA,NA
"AENJPLPP_02925",0,NA,NA,NA,NA,NA
"AENJPLPP_02926",0,NA,NA,NA,NA,NA
"AENJPLPP_02927",24.1220986993539,21.6748006434114,3.58300955406294,6.04932817408575,NA,NA
"AENJPLPP_02928",0,NA,NA,NA,NA,NA
"AENJPLPP_02929",0,NA,NA,NA,NA,NA
"AENJPLPP_02930",0,NA,NA,NA,NA,NA
"AENJPLPP_02931",0,NA,NA,NA,NA,NA
"AENJPLPP_02932",0,NA,NA,NA,NA,NA
"AENJPLPP_02933",49.0788307480727,4.97310808451995,3.35415292236148,1.48267183984523,NA,NA
"AENJPLPP_02934",8.64157989965683,-0.1108697570225,3.39926484458932,-0.0326158043257423,0.973980966506364,0.999399299569476
"AENJPLPP_02935",0,NA,NA,NA,NA,NA
"AENJPLPP_02936",16.8063349027604,0.0571065720457604,2.62650014270186,0.0217424591445159,0.982653394268721,0.999399299569476
"AENJPLPP_02937",1074.66405471797,0.568211831216915,1.92185731567246,0.295657657092039,0.767491536919116,0.999399299569476
"AENJPLPP_02938",0,NA,NA,NA,NA,NA
"AENJPLPP_02939",31.0882766782131,0.254843147460982,2.69547380500404,0.0945448429095753,0.924676362460423,0.999399299569476
"AENJPLPP_02940",4.49203629791032,-0.624034885075737,3.17336049716285,-0.196647965345777,0.844103032491119,0.999399299569476
"AENJPLPP_02941",3.73435326969604,-5.30489101700723,3.91788055520558,-1.35402060942332,0.175729802647081,0.830150536733995
"AENJPLPP_02942",0,NA,NA,NA,NA,NA
"AENJPLPP_02943",0,NA,NA,NA,NA,NA
"AENJPLPP_02944",0.694161113650471,3.1386912998077,3.97231547482937,0.790141497999355,0.429445137044825,0.999399299569476
"AENJPLPP_02945",0,NA,NA,NA,NA,NA
"AENJPLPP_02946",0,NA,NA,NA,NA,NA
"AENJPLPP_02947",76.2990554499195,0.903262332450801,3.13213411674534,0.288385585924206,0.773051600043309,0.999399299569476
"AENJPLPP_02948",4.90915930951872,-5.68526879125797,3.84435294969149,-1.4788623379948,0.139177110894413,0.812873543454821
"AENJPLPP_02949",0,NA,NA,NA,NA,NA
"AENJPLPP_02950",0,NA,NA,NA,NA,NA
"AENJPLPP_02951",0,NA,NA,NA,NA,NA
"AENJPLPP_02952",0,NA,NA,NA,NA,NA
"AENJPLPP_02953",0,NA,NA,NA,NA,NA
"AENJPLPP_02954",0.452648881175278,-2.29072930073655,3.99425800100669,-0.573505592317572,0.56630241370824,0.999399299569476
"AENJPLPP_02955",0,NA,NA,NA,NA,NA
"AENJPLPP_02956",0,NA,NA,NA,NA,NA
"AENJPLPP_02957",261.965795088503,0.169820359792658,1.88442488667213,0.0901178715021953,0.928193547598475,0.999399299569476
"AENJPLPP_02958",0,NA,NA,NA,NA,NA
"AENJPLPP_02959",34.3203953231187,-0.972494241694358,2.3569158194699,-0.412613057140532,0.679890133281688,0.999399299569476
"AENJPLPP_02960",0,NA,NA,NA,NA,NA
"AENJPLPP_02961",0,NA,NA,NA,NA,NA
"AENJPLPP_02962",0,NA,NA,NA,NA,NA
"AENJPLPP_02963",0,NA,NA,NA,NA,NA
"AENJPLPP_02964",0,NA,NA,NA,NA,NA
"AENJPLPP_02965",62.8117439607293,-0.370283024543276,2.65354383200922,-0.139542833277,0.889021210954688,0.999399299569476
"AENJPLPP_02966",0,NA,NA,NA,NA,NA
"AENJPLPP_02967",0,NA,NA,NA,NA,NA
"AENJPLPP_02968",0,NA,NA,NA,NA,NA
"AENJPLPP_02969",0,NA,NA,NA,NA,NA
"AENJPLPP_02970",0,NA,NA,NA,NA,NA
"AENJPLPP_02971",0,NA,NA,NA,NA,NA
"AENJPLPP_02972",0,NA,NA,NA,NA,NA
"AENJPLPP_02973",2.42956389777665,4.94657966601395,3.92559916018667,1.2600827196475,0.207639523319587,0.881153535056939
"AENJPLPP_02974",52.210667775911,2.56706113934599,2.38658821766613,1.07561963154932,0.282097403892567,0.999399299569476
"AENJPLPP_02975",12.3305021983917,3.19019688671777,2.93746990568599,1.08603559837076,0.277463243019948,0.998190935254692
"AENJPLPP_02976",0,NA,NA,NA,NA,NA
"AENJPLPP_02977",0,NA,NA,NA,NA,NA
"AENJPLPP_02978",0,NA,NA,NA,NA,NA
"AENJPLPP_02979",0,NA,NA,NA,NA,NA
"AENJPLPP_02980",0,NA,NA,NA,NA,NA
"AENJPLPP_02981",1135.9049363307,0.00615420729541427,1.86602030097195,0.0032980387685004,0.997368550556091,0.999399299569476
"AENJPLPP_02982",0,NA,NA,NA,NA,NA
"AENJPLPP_02983",0,NA,NA,NA,NA,NA
"AENJPLPP_02984",0,NA,NA,NA,NA,NA
"AENJPLPP_02985",0,NA,NA,NA,NA,NA
"AENJPLPP_02986",0,NA,NA,NA,NA,NA
"AENJPLPP_02987",0,NA,NA,NA,NA,NA
"AENJPLPP_02988",0,NA,NA,NA,NA,NA
"AENJPLPP_02989",56.0944919906181,1.05475705419108,2.71115015303691,0.389044130591435,0.697243501350126,0.999399299569476
"AENJPLPP_02990",205.694267017741,0.0848685386774965,2.32931885456947,0.0364349168045449,0.970935573069521,0.999399299569476
"AENJPLPP_02991",0,NA,NA,NA,NA,NA
"AENJPLPP_02992",0,NA,NA,NA,NA,NA
"AENJPLPP_02993",0,NA,NA,NA,NA,NA
"AENJPLPP_02994",0,NA,NA,NA,NA,NA
"AENJPLPP_02995",0,NA,NA,NA,NA,NA
"AENJPLPP_02996",0,NA,NA,NA,NA,NA
"AENJPLPP_02997",0,NA,NA,NA,NA,NA
"AENJPLPP_02998",0,NA,NA,NA,NA,NA
"AENJPLPP_02999",0,NA,NA,NA,NA,NA
"AENJPLPP_03000",1.1937635247344,-3.67414627926049,3.94090880693255,-0.932309388331242,0.351176657238613,0.999399299569476
"AENJPLPP_03001",0,NA,NA,NA,NA,NA
"AENJPLPP_03002",224.085595567428,-0.207889112317182,1.86051980895967,-0.111737113099282,0.911031851580737,0.999399299569476
"AENJPLPP_03003",0,NA,NA,NA,NA,NA
"AENJPLPP_03004",0,NA,NA,NA,NA,NA
"AENJPLPP_03005",0,NA,NA,NA,NA,NA
"AENJPLPP_03006",192.124281364256,0.506253344479635,1.87990029445219,0.269297976054181,0.787700389546957,0.999399299569476
"AENJPLPP_03007",0,NA,NA,NA,NA,NA
"AENJPLPP_03008",36.4603054713026,0.958261211583667,1.94575405883847,0.49248835289888,0.622374153616245,0.999399299569476
"AENJPLPP_03009",0,NA,NA,NA,NA,NA
"AENJPLPP_03010",0,NA,NA,NA,NA,NA
"AENJPLPP_03011",0,NA,NA,NA,NA,NA
"AENJPLPP_03012",0,NA,NA,NA,NA,NA
"AENJPLPP_03013",0,NA,NA,NA,NA,NA
"AENJPLPP_03014",0,NA,NA,NA,NA,NA
"AENJPLPP_03015",3.64434584666497,5.531609566282,3.91932909903371,1.4113664421918,0.158136592508615,0.830150536733995
"AENJPLPP_03016",0,NA,NA,NA,NA,NA
"AENJPLPP_03017",0,NA,NA,NA,NA,NA
"AENJPLPP_03018",0,NA,NA,NA,NA,NA
"AENJPLPP_03019",0,NA,NA,NA,NA,NA
"AENJPLPP_03020",9.16613984379938,-6.5977386895731,3.66365373844565,-1.80086306201314,NA,NA
"AENJPLPP_03021",0,NA,NA,NA,NA,NA
"AENJPLPP_03022",0,NA,NA,NA,NA,NA
"AENJPLPP_03023",0,NA,NA,NA,NA,NA
"AENJPLPP_03024",0,NA,NA,NA,NA,NA
"AENJPLPP_03025",0,NA,NA,NA,NA,NA
"AENJPLPP_03026",0,NA,NA,NA,NA,NA
"AENJPLPP_03027",0,NA,NA,NA,NA,NA
"AENJPLPP_03028",0,NA,NA,NA,NA,NA
"AENJPLPP_03029",0,NA,NA,NA,NA,NA
"AENJPLPP_03030",0,NA,NA,NA,NA,NA
"AENJPLPP_03031",0,NA,NA,NA,NA,NA
"AENJPLPP_03032",0,NA,NA,NA,NA,NA
"AENJPLPP_03033",0,NA,NA,NA,NA,NA
"AENJPLPP_03034",0,NA,NA,NA,NA,NA
"AENJPLPP_03035",0,NA,NA,NA,NA,NA
"AENJPLPP_03036",0,NA,NA,NA,NA,NA
"AENJPLPP_03037",0,NA,NA,NA,NA,NA
"AENJPLPP_03038",0,NA,NA,NA,NA,NA
"AENJPLPP_03039",0,NA,NA,NA,NA,NA
"AENJPLPP_03040",0,NA,NA,NA,NA,NA
"AENJPLPP_03041",0,NA,NA,NA,NA,NA
"AENJPLPP_03042",0,NA,NA,NA,NA,NA
"AENJPLPP_03043",0,NA,NA,NA,NA,NA
"AENJPLPP_03044",0,NA,NA,NA,NA,NA
"AENJPLPP_03045",0,NA,NA,NA,NA,NA
"AENJPLPP_03046",0,NA,NA,NA,NA,NA
"AENJPLPP_03047",0,NA,NA,NA,NA,NA
"AENJPLPP_03048",0,NA,NA,NA,NA,NA
"AENJPLPP_03049",73.2306132961709,-3.70716417432626,2.57076561589455,-1.44204673946375,0.149289188585751,0.825255292180703
"AENJPLPP_03050",13.1022056580968,0.971953477558591,3.01901354813065,0.321944059562243,0.747495073947291,0.999399299569476
"AENJPLPP_03051",0,NA,NA,NA,NA,NA
"AENJPLPP_03052",0,NA,NA,NA,NA,NA
"AENJPLPP_03053",0,NA,NA,NA,NA,NA
"AENJPLPP_03054",0,NA,NA,NA,NA,NA
"AENJPLPP_03055",0,NA,NA,NA,NA,NA
"AENJPLPP_03056",0,NA,NA,NA,NA,NA
"AENJPLPP_03057",20.3303252561203,0.318534462773062,2.66359137509938,0.119588336916423,0.904809259207095,0.999399299569476
"AENJPLPP_03058",45.3607238341668,-0.817170285248133,2.72021765493296,-0.300406213365406,NA,NA
"AENJPLPP_03059",65.2567302256645,0.719449922215467,2.31669005557691,0.310550787958689,0.756142143937519,0.999399299569476
"AENJPLPP_03060",0,NA,NA,NA,NA,NA
"AENJPLPP_03061",0,NA,NA,NA,NA,NA
"AENJPLPP_03062",0,NA,NA,NA,NA,NA
"AENJPLPP_03063",0,NA,NA,NA,NA,NA
"AENJPLPP_03064",0,NA,NA,NA,NA,NA
"AENJPLPP_03065",660.839590746581,1.65095874977947,1.83980875260352,0.897353459941524,0.369530338261361,0.999399299569476
"AENJPLPP_03066",0,NA,NA,NA,NA,NA
"AENJPLPP_03067",0,NA,NA,NA,NA,NA
"AENJPLPP_03068",484.447087964749,-0.45172507089471,1.86166929207315,-0.242645174853623,0.808280282322732,0.999399299569476
"AENJPLPP_03069",0,NA,NA,NA,NA,NA
"AENJPLPP_03070",87.8994176311746,-0.679991436403148,2.29963590748528,-0.295695259492942,0.767462817765732,0.999399299569476
"AENJPLPP_03071",17.5156628843818,-0.374882941571307,3.00279302849316,-0.124844748876824,0.90064646002288,0.999399299569476
"AENJPLPP_03072",0,NA,NA,NA,NA,NA
"AENJPLPP_03073",0,NA,NA,NA,NA,NA
"AENJPLPP_03074",0,NA,NA,NA,NA,NA
"AENJPLPP_03075",0,NA,NA,NA,NA,NA
"AENJPLPP_03076",0,NA,NA,NA,NA,NA
"AENJPLPP_03077",0,NA,NA,NA,NA,NA
"AENJPLPP_03078",2.78544822438027,-4.88567034941151,3.92160909244869,-1.24583308387855,0.212825680853641,0.891940469150511
"AENJPLPP_03079",0,NA,NA,NA,NA,NA
"AENJPLPP_03080",0,NA,NA,NA,NA,NA
"AENJPLPP_03081",0,NA,NA,NA,NA,NA
"AENJPLPP_03082",0,NA,NA,NA,NA,NA
"AENJPLPP_03083",0,NA,NA,NA,NA,NA
"AENJPLPP_03084",0,NA,NA,NA,NA,NA
"AENJPLPP_03085",0,NA,NA,NA,NA,NA
"AENJPLPP_03086",0,NA,NA,NA,NA,NA
"AENJPLPP_03087",0,NA,NA,NA,NA,NA
"AENJPLPP_03088",0,NA,NA,NA,NA,NA
"AENJPLPP_03089",0,NA,NA,NA,NA,NA
"AENJPLPP_03090",0,NA,NA,NA,NA,NA
"AENJPLPP_03091",0,NA,NA,NA,NA,NA
"AENJPLPP_03092",0,NA,NA,NA,NA,NA
"AENJPLPP_03093",0,NA,NA,NA,NA,NA
"AENJPLPP_03094",0,NA,NA,NA,NA,NA
"AENJPLPP_03095",12.5655491457961,-0.180454055140098,3.37623455822383,-0.0534483170609543,0.957374708753836,0.999399299569476
"AENJPLPP_03096",0,NA,NA,NA,NA,NA
"AENJPLPP_03097",0,NA,NA,NA,NA,NA
"AENJPLPP_03098",0,NA,NA,NA,NA,NA
"AENJPLPP_03099",0,NA,NA,NA,NA,NA
"AENJPLPP_03100",0,NA,NA,NA,NA,NA
"AENJPLPP_03101",38.2133272815462,-1.19034156429564,2.41512265263313,-0.492870025875433,0.622104427675137,0.999399299569476
"AENJPLPP_03102",0,NA,NA,NA,NA,NA
"AENJPLPP_03103",0,NA,NA,NA,NA,NA
"AENJPLPP_03104",0,NA,NA,NA,NA,NA
"AENJPLPP_03105",0,NA,NA,NA,NA,NA
"AENJPLPP_03106",0,NA,NA,NA,NA,NA
"AENJPLPP_03107",0,NA,NA,NA,NA,NA
"AENJPLPP_03108",0,NA,NA,NA,NA,NA
"AENJPLPP_03109",0,NA,NA,NA,NA,NA
"AENJPLPP_03110",0,NA,NA,NA,NA,NA
"AENJPLPP_03111",0,NA,NA,NA,NA,NA
"AENJPLPP_03112",0,NA,NA,NA,NA,NA
"AENJPLPP_03113",0,NA,NA,NA,NA,NA
"AENJPLPP_03114",0,NA,NA,NA,NA,NA
"AENJPLPP_03115",0,NA,NA,NA,NA,NA
"AENJPLPP_03116",0,NA,NA,NA,NA,NA
"AENJPLPP_03117",0,NA,NA,NA,NA,NA
"AENJPLPP_03118",0,NA,NA,NA,NA,NA
"AENJPLPP_03119",0,NA,NA,NA,NA,NA
"AENJPLPP_03120",445.068226418915,-0.841061348473345,1.92910198406262,-0.435985943419176,0.662846928210716,0.999399299569476
"AENJPLPP_03121",21.8709571598851,0.844824890183702,2.99609299437471,0.281975523379914,0.777962278586189,0.999399299569476
"AENJPLPP_03122",0,NA,NA,NA,NA,NA
"AENJPLPP_03123",0,NA,NA,NA,NA,NA
"AENJPLPP_03124",0,NA,NA,NA,NA,NA
"AENJPLPP_03125",0,NA,NA,NA,NA,NA
"AENJPLPP_03126",0,NA,NA,NA,NA,NA
"AENJPLPP_03127",0,NA,NA,NA,NA,NA
"AENJPLPP_03128",0,NA,NA,NA,NA,NA
"AENJPLPP_03129",0,NA,NA,NA,NA,NA
"AENJPLPP_03130",0,NA,NA,NA,NA,NA
"AENJPLPP_03131",0,NA,NA,NA,NA,NA
"AENJPLPP_03132",0,NA,NA,NA,NA,NA
"AENJPLPP_03133",0,NA,NA,NA,NA,NA
"AENJPLPP_03134",0,NA,NA,NA,NA,NA
"AENJPLPP_03135",0,NA,NA,NA,NA,NA
"AENJPLPP_03136",0,NA,NA,NA,NA,NA
"AENJPLPP_03137",24.2498461919176,6.24150424780534,3.31533379323984,1.88261714718806,NA,NA
"AENJPLPP_03138",0.524765321771239,-2.50567085853234,3.98243959021887,-0.62917987875734,0.529231300220747,0.999399299569476
"AENJPLPP_03139",0,NA,NA,NA,NA,NA
"AENJPLPP_03140",0,NA,NA,NA,NA,NA
"AENJPLPP_03141",10.9330375399949,7.11665878950395,3.63420537140106,1.95824342936358,0.0502014553210168,0.79959027291245
"AENJPLPP_03142",0,NA,NA,NA,NA,NA
"AENJPLPP_03143",10.9338743043981,-0.143743169403965,2.98810584821379,-0.0481051129731199,0.961632471361898,0.999399299569476
"AENJPLPP_03144",67.7721812539347,0.841630053430923,2.66910799490784,0.315322592805011,0.752516732748804,0.999399299569476
"AENJPLPP_03145",2.6859679306524,-4.83351625521249,3.92215256162286,-1.2323631422467,0.217813462668929,0.896580997497684
"AENJPLPP_03146",0,NA,NA,NA,NA,NA
"AENJPLPP_03147",0,NA,NA,NA,NA,NA
"AENJPLPP_03148",0,NA,NA,NA,NA,NA
"AENJPLPP_03149",0,NA,NA,NA,NA,NA
"AENJPLPP_03150",0,NA,NA,NA,NA,NA
"AENJPLPP_03151",3.12372501142712,5.30919528848896,3.9214202109309,1.35389603840202,0.175769547608723,0.830150536733995
"AENJPLPP_03152",24.0163383566531,-7.98641179490016,3.124247986412,-2.55626692555607,0.0105801923806538,0.455211062494393
"AENJPLPP_03153",14.3447238909366,7.50908463113265,3.16406056735807,2.37324301203329,0.0176326585654905,0.538100097602037
"AENJPLPP_03154",0,NA,NA,NA,NA,NA
"AENJPLPP_03155",0,NA,NA,NA,NA,NA
"AENJPLPP_03156",30.0871890412132,0.404298293457775,3.0130412936907,0.134182792085981,0.893258032776682,0.999399299569476
"AENJPLPP_03157",0,NA,NA,NA,NA,NA
"AENJPLPP_03158",0,NA,NA,NA,NA,NA
"AENJPLPP_03159",0,NA,NA,NA,NA,NA
"AENJPLPP_03160",0,NA,NA,NA,NA,NA
"AENJPLPP_03161",0,NA,NA,NA,NA,NA
"AENJPLPP_03162",0.0994802937278668,-0.686156850506019,4.07924677847551,-0.168206751826485,0.866420629438556,0.999399299569476
"AENJPLPP_03163",0,NA,NA,NA,NA,NA
"AENJPLPP_03164",76.1795696099231,0.0668125421338222,2.10650426640823,0.0317172593472803,0.974697530842403,0.999399299569476
"AENJPLPP_03165",175.70131738086,0.529777584908721,1.93811677584861,0.273346576176638,0.784586815434903,0.999399299569476
"AENJPLPP_03166",0,NA,NA,NA,NA,NA
"AENJPLPP_03167",0,NA,NA,NA,NA,NA
"AENJPLPP_03168",0,NA,NA,NA,NA,NA
"AENJPLPP_03169",0,NA,NA,NA,NA,NA
"AENJPLPP_03170",0,NA,NA,NA,NA,NA
"AENJPLPP_03171",0,NA,NA,NA,NA,NA
"AENJPLPP_03172",0,NA,NA,NA,NA,NA
"AENJPLPP_03173",0,NA,NA,NA,NA,NA
"AENJPLPP_03174",0,NA,NA,NA,NA,NA
"AENJPLPP_03175",0,NA,NA,NA,NA,NA
"AENJPLPP_03176",0,NA,NA,NA,NA,NA
"AENJPLPP_03177",0,NA,NA,NA,NA,NA
"AENJPLPP_03178",0,NA,NA,NA,NA,NA
"AENJPLPP_03179",0,NA,NA,NA,NA,NA
"AENJPLPP_03180",0,NA,NA,NA,NA,NA
"AENJPLPP_03181",0,NA,NA,NA,NA,NA
"AENJPLPP_03182",0,NA,NA,NA,NA,NA
"AENJPLPP_03183",0,NA,NA,NA,NA,NA
"AENJPLPP_03184",0,NA,NA,NA,NA,NA
"AENJPLPP_03185",0,NA,NA,NA,NA,NA
"AENJPLPP_03186",0,NA,NA,NA,NA,NA
"AENJPLPP_03187",0,NA,NA,NA,NA,NA
"AENJPLPP_03188",0,NA,NA,NA,NA,NA
"AENJPLPP_03189",0,NA,NA,NA,NA,NA
