Aligning contigs to reference...
	Aligning contigs to the reference
Filtering alignments...
Parsing coords...
Loading reference...
	Loaded [NZ_CP038996.1]
	Loaded [NZ_CP038997.1]
	Total Regions: 2
	Total Region Length: 2919198
Analyzing contigs...
CONTIG: NODE_1_length_2057033_cov_42.745176 (2057033bp)
Best alignment score: 137646.2 (LEN: 137660, IDY: 99.99), Total number of alignments: 200
			Too much alignments (200), will use speed up heuristics
			Found 117 solid alignments:
		Solid alignment 2533455 2534903 | 1449 1 | 1449 1449 | 100.0 | NZ_CP038996.1 NODE_1_length_2057033_cov_42.745176
		Solid alignment 2530549 2531940 | 2834 1443 | 1392 1392 | 100.0 | NZ_CP038996.1 NODE_1_length_2057033_cov_42.745176
		Solid alignment 2504714 2530556 | 30191 4349 | 25843 25843 | 99.74 | NZ_CP038996.1 NODE_1_length_2057033_cov_42.745176
		Solid alignment 2493466 2504257 | 40323 29532 | 10792 10792 | 99.87 | NZ_CP038996.1 NODE_1_length_2057033_cov_42.745176
		Solid alignment 2465271 2491787 | 66828 40318 | 26517 26511 | 99.92 | NZ_CP038996.1 NODE_1_length_2057033_cov_42.745176
		Solid alignment 2441723 2463757 | 88861 66820 | 22035 22042 | 98.79 | NZ_CP038996.1 NODE_1_length_2057033_cov_42.745176
		Solid alignment 2383024 2440661 | 146492 88855 | 57638 57638 | 99.97 | NZ_CP038996.1 NODE_1_length_2057033_cov_42.745176
		Solid alignment 2377266 2381520 | 150739 146485 | 4255 4255 | 99.98 | NZ_CP038996.1 NODE_1_length_2057033_cov_42.745176
		Solid alignment 1357272 1358774 | 150740 152242 | 1503 1503 | 100.0 | NZ_CP038996.1 NODE_1_length_2057033_cov_42.745176
		Solid alignment 2348169 2377273 | 181356 152243 | 29105 29114 | 99.92 | NZ_CP038996.1 NODE_1_length_2057033_cov_42.745176
		Solid alignment 73301 74342 | 182395 181354 | 1042 1042 | 99.9 | NZ_CP038997.1 NODE_1_length_2057033_cov_42.745176
		Solid alignment 2331383 2348177 | 199190 182396 | 16795 16795 | 99.96 | NZ_CP038996.1 NODE_1_length_2057033_cov_42.745176
		Solid alignment 1978661 1979725 | 200470 199406 | 1065 1065 | 100.0 | NZ_CP038996.1 NODE_1_length_2057033_cov_42.745176
		Solid alignment 2214055 2226786 | 213317 200586 | 12732 12732 | 99.92 | NZ_CP038996.1 NODE_1_length_2057033_cov_42.745176
		Solid alignment 1993586 2000306 | 256852 250131 | 6721 6722 | 98.59 | NZ_CP038996.1 NODE_1_length_2057033_cov_42.745176
		Solid alignment 802768 832893 | 251847 281973 | 30126 30127 | 99.77 | NZ_CP038996.1 NODE_1_length_2057033_cov_42.745176
		Solid alignment 848454 855456 | 293642 300644 | 7003 7003 | 98.3 | NZ_CP038996.1 NODE_1_length_2057033_cov_42.745176
		Solid alignment 838169 840513 | 300644 302988 | 2345 2345 | 100.0 | NZ_CP038996.1 NODE_1_length_2057033_cov_42.745176
		Solid alignment 855318 899045 | 302989 346870 | 43728 43882 | 99.54 | NZ_CP038996.1 NODE_1_length_2057033_cov_42.745176
		Solid alignment 1662511 1664025 | 346869 348383 | 1515 1515 | 100.0 | NZ_CP038996.1 NODE_1_length_2057033_cov_42.745176
		Solid alignment 899037 910420 | 348384 359770 | 11384 11387 | 99.91 | NZ_CP038996.1 NODE_1_length_2057033_cov_42.745176
		Solid alignment 911951 914589 | 361290 363928 | 2639 2639 | 99.96 | NZ_CP038996.1 NODE_1_length_2057033_cov_42.745176
		Solid alignment 914581 966221 | 365442 417083 | 51641 51642 | 99.99 | NZ_CP038996.1 NODE_1_length_2057033_cov_42.745176
		Solid alignment 987875 997153 | 429219 438497 | 9279 9279 | 99.96 | NZ_CP038996.1 NODE_1_length_2057033_cov_42.745176
		Solid alignment 998219 1025865 | 438495 466265 | 27647 27771 | 99.28 | NZ_CP038996.1 NODE_1_length_2057033_cov_42.745176
		Solid alignment 1025889 1104362 | 467780 546216 | 78474 78437 | 99.68 | NZ_CP038996.1 NODE_1_length_2057033_cov_42.745176
		Solid alignment 1106254 1108969 | 546217 548932 | 2716 2716 | 100.0 | NZ_CP038996.1 NODE_1_length_2057033_cov_42.745176
		Solid alignment 1110475 1117630 | 548926 556081 | 7156 7156 | 100.0 | NZ_CP038996.1 NODE_1_length_2057033_cov_42.745176
		Solid alignment 1119144 1160984 | 556073 597904 | 41841 41832 | 99.63 | NZ_CP038996.1 NODE_1_length_2057033_cov_42.745176
		Solid alignment 1162502 1265190 | 597870 700559 | 102689 102690 | 99.83 | NZ_CP038996.1 NODE_1_length_2057033_cov_42.745176
		Solid alignment 1265183 1308554 | 702074 745443 | 43372 43370 | 99.98 | NZ_CP038996.1 NODE_1_length_2057033_cov_42.745176
		Solid alignment 1467202 1468278 | 746519 745443 | 1077 1077 | 99.91 | NZ_CP038996.1 NODE_1_length_2057033_cov_42.745176
		Solid alignment 1308552 1357271 | 746508 795228 | 48720 48721 | 99.96 | NZ_CP038996.1 NODE_1_length_2057033_cov_42.745176
		Solid alignment 1358775 1404345 | 795221 840939 | 45571 45719 | 99.57 | NZ_CP038996.1 NODE_1_length_2057033_cov_42.745176
		Solid alignment 1404360 1414721 | 842384 852745 | 10362 10362 | 99.93 | NZ_CP038996.1 NODE_1_length_2057033_cov_42.745176
		Solid alignment 1414714 1416700 | 854260 856246 | 1987 1987 | 100.0 | NZ_CP038996.1 NODE_1_length_2057033_cov_42.745176
		Solid alignment 1418592 1432547 | 856247 870202 | 13956 13956 | 99.98 | NZ_CP038996.1 NODE_1_length_2057033_cov_42.745176
		Solid alignment 1434062 1482363 | 870195 918497 | 48302 48303 | 99.98 | NZ_CP038996.1 NODE_1_length_2057033_cov_42.745176
		Solid alignment 1482354 1504831 | 920010 942487 | 22478 22478 | 100.0 | NZ_CP038996.1 NODE_1_length_2057033_cov_42.745176
		Solid alignment 1506723 1531275 | 942488 967040 | 24553 24553 | 99.97 | NZ_CP038996.1 NODE_1_length_2057033_cov_42.745176
		Solid alignment 1532825 1568408 | 967084 1002680 | 35584 35597 | 99.54 | NZ_CP038996.1 NODE_1_length_2057033_cov_42.745176
		Solid alignment 336632 337697 | 1005975 1007040 | 1066 1066 | 99.81 | NZ_CP038996.1 NODE_1_length_2057033_cov_42.745176
		Solid alignment 1569510 1583068 | 1008176 1021733 | 13559 13558 | 99.02 | NZ_CP038996.1 NODE_1_length_2057033_cov_42.745176
		Solid alignment 1583072 1589916 | 1022351 1029153 | 6845 6803 | 98.39 | NZ_CP038996.1 NODE_1_length_2057033_cov_42.745176
		Solid alignment 1593296 1594345 | 1029173 1030222 | 1050 1050 | 98.76 | NZ_CP038996.1 NODE_1_length_2057033_cov_42.745176
		Solid alignment 1595710 1603945 | 1030217 1038407 | 8236 8191 | 98.18 | NZ_CP038996.1 NODE_1_length_2057033_cov_42.745176
		Solid alignment 1605010 1656607 | 1038405 1090041 | 51598 51637 | 99.39 | NZ_CP038996.1 NODE_1_length_2057033_cov_42.745176
		Solid alignment 547205 548740 | 1090040 1091579 | 1536 1540 | 99.61 | NZ_CP038996.1 NODE_1_length_2057033_cov_42.745176
		Solid alignment 1730681 1732019 | 1093399 1092061 | 1339 1339 | 99.93 | NZ_CP038996.1 NODE_1_length_2057033_cov_42.745176
		Solid alignment 1657060 1658024 | 1093400 1094362 | 965 963 | 99.48 | NZ_CP038996.1 NODE_1_length_2057033_cov_42.745176
		Solid alignment 1734573 1736679 | 1094775 1096883 | 2107 2109 | 96.26 | NZ_CP038996.1 NODE_1_length_2057033_cov_42.745176
		Solid alignment 773991 774860 | 1125962 1125094 | 870 869 | 95.77 | NZ_CP038996.1 NODE_1_length_2057033_cov_42.745176
		Solid alignment 771479 773296 | 1128499 1126682 | 1818 1818 | 96.92 | NZ_CP038996.1 NODE_1_length_2057033_cov_42.745176
		Solid alignment 1657951 1661698 | 1131147 1134897 | 3748 3751 | 99.57 | NZ_CP038996.1 NODE_1_length_2057033_cov_42.745176
		Solid alignment 336630 337695 | 1134896 1135961 | 1066 1066 | 99.81 | NZ_CP038996.1 NODE_1_length_2057033_cov_42.745176
		Solid alignment 1661696 1662511 | 1135962 1136777 | 816 816 | 100.0 | NZ_CP038996.1 NODE_1_length_2057033_cov_42.745176
		Solid alignment 1664026 1667259 | 1136770 1140003 | 3234 3234 | 99.88 | NZ_CP038996.1 NODE_1_length_2057033_cov_42.745176
		Solid alignment 1725534 1726595 | 1141064 1140003 | 1062 1062 | 99.91 | NZ_CP038996.1 NODE_1_length_2057033_cov_42.745176
		Solid alignment 73479 74340 | 1141934 1141073 | 862 862 | 100.0 | NZ_CP038997.1 NODE_1_length_2057033_cov_42.745176
		Solid alignment 302061 303595 | 1141933 1143471 | 1535 1539 | 99.55 | NZ_CP038996.1 NODE_1_length_2057033_cov_42.745176
		Solid alignment 2463754 2465272 | 1144124 1145642 | 1519 1519 | 99.93 | NZ_CP038996.1 NODE_1_length_2057033_cov_42.745176
		Solid alignment 1667708 1677068 | 1145642 1155003 | 9361 9362 | 99.86 | NZ_CP038996.1 NODE_1_length_2057033_cov_42.745176
		Solid alignment 1680094 1685531 | 1154996 1160434 | 5438 5439 | 99.87 | NZ_CP038996.1 NODE_1_length_2057033_cov_42.745176
		Solid alignment 1107140 1108478 | 1162447 1161109 | 1339 1339 | 100.0 | NZ_CP038996.1 NODE_1_length_2057033_cov_42.745176
		Solid alignment 1730681 1732019 | 1163771 1165109 | 1339 1339 | 99.93 | NZ_CP038996.1 NODE_1_length_2057033_cov_42.745176
		Solid alignment 1687351 1692378 | 1165109 1170136 | 5028 5028 | 99.84 | NZ_CP038996.1 NODE_1_length_2057033_cov_42.745176
		Solid alignment 1730681 1732018 | 1171474 1170137 | 1338 1338 | 99.93 | NZ_CP038996.1 NODE_1_length_2057033_cov_42.745176
		Solid alignment 1692370 1693631 | 1171474 1172735 | 1262 1262 | 100.0 | NZ_CP038996.1 NODE_1_length_2057033_cov_42.745176
		Solid alignment 1693624 1704872 | 1174250 1185515 | 11249 11266 | 99.19 | NZ_CP038996.1 NODE_1_length_2057033_cov_42.745176
		Solid alignment 1706338 1707661 | 1185507 1186830 | 1324 1324 | 100.0 | NZ_CP038996.1 NODE_1_length_2057033_cov_42.745176
		Solid alignment 838169 840513 | 1192248 1189904 | 2345 2345 | 99.87 | NZ_CP038996.1 NODE_1_length_2057033_cov_42.745176
		Solid alignment 336631 337695 | 1207444 1208508 | 1065 1065 | 99.81 | NZ_CP038996.1 NODE_1_length_2057033_cov_42.745176
		Solid alignment 1704868 1706338 | 1217001 1218471 | 1471 1471 | 100.0 | NZ_CP038996.1 NODE_1_length_2057033_cov_42.745176
		Solid alignment 1707648 1722025 | 1240276 1254651 | 14378 14376 | 99.94 | NZ_CP038996.1 NODE_1_length_2057033_cov_42.745176
		Solid alignment 2381521 2383023 | 1254652 1256154 | 1503 1503 | 100.0 | NZ_CP038996.1 NODE_1_length_2057033_cov_42.745176
		Solid alignment 1722018 1724969 | 1256155 1259106 | 2952 2952 | 99.93 | NZ_CP038996.1 NODE_1_length_2057033_cov_42.745176
		Solid alignment 234315 235781 | 1259113 1260579 | 1467 1467 | 100.0 | NZ_CP038996.1 NODE_1_length_2057033_cov_42.745176
		Solid alignment 1726636 1730680 | 1262671 1266715 | 4045 4045 | 99.88 | NZ_CP038996.1 NODE_1_length_2057033_cov_42.745176
		Solid alignment 222400 223820 | 1268237 1266817 | 1421 1421 | 100.0 | NZ_CP038996.1 NODE_1_length_2057033_cov_42.745176
		Solid alignment 1730681 1732019 | 1268247 1269585 | 1339 1339 | 99.93 | NZ_CP038996.1 NODE_1_length_2057033_cov_42.745176
		Solid alignment 1734573 1743597 | 1269611 1278637 | 9025 9027 | 99.86 | NZ_CP038996.1 NODE_1_length_2057033_cov_42.745176
		Solid alignment 1745112 1750888 | 1278630 1284406 | 5777 5777 | 97.91 | NZ_CP038996.1 NODE_1_length_2057033_cov_42.745176
		Solid alignment 1750890 1757736 | 1286052 1292882 | 6847 6831 | 98.92 | NZ_CP038996.1 NODE_1_length_2057033_cov_42.745176
		Solid alignment 1757730 1763714 | 1293247 1299231 | 5985 5985 | 99.38 | NZ_CP038996.1 NODE_1_length_2057033_cov_42.745176
		Solid alignment 1765229 1775302 | 1299224 1309304 | 10074 10081 | 95.65 | NZ_CP038996.1 NODE_1_length_2057033_cov_42.745176
		Solid alignment 1776604 1782639 | 1309658 1315693 | 6036 6036 | 98.44 | NZ_CP038996.1 NODE_1_length_2057033_cov_42.745176
		Solid alignment 846968 848293 | 1320186 1318861 | 1326 1326 | 99.92 | NZ_CP038996.1 NODE_1_length_2057033_cov_42.745176
		Solid alignment 1789959 1791529 | 1328200 1329770 | 1571 1571 | 97.9 | NZ_CP038996.1 NODE_1_length_2057033_cov_42.745176
		Solid alignment 1792198 1806797 | 1331456 1346063 | 14600 14608 | 97.39 | NZ_CP038996.1 NODE_1_length_2057033_cov_42.745176
		Solid alignment 1808579 1821986 | 1346062 1359469 | 13408 13408 | 98.64 | NZ_CP038996.1 NODE_1_length_2057033_cov_42.745176
		Solid alignment 1823327 1832302 | 1360816 1369789 | 8976 8974 | 98.69 | NZ_CP038996.1 NODE_1_length_2057033_cov_42.745176
		Solid alignment 1832301 1843764 | 1371408 1382872 | 11464 11465 | 99.56 | NZ_CP038996.1 NODE_1_length_2057033_cov_42.745176
		Solid alignment 1843757 1866649 | 1384387 1407280 | 22893 22894 | 99.47 | NZ_CP038996.1 NODE_1_length_2057033_cov_42.745176
		Solid alignment 1868163 1889656 | 1407294 1428927 | 21494 21634 | 96.94 | NZ_CP038996.1 NODE_1_length_2057033_cov_42.745176
		Solid alignment 222396 223815 | 1430347 1428928 | 1420 1420 | 100.0 | NZ_CP038996.1 NODE_1_length_2057033_cov_42.745176
		Solid alignment 1889654 1943770 | 1430344 1484290 | 54117 53947 | 98.47 | NZ_CP038996.1 NODE_1_length_2057033_cov_42.745176
		Solid alignment 1944833 1946265 | 1484287 1485722 | 1433 1436 | 95.76 | NZ_CP038996.1 NODE_1_length_2057033_cov_42.745176
		Solid alignment 1948561 1953410 | 1486737 1491594 | 4850 4858 | 95.72 | NZ_CP038996.1 NODE_1_length_2057033_cov_42.745176
		Solid alignment 1953473 1963286 | 1506847 1516655 | 9814 9809 | 98.56 | NZ_CP038996.1 NODE_1_length_2057033_cov_42.745176
		Solid alignment 1964801 1991595 | 1516648 1543442 | 26795 26795 | 99.99 | NZ_CP038996.1 NODE_1_length_2057033_cov_42.745176
		Solid alignment 2031859 2062692 | 1543436 1574269 | 30834 30834 | 99.99 | NZ_CP038996.1 NODE_1_length_2057033_cov_42.745176
		Solid alignment 2064474 2075925 | 1574268 1585719 | 11452 11452 | 99.99 | NZ_CP038996.1 NODE_1_length_2057033_cov_42.745176
		Solid alignment 2077440 2094042 | 1585712 1602314 | 16603 16603 | 99.99 | NZ_CP038996.1 NODE_1_length_2057033_cov_42.745176
		Solid alignment 2094041 2095708 | 1604096 1605763 | 1668 1668 | 99.94 | NZ_CP038996.1 NODE_1_length_2057033_cov_42.745176
		Solid alignment 2096769 2115388 | 1605758 1624377 | 18620 18620 | 99.99 | NZ_CP038996.1 NODE_1_length_2057033_cov_42.745176
		Solid alignment 2117276 2163055 | 1624374 1670154 | 45780 45781 | 99.99 | NZ_CP038996.1 NODE_1_length_2057033_cov_42.745176
		Solid alignment 2164570 2177917 | 1670147 1683499 | 13348 13353 | 99.9 | NZ_CP038996.1 NODE_1_length_2057033_cov_42.745176
		Solid alignment 2177893 2212374 | 1683720 1718221 | 34482 34502 | 99.88 | NZ_CP038996.1 NODE_1_length_2057033_cov_42.745176
		Solid alignment 1993593 2001085 | 1720499 1727991 | 7493 7493 | 99.35 | NZ_CP038996.1 NODE_1_length_2057033_cov_42.745176
		Solid alignment 774001 774860 | 1755473 1754613 | 860 861 | 96.17 | NZ_CP038996.1 NODE_1_length_2057033_cov_42.745176
		Solid alignment 725842 771492 | 1804311 1758660 | 45651 45652 | 99.89 | NZ_CP038996.1 NODE_1_length_2057033_cov_42.745176
		Solid alignment 586675 724327 | 1941963 1804304 | 137653 137660 | 99.99 | NZ_CP038996.1 NODE_1_length_2057033_cov_42.745176
		Solid alignment 550914 585161 | 1976207 1941955 | 34248 34253 | 99.97 | NZ_CP038996.1 NODE_1_length_2057033_cov_42.745176
		Solid alignment 543207 549590 | 1982587 1976199 | 6384 6389 | 97.86 | NZ_CP038996.1 NODE_1_length_2057033_cov_42.745176
		Solid alignment 539745 542152 | 1986076 1983669 | 2408 2408 | 97.05 | NZ_CP038996.1 NODE_1_length_2057033_cov_42.745176
		Solid alignment 481307 534273 | 2039598 1986637 | 52967 52962 | 99.71 | NZ_CP038996.1 NODE_1_length_2057033_cov_42.745176
		Solid alignment 476546 479940 | 2057033 2053661 | 3395 3373 | 98.5 | NZ_CP038996.1 NODE_1_length_2057033_cov_42.745176
			Skipping alignments located inside solid regions since they are redundant:
		Nothing was skipped
			Looking for the best set of alignments (out of 200 total alignments)
		Ambiguity for this contig is not checked for speed up (too much alignments and --ambiguity-usage is "one")
			Skipping redundant alignments after choosing the best set of alignments
		Skipping redundant alignment 910436 911950 | 2834 4348 | 1515 1515 | 100.0 | NZ_CP038996.1 NODE_1_length_2057033_cov_42.745176
		Skipping redundant alignment 391987 393501 | 4348 2834 | 1515 1515 | 100.0 | NZ_CP038996.1 NODE_1_length_2057033_cov_42.745176
		Skipping redundant alignment 1732018 1732107 | 1266707 1266796 | 90 90 | 98.89 | NZ_CP038996.1 NODE_1_length_2057033_cov_42.745176
		Skipping redundant alignment 910437 911950 | 1285920 1284407 | 1514 1514 | 100.0 | NZ_CP038996.1 NODE_1_length_2057033_cov_42.745176
		Skipping redundant alignment 391984 393500 | 1284404 1285920 | 1517 1517 | 100.0 | NZ_CP038996.1 NODE_1_length_2057033_cov_42.745176
		Skipping redundant alignment 1920132 1920247 | 1293125 1293010 | 116 116 | 98.28 | NZ_CP038996.1 NODE_1_length_2057033_cov_42.745176
		Skipping redundant alignment 2329482 2329704 | 199407 199185 | 223 223 | 100.0 | NZ_CP038996.1 NODE_1_length_2057033_cov_42.745176
		Skipping redundant alignment 2319896 2320018 | 200593 200471 | 123 123 | 100.0 | NZ_CP038996.1 NODE_1_length_2057033_cov_42.745176
		Skipping redundant alignment 1677112 1678628 | 1384389 1382873 | 1517 1517 | 100.0 | NZ_CP038996.1 NODE_1_length_2057033_cov_42.745176
		Skipping redundant alignment 391981 393508 | 1382867 1384394 | 1528 1528 | 99.93 | NZ_CP038996.1 NODE_1_length_2057033_cov_42.745176
		Skipping redundant alignment 1677115 1678628 | 363929 365442 | 1514 1514 | 100.0 | NZ_CP038996.1 NODE_1_length_2057033_cov_42.745176
		Skipping redundant alignment 910437 911951 | 363929 365443 | 1515 1515 | 100.0 | NZ_CP038996.1 NODE_1_length_2057033_cov_42.745176
		Skipping redundant alignment 2177782 2177914 | 1491591 1491723 | 133 133 | 95.49 | NZ_CP038996.1 NODE_1_length_2057033_cov_42.745176
		Skipping redundant alignment 373934 374098 | 424557 424722 | 165 166 | 96.39 | NZ_CP038996.1 NODE_1_length_2057033_cov_42.745176
		Skipping redundant alignment 16641 16760 | 1491836 1491717 | 120 120 | 98.33 | NZ_CP038996.1 NODE_1_length_2057033_cov_42.745176
		Skipping redundant alignment 2163056 2164569 | 466266 467779 | 1514 1514 | 100.0 | NZ_CP038996.1 NODE_1_length_2057033_cov_42.745176
		Skipping redundant alignment 1432548 1434061 | 467779 466266 | 1514 1514 | 100.0 | NZ_CP038996.1 NODE_1_length_2057033_cov_42.745176
		Skipping redundant alignment 1888529 1890042 | 467779 466266 | 1514 1514 | 100.0 | NZ_CP038996.1 NODE_1_length_2057033_cov_42.745176
		Skipping redundant alignment 428593 430384 | 1602307 1604098 | 1792 1792 | 99.94 | NZ_CP038996.1 NODE_1_length_2057033_cov_42.745176
		Skipping redundant alignment 724328 725842 | 466266 467780 | 1515 1515 | 100.0 | NZ_CP038996.1 NODE_1_length_2057033_cov_42.745176
		Skipping redundant alignment 1662512 1664026 | 466266 467780 | 1515 1515 | 100.0 | NZ_CP038996.1 NODE_1_length_2057033_cov_42.745176
		Skipping redundant alignment 1963280 1964800 | 467786 466266 | 1521 1521 | 99.93 | NZ_CP038996.1 NODE_1_length_2057033_cov_42.745176
		Skipping redundant alignment 1806791 1808582 | 1602308 1604099 | 1792 1792 | 99.94 | NZ_CP038996.1 NODE_1_length_2057033_cov_42.745176
		Skipping redundant alignment 2062685 2064477 | 1602307 1604099 | 1793 1793 | 99.94 | NZ_CP038996.1 NODE_1_length_2057033_cov_42.745176
		Skipping redundant alignment 958612 960405 | 1604100 1602307 | 1794 1794 | 99.94 | NZ_CP038996.1 NODE_1_length_2057033_cov_42.745176
		Skipping redundant alignment 1727690 1729483 | 1602307 1604100 | 1794 1794 | 99.94 | NZ_CP038996.1 NODE_1_length_2057033_cov_42.745176
		Skipping redundant alignment 281375 283171 | 1604100 1602304 | 1797 1797 | 99.94 | NZ_CP038996.1 NODE_1_length_2057033_cov_42.745176
		Skipping redundant alignment 1456387 1458184 | 1602304 1604101 | 1798 1798 | 99.89 | NZ_CP038996.1 NODE_1_length_2057033_cov_42.745176
		Skipping redundant alignment 391987 393500 | 700560 702073 | 1514 1514 | 100.0 | NZ_CP038996.1 NODE_1_length_2057033_cov_42.745176
		Skipping redundant alignment 910437 911954 | 702073 700556 | 1518 1518 | 100.0 | NZ_CP038996.1 NODE_1_length_2057033_cov_42.745176
		Skipping redundant alignment 330725 330861 | 1683609 1683473 | 137 137 | 97.08 | NZ_CP038996.1 NODE_1_length_2057033_cov_42.745176
		Skipping redundant alignment 796344 800084 | 1732607 1728867 | 3741 3741 | 98.77 | NZ_CP038996.1 NODE_1_length_2057033_cov_42.745176
		Skipping redundant alignment 1662511 1664025 | 854260 852746 | 1515 1515 | 100.0 | NZ_CP038996.1 NODE_1_length_2057033_cov_42.745176
		Skipping redundant alignment 2163055 2164569 | 854260 852746 | 1515 1515 | 100.0 | NZ_CP038996.1 NODE_1_length_2057033_cov_42.745176
		Skipping redundant alignment 1117630 1119144 | 852746 854260 | 1515 1515 | 100.0 | NZ_CP038996.1 NODE_1_length_2057033_cov_42.745176
		Skipping redundant alignment 1888529 1890044 | 852746 854261 | 1516 1516 | 100.0 | NZ_CP038996.1 NODE_1_length_2057033_cov_42.745176
		Skipping redundant alignment 1963287 1964802 | 852746 854261 | 1516 1516 | 100.0 | NZ_CP038996.1 NODE_1_length_2057033_cov_42.745176
		Skipping redundant alignment 1531307 1532824 | 1732603 1734120 | 1518 1518 | 100.0 | NZ_CP038996.1 NODE_1_length_2057033_cov_42.745176
		Skipping redundant alignment 2291387 2304298 | 1734119 1747042 | 12912 12924 | 96.89 | NZ_CP038996.1 NODE_1_length_2057033_cov_42.745176
		Skipping redundant alignment 2005649 2018524 | 1734119 1747052 | 12876 12934 | 97.65 | NZ_CP038996.1 NODE_1_length_2057033_cov_42.745176
		Skipping redundant alignment 2305507 2305589 | 1747356 1747438 | 83 83 | 98.8 | NZ_CP038996.1 NODE_1_length_2057033_cov_42.745176
		Skipping redundant alignment 391983 393501 | 918494 920012 | 1519 1519 | 100.0 | NZ_CP038996.1 NODE_1_length_2057033_cov_42.745176
		Skipping redundant alignment 1677113 1678628 | 920013 918498 | 1516 1516 | 100.0 | NZ_CP038996.1 NODE_1_length_2057033_cov_42.745176
		Skipping redundant alignment 254132 254328 | 1143667 1143471 | 197 197 | 99.49 | NZ_CP038996.1 NODE_1_length_2057033_cov_42.745176
		Skipping redundant alignment 1997270 1997509 | 1160870 1161109 | 240 240 | 97.92 | NZ_CP038996.1 NODE_1_length_2057033_cov_42.745176
		Skipping redundant alignment 1432547 1434061 | 1172735 1174249 | 1515 1515 | 100.0 | NZ_CP038996.1 NODE_1_length_2057033_cov_42.745176
		Skipping redundant alignment 2163055 2164570 | 1174250 1172735 | 1516 1516 | 100.0 | NZ_CP038996.1 NODE_1_length_2057033_cov_42.745176
		Skipping redundant alignment 724326 725841 | 1174251 1172736 | 1516 1516 | 100.0 | NZ_CP038996.1 NODE_1_length_2057033_cov_42.745176
		Skipping redundant alignment 1963286 1964803 | 1172735 1174252 | 1518 1518 | 100.0 | NZ_CP038996.1 NODE_1_length_2057033_cov_42.745176
		Skipping redundant alignment 1888527 1890045 | 1172734 1174252 | 1519 1519 | 100.0 | NZ_CP038996.1 NODE_1_length_2057033_cov_42.745176
		Skipping redundant alignment 391987 393500 | 1261157 1262670 | 1514 1514 | 100.0 | NZ_CP038996.1 NODE_1_length_2057033_cov_42.745176
		Skipping redundant alignment 1677115 1678628 | 1262670 1261157 | 1514 1514 | 100.0 | NZ_CP038996.1 NODE_1_length_2057033_cov_42.745176
			The best set is below. Score: 1805849.8, number of alignments: 148, unaligned bases: 210266
		This contig is misassembled.
		This contig is partially unaligned. (Aligned 1846767 out of 2057033 non-N bases (89.78%))
			Excluding internal overlap of size 7 between Alignment 1 and 2: 2530549 2531940 | 2834 1443 | 1392 1392 --> 2530549 2531933 | 2834 1450 | 1385 1385
			Real Alignment 1: 2533455 2534903 | 1449 1 | 1449 1449 | 100.0 | NZ_CP038996.1 NODE_1_length_2057033_cov_42.745176
			  Extensive misassembly (relocation, inconsistency = 1521) between these two alignments
			Excluding internal overlap of size 2 between Alignment 2 and 3: 2530549 2531933 | 2834 1450 | 1385 1385 --> 2530551 2531933 | 2832 1450 | 1383 1383
			Real Alignment 2: 2530551 2531933 | 2832 1450 | 1383 1383 | 100.0 | NZ_CP038996.1 NODE_1_length_2057033_cov_42.745176
			  Extensive misassembly (relocation, inconsistency = 851922) between these two alignments
			Real Alignment 3: 1677113 1678628 | 2833 4348 | 1516 1516 | 100.0 | NZ_CP038996.1 NODE_1_length_2057033_cov_42.745176
			  Extensive misassembly (relocation, inconsistency = 826085) between these two alignments
			Excluding internal overlap of size 660 between Alignment 4 and 5: 2493466 2504257 | 40323 29532 | 10792 10792 --> 2493466 2503597 | 40323 30192 | 10132 10132
			Real Alignment 4: 2504714 2530556 | 30191 4349 | 25843 25843 | 99.74 | NZ_CP038996.1 NODE_1_length_2057033_cov_42.745176
			  Extensive misassembly (relocation, inconsistency = 1116) between these two alignments
			Excluding internal overlap of size 6 between Alignment 5 and 6: 2493466 2503597 | 40323 30192 | 10132 10132 --> 2493472 2503597 | 40317 30192 | 10126 10126
			Real Alignment 5: 2493472 2503597 | 40317 30192 | 10126 10126 | 99.87 | NZ_CP038996.1 NODE_1_length_2057033_cov_42.745176
			  Extensive misassembly (relocation, inconsistency = 1684) between these two alignments
			Excluding internal overlap of size 9 between Alignment 6 and 7: 2441723 2463757 | 88861 66820 | 22035 22042 --> 2441723 2463748 | 88861 66829 | 22026 22033
			Real Alignment 6: 2465271 2491787 | 66828 40318 | 26517 26511 | 99.92 | NZ_CP038996.1 NODE_1_length_2057033_cov_42.745176
			  Extensive misassembly (relocation, inconsistency = 1522) between these two alignments
			Excluding internal overlap of size 7 between Alignment 7 and 8: 2441723 2463748 | 88861 66829 | 22026 22033 --> 2441730 2463748 | 88854 66829 | 22019 22026
			Real Alignment 7: 2441730 2463748 | 88854 66829 | 22019 22026 | 98.79 | NZ_CP038996.1 NODE_1_length_2057033_cov_42.745176
			  Extensive misassembly (relocation, inconsistency = 1068) between these two alignments
			Excluding internal overlap of size 8 between Alignment 8 and 9: 2377266 2381520 | 150739 146485 | 4255 4255 --> 2377266 2381512 | 150739 146493 | 4247 4247
			Real Alignment 8: 2383024 2440661 | 146492 88855 | 57638 57638 | 99.97 | NZ_CP038996.1 NODE_1_length_2057033_cov_42.745176
			  Extensive misassembly (relocation, inconsistency = 1511) between these two alignments
			Real Alignment 9: 2377266 2381512 | 150739 146493 | 4247 4247 | 99.98 | NZ_CP038996.1 NODE_1_length_2057033_cov_42.745176
			  Extensive misassembly (relocation, inconsistency = 1018491) between these two alignments
			Real Alignment 10: 1357272 1358774 | 150740 152242 | 1503 1503 | 100.0 | NZ_CP038996.1 NODE_1_length_2057033_cov_42.745176
			  Extensive misassembly (relocation, inconsistency = 989394) between these two alignments
			Excluding internal overlap of size 3 between Alignment 11 and 12: 73301 74342 | 182395 181354 | 1042 1042 --> 73301 74339 | 182395 181357 | 1039 1039
			Real Alignment 11: 2348169 2377273 | 181356 152243 | 29105 29114 | 99.92 | NZ_CP038996.1 NODE_1_length_2057033_cov_42.745176
			  Extensive misassembly (translocation) between these two alignments
			Real Alignment 12: 73301 74339 | 182395 181357 | 1039 1039 | 99.9 | NZ_CP038997.1 NODE_1_length_2057033_cov_42.745176
			  Extensive misassembly (translocation) between these two alignments
			Real Alignment 13: 2331383 2348177 | 199190 182396 | 16795 16795 | 99.96 | NZ_CP038996.1 NODE_1_length_2057033_cov_42.745176
			  Extensive misassembly (relocation, inconsistency = 351442) between these two alignments
			Real Alignment 14: 1978661 1979725 | 200470 199406 | 1065 1065 | 100.0 | NZ_CP038996.1 NODE_1_length_2057033_cov_42.745176
			  Extensive misassembly (relocation, inconsistency = -248241) between these two alignments
			Real Alignment 15: 2214055 2226786 | 213317 200586 | 12732 12732 | 99.92 | NZ_CP038996.1 NODE_1_length_2057033_cov_42.745176
			  Extensive misassembly (relocation, inconsistency = -105232) between these two alignments
			Real Alignment 16: 2316943 2317584 | 215662 215020 | 642 643 | 95.18 | NZ_CP038996.1 NODE_1_length_2057033_cov_42.745176
			  Gap between these two alignments (local misassembly). Inconsistency = -672
			Real Alignment 17: 2305573 2305661 | 227704 227616 | 89 89 | 95.51 | NZ_CP038996.1 NODE_1_length_2057033_cov_42.745176
			  Extensive misassembly (relocation, inconsistency = 282840) between these two alignments
			Excluding internal overlap of size 5006 between Alignment 18 and 19: 1993586 2000306 | 256852 250131 | 6721 6722 --> 1998591 2000306 | 251846 250131 | 1716 1716
			Real Alignment 18: 1998591 2000306 | 251846 250131 | 1716 1716 | 98.59 | NZ_CP038996.1 NODE_1_length_2057033_cov_42.745176
			  Extensive misassembly (relocation, inconsistency = 1165697) between these two alignments
			Real Alignment 19: 802768 832893 | 251847 281973 | 30126 30127 | 99.77 | NZ_CP038996.1 NODE_1_length_2057033_cov_42.745176
			  Extensive misassembly (relocation, inconsistency = 3892) between these two alignments
			Excluding internal overlap of size 1 between Alignment 20 and 21: 838169 840513 | 300644 302988 | 2345 2345 --> 838170 840513 | 300645 302988 | 2344 2344
			Real Alignment 20: 848454 855456 | 293642 300644 | 7003 7003 | 98.3 | NZ_CP038996.1 NODE_1_length_2057033_cov_42.745176
			  Extensive misassembly (relocation, inconsistency = -17287) between these two alignments
			Real Alignment 21: 838170 840513 | 300645 302988 | 2344 2344 | 100.0 | NZ_CP038996.1 NODE_1_length_2057033_cov_42.745176
			  Extensive misassembly (relocation, inconsistency = 14804) between these two alignments
			Excluding internal overlap of size 2 between Alignment 22 and 23: 1662511 1664025 | 346869 348383 | 1515 1515 --> 1662513 1664025 | 346871 348383 | 1513 1513
			Real Alignment 22: 855318 899045 | 302989 346870 | 43728 43882 | 99.54 | NZ_CP038996.1 NODE_1_length_2057033_cov_42.745176
			  Extensive misassembly (relocation, inconsistency = 763467) between these two alignments
			Real Alignment 23: 1662513 1664025 | 346871 348383 | 1513 1513 | 100.0 | NZ_CP038996.1 NODE_1_length_2057033_cov_42.745176
			  Extensive misassembly (relocation, inconsistency = -764989) between these two alignments
			Real Alignment 24: 899037 910420 | 348384 359770 | 11384 11387 | 99.91 | NZ_CP038996.1 NODE_1_length_2057033_cov_42.745176
			  Gap between these two alignments (local misassembly). Inconsistency = 11
			Real Alignment 25: 911951 914589 | 361290 363928 | 2639 2639 | 99.96 | NZ_CP038996.1 NODE_1_length_2057033_cov_42.745176
			  Extensive misassembly (relocation, inconsistency = 518450) between these two alignments
			Excluding internal overlap of size 1 between Alignment 26 and 27: 391987 393500 | 365442 363929 | 1514 1514 --> 391988 393500 | 365441 363929 | 1513 1513
			Real Alignment 26: 391988 393500 | 365441 363929 | 1513 1513 | 100.0 | NZ_CP038996.1 NODE_1_length_2057033_cov_42.745176
			  Extensive misassembly (relocation, inconsistency = 521080) between these two alignments
			Real Alignment 27: 914581 966221 | 365442 417083 | 51641 51642 | 99.99 | NZ_CP038996.1 NODE_1_length_2057033_cov_42.745176
			  Extensive misassembly (relocation, inconsistency = 9518) between these two alignments
			Excluding internal overlap of size 3 between Alignment 28 and 29: 987875 997153 | 429219 438497 | 9279 9279 --> 987875 997150 | 429219 438494 | 9276 9276
			Real Alignment 28: 987875 997150 | 429219 438494 | 9276 9276 | 99.96 | NZ_CP038996.1 NODE_1_length_2057033_cov_42.745176
			  Extensive misassembly (relocation, inconsistency = 1068) between these two alignments
			Real Alignment 29: 998219 1025865 | 438495 466265 | 27647 27771 | 99.28 | NZ_CP038996.1 NODE_1_length_2057033_cov_42.745176
			  Extensive misassembly (relocation, inconsistency = 91764) between these two alignments
			Real Alignment 30: 1117630 1119143 | 467779 466266 | 1514 1514 | 100.0 | NZ_CP038996.1 NODE_1_length_2057033_cov_42.745176
			  Extensive misassembly (relocation, inconsistency = 13267) between these two alignments
			Real Alignment 31: 1025889 1104362 | 467780 546216 | 78474 78437 | 99.68 | NZ_CP038996.1 NODE_1_length_2057033_cov_42.745176
			  Extensive misassembly (relocation, inconsistency = 1891) between these two alignments
			Excluding internal overlap of size 7 between Alignment 32 and 33: 1106254 1108969 | 546217 548932 | 2716 2716 --> 1106254 1108962 | 546217 548925 | 2709 2709
			Real Alignment 32: 1106254 1108962 | 546217 548925 | 2709 2709 | 100.0 | NZ_CP038996.1 NODE_1_length_2057033_cov_42.745176
			  Extensive misassembly (relocation, inconsistency = 1512) between these two alignments
			Excluding internal overlap of size 9 between Alignment 33 and 34: 1110475 1117630 | 548926 556081 | 7156 7156 --> 1110475 1117621 | 548926 556072 | 7147 7147
			Real Alignment 33: 1110475 1117621 | 548926 556072 | 7147 7147 | 100.0 | NZ_CP038996.1 NODE_1_length_2057033_cov_42.745176
			  Extensive misassembly (relocation, inconsistency = 1522) between these two alignments
			Excluding internal overlap of size 35 between Alignment 34 and 35: 1119144 1160984 | 556073 597904 | 41841 41832 --> 1119144 1160949 | 556073 597869 | 41806 41797
			Real Alignment 34: 1119144 1160949 | 556073 597869 | 41806 41797 | 99.63 | NZ_CP038996.1 NODE_1_length_2057033_cov_42.745176
			  Extensive misassembly (relocation, inconsistency = 1552) between these two alignments
			Real Alignment 35: 1162502 1265190 | 597870 700559 | 102689 102690 | 99.83 | NZ_CP038996.1 NODE_1_length_2057033_cov_42.745176
			  Extensive misassembly (relocation, inconsistency = 411924) between these two alignments
			Real Alignment 36: 1677115 1678628 | 702073 700560 | 1514 1514 | 100.0 | NZ_CP038996.1 NODE_1_length_2057033_cov_42.745176
			  Extensive misassembly (relocation, inconsistency = 368560) between these two alignments
			Excluding internal overlap of size 1 between Alignment 37 and 38: 1467202 1468278 | 746519 745443 | 1077 1077 --> 1467202 1468277 | 746519 745444 | 1076 1076
			Real Alignment 37: 1265183 1308554 | 702074 745443 | 43372 43370 | 99.98 | NZ_CP038996.1 NODE_1_length_2057033_cov_42.745176
			  Extensive misassembly (relocation, inconsistency = 158647) between these two alignments
			Excluding internal overlap of size 12 between Alignment 38 and 39: 1467202 1468277 | 746519 745444 | 1076 1076 --> 1467214 1468277 | 746507 745444 | 1064 1064
			Real Alignment 38: 1467214 1468277 | 746507 745444 | 1064 1064 | 99.91 | NZ_CP038996.1 NODE_1_length_2057033_cov_42.745176
			  Extensive misassembly (relocation, inconsistency = 109942) between these two alignments
			Excluding internal overlap of size 8 between Alignment 39 and 40: 1358775 1404345 | 795221 840939 | 45571 45719 --> 1358783 1404345 | 795229 840939 | 45563 45711
			Real Alignment 39: 1308552 1357271 | 746508 795228 | 48720 48721 | 99.96 | NZ_CP038996.1 NODE_1_length_2057033_cov_42.745176
			  Extensive misassembly (relocation, inconsistency = 1511) between these two alignments
			Real Alignment 40: 1358783 1404345 | 795229 840939 | 45563 45711 | 99.57 | NZ_CP038996.1 NODE_1_length_2057033_cov_42.745176
			  Extensive misassembly (relocation, inconsistency = -1430) between these two alignments
			Real Alignment 41: 1404360 1414721 | 842384 852745 | 10362 10362 | 99.93 | NZ_CP038996.1 NODE_1_length_2057033_cov_42.745176
			  Extensive misassembly (relocation, inconsistency = 17826) between these two alignments
			Real Alignment 42: 1432548 1434061 | 852746 854259 | 1514 1514 | 100.0 | NZ_CP038996.1 NODE_1_length_2057033_cov_42.745176
			  Extensive misassembly (relocation, inconsistency = -19348) between these two alignments
			Real Alignment 43: 1414714 1416700 | 854260 856246 | 1987 1987 | 100.0 | NZ_CP038996.1 NODE_1_length_2057033_cov_42.745176
			  Extensive misassembly (relocation, inconsistency = 1891) between these two alignments
			Excluding internal overlap of size 8 between Alignment 44 and 45: 1418592 1432547 | 856247 870202 | 13956 13956 --> 1418592 1432539 | 856247 870194 | 13948 13948
			Real Alignment 44: 1418592 1432539 | 856247 870194 | 13948 13948 | 99.98 | NZ_CP038996.1 NODE_1_length_2057033_cov_42.745176
			  Extensive misassembly (relocation, inconsistency = 1522) between these two alignments
			Real Alignment 45: 1434062 1482363 | 870195 918497 | 48302 48303 | 99.98 | NZ_CP038996.1 NODE_1_length_2057033_cov_42.745176
			  Extensive misassembly (relocation, inconsistency = 522111) between these two alignments
			Excluding internal overlap of size 3 between Alignment 46 and 47: 910436 911950 | 920012 918498 | 1515 1515 --> 910439 911950 | 920009 918498 | 1512 1512
			Real Alignment 46: 910439 911950 | 920009 918498 | 1512 1512 | 100.0 | NZ_CP038996.1 NODE_1_length_2057033_cov_42.745176
			  Extensive misassembly (relocation, inconsistency = 570403) between these two alignments
			Real Alignment 47: 1482354 1504831 | 920010 942487 | 22478 22478 | 100.0 | NZ_CP038996.1 NODE_1_length_2057033_cov_42.745176
			  Extensive misassembly (relocation, inconsistency = 1891) between these two alignments
			Real Alignment 48: 1506723 1531275 | 942488 967040 | 24553 24553 | 99.97 | NZ_CP038996.1 NODE_1_length_2057033_cov_42.745176
			  Extensive misassembly (relocation, inconsistency = 1506) between these two alignments
			Real Alignment 49: 1532825 1568408 | 967084 1002680 | 35584 35597 | 99.54 | NZ_CP038996.1 NODE_1_length_2057033_cov_42.745176
			  Gap between these two alignments (local misassembly). Inconsistency = 8
			Real Alignment 50: 1568654 1569134 | 1002918 1003398 | 481 481 | 98.75 | NZ_CP038996.1 NODE_1_length_2057033_cov_42.745176
			  Extensive misassembly (relocation, inconsistency = -1235079) between these two alignments
			Real Alignment 51: 336632 337697 | 1005975 1007040 | 1066 1066 | 99.81 | NZ_CP038996.1 NODE_1_length_2057033_cov_42.745176
			  Extensive misassembly (relocation, inconsistency = 1230677) between these two alignments
			Real Alignment 52: 1569510 1583068 | 1008176 1021733 | 13559 13558 | 99.02 | NZ_CP038996.1 NODE_1_length_2057033_cov_42.745176
			  Gap between these two alignments (local misassembly). Inconsistency = -614
			Real Alignment 53: 1583072 1589916 | 1022351 1029153 | 6845 6803 | 98.39 | NZ_CP038996.1 NODE_1_length_2057033_cov_42.745176
			  Extensive misassembly (relocation, inconsistency = 3360) between these two alignments
			Excluding internal overlap of size 6 between Alignment 54 and 55: 1593296 1594345 | 1029173 1030222 | 1050 1050 --> 1593296 1594339 | 1029173 1030216 | 1044 1044
			Real Alignment 54: 1593296 1594339 | 1029173 1030216 | 1044 1044 | 98.76 | NZ_CP038996.1 NODE_1_length_2057033_cov_42.745176
			  Extensive misassembly (relocation, inconsistency = 1370) between these two alignments
			Excluding internal overlap of size 3 between Alignment 55 and 56: 1595710 1603945 | 1030217 1038407 | 8236 8191 --> 1595710 1603942 | 1030217 1038404 | 8233 8188
			Real Alignment 55: 1595710 1603942 | 1030217 1038404 | 8233 8188 | 98.18 | NZ_CP038996.1 NODE_1_length_2057033_cov_42.745176
			  Extensive misassembly (relocation, inconsistency = 1067) between these two alignments
			Excluding internal overlap of size 2 between Alignment 56 and 57: 547205 548740 | 1090040 1091579 | 1536 1540 --> 547207 548740 | 1090042 1091579 | 1534 1538
			Real Alignment 56: 1605010 1656607 | 1038405 1090041 | 51598 51637 | 99.39 | NZ_CP038996.1 NODE_1_length_2057033_cov_42.745176
			  Extensive misassembly (relocation, inconsistency = -1109401) between these two alignments
			Excluding internal overlap of size 2 between Alignment 57 and 58: 1656584 1657067 | 1091578 1092061 | 484 484 --> 1656586 1657067 | 1091580 1092061 | 482 482
			Real Alignment 57: 547207 548740 | 1090042 1091579 | 1534 1538 | 99.61 | NZ_CP038996.1 NODE_1_length_2057033_cov_42.745176
			  Extensive misassembly (relocation, inconsistency = 1107845) between these two alignments
			Excluding internal overlap of size 1 between Alignment 58 and 59: 1656586 1657067 | 1091580 1092061 | 482 482 --> 1656586 1657066 | 1091580 1092060 | 481 481
			Real Alignment 58: 1656586 1657066 | 1091580 1092060 | 481 481 | 99.79 | NZ_CP038996.1 NODE_1_length_2057033_cov_42.745176
			  Extensive misassembly (relocation, inconsistency = 73614) between these two alignments
			Real Alignment 59: 1730681 1732019 | 1093399 1092061 | 1339 1339 | 99.93 | NZ_CP038996.1 NODE_1_length_2057033_cov_42.745176
			  Extensive misassembly (relocation, inconsistency = 72656) between these two alignments
			Real Alignment 60: 1657060 1658024 | 1093400 1094362 | 965 963 | 99.48 | NZ_CP038996.1 NODE_1_length_2057033_cov_42.745176
			  Extensive misassembly (relocation, inconsistency = 76136) between these two alignments
			Real Alignment 61: 1734573 1736679 | 1094775 1096883 | 2107 2109 | 96.26 | NZ_CP038996.1 NODE_1_length_2057033_cov_42.745176
			  Extensive misassembly (relocation, inconsistency = 547535) between these two alignments
			Real Alignment 62: 2307363 2307567 | 1120032 1120236 | 205 205 | 95.61 | NZ_CP038996.1 NODE_1_length_2057033_cov_42.745176
			  Gap between these two alignments (local misassembly). Inconsistency = 45
			Real Alignment 63: 2308643 2308947 | 1121267 1121571 | 305 305 | 98.03 | NZ_CP038996.1 NODE_1_length_2057033_cov_42.745176
			  Gap between these two alignments (local misassembly). Inconsistency = -290
			Real Alignment 64: 2308933 2309233 | 1121847 1122147 | 301 301 | 95.35 | NZ_CP038996.1 NODE_1_length_2057033_cov_42.745176
			  Extensive misassembly (relocation, inconsistency = 1531126) between these two alignments
			Real Alignment 65: 773991 774860 | 1125962 1125094 | 870 869 | 95.77 | NZ_CP038996.1 NODE_1_length_2057033_cov_42.745176
			  Gap between these two alignments (local misassembly). Inconsistency = -25
			Real Alignment 66: 771479 773296 | 1128499 1126682 | 1818 1818 | 96.92 | NZ_CP038996.1 NODE_1_length_2057033_cov_42.745176
			  Extensive misassembly (relocation, inconsistency = 882007) between these two alignments
			Excluding internal overlap of size 2 between Alignment 67 and 68: 336630 337695 | 1134896 1135961 | 1066 1066 --> 336632 337695 | 1134898 1135961 | 1064 1064
			Real Alignment 67: 1657951 1661698 | 1131147 1134897 | 3748 3751 | 99.57 | NZ_CP038996.1 NODE_1_length_2057033_cov_42.745176
			  Extensive misassembly (relocation, inconsistency = -1325067) between these two alignments
			Real Alignment 68: 336632 337695 | 1134898 1135961 | 1064 1064 | 99.81 | NZ_CP038996.1 NODE_1_length_2057033_cov_42.745176
			  Extensive misassembly (relocation, inconsistency = 1324000) between these two alignments
			Excluding internal overlap of size 8 between Alignment 69 and 70: 1661696 1662511 | 1135962 1136777 | 816 816 --> 1661696 1662503 | 1135962 1136769 | 808 808
			Real Alignment 69: 1661696 1662503 | 1135962 1136769 | 808 808 | 100.0 | NZ_CP038996.1 NODE_1_length_2057033_cov_42.745176
			  Extensive misassembly (relocation, inconsistency = 1522) between these two alignments
			Excluding internal overlap of size 1 between Alignment 70 and 71: 1725534 1726595 | 1141064 1140003 | 1062 1062 --> 1725534 1726594 | 1141064 1140004 | 1061 1061
			Real Alignment 70: 1664026 1667259 | 1136770 1140003 | 3234 3234 | 99.88 | NZ_CP038996.1 NODE_1_length_2057033_cov_42.745176
			  Extensive misassembly (relocation, inconsistency = 58274) between these two alignments
			Real Alignment 71: 1725534 1726594 | 1141064 1140004 | 1061 1061 | 99.91 | NZ_CP038996.1 NODE_1_length_2057033_cov_42.745176
			  Extensive misassembly (translocation) between these two alignments
			Excluding internal overlap of size 2 between Alignment 72 and 73: 73479 74340 | 1141934 1141073 | 862 862 --> 73481 74340 | 1141932 1141073 | 860 860
			Real Alignment 72: 73481 74340 | 1141932 1141073 | 860 860 | 100.0 | NZ_CP038997.1 NODE_1_length_2057033_cov_42.745176
			  Extensive misassembly (translocation) between these two alignments
			Real Alignment 73: 302061 303595 | 1141933 1143471 | 1535 1539 | 99.55 | NZ_CP038996.1 NODE_1_length_2057033_cov_42.745176
			  Extensive misassembly (relocation, inconsistency = 1363464) between these two alignments
			Excluding internal overlap of size 4 between Alignment 74 and 75: 1667254 1667715 | 1143666 1144127 | 462 462 --> 1667254 1667711 | 1143666 1144123 | 458 458
			Real Alignment 74: 1667254 1667711 | 1143666 1144123 | 458 458 | 99.78 | NZ_CP038996.1 NODE_1_length_2057033_cov_42.745176
			  Extensive misassembly (relocation, inconsistency = 796042) between these two alignments
			Excluding internal overlap of size 1 between Alignment 75 and 76: 2463754 2465272 | 1144124 1145642 | 1519 1519 --> 2463754 2465271 | 1144124 1145641 | 1518 1518
			Real Alignment 75: 2463754 2465271 | 1144124 1145641 | 1518 1518 | 99.93 | NZ_CP038996.1 NODE_1_length_2057033_cov_42.745176
			  Extensive misassembly (relocation, inconsistency = -797564) between these two alignments
			Excluding internal overlap of size 8 between Alignment 76 and 77: 1680094 1685531 | 1154996 1160434 | 5438 5439 --> 1680102 1685531 | 1155004 1160434 | 5430 5431
			Real Alignment 76: 1667708 1677068 | 1145642 1155003 | 9361 9362 | 99.86 | NZ_CP038996.1 NODE_1_length_2057033_cov_42.745176
			  Extensive misassembly (relocation, inconsistency = 3033) between these two alignments
			Real Alignment 77: 1680102 1685531 | 1155004 1160434 | 5430 5431 | 99.87 | NZ_CP038996.1 NODE_1_length_2057033_cov_42.745176
			  Extensive misassembly (relocation, inconsistency = 570949) between these two alignments
			Real Alignment 78: 1107140 1108478 | 1162447 1161109 | 1339 1339 | 100.0 | NZ_CP038996.1 NODE_1_length_2057033_cov_42.745176
			  Extensive misassembly (relocation, inconsistency = 303282) between these two alignments
			Excluding internal overlap of size 2 between Alignment 79 and 80: 1685523 1685819 | 1163003 1163299 | 297 297 --> 1685525 1685819 | 1163005 1163299 | 295 295
			Real Alignment 79: 803301 803802 | 1163004 1162503 | 502 502 | 99.2 | NZ_CP038996.1 NODE_1_length_2057033_cov_42.745176
			  Extensive misassembly (relocation, inconsistency = 881722) between these two alignments
			Real Alignment 80: 1685525 1685819 | 1163005 1163299 | 295 295 | 100.0 | NZ_CP038996.1 NODE_1_length_2057033_cov_42.745176
			  Extensive misassembly (relocation, inconsistency = 1068) between these two alignments
			Real Alignment 81: 1686888 1687358 | 1163300 1163770 | 471 471 | 100.0 | NZ_CP038996.1 NODE_1_length_2057033_cov_42.745176
			  Extensive misassembly (relocation, inconsistency = 43322) between these two alignments
			Excluding internal overlap of size 1 between Alignment 82 and 83: 1730681 1732019 | 1163771 1165109 | 1339 1339 --> 1730681 1732018 | 1163771 1165108 | 1338 1338
			Real Alignment 82: 1730681 1732018 | 1163771 1165108 | 1338 1338 | 99.93 | NZ_CP038996.1 NODE_1_length_2057033_cov_42.745176
			  Extensive misassembly (relocation, inconsistency = -44668) between these two alignments
			Real Alignment 83: 1687351 1692378 | 1165109 1170136 | 5028 5028 | 99.84 | NZ_CP038996.1 NODE_1_length_2057033_cov_42.745176
			  Extensive misassembly (relocation, inconsistency = 38302) between these two alignments
			Excluding internal overlap of size 1 between Alignment 84 and 85: 1692370 1693631 | 1171474 1172735 | 1262 1262 --> 1692371 1693631 | 1171475 1172735 | 1261 1261
			Real Alignment 84: 1730681 1732018 | 1171474 1170137 | 1338 1338 | 99.93 | NZ_CP038996.1 NODE_1_length_2057033_cov_42.745176
			  Extensive misassembly (relocation, inconsistency = 37049) between these two alignments
			Real Alignment 85: 1692371 1693631 | 1171475 1172735 | 1261 1261 | 100.0 | NZ_CP038996.1 NODE_1_length_2057033_cov_42.745176
			  Extensive misassembly (relocation, inconsistency = 28345) between these two alignments
			Excluding internal overlap of size 1 between Alignment 86 and 87: 1662511 1664025 | 1174250 1172736 | 1515 1515 --> 1662512 1664025 | 1174249 1172736 | 1514 1514
			Real Alignment 86: 1662512 1664025 | 1174249 1172736 | 1514 1514 | 100.0 | NZ_CP038996.1 NODE_1_length_2057033_cov_42.745176
			  Extensive misassembly (relocation, inconsistency = 29598) between these two alignments
			Excluding internal overlap of size 9 between Alignment 87 and 88: 1706338 1707661 | 1185507 1186830 | 1324 1324 --> 1706347 1707661 | 1185516 1186830 | 1315 1315
			Real Alignment 87: 1693624 1704872 | 1174250 1185515 | 11249 11266 | 99.19 | NZ_CP038996.1 NODE_1_length_2057033_cov_42.745176
			  Extensive misassembly (relocation, inconsistency = 1474) between these two alignments
			Real Alignment 88: 1706347 1707661 | 1185516 1186830 | 1315 1315 | 100.0 | NZ_CP038996.1 NODE_1_length_2057033_cov_42.745176
			  Extensive misassembly (relocation, inconsistency = 862760) between these two alignments
			Real Alignment 89: 838169 840513 | 1192248 1189904 | 2345 2345 | 99.87 | NZ_CP038996.1 NODE_1_length_2057033_cov_42.745176
			  Extensive misassembly (relocation, inconsistency = 485278) between these two alignments
			Real Alignment 90: 336631 337695 | 1207444 1208508 | 1065 1065 | 99.81 | NZ_CP038996.1 NODE_1_length_2057033_cov_42.745176
			  Extensive misassembly (relocation, inconsistency = 1358680) between these two alignments
			Real Alignment 91: 1704868 1706338 | 1217001 1218471 | 1471 1471 | 100.0 | NZ_CP038996.1 NODE_1_length_2057033_cov_42.745176
			  Extensive misassembly (relocation, inconsistency = -20495) between these two alignments
			Real Alignment 92: 1707648 1722025 | 1240276 1254651 | 14378 14376 | 99.94 | NZ_CP038996.1 NODE_1_length_2057033_cov_42.745176
			  Extensive misassembly (relocation, inconsistency = 659495) between these two alignments
			Real Alignment 93: 2381521 2383023 | 1254652 1256154 | 1503 1503 | 100.0 | NZ_CP038996.1 NODE_1_length_2057033_cov_42.745176
			  Extensive misassembly (relocation, inconsistency = -661006) between these two alignments
			Real Alignment 94: 1722018 1724969 | 1256155 1259106 | 2952 2952 | 99.93 | NZ_CP038996.1 NODE_1_length_2057033_cov_42.745176
			  Extensive misassembly (relocation, inconsistency = -1490661) between these two alignments
			Excluding internal overlap of size 3 between Alignment 95 and 96: 1724970 1725256 | 1260577 1260863 | 287 287 --> 1724973 1725256 | 1260580 1260863 | 284 284
			Real Alignment 95: 234315 235781 | 1259113 1260579 | 1467 1467 | 100.0 | NZ_CP038996.1 NODE_1_length_2057033_cov_42.745176
			  Extensive misassembly (relocation, inconsistency = 1489191) between these two alignments
			Real Alignment 96: 1724973 1725256 | 1260580 1260863 | 284 284 | 100.0 | NZ_CP038996.1 NODE_1_length_2057033_cov_42.745176
			  Indel (> 5bp) between these two alignments: deletion of length 29; 0 mismatches (number of Ns: 0)
			Real Alignment 97: 1725286 1725533 | 1260864 1261111 | 248 248 | 100.0 | NZ_CP038996.1 NODE_1_length_2057033_cov_42.745176
			  Extensive misassembly (relocation, inconsistency = 813290) between these two alignments
			Real Alignment 98: 910437 911951 | 1262670 1261156 | 1515 1515 | 100.0 | NZ_CP038996.1 NODE_1_length_2057033_cov_42.745176
			  Extensive misassembly (relocation, inconsistency = 814684) between these two alignments
			Real Alignment 99: 1726636 1730680 | 1262671 1266715 | 4045 4045 | 99.88 | NZ_CP038996.1 NODE_1_length_2057033_cov_42.745176
			  Extensive misassembly (relocation, inconsistency = 1502714) between these two alignments
			Real Alignment 100: 222400 223820 | 1268237 1266817 | 1421 1421 | 100.0 | NZ_CP038996.1 NODE_1_length_2057033_cov_42.745176
			  Extensive misassembly (relocation, inconsistency = 1506851) between these two alignments
			Real Alignment 101: 1730681 1732019 | 1268247 1269585 | 1339 1339 | 99.93 | NZ_CP038996.1 NODE_1_length_2057033_cov_42.745176
			  Extensive misassembly (relocation, inconsistency = 2528) between these two alignments
			Excluding internal overlap of size 8 between Alignment 102 and 103: 1745112 1750888 | 1278630 1284406 | 5777 5777 --> 1745120 1750888 | 1278638 1284406 | 5769 5769
			Real Alignment 102: 1734573 1743597 | 1269611 1278637 | 9025 9027 | 99.86 | NZ_CP038996.1 NODE_1_length_2057033_cov_42.745176
			  Extensive misassembly (relocation, inconsistency = 1522) between these two alignments
			Real Alignment 103: 1745120 1750888 | 1278638 1284406 | 5769 5769 | 97.91 | NZ_CP038996.1 NODE_1_length_2057033_cov_42.745176
			  Extensive misassembly (relocation, inconsistency = 66491) between these two alignments
			Real Alignment 104: 1677115 1678628 | 1285920 1284407 | 1514 1514 | 100.0 | NZ_CP038996.1 NODE_1_length_2057033_cov_42.745176
			  Extensive misassembly (relocation, inconsistency = 72130) between these two alignments
			Real Alignment 105: 1750890 1757736 | 1286052 1292882 | 6847 6831 | 98.92 | NZ_CP038996.1 NODE_1_length_2057033_cov_42.745176
			  Gap between these two alignments (local misassembly). Inconsistency = -371
			Excluding internal overlap of size 8 between Alignment 106 and 107: 1757730 1763714 | 1293247 1299231 | 5985 5985 --> 1757730 1763706 | 1293247 1299223 | 5977 5977
			Real Alignment 106: 1757730 1763706 | 1293247 1299223 | 5977 5977 | 99.38 | NZ_CP038996.1 NODE_1_length_2057033_cov_42.745176
			  Extensive misassembly (relocation, inconsistency = 1522) between these two alignments
			Real Alignment 107: 1765229 1775302 | 1299224 1309304 | 10074 10081 | 95.65 | NZ_CP038996.1 NODE_1_length_2057033_cov_42.745176
			  Indel (> 5bp) between these two alignments: insertion of length 119; 0 mismatches (number of Ns: 0)
			Excluding internal overlap of size 4 between Alignment 108 and 109: 1775303 1775539 | 1309424 1309661 | 237 238 --> 1775303 1775535 | 1309424 1309657 | 233 234
			Real Alignment 108: 1775303 1775535 | 1309424 1309657 | 233 234 | 97.48 | NZ_CP038996.1 NODE_1_length_2057033_cov_42.745176
			  Extensive misassembly (relocation, inconsistency = 1068) between these two alignments
			Real Alignment 109: 1776604 1782639 | 1309658 1315693 | 6036 6036 | 98.44 | NZ_CP038996.1 NODE_1_length_2057033_cov_42.745176
			  Extensive misassembly (relocation, inconsistency = 925143) between these two alignments
			Real Alignment 110: 846968 848293 | 1320186 1318861 | 1326 1326 | 99.92 | NZ_CP038996.1 NODE_1_length_2057033_cov_42.745176
			  Extensive misassembly (relocation, inconsistency = 933652) between these two alignments
			Real Alignment 111: 1789959 1791529 | 1328200 1329770 | 1571 1571 | 97.9 | NZ_CP038996.1 NODE_1_length_2057033_cov_42.745176
			  Extensive misassembly (relocation, inconsistency = -1017) between these two alignments
			Excluding internal overlap of size 2 between Alignment 112 and 113: 1808579 1821986 | 1346062 1359469 | 13408 13408 --> 1808581 1821986 | 1346064 1359469 | 13406 13406
			Real Alignment 112: 1792198 1806797 | 1331456 1346063 | 14600 14608 | 97.39 | NZ_CP038996.1 NODE_1_length_2057033_cov_42.745176
			  Extensive misassembly (relocation, inconsistency = 1783) between these two alignments
			Real Alignment 113: 1808581 1821986 | 1346064 1359469 | 13406 13406 | 98.64 | NZ_CP038996.1 NODE_1_length_2057033_cov_42.745176
			  Gap between these two alignments (local misassembly). Inconsistency = -6
			Real Alignment 114: 1823327 1832302 | 1360816 1369789 | 8976 8974 | 98.69 | NZ_CP038996.1 NODE_1_length_2057033_cov_42.745176
			  Extensive misassembly (relocation, inconsistency = -1620) between these two alignments
			Real Alignment 115: 1832301 1843764 | 1371408 1382872 | 11464 11465 | 99.56 | NZ_CP038996.1 NODE_1_length_2057033_cov_42.745176
			  Extensive misassembly (relocation, inconsistency = 920350) between these two alignments
			Excluding internal overlap of size 1 between Alignment 116 and 117: 910436 911950 | 1384387 1382873 | 1515 1515 --> 910437 911950 | 1384386 1382873 | 1514 1514
			Real Alignment 116: 910437 911950 | 1384386 1382873 | 1514 1514 | 100.0 | NZ_CP038996.1 NODE_1_length_2057033_cov_42.745176
			  Extensive misassembly (relocation, inconsistency = 931806) between these two alignments
			Real Alignment 117: 1843757 1866649 | 1384387 1407280 | 22893 22894 | 99.47 | NZ_CP038996.1 NODE_1_length_2057033_cov_42.745176
			  Extensive misassembly (relocation, inconsistency = 1500) between these two alignments
			Real Alignment 118: 1868163 1889656 | 1407294 1428927 | 21494 21634 | 96.94 | NZ_CP038996.1 NODE_1_length_2057033_cov_42.745176
			  Extensive misassembly (relocation, inconsistency = 1644347) between these two alignments
			Excluding internal overlap of size 4 between Alignment 119 and 120: 222396 223815 | 1430347 1428928 | 1420 1420 --> 222400 223815 | 1430343 1428928 | 1416 1416
			Real Alignment 119: 222400 223815 | 1430343 1428928 | 1416 1416 | 100.0 | NZ_CP038996.1 NODE_1_length_2057033_cov_42.745176
			  Extensive misassembly (relocation, inconsistency = 1665838) between these two alignments
			Excluding internal overlap of size 4 between Alignment 120 and 121: 1944833 1946265 | 1484287 1485722 | 1433 1436 --> 1944837 1946265 | 1484291 1485722 | 1429 1432
			Real Alignment 120: 1889654 1943770 | 1430344 1484290 | 54117 53947 | 98.47 | NZ_CP038996.1 NODE_1_length_2057033_cov_42.745176
			  Extensive misassembly (relocation, inconsistency = 1066) between these two alignments
			Real Alignment 121: 1944837 1946265 | 1484291 1485722 | 1429 1432 | 95.76 | NZ_CP038996.1 NODE_1_length_2057033_cov_42.745176
			  Extensive misassembly (relocation, inconsistency = 1281) between these two alignments
			Real Alignment 122: 1948561 1953410 | 1486737 1491594 | 4850 4858 | 95.72 | NZ_CP038996.1 NODE_1_length_2057033_cov_42.745176
			  Extensive misassembly (relocation, inconsistency = -15190) between these two alignments
			Excluding internal overlap of size 8 between Alignment 123 and 124: 1953473 1963286 | 1506847 1516655 | 9814 9809 --> 1953473 1963278 | 1506847 1516647 | 9806 9801
			Real Alignment 123: 1953473 1963278 | 1506847 1516647 | 9806 9801 | 98.56 | NZ_CP038996.1 NODE_1_length_2057033_cov_42.745176
			  Extensive misassembly (relocation, inconsistency = 1522) between these two alignments
			Excluding internal overlap of size 7 between Alignment 124 and 125: 1964801 1991595 | 1516648 1543442 | 26795 26795 --> 1964801 1991588 | 1516648 1543435 | 26788 26788
			Real Alignment 124: 1964801 1991588 | 1516648 1543435 | 26788 26788 | 99.99 | NZ_CP038996.1 NODE_1_length_2057033_cov_42.745176
			  Extensive misassembly (relocation, inconsistency = 40270) between these two alignments
			Excluding internal overlap of size 2 between Alignment 125 and 126: 2064474 2075925 | 1574268 1585719 | 11452 11452 --> 2064476 2075925 | 1574270 1585719 | 11450 11450
			Real Alignment 125: 2031859 2062692 | 1543436 1574269 | 30834 30834 | 99.99 | NZ_CP038996.1 NODE_1_length_2057033_cov_42.745176
			  Extensive misassembly (relocation, inconsistency = 1783) between these two alignments
			Excluding internal overlap of size 8 between Alignment 126 and 127: 2064476 2075925 | 1574270 1585719 | 11450 11450 --> 2064476 2075917 | 1574270 1585711 | 11442 11442
			Real Alignment 126: 2064476 2075917 | 1574270 1585711 | 11442 11442 | 99.99 | NZ_CP038996.1 NODE_1_length_2057033_cov_42.745176
			  Extensive misassembly (relocation, inconsistency = 1522) between these two alignments
			Excluding internal overlap of size 4 between Alignment 127 and 128: 2687496 2689285 | 1602311 1604100 | 1790 1790 --> 2687500 2689285 | 1602315 1604100 | 1786 1786
			Real Alignment 127: 2077440 2094042 | 1585712 1602314 | 16603 16603 | 99.99 | NZ_CP038996.1 NODE_1_length_2057033_cov_42.745176
			  Extensive misassembly (relocation, inconsistency = 593457) between these two alignments
			Excluding internal overlap of size 5 between Alignment 128 and 129: 2094041 2095708 | 1604096 1605763 | 1668 1668 --> 2094046 2095708 | 1604101 1605763 | 1663 1663
			Real Alignment 128: 2687500 2689285 | 1602315 1604100 | 1786 1786 | 99.94 | NZ_CP038996.1 NODE_1_length_2057033_cov_42.745176
			  Extensive misassembly (relocation, inconsistency = -595240) between these two alignments
			Excluding internal overlap of size 6 between Alignment 129 and 130: 2094046 2095708 | 1604101 1605763 | 1663 1663 --> 2094046 2095702 | 1604101 1605757 | 1657 1657
			Real Alignment 129: 2094046 2095702 | 1604101 1605757 | 1657 1657 | 99.94 | NZ_CP038996.1 NODE_1_length_2057033_cov_42.745176
			  Extensive misassembly (relocation, inconsistency = 1066) between these two alignments
			Excluding internal overlap of size 4 between Alignment 130 and 131: 2096769 2115388 | 1605758 1624377 | 18620 18620 --> 2096769 2115384 | 1605758 1624373 | 18616 18616
			Real Alignment 130: 2096769 2115384 | 1605758 1624373 | 18616 18616 | 99.99 | NZ_CP038996.1 NODE_1_length_2057033_cov_42.745176
			  Extensive misassembly (relocation, inconsistency = 1891) between these two alignments
			Excluding internal overlap of size 8 between Alignment 131 and 132: 2164570 2177917 | 1670147 1683499 | 13348 13353 --> 2164578 2177917 | 1670155 1683499 | 13340 13345
			Real Alignment 131: 2117276 2163055 | 1624374 1670154 | 45780 45781 | 99.99 | NZ_CP038996.1 NODE_1_length_2057033_cov_42.745176
			  Extensive misassembly (relocation, inconsistency = 1522) between these two alignments
			Real Alignment 132: 2164578 2177917 | 1670155 1683499 | 13340 13345 | 99.9 | NZ_CP038996.1 NODE_1_length_2057033_cov_42.745176
			  Gap between these two alignments (local misassembly). Inconsistency = -245
			Real Alignment 133: 2177893 2212374 | 1683720 1718221 | 34482 34502 | 99.88 | NZ_CP038996.1 NODE_1_length_2057033_cov_42.745176
			  Gap between these two alignments (local misassembly). Inconsistency = -142
			Real Alignment 134: 2213750 2214073 | 1719739 1720062 | 324 324 | 99.38 | NZ_CP038996.1 NODE_1_length_2057033_cov_42.745176
			  Extensive misassembly (relocation, inconsistency = -220917) between these two alignments
			Real Alignment 135: 1993593 2001085 | 1720499 1727991 | 7493 7493 | 99.35 | NZ_CP038996.1 NODE_1_length_2057033_cov_42.745176
			  Gap between these two alignments (local misassembly). Inconsistency = -42
			Excluding internal overlap of size 4 between Alignment 136 and 137: 1212965 1214481 | 1734120 1732604 | 1517 1517 --> 1212965 1214477 | 1734120 1732608 | 1513 1513
			Real Alignment 136: 2001936 2005659 | 1728884 1732607 | 3724 3724 | 99.17 | NZ_CP038996.1 NODE_1_length_2057033_cov_42.745176
			  Extensive misassembly (relocation, inconsistency = 787458) between these two alignments
			Excluding internal overlap of size 2 between Alignment 137 and 138: 1212965 1214477 | 1734120 1732608 | 1513 1513 --> 1212967 1214477 | 1734118 1732608 | 1511 1511
			Real Alignment 137: 1212967 1214477 | 1734118 1732608 | 1511 1511 | 100.0 | NZ_CP038996.1 NODE_1_length_2057033_cov_42.745176
			  Extensive misassembly (relocation, inconsistency = 416612) between these two alignments
			Real Alignment 138: 783424 796354 | 1747065 1734119 | 12931 12947 | 97.24 | NZ_CP038996.1 NODE_1_length_2057033_cov_42.745176
			  Gap between these two alignments (local misassembly). Inconsistency = -228
			Real Alignment 139: 783151 783293 | 1747566 1747424 | 143 143 | 97.9 | NZ_CP038996.1 NODE_1_length_2057033_cov_42.745176
			  Extensive misassembly (relocation, inconsistency = 1244) between these two alignments
			Real Alignment 140: 774001 774860 | 1755473 1754613 | 860 861 | 96.17 | NZ_CP038996.1 NODE_1_length_2057033_cov_42.745176
			  Gap between these two alignments (local misassembly). Inconsistency = 138
			Real Alignment 141: 772784 773258 | 1756552 1756078 | 475 475 | 96.84 | NZ_CP038996.1 NODE_1_length_2057033_cov_42.745176
			  Gap between these two alignments (local misassembly). Inconsistency = -816
			Excluding internal overlap of size 8 between Alignment 142 and 143: 725842 771492 | 1804311 1758660 | 45651 45652 --> 725850 771492 | 1804303 1758660 | 45643 45644
			Real Alignment 142: 725850 771492 | 1804303 1758660 | 45643 45644 | 99.89 | NZ_CP038996.1 NODE_1_length_2057033_cov_42.745176
			  Extensive misassembly (relocation, inconsistency = 1522) between these two alignments
			Excluding internal overlap of size 9 between Alignment 143 and 144: 550914 585161 | 1976207 1941955 | 34248 34253 --> 550914 585152 | 1976207 1941964 | 34239 34244
			Real Alignment 143: 586675 724327 | 1941963 1804304 | 137653 137660 | 99.99 | NZ_CP038996.1 NODE_1_length_2057033_cov_42.745176
			  Extensive misassembly (relocation, inconsistency = 1522) between these two alignments
			Excluding internal overlap of size 9 between Alignment 144 and 145: 543207 549590 | 1982587 1976199 | 6384 6389 --> 543207 549581 | 1982587 1976208 | 6375 6380
			Real Alignment 144: 550914 585152 | 1976207 1941964 | 34239 34244 | 99.97 | NZ_CP038996.1 NODE_1_length_2057033_cov_42.745176
			  Extensive misassembly (relocation, inconsistency = 1332) between these two alignments
			Real Alignment 145: 543207 549581 | 1982587 1976208 | 6375 6380 | 97.86 | NZ_CP038996.1 NODE_1_length_2057033_cov_42.745176
			  Gap between these two alignments (local misassembly). Inconsistency = -27
			Real Alignment 146: 539745 542152 | 1986076 1983669 | 2408 2408 | 97.05 | NZ_CP038996.1 NODE_1_length_2057033_cov_42.745176
			  Extensive misassembly (relocation, inconsistency = 4911) between these two alignments
			Real Alignment 147: 481307 534273 | 2039598 1986637 | 52967 52962 | 99.71 | NZ_CP038996.1 NODE_1_length_2057033_cov_42.745176
			  Extensive misassembly (relocation, inconsistency = -12696) between these two alignments
			Real Alignment 148: 476546 479940 | 2057033 2053661 | 3395 3373 | 98.5 | NZ_CP038996.1 NODE_1_length_2057033_cov_42.745176
		Unaligned bases: 210266

CONTIG: NODE_2_length_700247_cov_49.073530 (700247bp)
Best alignment score: 77013.2 (LEN: 77044, IDY: 99.96), Total number of alignments: 111
			Too much alignments (111), will use speed up heuristics
			Found 40 solid alignments:
		Solid alignment 464369 476421 | 12052 1 | 12053 12052 | 99.29 | NZ_CP038996.1 NODE_2_length_700247_cov_49.073530
		Solid alignment 449784 463044 | 25305 12045 | 13261 13261 | 99.86 | NZ_CP038996.1 NODE_2_length_700247_cov_49.073530
		Solid alignment 430382 447093 | 42017 25306 | 16712 16712 | 99.95 | NZ_CP038996.1 NODE_2_length_700247_cov_49.073530
		Solid alignment 426141 428600 | 44475 42016 | 2460 2460 | 99.96 | NZ_CP038996.1 NODE_2_length_700247_cov_49.073530
		Solid alignment 418032 424623 | 51041 44452 | 6592 6590 | 99.89 | NZ_CP038996.1 NODE_2_length_700247_cov_49.073530
		Solid alignment 393501 416964 | 74565 51044 | 23464 23522 | 99.35 | NZ_CP038996.1 NODE_2_length_700247_cov_49.073530
		Solid alignment 367716 391988 | 98953 74556 | 24273 24398 | 99.35 | NZ_CP038996.1 NODE_2_length_700247_cov_49.073530
		Solid alignment 346921 367720 | 121432 100632 | 20800 20801 | 99.74 | NZ_CP038996.1 NODE_2_length_700247_cov_49.073530
		Solid alignment 336632 337697 | 122493 121428 | 1066 1066 | 99.81 | NZ_CP038996.1 NODE_2_length_700247_cov_49.073530
		Solid alignment 337695 346927 | 131716 122493 | 9233 9224 | 98.75 | NZ_CP038996.1 NODE_2_length_700247_cov_49.073530
		Solid alignment 314349 336631 | 153866 131713 | 22283 22154 | 95.73 | NZ_CP038996.1 NODE_2_length_700247_cov_49.073530
		Solid alignment 311662 314219 | 158304 155742 | 2558 2563 | 95.94 | NZ_CP038996.1 NODE_2_length_700247_cov_49.073530
		Solid alignment 266299 270536 | 163626 159398 | 4238 4229 | 96.39 | NZ_CP038996.1 NODE_2_length_700247_cov_49.073530
		Solid alignment 336631 337695 | 177000 175936 | 1065 1065 | 99.81 | NZ_CP038996.1 NODE_2_length_700247_cov_49.073530
		Solid alignment 73301 74340 | 197841 198880 | 1040 1040 | 99.62 | NZ_CP038997.1 NODE_2_length_700247_cov_49.073530
		Solid alignment 235781 243836 | 217691 209733 | 8056 7959 | 98.22 | NZ_CP038996.1 NODE_2_length_700247_cov_49.073530
		Solid alignment 224009 234317 | 227987 217681 | 10309 10307 | 99.26 | NZ_CP038996.1 NODE_2_length_700247_cov_49.073530
		Solid alignment 336632 337699 | 237600 236533 | 1068 1068 | 99.81 | NZ_CP038996.1 NODE_2_length_700247_cov_49.073530
		Solid alignment 216196 219223 | 240628 237601 | 3028 3028 | 99.47 | NZ_CP038996.1 NODE_2_length_700247_cov_49.073530
		Solid alignment 208279 216200 | 250227 242307 | 7922 7921 | 99.38 | NZ_CP038996.1 NODE_2_length_700247_cov_49.073530
		Solid alignment 182105 206382 | 274508 250233 | 24278 24276 | 99.21 | NZ_CP038996.1 NODE_2_length_700247_cov_49.073530
		Solid alignment 180695 182104 | 274509 275918 | 1410 1410 | 99.86 | NZ_CP038996.1 NODE_2_length_700247_cov_49.073530
		Solid alignment 157465 180694 | 299265 275919 | 23230 23347 | 99.08 | NZ_CP038996.1 NODE_2_length_700247_cov_49.073530
		Solid alignment 131940 155773 | 324384 300555 | 23834 23830 | 99.4 | NZ_CP038996.1 NODE_2_length_700247_cov_49.073530
		Solid alignment 123292 126150 | 328309 325451 | 2859 2859 | 99.58 | NZ_CP038996.1 NODE_2_length_700247_cov_49.073530
		Solid alignment 73301 74344 | 329336 328305 | 1044 1032 | 98.66 | NZ_CP038997.1 NODE_2_length_700247_cov_49.073530
		Solid alignment 121566 123300 | 331069 329336 | 1735 1734 | 99.19 | NZ_CP038996.1 NODE_2_length_700247_cov_49.073530
		Solid alignment 101621 121301 | 353292 333734 | 19681 19559 | 98.74 | NZ_CP038996.1 NODE_2_length_700247_cov_49.073530
		Solid alignment 92319 101622 | 364214 354911 | 9304 9304 | 99.74 | NZ_CP038996.1 NODE_2_length_700247_cov_49.073530
		Solid alignment 73299 74341 | 364297 365339 | 1043 1043 | 99.71 | NZ_CP038997.1 NODE_2_length_700247_cov_49.073530
		Solid alignment 51181 92302 | 412995 371810 | 41122 41186 | 99.59 | NZ_CP038996.1 NODE_2_length_700247_cov_49.073530
		Solid alignment 1 39094 | 452026 412933 | 39094 39094 | 99.99 | NZ_CP038996.1 NODE_2_length_700247_cov_49.073530
		Solid alignment 2719481 2796178 | 528722 452027 | 76698 76696 | 99.71 | NZ_CP038996.1 NODE_2_length_700247_cov_49.073530
		Solid alignment 2689281 2719482 | 560544 530341 | 30202 30204 | 99.74 | NZ_CP038996.1 NODE_2_length_700247_cov_49.073530
		Solid alignment 2665962 2687499 | 582080 560543 | 21538 21538 | 100.0 | NZ_CP038996.1 NODE_2_length_700247_cov_49.073530
		Solid alignment 2655827 2665963 | 594727 584791 | 10137 9937 | 97.73 | NZ_CP038996.1 NODE_2_length_700247_cov_49.073530
		Solid alignment 2647546 2649171 | 596485 594860 | 1626 1626 | 96.68 | NZ_CP038996.1 NODE_2_length_700247_cov_49.073530
		Solid alignment 2641511 2647218 | 602925 597091 | 5708 5835 | 95.99 | NZ_CP038996.1 NODE_2_length_700247_cov_49.073530
		Solid alignment 2618887 2637228 | 621381 603124 | 18342 18258 | 99.28 | NZ_CP038996.1 NODE_2_length_700247_cov_49.073530
		Solid alignment 2541614 2618658 | 698411 621368 | 77045 77044 | 99.96 | NZ_CP038996.1 NODE_2_length_700247_cov_49.073530
			Skipping alignments located inside solid regions since they are redundant:
		Skipping redundant alignment 2435127 2440580 | 44446 49898 | 5454 5453 | 99.76 | NZ_CP038996.1 NODE_2_length_700247_cov_49.073530
		Skipping redundant alignment 2535819 2541333 | 44486 49902 | 5515 5417 | 97.92 | NZ_CP038996.1 NODE_2_length_700247_cov_49.073530
		Skipping redundant alignment 2772829 2778266 | 44486 49923 | 5438 5438 | 99.85 | NZ_CP038996.1 NODE_2_length_700247_cov_49.073530
		Skipping redundant alignment 2054219 2059662 | 44486 49928 | 5444 5443 | 99.74 | NZ_CP038996.1 NODE_2_length_700247_cov_49.073530
			Looking for the best set of alignments (out of 107 total alignments)
		Ambiguity for this contig is not checked for speed up (too much alignments and --ambiguity-usage is "one")
			Skipping redundant alignments after choosing the best set of alignments
		Skipping redundant alignment 2491788 2493465 | 98954 100631 | 1678 1678 | 100.0 | NZ_CP038996.1 NODE_2_length_700247_cov_49.073530
		Skipping redundant alignment 2329704 2331382 | 98953 100631 | 1679 1679 | 100.0 | NZ_CP038996.1 NODE_2_length_700247_cov_49.073530
		Skipping redundant alignment 336631 337695 | 158334 159398 | 1065 1065 | 99.81 | NZ_CP038996.1 NODE_2_length_700247_cov_49.073530
		Skipping redundant alignment 130876 131941 | 166239 167304 | 1066 1066 | 99.81 | NZ_CP038996.1 NODE_2_length_700247_cov_49.073530
		Skipping redundant alignment 74254 74342 | 178291 178379 | 89 89 | 100.0 | NZ_CP038997.1 NODE_2_length_700247_cov_49.073530
		Skipping redundant alignment 2491788 2493465 | 186990 188667 | 1678 1678 | 99.94 | NZ_CP038996.1 NODE_2_length_700247_cov_49.073530
		Skipping redundant alignment 2329705 2331382 | 186990 188667 | 1678 1678 | 99.94 | NZ_CP038996.1 NODE_2_length_700247_cov_49.073530
		Skipping redundant alignment 1465787 1467124 | 191604 190267 | 1338 1338 | 99.78 | NZ_CP038996.1 NODE_2_length_700247_cov_49.073530
		Skipping redundant alignment 264961 266298 | 190267 191604 | 1338 1338 | 99.78 | NZ_CP038996.1 NODE_2_length_700247_cov_49.073530
		Skipping redundant alignment 1730681 1732019 | 191604 190266 | 1339 1339 | 99.7 | NZ_CP038996.1 NODE_2_length_700247_cov_49.073530
		Skipping redundant alignment 128470 129809 | 191604 190265 | 1340 1340 | 99.78 | NZ_CP038996.1 NODE_2_length_700247_cov_49.073530
		Skipping redundant alignment 1107138 1108478 | 191606 190266 | 1341 1341 | 99.78 | NZ_CP038996.1 NODE_2_length_700247_cov_49.073530
		Skipping redundant alignment 2491788 2493465 | 193376 191699 | 1678 1678 | 99.88 | NZ_CP038996.1 NODE_2_length_700247_cov_49.073530
		Skipping redundant alignment 1946856 1948533 | 193376 191699 | 1678 1678 | 99.88 | NZ_CP038996.1 NODE_2_length_700247_cov_49.073530
		Skipping redundant alignment 2052534 2053899 | 200202 201567 | 1366 1366 | 100.0 | NZ_CP038996.1 NODE_2_length_700247_cov_49.073530
		Skipping redundant alignment 1594346 1595712 | 201567 200201 | 1367 1367 | 99.93 | NZ_CP038996.1 NODE_2_length_700247_cov_49.073530
		Skipping redundant alignment 74258 74340 | 201567 201649 | 83 83 | 100.0 | NZ_CP038997.1 NODE_2_length_700247_cov_49.073530
		Skipping redundant alignment 2491788 2493465 | 240629 242306 | 1678 1678 | 100.0 | NZ_CP038996.1 NODE_2_length_700247_cov_49.073530
		Skipping redundant alignment 1946854 1948533 | 240627 242306 | 1680 1680 | 100.0 | NZ_CP038996.1 NODE_2_length_700247_cov_49.073530
		Skipping redundant alignment 336631 337695 | 299443 300507 | 1065 1065 | 99.81 | NZ_CP038996.1 NODE_2_length_700247_cov_49.073530
		Skipping redundant alignment 2440661 2441725 | 325451 324387 | 1065 1065 | 100.0 | NZ_CP038996.1 NODE_2_length_700247_cov_49.073530
		Skipping redundant alignment 1239983 1241048 | 324386 325451 | 1066 1066 | 100.0 | NZ_CP038996.1 NODE_2_length_700247_cov_49.073530
		Skipping redundant alignment 829635 830701 | 324387 325453 | 1067 1067 | 100.0 | NZ_CP038996.1 NODE_2_length_700247_cov_49.073530
		Skipping redundant alignment 1775538 1776604 | 325453 324387 | 1067 1067 | 99.91 | NZ_CP038996.1 NODE_2_length_700247_cov_49.073530
		Skipping redundant alignment 74474 75797 | 331075 332398 | 1324 1324 | 99.92 | NZ_CP038997.1 NODE_2_length_700247_cov_49.073530
		Skipping redundant alignment 92724 94048 | 331074 332398 | 1325 1325 | 99.92 | NZ_CP038997.1 NODE_2_length_700247_cov_49.073530
		Skipping redundant alignment 336632 337695 | 332670 333733 | 1064 1064 | 99.81 | NZ_CP038996.1 NODE_2_length_700247_cov_49.073530
		Skipping redundant alignment 664483 665547 | 333733 332669 | 1065 1065 | 99.81 | NZ_CP038996.1 NODE_2_length_700247_cov_49.073530
		Skipping redundant alignment 264961 266298 | 367121 368458 | 1338 1338 | 99.85 | NZ_CP038996.1 NODE_2_length_700247_cov_49.073530
		Skipping redundant alignment 1465787 1467124 | 368458 367121 | 1338 1338 | 99.85 | NZ_CP038996.1 NODE_2_length_700247_cov_49.073530
		Skipping redundant alignment 1730681 1732019 | 368458 367120 | 1339 1339 | 99.93 | NZ_CP038996.1 NODE_2_length_700247_cov_49.073530
		Skipping redundant alignment 128470 129808 | 368458 367120 | 1339 1339 | 99.85 | NZ_CP038996.1 NODE_2_length_700247_cov_49.073530
		Skipping redundant alignment 1107138 1108478 | 368460 367120 | 1341 1341 | 99.85 | NZ_CP038996.1 NODE_2_length_700247_cov_49.073530
		Skipping redundant alignment 74474 75797 | 368720 370043 | 1324 1324 | 99.92 | NZ_CP038997.1 NODE_2_length_700247_cov_49.073530
		Skipping redundant alignment 846970 848293 | 368720 370043 | 1324 1324 | 99.92 | NZ_CP038996.1 NODE_2_length_700247_cov_49.073530
		Skipping redundant alignment 1662512 1664025 | 698412 699925 | 1514 1514 | 100.0 | NZ_CP038996.1 NODE_2_length_700247_cov_49.073530
		Skipping redundant alignment 724328 725841 | 698412 699925 | 1514 1514 | 100.0 | NZ_CP038996.1 NODE_2_length_700247_cov_49.073530
		Skipping redundant alignment 1531311 1532824 | 699925 698412 | 1514 1514 | 100.0 | NZ_CP038996.1 NODE_2_length_700247_cov_49.073530
		Skipping redundant alignment 1212964 1214478 | 698411 699925 | 1515 1515 | 100.0 | NZ_CP038996.1 NODE_2_length_700247_cov_49.073530
		Skipping redundant alignment 2463758 2465272 | 699925 698411 | 1515 1515 | 100.0 | NZ_CP038996.1 NODE_2_length_700247_cov_49.073530
		Skipping redundant alignment 2163056 2164570 | 698412 699926 | 1515 1515 | 100.0 | NZ_CP038996.1 NODE_2_length_700247_cov_49.073530
		Skipping redundant alignment 1888528 1890042 | 699926 698412 | 1515 1515 | 100.0 | NZ_CP038996.1 NODE_2_length_700247_cov_49.073530
		Skipping redundant alignment 1963286 1964800 | 699926 698412 | 1515 1515 | 100.0 | NZ_CP038996.1 NODE_2_length_700247_cov_49.073530
		Skipping redundant alignment 585160 586675 | 698411 699926 | 1516 1516 | 100.0 | NZ_CP038996.1 NODE_2_length_700247_cov_49.073530
		Skipping redundant alignment 1117628 1119143 | 699927 698412 | 1516 1516 | 100.0 | NZ_CP038996.1 NODE_2_length_700247_cov_49.073530
		Skipping redundant alignment 1432546 1434061 | 699927 698412 | 1516 1516 | 100.0 | NZ_CP038996.1 NODE_2_length_700247_cov_49.073530
			The best set is below. Score: 624807.1, number of alignments: 61, unaligned bases: 56871
		This contig is misassembled.
		This contig is partially unaligned. (Aligned 643376 out of 700247 non-N bases (91.88%))
			Excluding internal overlap of size 8 between Alignment 1 and 2: 464369 476421 | 12052 1 | 12053 12052 --> 464377 476421 | 12044 1 | 12045 12044
			Real Alignment 1: 464377 476421 | 12044 1 | 12045 12044 | 99.29 | NZ_CP038996.1 NODE_2_length_700247_cov_49.073530
			  Extensive misassembly (relocation, inconsistency = 1332) between these two alignments
			Real Alignment 2: 449784 463044 | 25305 12045 | 13261 13261 | 99.86 | NZ_CP038996.1 NODE_2_length_700247_cov_49.073530
			  Extensive misassembly (relocation, inconsistency = 2690) between these two alignments
			Excluding internal overlap of size 2 between Alignment 3 and 4: 426141 428600 | 44475 42016 | 2460 2460 --> 426141 428598 | 44475 42018 | 2458 2458
			Real Alignment 3: 430382 447093 | 42017 25306 | 16712 16712 | 99.95 | NZ_CP038996.1 NODE_2_length_700247_cov_49.073530
			  Extensive misassembly (relocation, inconsistency = 1783) between these two alignments
			Excluding internal overlap of size 24 between Alignment 4 and 5: 426141 428598 | 44475 42018 | 2458 2458 --> 426165 428598 | 44451 42018 | 2434 2434
			Real Alignment 4: 426165 428598 | 44451 42018 | 2434 2434 | 99.96 | NZ_CP038996.1 NODE_2_length_700247_cov_49.073530
			  Extensive misassembly (relocation, inconsistency = 1541) between these two alignments
			Real Alignment 5: 418032 424623 | 51041 44452 | 6592 6590 | 99.89 | NZ_CP038996.1 NODE_2_length_700247_cov_49.073530
			  Extensive misassembly (relocation, inconsistency = 1065) between these two alignments
			Excluding internal overlap of size 10 between Alignment 6 and 7: 393501 416964 | 74565 51044 | 23464 23522 --> 393511 416964 | 74555 51044 | 23454 23512
			Real Alignment 6: 393511 416964 | 74555 51044 | 23454 23512 | 99.35 | NZ_CP038996.1 NODE_2_length_700247_cov_49.073530
			  Extensive misassembly (relocation, inconsistency = 1522) between these two alignments
			Real Alignment 7: 367716 391988 | 98953 74556 | 24273 24398 | 99.35 | NZ_CP038996.1 NODE_2_length_700247_cov_49.073530
			  Extensive misassembly (relocation, inconsistency = 1554867) between these two alignments
			Real Alignment 8: 1946856 1948533 | 98954 100631 | 1678 1678 | 100.0 | NZ_CP038996.1 NODE_2_length_700247_cov_49.073530
			  Extensive misassembly (relocation, inconsistency = 1579135) between these two alignments
			Excluding internal overlap of size 5 between Alignment 9 and 10: 336632 337697 | 122493 121428 | 1066 1066 --> 336632 337692 | 122493 121433 | 1061 1061
			Real Alignment 9: 346921 367720 | 121432 100632 | 20800 20801 | 99.74 | NZ_CP038996.1 NODE_2_length_700247_cov_49.073530
			  Extensive misassembly (relocation, inconsistency = 9228) between these two alignments
			Excluding internal overlap of size 1 between Alignment 10 and 11: 336632 337692 | 122493 121433 | 1061 1061 --> 336633 337692 | 122492 121433 | 1060 1060
			Real Alignment 10: 336633 337692 | 122492 121433 | 1060 1060 | 99.81 | NZ_CP038996.1 NODE_2_length_700247_cov_49.073530
			  Extensive misassembly (relocation, inconsistency = -10295) between these two alignments
			Excluding internal overlap of size 4 between Alignment 11 and 12: 337695 346927 | 131716 122493 | 9233 9224 --> 337699 346927 | 131712 122493 | 9229 9220
			Real Alignment 11: 337699 346927 | 131712 122493 | 9229 9220 | 98.75 | NZ_CP038996.1 NODE_2_length_700247_cov_49.073530
			  Extensive misassembly (relocation, inconsistency = 1067) between these two alignments
			Real Alignment 12: 314349 336631 | 153866 131713 | 22283 22154 | 95.73 | NZ_CP038996.1 NODE_2_length_700247_cov_49.073530
			  Extensive misassembly (relocation, inconsistency = -1746) between these two alignments
			Real Alignment 13: 311662 314219 | 158304 155742 | 2558 2563 | 95.94 | NZ_CP038996.1 NODE_2_length_700247_cov_49.073530
			  Extensive misassembly (relocation, inconsistency = 640891) between these two alignments
			Excluding internal overlap of size 1 between Alignment 14 and 15: 955139 956204 | 158333 159398 | 1066 1066 --> 955139 956203 | 158333 159397 | 1065 1065
			Real Alignment 14: 955139 956203 | 158333 159397 | 1065 1065 | 99.81 | NZ_CP038996.1 NODE_2_length_700247_cov_49.073530
			  Extensive misassembly (relocation, inconsistency = 684602) between these two alignments
			Excluding internal overlap of size 7 between Alignment 15 and 16: 264613 264959 | 163966 163620 | 347 347 --> 264613 264952 | 163966 163627 | 340 340
			Real Alignment 15: 266299 270536 | 163626 159398 | 4238 4229 | 96.39 | NZ_CP038996.1 NODE_2_length_700247_cov_49.073530
			  Extensive misassembly (relocation, inconsistency = 1346) between these two alignments
			Real Alignment 16: 264613 264952 | 163966 163627 | 340 340 | 95.68 | NZ_CP038996.1 NODE_2_length_700247_cov_49.073530
			  Extensive misassembly (relocation, inconsistency = -75355) between these two alignments
			Real Alignment 17: 336632 337697 | 167302 166237 | 1066 1066 | 99.81 | NZ_CP038996.1 NODE_2_length_700247_cov_49.073530
			  Extensive misassembly (relocation, inconsistency = 82628) between these two alignments
			Real Alignment 18: 253636 254003 | 167670 167303 | 368 368 | 99.73 | NZ_CP038996.1 NODE_2_length_700247_cov_49.073530
			  Extensive misassembly (relocation, inconsistency = -294642) between these two alignments
			Real Alignment 19: 540420 540880 | 175525 175068 | 461 458 | 96.1 | NZ_CP038996.1 NODE_2_length_700247_cov_49.073530
			  Extensive misassembly (relocation, inconsistency = 202314) between these two alignments
			Real Alignment 20: 336631 337695 | 177000 175936 | 1065 1065 | 99.81 | NZ_CP038996.1 NODE_2_length_700247_cov_49.073530
			  Extensive misassembly (relocation, inconsistency = 1599171) between these two alignments
			Real Alignment 21: 1946856 1948533 | 186990 188667 | 1678 1678 | 99.94 | NZ_CP038996.1 NODE_2_length_700247_cov_49.073530
			  Extensive misassembly (relocation, inconsistency = 1788145) between these two alignments
			Real Alignment 22: 155769 157113 | 191609 190265 | 1345 1345 | 99.78 | NZ_CP038996.1 NODE_2_length_700247_cov_49.073530
			  Extensive misassembly (relocation, inconsistency = -2175703) between these two alignments
			Real Alignment 23: 2329704 2331382 | 193377 191699 | 1679 1679 | 99.88 | NZ_CP038996.1 NODE_2_length_700247_cov_49.073530
			  Extensive misassembly (translocation) between these two alignments
			Real Alignment 24: 73301 74340 | 197841 198880 | 1040 1040 | 99.62 | NZ_CP038997.1 NODE_2_length_700247_cov_49.073530
			  Extensive misassembly (translocation) between these two alignments
			Real Alignment 25: 479941 481307 | 200202 201568 | 1367 1367 | 100.0 | NZ_CP038996.1 NODE_2_length_700247_cov_49.073530
			  Extensive misassembly (relocation, inconsistency = 224926) between these two alignments
			Real Alignment 26: 246946 247221 | 209637 209362 | 276 276 | 95.29 | NZ_CP038996.1 NODE_2_length_700247_cov_49.073530
			  Extensive misassembly (relocation, inconsistency = 3014) between these two alignments
			Excluding internal overlap of size 11 between Alignment 27 and 28: 235781 243836 | 217691 209733 | 8056 7959 --> 235792 243836 | 217680 209733 | 8045 7948
			Real Alignment 27: 235792 243836 | 217680 209733 | 8045 7948 | 98.22 | NZ_CP038996.1 NODE_2_length_700247_cov_49.073530
			  Extensive misassembly (relocation, inconsistency = 1474) between these two alignments
			Real Alignment 28: 224009 234317 | 227987 217681 | 10309 10307 | 99.26 | NZ_CP038996.1 NODE_2_length_700247_cov_49.073530
			  Extensive misassembly (relocation, inconsistency = -122236) between these two alignments
			Real Alignment 29: 336632 337699 | 237600 236533 | 1068 1068 | 99.81 | NZ_CP038996.1 NODE_2_length_700247_cov_49.073530
			  Extensive misassembly (relocation, inconsistency = 117408) between these two alignments
			Real Alignment 30: 216196 219223 | 240628 237601 | 3028 3028 | 99.47 | NZ_CP038996.1 NODE_2_length_700247_cov_49.073530
			  Extensive misassembly (relocation, inconsistency = 2110481) between these two alignments
			Real Alignment 31: 2329705 2331382 | 240629 242306 | 1678 1678 | 100.0 | NZ_CP038996.1 NODE_2_length_700247_cov_49.073530
			  Extensive misassembly (relocation, inconsistency = 2113504) between these two alignments
			Real Alignment 32: 208279 216200 | 250227 242307 | 7922 7921 | 99.38 | NZ_CP038996.1 NODE_2_length_700247_cov_49.073530
			  Extensive misassembly (relocation, inconsistency = 1891) between these two alignments
			Real Alignment 33: 182105 206382 | 274508 250233 | 24278 24276 | 99.21 | NZ_CP038996.1 NODE_2_length_700247_cov_49.073530
			  Extensive misassembly (inversion) between these two alignments
			Real Alignment 34: 180695 182104 | 274509 275918 | 1410 1410 | 99.86 | NZ_CP038996.1 NODE_2_length_700247_cov_49.073530
			  Extensive misassembly (inversion) between these two alignments
			Real Alignment 35: 157465 180694 | 299265 275919 | 23230 23347 | 99.08 | NZ_CP038996.1 NODE_2_length_700247_cov_49.073530
			  Extensive misassembly (relocation, inconsistency = 1423073) between these two alignments
			Real Alignment 36: 1603944 1605009 | 299442 300507 | 1066 1066 | 99.81 | NZ_CP038996.1 NODE_2_length_700247_cov_49.073530
			  Extensive misassembly (relocation, inconsistency = 1448123) between these two alignments
			Real Alignment 37: 131940 155773 | 324384 300555 | 23834 23830 | 99.4 | NZ_CP038996.1 NODE_2_length_700247_cov_49.073530
			  Extensive misassembly (relocation, inconsistency = -866281) between these two alignments
			Excluding internal overlap of size 1 between Alignment 38 and 39: 997154 998220 | 325451 324385 | 1067 1067 --> 997155 998220 | 325450 324385 | 1066 1066
			Real Alignment 38: 997155 998220 | 325450 324385 | 1066 1066 | 100.0 | NZ_CP038996.1 NODE_2_length_700247_cov_49.073530
			  Extensive misassembly (relocation, inconsistency = 871004) between these two alignments
			Excluding internal overlap of size 5 between Alignment 39 and 40: 73301 74344 | 329336 328305 | 1044 1032 --> 73301 74339 | 329336 328310 | 1039 1027
			Real Alignment 39: 123292 126150 | 328309 325451 | 2859 2859 | 99.58 | NZ_CP038996.1 NODE_2_length_700247_cov_49.073530
			  Extensive misassembly (translocation) between these two alignments
			Excluding internal overlap of size 1 between Alignment 40 and 41: 73301 74339 | 329336 328310 | 1039 1027 --> 73302 74339 | 329335 328310 | 1038 1026
			Real Alignment 40: 73302 74339 | 329335 328310 | 1038 1026 | 98.66 | NZ_CP038997.1 NODE_2_length_700247_cov_49.073530
			  Extensive misassembly (translocation) between these two alignments
			Real Alignment 41: 121566 123300 | 331069 329336 | 1735 1734 | 99.19 | NZ_CP038996.1 NODE_2_length_700247_cov_49.073530
			  Extensive misassembly (relocation, inconsistency = 723664) between these two alignments
			Real Alignment 42: 846969 848294 | 331074 332399 | 1326 1326 | 99.92 | NZ_CP038996.1 NODE_2_length_700247_cov_49.073530
			  Extensive misassembly (relocation, inconsistency = 725401) between these two alignments
			Real Alignment 43: 121299 121564 | 332669 332403 | 266 267 | 99.63 | NZ_CP038996.1 NODE_2_length_700247_cov_49.073530
			  Extensive misassembly (relocation, inconsistency = -10641) between these two alignments
			Real Alignment 44: 130876 131939 | 333733 332670 | 1064 1064 | 99.81 | NZ_CP038996.1 NODE_2_length_700247_cov_49.073530
			  Extensive misassembly (relocation, inconsistency = 9574) between these two alignments
			Real Alignment 45: 101621 121301 | 353292 333734 | 19681 19559 | 98.74 | NZ_CP038996.1 NODE_2_length_700247_cov_49.073530
			  Extensive misassembly (relocation, inconsistency = -1620) between these two alignments
			Real Alignment 46: 92319 101622 | 364214 354911 | 9304 9304 | 99.74 | NZ_CP038996.1 NODE_2_length_700247_cov_49.073530
			  Extensive misassembly (translocation) between these two alignments
			Real Alignment 47: 73299 74341 | 364297 365339 | 1043 1043 | 99.71 | NZ_CP038997.1 NODE_2_length_700247_cov_49.073530
			  Extensive misassembly (translocation) between these two alignments
			Real Alignment 48: 155769 157112 | 368463 367120 | 1344 1344 | 99.85 | NZ_CP038996.1 NODE_2_length_700247_cov_49.073530
			  Extensive misassembly (translocation) between these two alignments
			Real Alignment 49: 92725 94051 | 368720 370046 | 1327 1327 | 99.92 | NZ_CP038997.1 NODE_2_length_700247_cov_49.073530
			  Extensive misassembly (translocation) between these two alignments
			Excluding internal overlap of size 63 between Alignment 50 and 51: 1 39094 | 452026 412933 | 39094 39094 --> 1 39031 | 452026 412996 | 39031 39031
			Real Alignment 50: 51181 92302 | 412995 371810 | 41122 41186 | 99.59 | NZ_CP038996.1 NODE_2_length_700247_cov_49.073530
			  Extensive misassembly (relocation, inconsistency = 12149) between these two alignments
			Real Alignment 51: 1 39031 | 452026 412996 | 39031 39031 | 99.99 | NZ_CP038996.1 NODE_2_length_700247_cov_49.073530
			  Not a misassembly [linear representation of circular genome] between these two alignments
			Real Alignment 52: 2719481 2796178 | 528722 452027 | 76698 76696 | 99.71 | NZ_CP038996.1 NODE_2_length_700247_cov_49.073530
			  Extensive misassembly (relocation, inconsistency = -1620) between these two alignments
			Excluding internal overlap of size 2 between Alignment 53 and 54: 2665962 2687499 | 582080 560543 | 21538 21538 --> 2665962 2687497 | 582080 560545 | 21536 21536
			Real Alignment 53: 2689281 2719482 | 560544 530341 | 30202 30204 | 99.74 | NZ_CP038996.1 NODE_2_length_700247_cov_49.073530
			  Extensive misassembly (relocation, inconsistency = 1783) between these two alignments
			Real Alignment 54: 2665962 2687497 | 582080 560545 | 21536 21536 | 100.0 | NZ_CP038996.1 NODE_2_length_700247_cov_49.073530
			  Extensive misassembly (relocation, inconsistency = -2712) between these two alignments
			Real Alignment 55: 2655827 2665963 | 594727 584791 | 10137 9937 | 97.73 | NZ_CP038996.1 NODE_2_length_700247_cov_49.073530
			  Extensive misassembly (relocation, inconsistency = 6523) between these two alignments
			Real Alignment 56: 2647546 2649171 | 596485 594860 | 1626 1626 | 96.68 | NZ_CP038996.1 NODE_2_length_700247_cov_49.073530
			  Gap between these two alignments (local misassembly). Inconsistency = -278
			Real Alignment 57: 2641511 2647218 | 602925 597091 | 5708 5835 | 95.99 | NZ_CP038996.1 NODE_2_length_700247_cov_49.073530
			  Extensive misassembly (relocation, inconsistency = 4084) between these two alignments
			Excluding internal overlap of size 14 between Alignment 58 and 59: 2618887 2637228 | 621381 603124 | 18342 18258 --> 2618901 2637228 | 621367 603124 | 18328 18244
			Real Alignment 58: 2618901 2637228 | 621367 603124 | 18328 18244 | 99.28 | NZ_CP038996.1 NODE_2_length_700247_cov_49.073530
			  Gap between these two alignments (local misassembly). Inconsistency = 242
			Real Alignment 59: 2541614 2618658 | 698411 621368 | 77045 77044 | 99.96 | NZ_CP038996.1 NODE_2_length_700247_cov_49.073530
			  Extensive misassembly (relocation, inconsistency = 673451) between these two alignments
			Real Alignment 60: 1866649 1868162 | 699925 698412 | 1514 1514 | 100.0 | NZ_CP038996.1 NODE_2_length_700247_cov_49.073530
			  Extensive misassembly (relocation, inconsistency = -674973) between these two alignments
			Real Alignment 61: 2541300 2541621 | 700247 699926 | 322 322 | 100.0 | NZ_CP038996.1 NODE_2_length_700247_cov_49.073530
		Unaligned bases: 56871

CONTIG: NODE_3_length_221856_cov_93.661345 (221856bp)
Best alignment score: 2789.2 (LEN: 2847, IDY: 97.97), Total number of alignments: 99
			Looking for the best set of alignments (out of 99 total alignments)
			Skipping redundant alignments after choosing the best set of alignments
		Skipping redundant alignment 2687496 2689285 | 37342 35553 | 1790 1790 | 99.94 | NZ_CP038996.1 NODE_3_length_221856_cov_93.661345
		Skipping redundant alignment 1806791 1808582 | 37345 35554 | 1792 1792 | 99.94 | NZ_CP038996.1 NODE_3_length_221856_cov_93.661345
		Skipping redundant alignment 1727690 1729483 | 37346 35553 | 1794 1794 | 99.94 | NZ_CP038996.1 NODE_3_length_221856_cov_93.661345
		Skipping redundant alignment 281375 283168 | 35553 37346 | 1794 1794 | 99.94 | NZ_CP038996.1 NODE_3_length_221856_cov_93.661345
		Skipping redundant alignment 1456390 1458184 | 37346 35552 | 1795 1795 | 99.89 | NZ_CP038996.1 NODE_3_length_221856_cov_93.661345
		Skipping redundant alignment 428592 430384 | 37347 35555 | 1793 1793 | 99.94 | NZ_CP038996.1 NODE_3_length_221856_cov_93.661345
		Skipping redundant alignment 2062683 2064477 | 37348 35554 | 1795 1795 | 99.94 | NZ_CP038996.1 NODE_3_length_221856_cov_93.661345
		Skipping redundant alignment 260058 260287 | 61649 61878 | 230 230 | 99.57 | NZ_CP038996.1 NODE_3_length_221856_cov_93.661345
		Skipping redundant alignment 417929 418032 | 74160 74263 | 104 104 | 99.04 | NZ_CP038996.1 NODE_3_length_221856_cov_93.661345
		Skipping redundant alignment 1946856 1948533 | 76044 74367 | 1678 1678 | 99.88 | NZ_CP038996.1 NODE_3_length_221856_cov_93.661345
		Skipping redundant alignment 2491788 2493465 | 76044 74367 | 1678 1678 | 99.88 | NZ_CP038996.1 NODE_3_length_221856_cov_93.661345
		Skipping redundant alignment 2687496 2689284 | 81590 79802 | 1789 1789 | 99.94 | NZ_CP038996.1 NODE_3_length_221856_cov_93.661345
		Skipping redundant alignment 428595 430384 | 81592 79803 | 1790 1790 | 99.94 | NZ_CP038996.1 NODE_3_length_221856_cov_93.661345
		Skipping redundant alignment 1727692 1729482 | 81592 79802 | 1791 1791 | 99.94 | NZ_CP038996.1 NODE_3_length_221856_cov_93.661345
		Skipping redundant alignment 1806792 1808582 | 81592 79802 | 1791 1791 | 99.94 | NZ_CP038996.1 NODE_3_length_221856_cov_93.661345
		Skipping redundant alignment 281376 283166 | 79802 81592 | 1791 1791 | 99.94 | NZ_CP038996.1 NODE_3_length_221856_cov_93.661345
		Skipping redundant alignment 958613 960403 | 79802 81592 | 1791 1791 | 99.94 | NZ_CP038996.1 NODE_3_length_221856_cov_93.661345
		Skipping redundant alignment 1456392 1458182 | 81592 79802 | 1791 1791 | 99.89 | NZ_CP038996.1 NODE_3_length_221856_cov_93.661345
		Skipping redundant alignment 1594345 1595711 | 82446 83812 | 1367 1367 | 99.93 | NZ_CP038996.1 NODE_3_length_221856_cov_93.661345
		Skipping redundant alignment 479940 481306 | 83813 82447 | 1367 1367 | 100.0 | NZ_CP038996.1 NODE_3_length_221856_cov_93.661345
		Skipping redundant alignment 479941 481306 | 96938 95573 | 1366 1366 | 100.0 | NZ_CP038996.1 NODE_3_length_221856_cov_93.661345
		Skipping redundant alignment 1594346 1595711 | 95573 96938 | 1366 1366 | 99.93 | NZ_CP038996.1 NODE_3_length_221856_cov_93.661345
		Skipping redundant alignment 424623 426141 | 98919 97401 | 1519 1519 | 100.0 | NZ_CP038996.1 NODE_3_length_221856_cov_93.661345
		Skipping redundant alignment 479941 481306 | 108882 107517 | 1366 1366 | 100.0 | NZ_CP038996.1 NODE_3_length_221856_cov_93.661345
		Skipping redundant alignment 1594346 1595711 | 107517 108882 | 1366 1366 | 99.93 | NZ_CP038996.1 NODE_3_length_221856_cov_93.661345
		Skipping redundant alignment 180690 182107 | 110429 109012 | 1418 1418 | 99.79 | NZ_CP038996.1 NODE_3_length_221856_cov_93.661345
		Skipping redundant alignment 1743598 1745111 | 113671 112158 | 1514 1514 | 99.93 | NZ_CP038996.1 NODE_3_length_221856_cov_93.661345
		Skipping redundant alignment 1763715 1765229 | 113671 112157 | 1515 1515 | 100.0 | NZ_CP038996.1 NODE_3_length_221856_cov_93.661345
		Skipping redundant alignment 910436 911950 | 112157 113671 | 1515 1515 | 100.0 | NZ_CP038996.1 NODE_3_length_221856_cov_93.661345
		Skipping redundant alignment 2531941 2533455 | 113671 112157 | 1515 1515 | 100.0 | NZ_CP038996.1 NODE_3_length_221856_cov_93.661345
		Skipping redundant alignment 1677114 1678629 | 112157 113672 | 1516 1516 | 100.0 | NZ_CP038996.1 NODE_3_length_221856_cov_93.661345
		Skipping redundant alignment 2075923 2077439 | 113674 112158 | 1517 1517 | 100.0 | NZ_CP038996.1 NODE_3_length_221856_cov_93.661345
		Skipping redundant alignment 29465 31360 | 115660 113765 | 1896 1896 | 99.95 | NZ_CP038997.1 NODE_3_length_221856_cov_93.661345
		Skipping redundant alignment 2115389 2117284 | 115660 113765 | 1896 1896 | 99.95 | NZ_CP038996.1 NODE_3_length_221856_cov_93.661345
		Skipping redundant alignment 206383 208278 | 113765 115660 | 1896 1896 | 99.89 | NZ_CP038996.1 NODE_3_length_221856_cov_93.661345
		Skipping redundant alignment 52442 54337 | 115660 113765 | 1896 1896 | 99.89 | NZ_CP038997.1 NODE_3_length_221856_cov_93.661345
		Skipping redundant alignment 70348 72243 | 113765 115660 | 1896 1896 | 99.89 | NZ_CP038997.1 NODE_3_length_221856_cov_93.661345
		Skipping redundant alignment 19220 21116 | 115660 113764 | 1897 1897 | 99.95 | NZ_CP038997.1 NODE_3_length_221856_cov_93.661345
		Skipping redundant alignment 97232 99128 | 113764 115660 | 1897 1897 | 99.95 | NZ_CP038997.1 NODE_3_length_221856_cov_93.661345
		Skipping redundant alignment 1416701 1418599 | 115660 113762 | 1899 1899 | 99.89 | NZ_CP038996.1 NODE_3_length_221856_cov_93.661345
		Skipping redundant alignment 1504831 1506727 | 115661 113765 | 1897 1897 | 99.89 | NZ_CP038996.1 NODE_3_length_221856_cov_93.661345
		Skipping redundant alignment 302063 303594 | 147052 148587 | 1532 1536 | 99.15 | NZ_CP038996.1 NODE_3_length_221856_cov_93.661345
		Skipping redundant alignment 840434 840514 | 148911 148831 | 81 81 | 100.0 | NZ_CP038996.1 NODE_3_length_221856_cov_93.661345
		Skipping redundant alignment 391987 393500 | 148912 150425 | 1514 1514 | 99.93 | NZ_CP038996.1 NODE_3_length_221856_cov_93.661345
		Skipping redundant alignment 2531941 2533454 | 148912 150425 | 1514 1514 | 99.93 | NZ_CP038996.1 NODE_3_length_221856_cov_93.661345
		Skipping redundant alignment 1677115 1678628 | 150425 148912 | 1514 1514 | 99.93 | NZ_CP038996.1 NODE_3_length_221856_cov_93.661345
		Skipping redundant alignment 1763715 1765228 | 148912 150425 | 1514 1514 | 99.93 | NZ_CP038996.1 NODE_3_length_221856_cov_93.661345
		Skipping redundant alignment 2075926 2077439 | 148912 150425 | 1514 1514 | 99.93 | NZ_CP038996.1 NODE_3_length_221856_cov_93.661345
		Skipping redundant alignment 1743598 1745111 | 148912 150425 | 1514 1514 | 99.87 | NZ_CP038996.1 NODE_3_length_221856_cov_93.661345
		Skipping redundant alignment 1108232 1108477 | 160401 160646 | 246 246 | 100.0 | NZ_CP038996.1 NODE_3_length_221856_cov_93.661345
		Skipping redundant alignment 1678629 1680093 | 184529 183065 | 1465 1465 | 100.0 | NZ_CP038996.1 NODE_3_length_221856_cov_93.661345
		Skipping redundant alignment 1357272 1358774 | 183065 184567 | 1503 1503 | 100.0 | NZ_CP038996.1 NODE_3_length_221856_cov_93.661345
		Skipping redundant alignment 2381521 2383023 | 183065 184567 | 1503 1503 | 100.0 | NZ_CP038996.1 NODE_3_length_221856_cov_93.661345
		Skipping redundant alignment 1160984 1162502 | 213699 212181 | 1519 1519 | 100.0 | NZ_CP038996.1 NODE_3_length_221856_cov_93.661345
		This contig has several significant sets of alignments. [An ambiguously mapped contig]
		Using only the very best set (option --ambiguity-usage is set to "one").
			The best set is below. Score: 47104.8, number of alignments: 45, unaligned bases: 164133
		This contig is misassembled.
		This contig is partially unaligned. (Aligned 57723 out of 221856 non-N bases (26.02%))
			Warning! This contig is more unaligned than misassembled. Contig length is 221856 (number of Ns: 0) and total length of all aligns is 57723
		Alignment: 958612 960407 | 35553 37348 | 1796 1796 | 99.94 | NZ_CP038996.1 NODE_3_length_221856_cov_93.661345
		Alignment: 969204 969495 | 43250 43541 | 292 292 | 98.29 | NZ_CP038996.1 NODE_3_length_221856_cov_93.661345
		Alignment: 972161 973410 | 46562 47813 | 1250 1252 | 96.82 | NZ_CP038996.1 NODE_3_length_221856_cov_93.661345
		Alignment: 1978661 1979726 | 51000 49935 | 1066 1066 | 100.0 | NZ_CP038996.1 NODE_3_length_221856_cov_93.661345
		Alignment: 1465787 1467127 | 51553 52893 | 1341 1341 | 99.85 | NZ_CP038996.1 NODE_3_length_221856_cov_93.661345
		Alignment: 102145 102953 | 63558 64334 | 809 777 | 96.04 | NZ_CP038997.1 NODE_3_length_221856_cov_93.661345
		Alignment: 92724 94048 | 66883 65559 | 1325 1325 | 100.0 | NZ_CP038997.1 NODE_3_length_221856_cov_93.661345
		Alignment: 443593 444458 | 72555 71691 | 866 865 | 98.73 | NZ_CP038996.1 NODE_3_length_221856_cov_93.661345
		Alignment: 443473 443594 | 73251 73130 | 122 122 | 96.72 | NZ_CP038996.1 NODE_3_length_221856_cov_93.661345
		Alignment: 2329703 2331382 | 76046 74367 | 1680 1680 | 99.88 | NZ_CP038996.1 NODE_3_length_221856_cov_93.661345
		Alignment: 2062687 2064478 | 81592 79801 | 1792 1792 | 99.94 | NZ_CP038996.1 NODE_3_length_221856_cov_93.661345
		Alignment: 2052532 2053899 | 83814 82447 | 1368 1368 | 100.0 | NZ_CP038996.1 NODE_3_length_221856_cov_93.661345
		Alignment: 955141 956205 | 89691 88627 | 1065 1065 | 100.0 | NZ_CP038996.1 NODE_3_length_221856_cov_93.661345
		Alignment: 2052534 2053900 | 96938 95572 | 1367 1367 | 100.0 | NZ_CP038996.1 NODE_3_length_221856_cov_93.661345
		Alignment: 1160984 1162502 | 97401 98919 | 1519 1519 | 100.0 | NZ_CP038996.1 NODE_3_length_221856_cov_93.661345
		Alignment: 2115389 2117284 | 100856 98961 | 1896 1896 | 95.62 | NZ_CP038996.1 NODE_3_length_221856_cov_93.661345
		Alignment: 2052534 2053900 | 108882 107516 | 1367 1367 | 100.0 | NZ_CP038996.1 NODE_3_length_221856_cov_93.661345
		Alignment: 222400 223815 | 109012 110427 | 1416 1416 | 99.93 | NZ_CP038996.1 NODE_3_length_221856_cov_93.661345
		Alignment: 391987 393505 | 113671 112153 | 1519 1519 | 100.0 | NZ_CP038996.1 NODE_3_length_221856_cov_93.661345
		Alignment: 1104357 1106253 | 113764 115660 | 1897 1897 | 99.89 | NZ_CP038996.1 NODE_3_length_221856_cov_93.661345
		Alignment: 1107138 1108477 | 116081 117420 | 1340 1340 | 99.85 | NZ_CP038996.1 NODE_3_length_221856_cov_93.661345
		Alignment: 1720631 1722139 | 119572 121080 | 1509 1509 | 98.61 | NZ_CP038996.1 NODE_3_length_221856_cov_93.661345
		Alignment: 1720635 1722134 | 138976 137477 | 1500 1500 | 99.6 | NZ_CP038996.1 NODE_3_length_221856_cov_93.661345
		Alignment: 548738 548896 | 146642 146484 | 159 159 | 96.23 | NZ_CP038996.1 NODE_3_length_221856_cov_93.661345
		Alignment: 547207 548738 | 148587 147052 | 1532 1536 | 99.09 | NZ_CP038996.1 NODE_3_length_221856_cov_93.661345
		Alignment: 910437 911950 | 150425 148912 | 1514 1514 | 99.93 | NZ_CP038996.1 NODE_3_length_221856_cov_93.661345
		Alignment: 838169 840442 | 152698 150425 | 2274 2274 | 100.0 | NZ_CP038996.1 NODE_3_length_221856_cov_93.661345
		Alignment: 1995903 1997269 | 157787 156421 | 1367 1367 | 99.93 | NZ_CP038996.1 NODE_3_length_221856_cov_93.661345
		Alignment: 804089 805454 | 159037 160402 | 1366 1366 | 99.93 | NZ_CP038996.1 NODE_3_length_221856_cov_93.661345
		Alignment: 19219 21116 | 162859 164756 | 1898 1898 | 95.58 | NZ_CP038997.1 NODE_3_length_221856_cov_93.661345
		Alignment: 73301 74340 | 166817 165778 | 1040 1040 | 99.9 | NZ_CP038997.1 NODE_3_length_221856_cov_93.661345
		Alignment: 336632 337695 | 168814 169877 | 1064 1064 | 99.81 | NZ_CP038996.1 NODE_3_length_221856_cov_93.661345
		Alignment: 1107149 1108464 | 174195 175510 | 1316 1316 | 99.92 | NZ_CP038996.1 NODE_3_length_221856_cov_93.661345
		Alignment: 1240351 1241048 | 175524 176221 | 698 698 | 100.0 | NZ_CP038996.1 NODE_3_length_221856_cov_93.661345
		Alignment: 1465787 1467127 | 178247 176907 | 1341 1341 | 100.0 | NZ_CP038996.1 NODE_3_length_221856_cov_93.661345
		Alignment: 2440665 2441725 | 180702 179642 | 1061 1061 | 100.0 | NZ_CP038996.1 NODE_3_length_221856_cov_93.661345
		Alignment: 1108971 1110475 | 184567 183063 | 1505 1505 | 100.0 | NZ_CP038996.1 NODE_3_length_221856_cov_93.661345
		Alignment: 987066 987874 | 189259 190067 | 809 809 | 99.88 | NZ_CP038996.1 NODE_3_length_221856_cov_93.661345
		Alignment: 977822 978630 | 196297 197105 | 809 809 | 99.88 | NZ_CP038996.1 NODE_3_length_221856_cov_93.661345
		Alignment: 29464 31360 | 207155 209051 | 1897 1897 | 95.63 | NZ_CP038997.1 NODE_3_length_221856_cov_93.661345
		Alignment: 102145 102588 | 211250 211692 | 444 443 | 98.42 | NZ_CP038997.1 NODE_3_length_221856_cov_93.661345
		Alignment: 983432 983856 | 211632 212056 | 425 425 | 99.76 | NZ_CP038996.1 NODE_3_length_221856_cov_93.661345
		Alignment: 424614 426150 | 212172 213708 | 1537 1537 | 99.87 | NZ_CP038996.1 NODE_3_length_221856_cov_93.661345
		Alignment: 102146 102953 | 216171 216978 | 808 808 | 100.0 | NZ_CP038997.1 NODE_3_length_221856_cov_93.661345
		Alignment: 1677189 1680093 | 221808 218962 | 2905 2847 | 97.97 | NZ_CP038996.1 NODE_3_length_221856_cov_93.661345
		Unaligned bases: 164133

CONTIG: NODE_4_length_62897_cov_72.054979 (62897bp)
Best alignment score: 2344.9 (LEN: 2348, IDY: 99.87), Total number of alignments: 4
			Looking for the best set of alignments (out of 4 total alignments)
			Skipping redundant alignments after choosing the best set of alignments
		Skipping redundant alignment 92725 94048 | 29469 30792 | 1324 1324 | 100.0 | NZ_CP038997.1 NODE_4_length_62897_cov_72.054979
		Skipping redundant alignment 74474 75798 | 29469 30793 | 1325 1325 | 100.0 | NZ_CP038997.1 NODE_4_length_62897_cov_72.054979
		This contig has several significant sets of alignments. [An ambiguously mapped contig]
		Using only the very best set (option --ambiguity-usage is set to "one").
			The best set is below. Score: 3419.9, number of alignments: 2, unaligned bases: 59225
		This contig is misassembled.
		This contig is partially unaligned. (Aligned 3672 out of 62897 non-N bases (5.84%))
			Warning! This contig is more unaligned than misassembled. Contig length is 62897 (number of Ns: 0) and total length of all aligns is 3672
		Alignment: 846970 848293 | 29469 30792 | 1324 1324 | 100.0 | NZ_CP038996.1 NODE_4_length_62897_cov_72.054979
		Alignment: 838166 840513 | 40069 37722 | 2348 2348 | 99.87 | NZ_CP038996.1 NODE_4_length_62897_cov_72.054979
		Unaligned bases: 59225

CONTIG: NODE_5_length_41991_cov_83.330861 (41991bp)
Best alignment score: 9392.4 (LEN: 9494, IDY: 98.93), Total number of alignments: 10
			Looking for the best set of alignments (out of 10 total alignments)
			Skipping redundant alignments after choosing the best set of alignments
		Skipping redundant alignment 2687496 2689285 | 5511 3722 | 1790 1790 | 99.94 | NZ_CP038996.1 NODE_5_length_41991_cov_83.330861
		Skipping redundant alignment 1806791 1808582 | 5514 3723 | 1792 1792 | 99.94 | NZ_CP038996.1 NODE_5_length_41991_cov_83.330861
		Skipping redundant alignment 1727690 1729483 | 5515 3722 | 1794 1794 | 99.94 | NZ_CP038996.1 NODE_5_length_41991_cov_83.330861
		Skipping redundant alignment 281375 283168 | 3722 5515 | 1794 1794 | 99.94 | NZ_CP038996.1 NODE_5_length_41991_cov_83.330861
		Skipping redundant alignment 1456390 1458184 | 5515 3721 | 1795 1795 | 99.89 | NZ_CP038996.1 NODE_5_length_41991_cov_83.330861
		Skipping redundant alignment 2062684 2064477 | 5516 3723 | 1794 1794 | 99.94 | NZ_CP038996.1 NODE_5_length_41991_cov_83.330861
		Skipping redundant alignment 958612 960406 | 3722 5516 | 1795 1795 | 99.94 | NZ_CP038996.1 NODE_5_length_41991_cov_83.330861
		Skipping redundant alignment 978630 978714 | 18900 18816 | 85 85 | 100.0 | NZ_CP038996.1 NODE_5_length_41991_cov_83.330861
		This contig has several significant sets of alignments. [An ambiguously mapped contig]
		Using only the very best set (option --ambiguity-usage is set to "one").
			The best set is below. Score: 10937.1, number of alignments: 2, unaligned bases: 30701
		This contig is misassembled.
		This contig is partially unaligned. (Aligned 11290 out of 41991 non-N bases (26.89%))
			Warning! This contig is more unaligned than misassembled. Contig length is 41991 (number of Ns: 0) and total length of all aligns is 11290
		Alignment: 428589 430384 | 5519 3724 | 1796 1796 | 99.94 | NZ_CP038996.1 NODE_5_length_41991_cov_83.330861
		Alignment: 967031 976524 | 9331 18824 | 9494 9494 | 98.93 | NZ_CP038996.1 NODE_5_length_41991_cov_83.330861
		Unaligned bases: 30701

CONTIG: NODE_6_length_37453_cov_205.617546 (37453bp)
Best alignment score: 3158.0 (LEN: 3158, IDY: 100.00), Total number of alignments: 52
			Looking for the best set of alignments (out of 52 total alignments)
			Skipping redundant alignments after choosing the best set of alignments
		Skipping redundant alignment 102145 102953 | 4976 5784 | 809 809 | 99.88 | NZ_CP038997.1 NODE_6_length_37453_cov_205.617546
		Skipping redundant alignment 55467 56275 | 5784 4976 | 809 809 | 99.63 | NZ_CP038997.1 NODE_6_length_37453_cov_205.617546
		Skipping redundant alignment 977822 978630 | 5784 4976 | 809 809 | 99.51 | NZ_CP038996.1 NODE_6_length_37453_cov_205.617546
		Skipping redundant alignment 979082 979890 | 4976 5784 | 809 809 | 99.51 | NZ_CP038996.1 NODE_6_length_37453_cov_205.617546
		Skipping redundant alignment 966222 967031 | 5784 4975 | 810 810 | 99.88 | NZ_CP038996.1 NODE_6_length_37453_cov_205.617546
		Skipping redundant alignment 987066 987875 | 5784 4975 | 810 810 | 99.88 | NZ_CP038996.1 NODE_6_length_37453_cov_205.617546
		Skipping redundant alignment 987066 987874 | 11217 10409 | 809 809 | 99.51 | NZ_CP038996.1 NODE_6_length_37453_cov_205.617546
		Skipping redundant alignment 966222 967030 | 11217 10409 | 809 809 | 99.51 | NZ_CP038996.1 NODE_6_length_37453_cov_205.617546
		Skipping redundant alignment 977822 978630 | 11217 10409 | 809 809 | 99.38 | NZ_CP038996.1 NODE_6_length_37453_cov_205.617546
		Skipping redundant alignment 979082 979890 | 10409 11217 | 809 809 | 99.38 | NZ_CP038996.1 NODE_6_length_37453_cov_205.617546
		Skipping redundant alignment 102144 102953 | 10408 11217 | 810 810 | 99.75 | NZ_CP038997.1 NODE_6_length_37453_cov_205.617546
		Skipping redundant alignment 61625 62436 | 11220 10409 | 812 812 | 99.26 | NZ_CP038997.1 NODE_6_length_37453_cov_205.617546
		Skipping redundant alignment 102145 102953 | 19780 18972 | 809 809 | 99.88 | NZ_CP038997.1 NODE_6_length_37453_cov_205.617546
		Skipping redundant alignment 987066 987874 | 18972 19780 | 809 809 | 99.88 | NZ_CP038996.1 NODE_6_length_37453_cov_205.617546
		Skipping redundant alignment 55466 56275 | 18971 19780 | 810 810 | 99.63 | NZ_CP038997.1 NODE_6_length_37453_cov_205.617546
		Skipping redundant alignment 979081 979891 | 19781 18971 | 811 811 | 99.51 | NZ_CP038996.1 NODE_6_length_37453_cov_205.617546
		Skipping redundant alignment 977820 978631 | 18970 19781 | 812 812 | 99.51 | NZ_CP038996.1 NODE_6_length_37453_cov_205.617546
		Skipping redundant alignment 61628 62438 | 18972 19782 | 811 811 | 99.63 | NZ_CP038997.1 NODE_6_length_37453_cov_205.617546
		Skipping redundant alignment 61628 62436 | 21717 22525 | 809 809 | 99.63 | NZ_CP038997.1 NODE_6_length_37453_cov_205.617546
		Skipping redundant alignment 55467 56275 | 21717 22525 | 809 809 | 99.63 | NZ_CP038997.1 NODE_6_length_37453_cov_205.617546
		Skipping redundant alignment 977822 978630 | 21717 22525 | 809 809 | 99.51 | NZ_CP038996.1 NODE_6_length_37453_cov_205.617546
		Skipping redundant alignment 979082 979890 | 22525 21717 | 809 809 | 99.51 | NZ_CP038996.1 NODE_6_length_37453_cov_205.617546
		Skipping redundant alignment 102145 102954 | 22525 21716 | 810 810 | 99.88 | NZ_CP038997.1 NODE_6_length_37453_cov_205.617546
		Skipping redundant alignment 966222 967032 | 21717 22527 | 811 811 | 99.88 | NZ_CP038996.1 NODE_6_length_37453_cov_205.617546
		Skipping redundant alignment 102145 102953 | 27510 26702 | 809 809 | 99.88 | NZ_CP038997.1 NODE_6_length_37453_cov_205.617546
		Skipping redundant alignment 55467 56275 | 26702 27510 | 809 809 | 99.63 | NZ_CP038997.1 NODE_6_length_37453_cov_205.617546
		Skipping redundant alignment 979082 979890 | 27510 26702 | 809 809 | 99.51 | NZ_CP038996.1 NODE_6_length_37453_cov_205.617546
		Skipping redundant alignment 977822 978630 | 26702 27510 | 809 809 | 99.51 | NZ_CP038996.1 NODE_6_length_37453_cov_205.617546
		Skipping redundant alignment 61626 62436 | 26700 27510 | 811 811 | 99.63 | NZ_CP038997.1 NODE_6_length_37453_cov_205.617546
		Skipping redundant alignment 987066 987878 | 26702 27514 | 813 813 | 99.88 | NZ_CP038996.1 NODE_6_length_37453_cov_205.617546
		Skipping redundant alignment 1255612 1255923 | 27511 27822 | 312 312 | 100.0 | NZ_CP038996.1 NODE_6_length_37453_cov_205.617546
		Skipping redundant alignment 1603946 1604257 | 27822 27511 | 312 312 | 100.0 | NZ_CP038996.1 NODE_6_length_37453_cov_205.617546
		Skipping redundant alignment 665235 665546 | 27511 27822 | 312 312 | 100.0 | NZ_CP038996.1 NODE_6_length_37453_cov_205.617546
		Skipping redundant alignment 955141 955452 | 27822 27511 | 312 312 | 100.0 | NZ_CP038996.1 NODE_6_length_37453_cov_205.617546
		Skipping redundant alignment 1978661 1978972 | 27822 27511 | 312 312 | 100.0 | NZ_CP038996.1 NODE_6_length_37453_cov_205.617546
		Skipping redundant alignment 336632 336943 | 27822 27511 | 312 312 | 99.68 | NZ_CP038996.1 NODE_6_length_37453_cov_205.617546
		Skipping redundant alignment 131628 131940 | 27511 27823 | 313 313 | 100.0 | NZ_CP038996.1 NODE_6_length_37453_cov_205.617546
		Skipping redundant alignment 1467966 1468278 | 27511 27823 | 313 313 | 99.68 | NZ_CP038996.1 NODE_6_length_37453_cov_205.617546
		Skipping redundant alignment 102145 102953 | 32475 31667 | 809 809 | 100.0 | NZ_CP038997.1 NODE_6_length_37453_cov_205.617546
		Skipping redundant alignment 977822 978630 | 31667 32475 | 809 809 | 99.63 | NZ_CP038996.1 NODE_6_length_37453_cov_205.617546
		Skipping redundant alignment 979082 979890 | 32475 31667 | 809 809 | 99.63 | NZ_CP038996.1 NODE_6_length_37453_cov_205.617546
		Skipping redundant alignment 55467 56275 | 31667 32475 | 809 809 | 99.51 | NZ_CP038997.1 NODE_6_length_37453_cov_205.617546
		Skipping redundant alignment 61628 62436 | 31667 32475 | 809 809 | 99.51 | NZ_CP038997.1 NODE_6_length_37453_cov_205.617546
		Skipping redundant alignment 966222 967032 | 31667 32477 | 811 811 | 99.75 | NZ_CP038996.1 NODE_6_length_37453_cov_205.617546
		This contig has several significant sets of alignments. [An ambiguously mapped contig]
		Using only the very best set (option --ambiguity-usage is set to "one").
			The best set is below. Score: 6799.5, number of alignments: 8, unaligned bases: 29112
		This contig is misassembled.
		This contig is partially unaligned. (Aligned 8341 out of 37453 non-N bases (22.27%))
			Warning! This contig is more unaligned than misassembled. Contig length is 37453 (number of Ns: 0) and total length of all aligns is 8341
		Alignment: 61627 62436 | 5785 4976 | 810 810 | 99.63 | NZ_CP038997.1 NODE_6_length_37453_cov_205.617546
		Alignment: 55467 56276 | 11217 10408 | 810 810 | 99.26 | NZ_CP038997.1 NODE_6_length_37453_cov_205.617546
		Alignment: 979891 983048 | 14172 17329 | 3158 3158 | 100.0 | NZ_CP038996.1 NODE_6_length_37453_cov_205.617546
		Alignment: 966213 967030 | 18963 19780 | 818 818 | 99.76 | NZ_CP038996.1 NODE_6_length_37453_cov_205.617546
		Alignment: 987065 987876 | 21716 22527 | 812 812 | 99.88 | NZ_CP038996.1 NODE_6_length_37453_cov_205.617546
		Alignment: 966222 967032 | 26702 27512 | 811 811 | 99.88 | NZ_CP038996.1 NODE_6_length_37453_cov_205.617546
		Alignment: 1686576 1686888 | 27511 27823 | 313 313 | 100.0 | NZ_CP038996.1 NODE_6_length_37453_cov_205.617546
		Alignment: 987066 987876 | 31667 32477 | 811 811 | 99.75 | NZ_CP038996.1 NODE_6_length_37453_cov_205.617546
		Unaligned bases: 29112

CONTIG: NODE_7_length_9417_cov_144.311045 (9417bp)
		This contig is unaligned. (9417 bp)
		Unaligned bases: 9417 (number of Ns: 0)

CONTIG: NODE_8_length_8963_cov_50.628312 (8963bp)
Best alignment score: 85.0 (LEN: 85, IDY: 100.00), Total number of alignments: 1
			Looking for the best set of alignments (out of 1 total alignments)
			The best set is below. Score: 85.0, number of alignments: 1, unaligned bases: 8878
		This contig is partially unaligned. (Aligned 85 out of 8963 non-N bases (0.95%))
		Alignment: 978630 978714 | 5658 5742 | 85 85 | 100.0 | NZ_CP038996.1 NODE_8_length_8963_cov_50.628312
		Unaligned bases: 1 to 5657 (5657)
		Unaligned bases: 5743 to 8963 (3221)

CONTIG: NODE_9_length_3284_cov_261.089501 (3284bp)
		This contig is unaligned. (3284 bp)
		Unaligned bases: 3284 (number of Ns: 0)

CONTIG: NODE_10_length_3276_cov_235.788265 (3276bp)
		This contig is unaligned. (3276 bp)
		Unaligned bases: 3276 (number of Ns: 0)

Analyzing coverage...
Writing SNPs into /gorilla/home/tisch/GenomeAnalysis_2026/Analyses/1_Assembly_Eval/Ref_Gen/Hybrid_Allign/PacBio_untrusted/contigs_reports/minimap_output/contigs.used_snps

Analysis is finished!
Founded SNPs were written into /gorilla/home/tisch/GenomeAnalysis_2026/Analyses/1_Assembly_Eval/Ref_Gen/Hybrid_Allign/PacBio_untrusted/contigs_reports/minimap_output/contigs.used_snps

Results:
	Local Misassemblies: 18
	Misassemblies: 186
		Relocations: 172
		Translocations: 12
		Inversions: 2
	Scaffold gap extensive misassemblies: 0
	Scaffold gap local misassemblies: 0
	Misassembled Contigs: 2
	Misassembled Contig Bases: 2757280
	Misassemblies Inter-Contig Overlap ("Extra" Aligned Bases): 0
Unaligned Contigs: 3 + 7 part
Half Unaligned Contigs with Misassemblies: 4
Unaligned Bases in Fully and Partially Unaligned Contigs: 575163

Ambiguously Mapped Contigs: 4
Total Bases in Ambiguously Mapped Contigs: 364197
"Extra" Aligned Bases in Ambiguously Mapped Contigs: 0
Note that --allow-ambiguity option was set to "one" and only first alignment per each of these contigs was used (there is no "extra" aligned bases).

	Covered Bases in Reference: 2480509
	Raw Aligned Bases in Assembly: 2566065
	Total Aligned Bases in Assembly (with "Extras"): 2566065

	SNPs: 9299
	Insertions: 1878
	Deletions: 1655

